
===========================================================================
report_checks -path_delay max (Setup)
============================================================================
======================= Typical Corner ===================================

Startpoint: start (input port clocked by clk)
Endpoint: _438_ (rising edge-triggered flip-flop clocked by clk)
Path Group: clk
Path Type: max

Fanout     Cap    Slew   Delay    Time   Description
-----------------------------------------------------------------------------
                  0.15    0.00    0.00   clock clk (rise edge)
                          0.00    0.00   clock network delay (ideal)
                          2.00    2.00 v input external delay
                  0.01    0.00    2.00 v start (in)
     1    0.00                           start (net)
                  0.01    0.00    2.00 v input3/A (sky130_fd_sc_hd__buf_1)
                  0.05    0.10    2.11 v input3/X (sky130_fd_sc_hd__buf_1)
     2    0.01                           net3 (net)
                  0.05    0.00    2.11 v _204_/B (sky130_fd_sc_hd__or2_2)
                  0.09    0.34    2.45 v _204_/X (sky130_fd_sc_hd__or2_2)
     6    0.02                           _096_ (net)
                  0.09    0.00    2.45 v _222_/A (sky130_fd_sc_hd__and3_1)
                  0.03    0.16    2.61 v _222_/X (sky130_fd_sc_hd__and3_1)
     1    0.00                           _113_ (net)
                  0.03    0.00    2.61 v _223_/A (sky130_fd_sc_hd__clkbuf_4)
                  0.09    0.19    2.80 v _223_/X (sky130_fd_sc_hd__clkbuf_4)
    10    0.04                           _114_ (net)
                  0.09    0.00    2.80 v _264_/S (sky130_fd_sc_hd__mux2_1)
                  0.05    0.33    3.14 v _264_/X (sky130_fd_sc_hd__mux2_1)
     1    0.00                           _139_ (net)
                  0.05    0.00    3.14 v _265_/A (sky130_fd_sc_hd__clkbuf_1)
                  0.03    0.10    3.23 v _265_/X (sky130_fd_sc_hd__clkbuf_1)
     1    0.00                           _078_ (net)
                  0.03    0.00    3.23 v _438_/D (sky130_fd_sc_hd__dfrtp_1)
                                  3.23   data arrival time

                  0.15   10.00   10.00   clock clk (rise edge)
                          0.00   10.00   clock network delay (ideal)
                         -0.25    9.75   clock uncertainty
                          0.00    9.75   clock reconvergence pessimism
                                  9.75 ^ _438_/CLK (sky130_fd_sc_hd__dfrtp_1)
                         -0.08    9.67   library setup time
                                  9.67   data required time
-----------------------------------------------------------------------------
                                  9.67   data required time
                                 -3.23   data arrival time
-----------------------------------------------------------------------------
                                  6.44   slack (MET)


Startpoint: start (input port clocked by clk)
Endpoint: _442_ (rising edge-triggered flip-flop clocked by clk)
Path Group: clk
Path Type: max

Fanout     Cap    Slew   Delay    Time   Description
-----------------------------------------------------------------------------
                  0.15    0.00    0.00   clock clk (rise edge)
                          0.00    0.00   clock network delay (ideal)
                          2.00    2.00 v input external delay
                  0.01    0.00    2.00 v start (in)
     1    0.00                           start (net)
                  0.01    0.00    2.00 v input3/A (sky130_fd_sc_hd__buf_1)
                  0.05    0.10    2.11 v input3/X (sky130_fd_sc_hd__buf_1)
     2    0.01                           net3 (net)
                  0.05    0.00    2.11 v _204_/B (sky130_fd_sc_hd__or2_2)
                  0.09    0.34    2.45 v _204_/X (sky130_fd_sc_hd__or2_2)
     6    0.02                           _096_ (net)
                  0.09    0.00    2.45 v _222_/A (sky130_fd_sc_hd__and3_1)
                  0.03    0.16    2.61 v _222_/X (sky130_fd_sc_hd__and3_1)
     1    0.00                           _113_ (net)
                  0.03    0.00    2.61 v _223_/A (sky130_fd_sc_hd__clkbuf_4)
                  0.09    0.19    2.80 v _223_/X (sky130_fd_sc_hd__clkbuf_4)
    10    0.04                           _114_ (net)
                  0.09    0.00    2.80 v _252_/S (sky130_fd_sc_hd__mux2_1)
                  0.05    0.33    3.14 v _252_/X (sky130_fd_sc_hd__mux2_1)
     1    0.00                           _131_ (net)
                  0.05    0.00    3.14 v _253_/A (sky130_fd_sc_hd__clkbuf_1)
                  0.02    0.09    3.23 v _253_/X (sky130_fd_sc_hd__clkbuf_1)
     1    0.00                           _082_ (net)
                  0.02    0.00    3.23 v _442_/D (sky130_fd_sc_hd__dfrtp_1)
                                  3.23   data arrival time

                  0.15   10.00   10.00   clock clk (rise edge)
                          0.00   10.00   clock network delay (ideal)
                         -0.25    9.75   clock uncertainty
                          0.00    9.75   clock reconvergence pessimism
                                  9.75 ^ _442_/CLK (sky130_fd_sc_hd__dfrtp_1)
                         -0.08    9.67   library setup time
                                  9.67   data required time
-----------------------------------------------------------------------------
                                  9.67   data required time
                                 -3.23   data arrival time
-----------------------------------------------------------------------------
                                  6.44   slack (MET)


Startpoint: start (input port clocked by clk)
Endpoint: _453_ (rising edge-triggered flip-flop clocked by clk)
Path Group: clk
Path Type: max

Fanout     Cap    Slew   Delay    Time   Description
-----------------------------------------------------------------------------
                  0.15    0.00    0.00   clock clk (rise edge)
                          0.00    0.00   clock network delay (ideal)
                          2.00    2.00 v input external delay
                  0.01    0.00    2.00 v start (in)
     1    0.00                           start (net)
                  0.01    0.00    2.00 v input3/A (sky130_fd_sc_hd__buf_1)
                  0.05    0.10    2.11 v input3/X (sky130_fd_sc_hd__buf_1)
     2    0.01                           net3 (net)
                  0.05    0.00    2.11 v _204_/B (sky130_fd_sc_hd__or2_2)
                  0.09    0.34    2.45 v _204_/X (sky130_fd_sc_hd__or2_2)
     6    0.02                           _096_ (net)
                  0.09    0.00    2.45 v _222_/A (sky130_fd_sc_hd__and3_1)
                  0.03    0.16    2.61 v _222_/X (sky130_fd_sc_hd__and3_1)
     1    0.00                           _113_ (net)
                  0.03    0.00    2.61 v _223_/A (sky130_fd_sc_hd__clkbuf_4)
                  0.09    0.19    2.80 v _223_/X (sky130_fd_sc_hd__clkbuf_4)
    10    0.04                           _114_ (net)
                  0.09    0.00    2.80 v _229_/S (sky130_fd_sc_hd__mux2_1)
                  0.05    0.33    3.14 v _229_/X (sky130_fd_sc_hd__mux2_1)
     1    0.00                           _119_ (net)
                  0.05    0.00    3.14 v _230_/A (sky130_fd_sc_hd__clkbuf_1)
                  0.02    0.09    3.23 v _230_/X (sky130_fd_sc_hd__clkbuf_1)
     1    0.00                           _093_ (net)
                  0.02    0.00    3.23 v _453_/D (sky130_fd_sc_hd__dfrtp_1)
                                  3.23   data arrival time

                  0.15   10.00   10.00   clock clk (rise edge)
                          0.00   10.00   clock network delay (ideal)
                         -0.25    9.75   clock uncertainty
                          0.00    9.75   clock reconvergence pessimism
                                  9.75 ^ _453_/CLK (sky130_fd_sc_hd__dfrtp_1)
                         -0.08    9.67   library setup time
                                  9.67   data required time
-----------------------------------------------------------------------------
                                  9.67   data required time
                                 -3.23   data arrival time
-----------------------------------------------------------------------------
                                  6.44   slack (MET)


Startpoint: start (input port clocked by clk)
Endpoint: _440_ (rising edge-triggered flip-flop clocked by clk)
Path Group: clk
Path Type: max

Fanout     Cap    Slew   Delay    Time   Description
-----------------------------------------------------------------------------
                  0.15    0.00    0.00   clock clk (rise edge)
                          0.00    0.00   clock network delay (ideal)
                          2.00    2.00 v input external delay
                  0.01    0.00    2.00 v start (in)
     1    0.00                           start (net)
                  0.01    0.00    2.00 v input3/A (sky130_fd_sc_hd__buf_1)
                  0.05    0.10    2.11 v input3/X (sky130_fd_sc_hd__buf_1)
     2    0.01                           net3 (net)
                  0.05    0.00    2.11 v _204_/B (sky130_fd_sc_hd__or2_2)
                  0.09    0.34    2.45 v _204_/X (sky130_fd_sc_hd__or2_2)
     6    0.02                           _096_ (net)
                  0.09    0.00    2.45 v _222_/A (sky130_fd_sc_hd__and3_1)
                  0.03    0.16    2.61 v _222_/X (sky130_fd_sc_hd__and3_1)
     1    0.00                           _113_ (net)
                  0.03    0.00    2.61 v _223_/A (sky130_fd_sc_hd__clkbuf_4)
                  0.09    0.19    2.80 v _223_/X (sky130_fd_sc_hd__clkbuf_4)
    10    0.04                           _114_ (net)
                  0.09    0.00    2.80 v _258_/S (sky130_fd_sc_hd__mux2_1)
                  0.05    0.33    3.14 v _258_/X (sky130_fd_sc_hd__mux2_1)
     1    0.00                           _135_ (net)
                  0.05    0.00    3.14 v _259_/A (sky130_fd_sc_hd__clkbuf_1)
                  0.02    0.09    3.23 v _259_/X (sky130_fd_sc_hd__clkbuf_1)
     1    0.00                           _080_ (net)
                  0.02    0.00    3.23 v _440_/D (sky130_fd_sc_hd__dfrtp_1)
                                  3.23   data arrival time

                  0.15   10.00   10.00   clock clk (rise edge)
                          0.00   10.00   clock network delay (ideal)
                         -0.25    9.75   clock uncertainty
                          0.00    9.75   clock reconvergence pessimism
                                  9.75 ^ _440_/CLK (sky130_fd_sc_hd__dfrtp_1)
                         -0.08    9.67   library setup time
                                  9.67   data required time
-----------------------------------------------------------------------------
                                  9.67   data required time
                                 -3.23   data arrival time
-----------------------------------------------------------------------------
                                  6.44   slack (MET)


Startpoint: start (input port clocked by clk)
Endpoint: _452_ (rising edge-triggered flip-flop clocked by clk)
Path Group: clk
Path Type: max

Fanout     Cap    Slew   Delay    Time   Description
-----------------------------------------------------------------------------
                  0.15    0.00    0.00   clock clk (rise edge)
                          0.00    0.00   clock network delay (ideal)
                          2.00    2.00 v input external delay
                  0.01    0.00    2.00 v start (in)
     1    0.00                           start (net)
                  0.01    0.00    2.00 v input3/A (sky130_fd_sc_hd__buf_1)
                  0.05    0.10    2.11 v input3/X (sky130_fd_sc_hd__buf_1)
     2    0.01                           net3 (net)
                  0.05    0.00    2.11 v _204_/B (sky130_fd_sc_hd__or2_2)
                  0.09    0.34    2.45 v _204_/X (sky130_fd_sc_hd__or2_2)
     6    0.02                           _096_ (net)
                  0.09    0.00    2.45 v _222_/A (sky130_fd_sc_hd__and3_1)
                  0.03    0.16    2.61 v _222_/X (sky130_fd_sc_hd__and3_1)
     1    0.00                           _113_ (net)
                  0.03    0.00    2.61 v _223_/A (sky130_fd_sc_hd__clkbuf_4)
                  0.09    0.19    2.80 v _223_/X (sky130_fd_sc_hd__clkbuf_4)
    10    0.04                           _114_ (net)
                  0.09    0.00    2.80 v _233_/S (sky130_fd_sc_hd__mux2_1)
                  0.05    0.33    3.14 v _233_/X (sky130_fd_sc_hd__mux2_1)
     1    0.00                           _122_ (net)
                  0.05    0.00    3.14 v _234_/A (sky130_fd_sc_hd__clkbuf_1)
                  0.02    0.09    3.23 v _234_/X (sky130_fd_sc_hd__clkbuf_1)
     1    0.00                           _092_ (net)
                  0.02    0.00    3.23 v _452_/D (sky130_fd_sc_hd__dfrtp_1)
                                  3.23   data arrival time

                  0.15   10.00   10.00   clock clk (rise edge)
                          0.00   10.00   clock network delay (ideal)
                         -0.25    9.75   clock uncertainty
                          0.00    9.75   clock reconvergence pessimism
                                  9.75 ^ _452_/CLK (sky130_fd_sc_hd__dfrtp_1)
                         -0.08    9.67   library setup time
                                  9.67   data required time
-----------------------------------------------------------------------------
                                  9.67   data required time
                                 -3.23   data arrival time
-----------------------------------------------------------------------------
                                  6.44   slack (MET)


Startpoint: start (input port clocked by clk)
Endpoint: _437_ (rising edge-triggered flip-flop clocked by clk)
Path Group: clk
Path Type: max

Fanout     Cap    Slew   Delay    Time   Description
-----------------------------------------------------------------------------
                  0.15    0.00    0.00   clock clk (rise edge)
                          0.00    0.00   clock network delay (ideal)
                          2.00    2.00 v input external delay
                  0.01    0.00    2.00 v start (in)
     1    0.00                           start (net)
                  0.01    0.00    2.00 v input3/A (sky130_fd_sc_hd__buf_1)
                  0.05    0.10    2.11 v input3/X (sky130_fd_sc_hd__buf_1)
     2    0.01                           net3 (net)
                  0.05    0.00    2.11 v _204_/B (sky130_fd_sc_hd__or2_2)
                  0.09    0.34    2.45 v _204_/X (sky130_fd_sc_hd__or2_2)
     6    0.02                           _096_ (net)
                  0.09    0.00    2.45 v _222_/A (sky130_fd_sc_hd__and3_1)
                  0.03    0.16    2.61 v _222_/X (sky130_fd_sc_hd__and3_1)
     1    0.00                           _113_ (net)
                  0.03    0.00    2.61 v _223_/A (sky130_fd_sc_hd__clkbuf_4)
                  0.09    0.19    2.80 v _223_/X (sky130_fd_sc_hd__clkbuf_4)
    10    0.04                           _114_ (net)
                  0.09    0.00    2.80 v _267_/S (sky130_fd_sc_hd__mux2_1)
                  0.05    0.33    3.14 v _267_/X (sky130_fd_sc_hd__mux2_1)
     1    0.00                           _141_ (net)
                  0.05    0.00    3.14 v _268_/A (sky130_fd_sc_hd__clkbuf_1)
                  0.02    0.09    3.23 v _268_/X (sky130_fd_sc_hd__clkbuf_1)
     1    0.00                           _077_ (net)
                  0.02    0.00    3.23 v _437_/D (sky130_fd_sc_hd__dfrtp_1)
                                  3.23   data arrival time

                  0.15   10.00   10.00   clock clk (rise edge)
                          0.00   10.00   clock network delay (ideal)
                         -0.25    9.75   clock uncertainty
                          0.00    9.75   clock reconvergence pessimism
                                  9.75 ^ _437_/CLK (sky130_fd_sc_hd__dfrtp_1)
                         -0.08    9.67   library setup time
                                  9.67   data required time
-----------------------------------------------------------------------------
                                  9.67   data required time
                                 -3.23   data arrival time
-----------------------------------------------------------------------------
                                  6.44   slack (MET)


Startpoint: start (input port clocked by clk)
Endpoint: _439_ (rising edge-triggered flip-flop clocked by clk)
Path Group: clk
Path Type: max

Fanout     Cap    Slew   Delay    Time   Description
-----------------------------------------------------------------------------
                  0.15    0.00    0.00   clock clk (rise edge)
                          0.00    0.00   clock network delay (ideal)
                          2.00    2.00 v input external delay
                  0.01    0.00    2.00 v start (in)
     1    0.00                           start (net)
                  0.01    0.00    2.00 v input3/A (sky130_fd_sc_hd__buf_1)
                  0.05    0.10    2.11 v input3/X (sky130_fd_sc_hd__buf_1)
     2    0.01                           net3 (net)
                  0.05    0.00    2.11 v _204_/B (sky130_fd_sc_hd__or2_2)
                  0.09    0.34    2.45 v _204_/X (sky130_fd_sc_hd__or2_2)
     6    0.02                           _096_ (net)
                  0.09    0.00    2.45 v _222_/A (sky130_fd_sc_hd__and3_1)
                  0.03    0.16    2.61 v _222_/X (sky130_fd_sc_hd__and3_1)
     1    0.00                           _113_ (net)
                  0.03    0.00    2.61 v _223_/A (sky130_fd_sc_hd__clkbuf_4)
                  0.09    0.19    2.80 v _223_/X (sky130_fd_sc_hd__clkbuf_4)
    10    0.04                           _114_ (net)
                  0.09    0.00    2.80 v _261_/S (sky130_fd_sc_hd__mux2_1)
                  0.05    0.33    3.14 v _261_/X (sky130_fd_sc_hd__mux2_1)
     1    0.00                           _137_ (net)
                  0.05    0.00    3.14 v _262_/A (sky130_fd_sc_hd__clkbuf_1)
                  0.02    0.09    3.23 v _262_/X (sky130_fd_sc_hd__clkbuf_1)
     1    0.00                           _079_ (net)
                  0.02    0.00    3.23 v _439_/D (sky130_fd_sc_hd__dfrtp_1)
                                  3.23   data arrival time

                  0.15   10.00   10.00   clock clk (rise edge)
                          0.00   10.00   clock network delay (ideal)
                         -0.25    9.75   clock uncertainty
                          0.00    9.75   clock reconvergence pessimism
                                  9.75 ^ _439_/CLK (sky130_fd_sc_hd__dfrtp_1)
                         -0.08    9.67   library setup time
                                  9.67   data required time
-----------------------------------------------------------------------------
                                  9.67   data required time
                                 -3.23   data arrival time
-----------------------------------------------------------------------------
                                  6.44   slack (MET)


Startpoint: start (input port clocked by clk)
Endpoint: _441_ (rising edge-triggered flip-flop clocked by clk)
Path Group: clk
Path Type: max

Fanout     Cap    Slew   Delay    Time   Description
-----------------------------------------------------------------------------
                  0.15    0.00    0.00   clock clk (rise edge)
                          0.00    0.00   clock network delay (ideal)
                          2.00    2.00 v input external delay
                  0.01    0.00    2.00 v start (in)
     1    0.00                           start (net)
                  0.01    0.00    2.00 v input3/A (sky130_fd_sc_hd__buf_1)
                  0.05    0.10    2.11 v input3/X (sky130_fd_sc_hd__buf_1)
     2    0.01                           net3 (net)
                  0.05    0.00    2.11 v _204_/B (sky130_fd_sc_hd__or2_2)
                  0.09    0.34    2.45 v _204_/X (sky130_fd_sc_hd__or2_2)
     6    0.02                           _096_ (net)
                  0.09    0.00    2.45 v _222_/A (sky130_fd_sc_hd__and3_1)
                  0.03    0.16    2.61 v _222_/X (sky130_fd_sc_hd__and3_1)
     1    0.00                           _113_ (net)
                  0.03    0.00    2.61 v _223_/A (sky130_fd_sc_hd__clkbuf_4)
                  0.09    0.19    2.80 v _223_/X (sky130_fd_sc_hd__clkbuf_4)
    10    0.04                           _114_ (net)
                  0.09    0.00    2.80 v _255_/S (sky130_fd_sc_hd__mux2_1)
                  0.05    0.33    3.13 v _255_/X (sky130_fd_sc_hd__mux2_1)
     1    0.00                           _133_ (net)
                  0.05    0.00    3.13 v _256_/A (sky130_fd_sc_hd__clkbuf_1)
                  0.02    0.09    3.23 v _256_/X (sky130_fd_sc_hd__clkbuf_1)
     1    0.00                           _081_ (net)
                  0.02    0.00    3.23 v _441_/D (sky130_fd_sc_hd__dfrtp_1)
                                  3.23   data arrival time

                  0.15   10.00   10.00   clock clk (rise edge)
                          0.00   10.00   clock network delay (ideal)
                         -0.25    9.75   clock uncertainty
                          0.00    9.75   clock reconvergence pessimism
                                  9.75 ^ _441_/CLK (sky130_fd_sc_hd__dfrtp_1)
                         -0.08    9.67   library setup time
                                  9.67   data required time
-----------------------------------------------------------------------------
                                  9.67   data required time
                                 -3.23   data arrival time
-----------------------------------------------------------------------------
                                  6.44   slack (MET)


Startpoint: start (input port clocked by clk)
Endpoint: _443_ (rising edge-triggered flip-flop clocked by clk)
Path Group: clk
Path Type: max

Fanout     Cap    Slew   Delay    Time   Description
-----------------------------------------------------------------------------
                  0.15    0.00    0.00   clock clk (rise edge)
                          0.00    0.00   clock network delay (ideal)
                          2.00    2.00 v input external delay
                  0.01    0.00    2.00 v start (in)
     1    0.00                           start (net)
                  0.01    0.00    2.00 v input3/A (sky130_fd_sc_hd__buf_1)
                  0.05    0.10    2.11 v input3/X (sky130_fd_sc_hd__buf_1)
     2    0.01                           net3 (net)
                  0.05    0.00    2.11 v _204_/B (sky130_fd_sc_hd__or2_2)
                  0.09    0.34    2.45 v _204_/X (sky130_fd_sc_hd__or2_2)
     6    0.02                           _096_ (net)
                  0.09    0.00    2.45 v _222_/A (sky130_fd_sc_hd__and3_1)
                  0.03    0.16    2.61 v _222_/X (sky130_fd_sc_hd__and3_1)
     1    0.00                           _113_ (net)
                  0.03    0.00    2.61 v _223_/A (sky130_fd_sc_hd__clkbuf_4)
                  0.09    0.19    2.80 v _223_/X (sky130_fd_sc_hd__clkbuf_4)
    10    0.04                           _114_ (net)
                  0.09    0.00    2.80 v _249_/S (sky130_fd_sc_hd__mux2_1)
                  0.05    0.33    3.13 v _249_/X (sky130_fd_sc_hd__mux2_1)
     1    0.00                           _129_ (net)
                  0.05    0.00    3.13 v _250_/A (sky130_fd_sc_hd__clkbuf_1)
                  0.02    0.09    3.23 v _250_/X (sky130_fd_sc_hd__clkbuf_1)
     1    0.00                           _083_ (net)
                  0.02    0.00    3.23 v _443_/D (sky130_fd_sc_hd__dfrtp_1)
                                  3.23   data arrival time

                  0.15   10.00   10.00   clock clk (rise edge)
                          0.00   10.00   clock network delay (ideal)
                         -0.25    9.75   clock uncertainty
                          0.00    9.75   clock reconvergence pessimism
                                  9.75 ^ _443_/CLK (sky130_fd_sc_hd__dfrtp_1)
                         -0.08    9.67   library setup time
                                  9.67   data required time
-----------------------------------------------------------------------------
                                  9.67   data required time
                                 -3.23   data arrival time
-----------------------------------------------------------------------------
                                  6.44   slack (MET)


Startpoint: start (input port clocked by clk)
Endpoint: _454_ (rising edge-triggered flip-flop clocked by clk)
Path Group: clk
Path Type: max

Fanout     Cap    Slew   Delay    Time   Description
-----------------------------------------------------------------------------
                  0.15    0.00    0.00   clock clk (rise edge)
                          0.00    0.00   clock network delay (ideal)
                          2.00    2.00 v input external delay
                  0.01    0.00    2.00 v start (in)
     1    0.00                           start (net)
                  0.01    0.00    2.00 v input3/A (sky130_fd_sc_hd__buf_1)
                  0.05    0.10    2.11 v input3/X (sky130_fd_sc_hd__buf_1)
     2    0.01                           net3 (net)
                  0.05    0.00    2.11 v _204_/B (sky130_fd_sc_hd__or2_2)
                  0.09    0.34    2.45 v _204_/X (sky130_fd_sc_hd__or2_2)
     6    0.02                           _096_ (net)
                  0.09    0.00    2.45 v _222_/A (sky130_fd_sc_hd__and3_1)
                  0.03    0.16    2.61 v _222_/X (sky130_fd_sc_hd__and3_1)
     1    0.00                           _113_ (net)
                  0.03    0.00    2.61 v _223_/A (sky130_fd_sc_hd__clkbuf_4)
                  0.09    0.19    2.80 v _223_/X (sky130_fd_sc_hd__clkbuf_4)
    10    0.04                           _114_ (net)
                  0.09    0.00    2.80 v _226_/A2_N (sky130_fd_sc_hd__a2bb2o_1)
                  0.04    0.26    3.06 ^ _226_/X (sky130_fd_sc_hd__a2bb2o_1)
     1    0.00                           _094_ (net)
                  0.04    0.00    3.06 ^ _454_/D (sky130_fd_sc_hd__dfrtp_1)
                                  3.06   data arrival time

                  0.15   10.00   10.00   clock clk (rise edge)
                          0.00   10.00   clock network delay (ideal)
                         -0.25    9.75   clock uncertainty
                          0.00    9.75   clock reconvergence pessimism
                                  9.75 ^ _454_/CLK (sky130_fd_sc_hd__dfrtp_1)
                         -0.04    9.71   library setup time
                                  9.71   data required time
-----------------------------------------------------------------------------
                                  9.71   data required time
                                 -3.06   data arrival time
-----------------------------------------------------------------------------
                                  6.64   slack (MET)


Startpoint: start (input port clocked by clk)
Endpoint: _434_ (rising edge-triggered flip-flop clocked by clk)
Path Group: clk
Path Type: max

Fanout     Cap    Slew   Delay    Time   Description
-----------------------------------------------------------------------------
                  0.15    0.00    0.00   clock clk (rise edge)
                          0.00    0.00   clock network delay (ideal)
                          2.00    2.00 v input external delay
                  0.01    0.00    2.00 v start (in)
     1    0.00                           start (net)
                  0.01    0.00    2.00 v input3/A (sky130_fd_sc_hd__buf_1)
                  0.05    0.10    2.11 v input3/X (sky130_fd_sc_hd__buf_1)
     2    0.01                           net3 (net)
                  0.05    0.00    2.11 v _204_/B (sky130_fd_sc_hd__or2_2)
                  0.09    0.34    2.45 v _204_/X (sky130_fd_sc_hd__or2_2)
     6    0.02                           _096_ (net)
                  0.09    0.00    2.45 v _212_/A (sky130_fd_sc_hd__nand2_1)
                  0.08    0.11    2.55 ^ _212_/Y (sky130_fd_sc_hd__nand2_1)
     2    0.01                           _104_ (net)
                  0.08    0.00    2.55 ^ _277_/S (sky130_fd_sc_hd__mux2_1)
                  0.05    0.33    2.89 v _277_/X (sky130_fd_sc_hd__mux2_1)
     1    0.00                           _147_ (net)
                  0.05    0.00    2.89 v _278_/A (sky130_fd_sc_hd__clkbuf_1)
                  0.02    0.09    2.98 v _278_/X (sky130_fd_sc_hd__clkbuf_1)
     1    0.00                           _074_ (net)
                  0.02    0.00    2.98 v _434_/D (sky130_fd_sc_hd__dfrtp_1)
                                  2.98   data arrival time

                  0.15   10.00   10.00   clock clk (rise edge)
                          0.00   10.00   clock network delay (ideal)
                         -0.25    9.75   clock uncertainty
                          0.00    9.75   clock reconvergence pessimism
                                  9.75 ^ _434_/CLK (sky130_fd_sc_hd__dfrtp_1)
                         -0.08    9.67   library setup time
                                  9.67   data required time
-----------------------------------------------------------------------------
                                  9.67   data required time
                                 -2.98   data arrival time
-----------------------------------------------------------------------------
                                  6.69   slack (MET)


Startpoint: start (input port clocked by clk)
Endpoint: _436_ (rising edge-triggered flip-flop clocked by clk)
Path Group: clk
Path Type: max

Fanout     Cap    Slew   Delay    Time   Description
-----------------------------------------------------------------------------
                  0.15    0.00    0.00   clock clk (rise edge)
                          0.00    0.00   clock network delay (ideal)
                          2.00    2.00 v input external delay
                  0.01    0.00    2.00 v start (in)
     1    0.00                           start (net)
                  0.01    0.00    2.00 v input3/A (sky130_fd_sc_hd__buf_1)
                  0.05    0.10    2.11 v input3/X (sky130_fd_sc_hd__buf_1)
     2    0.01                           net3 (net)
                  0.05    0.00    2.11 v _204_/B (sky130_fd_sc_hd__or2_2)
                  0.09    0.34    2.45 v _204_/X (sky130_fd_sc_hd__or2_2)
     6    0.02                           _096_ (net)
                  0.09    0.00    2.45 v _270_/A (sky130_fd_sc_hd__and2_1)
                  0.03    0.16    2.60 v _270_/X (sky130_fd_sc_hd__and2_1)
     1    0.00                           _143_ (net)
                  0.03    0.00    2.60 v _271_/A (sky130_fd_sc_hd__clkbuf_1)
                  0.04    0.09    2.70 v _271_/X (sky130_fd_sc_hd__clkbuf_1)
     2    0.00                           _000_ (net)
                  0.04    0.00    2.70 v _272_/B1_N (sky130_fd_sc_hd__a21bo_1)
                  0.04    0.17    2.87 ^ _272_/X (sky130_fd_sc_hd__a21bo_1)
     1    0.00                           _076_ (net)
                  0.04    0.00    2.87 ^ _436_/D (sky130_fd_sc_hd__dfstp_1)
                                  2.87   data arrival time

                  0.15   10.00   10.00   clock clk (rise edge)
                          0.00   10.00   clock network delay (ideal)
                         -0.25    9.75   clock uncertainty
                          0.00    9.75   clock reconvergence pessimism
                                  9.75 ^ _436_/CLK (sky130_fd_sc_hd__dfstp_1)
                         -0.04    9.71   library setup time
                                  9.71   data required time
-----------------------------------------------------------------------------
                                  9.71   data required time
                                 -2.87   data arrival time
-----------------------------------------------------------------------------
                                  6.84   slack (MET)


Startpoint: start (input port clocked by clk)
Endpoint: _413_ (rising edge-triggered flip-flop clocked by clk)
Path Group: clk
Path Type: max

Fanout     Cap    Slew   Delay    Time   Description
-----------------------------------------------------------------------------
                  0.15    0.00    0.00   clock clk (rise edge)
                          0.00    0.00   clock network delay (ideal)
                          2.00    2.00 ^ input external delay
                  0.02    0.01    2.01 ^ start (in)
     1    0.00                           start (net)
                  0.02    0.00    2.01 ^ input3/A (sky130_fd_sc_hd__buf_1)
                  0.11    0.12    2.14 ^ input3/X (sky130_fd_sc_hd__buf_1)
     2    0.01                           net3 (net)
                  0.11    0.00    2.14 ^ _237_/B (sky130_fd_sc_hd__nor2_2)
                  0.08    0.10    2.23 v _237_/Y (sky130_fd_sc_hd__nor2_2)
     9    0.03                           _125_ (net)
                  0.08    0.00    2.23 v _338_/B1 (sky130_fd_sc_hd__a21o_1)
                  0.04    0.18    2.41 v _338_/X (sky130_fd_sc_hd__a21o_1)
     2    0.00                           _189_ (net)
                  0.04    0.00    2.41 v _339_/A1 (sky130_fd_sc_hd__mux2_1)
                  0.05    0.30    2.71 v _339_/X (sky130_fd_sc_hd__mux2_1)
     1    0.00                           _190_ (net)
                  0.05    0.00    2.71 v _340_/A (sky130_fd_sc_hd__clkbuf_1)
                  0.03    0.10    2.80 v _340_/X (sky130_fd_sc_hd__clkbuf_1)
     1    0.00                           _055_ (net)
                  0.03    0.00    2.80 v _413_/D (sky130_fd_sc_hd__dfrtp_1)
                                  2.80   data arrival time

                  0.15   10.00   10.00   clock clk (rise edge)
                          0.00   10.00   clock network delay (ideal)
                         -0.25    9.75   clock uncertainty
                          0.00    9.75   clock reconvergence pessimism
                                  9.75 ^ _413_/CLK (sky130_fd_sc_hd__dfrtp_1)
                         -0.08    9.67   library setup time
                                  9.67   data required time
-----------------------------------------------------------------------------
                                  9.67   data required time
                                 -2.80   data arrival time
-----------------------------------------------------------------------------
                                  6.86   slack (MET)


Startpoint: start (input port clocked by clk)
Endpoint: _419_ (rising edge-triggered flip-flop clocked by clk)
Path Group: clk
Path Type: max

Fanout     Cap    Slew   Delay    Time   Description
-----------------------------------------------------------------------------
                  0.15    0.00    0.00   clock clk (rise edge)
                          0.00    0.00   clock network delay (ideal)
                          2.00    2.00 ^ input external delay
                  0.02    0.01    2.01 ^ start (in)
     1    0.00                           start (net)
                  0.02    0.00    2.01 ^ input3/A (sky130_fd_sc_hd__buf_1)
                  0.11    0.12    2.14 ^ input3/X (sky130_fd_sc_hd__buf_1)
     2    0.01                           net3 (net)
                  0.11    0.00    2.14 ^ _237_/B (sky130_fd_sc_hd__nor2_2)
                  0.08    0.10    2.23 v _237_/Y (sky130_fd_sc_hd__nor2_2)
     9    0.03                           _125_ (net)
                  0.08    0.00    2.23 v _316_/B1 (sky130_fd_sc_hd__a21o_1)
                  0.04    0.17    2.41 v _316_/X (sky130_fd_sc_hd__a21o_1)
     2    0.00                           _173_ (net)
                  0.04    0.00    2.41 v _317_/A1 (sky130_fd_sc_hd__mux2_1)
                  0.05    0.29    2.70 v _317_/X (sky130_fd_sc_hd__mux2_1)
     1    0.00                           _174_ (net)
                  0.05    0.00    2.70 v _318_/A (sky130_fd_sc_hd__clkbuf_1)
                  0.02    0.09    2.79 v _318_/X (sky130_fd_sc_hd__clkbuf_1)
     1    0.00                           _061_ (net)
                  0.02    0.00    2.79 v _419_/D (sky130_fd_sc_hd__dfrtp_1)
                                  2.79   data arrival time

                  0.15   10.00   10.00   clock clk (rise edge)
                          0.00   10.00   clock network delay (ideal)
                         -0.25    9.75   clock uncertainty
                          0.00    9.75   clock reconvergence pessimism
                                  9.75 ^ _419_/CLK (sky130_fd_sc_hd__dfrtp_1)
                         -0.08    9.67   library setup time
                                  9.67   data required time
-----------------------------------------------------------------------------
                                  9.67   data required time
                                 -2.79   data arrival time
-----------------------------------------------------------------------------
                                  6.88   slack (MET)


Startpoint: start (input port clocked by clk)
Endpoint: _421_ (rising edge-triggered flip-flop clocked by clk)
Path Group: clk
Path Type: max

Fanout     Cap    Slew   Delay    Time   Description
-----------------------------------------------------------------------------
                  0.15    0.00    0.00   clock clk (rise edge)
                          0.00    0.00   clock network delay (ideal)
                          2.00    2.00 ^ input external delay
                  0.02    0.01    2.01 ^ start (in)
     1    0.00                           start (net)
                  0.02    0.00    2.01 ^ input3/A (sky130_fd_sc_hd__buf_1)
                  0.11    0.12    2.14 ^ input3/X (sky130_fd_sc_hd__buf_1)
     2    0.01                           net3 (net)
                  0.11    0.00    2.14 ^ _204_/B (sky130_fd_sc_hd__or2_2)
                  0.10    0.18    2.32 ^ _204_/X (sky130_fd_sc_hd__or2_2)
     6    0.02                           _096_ (net)
                  0.10    0.00    2.32 ^ _308_/A (sky130_fd_sc_hd__nand2_1)
                  0.05    0.08    2.39 v _308_/Y (sky130_fd_sc_hd__nand2_1)
     2    0.01                           _167_ (net)
                  0.05    0.00    2.39 v _309_/A1 (sky130_fd_sc_hd__mux2_1)
                  0.05    0.30    2.69 v _309_/X (sky130_fd_sc_hd__mux2_1)
     1    0.00                           _168_ (net)
                  0.05    0.00    2.69 v _310_/A (sky130_fd_sc_hd__clkbuf_1)
                  0.03    0.10    2.79 v _310_/X (sky130_fd_sc_hd__clkbuf_1)
     1    0.00                           _063_ (net)
                  0.03    0.00    2.79 v _421_/D (sky130_fd_sc_hd__dfrtp_1)
                                  2.79   data arrival time

                  0.15   10.00   10.00   clock clk (rise edge)
                          0.00   10.00   clock network delay (ideal)
                         -0.25    9.75   clock uncertainty
                          0.00    9.75   clock reconvergence pessimism
                                  9.75 ^ _421_/CLK (sky130_fd_sc_hd__dfrtp_1)
                         -0.08    9.67   library setup time
                                  9.67   data required time
-----------------------------------------------------------------------------
                                  9.67   data required time
                                 -2.79   data arrival time
-----------------------------------------------------------------------------
                                  6.88   slack (MET)


Startpoint: start (input port clocked by clk)
Endpoint: _415_ (rising edge-triggered flip-flop clocked by clk)
Path Group: clk
Path Type: max

Fanout     Cap    Slew   Delay    Time   Description
-----------------------------------------------------------------------------
                  0.15    0.00    0.00   clock clk (rise edge)
                          0.00    0.00   clock network delay (ideal)
                          2.00    2.00 ^ input external delay
                  0.02    0.01    2.01 ^ start (in)
     1    0.00                           start (net)
                  0.02    0.00    2.01 ^ input3/A (sky130_fd_sc_hd__buf_1)
                  0.11    0.12    2.14 ^ input3/X (sky130_fd_sc_hd__buf_1)
     2    0.01                           net3 (net)
                  0.11    0.00    2.14 ^ _204_/B (sky130_fd_sc_hd__or2_2)
                  0.10    0.18    2.32 ^ _204_/X (sky130_fd_sc_hd__or2_2)
     6    0.02                           _096_ (net)
                  0.10    0.00    2.32 ^ _331_/A (sky130_fd_sc_hd__nand2_1)
                  0.05    0.08    2.39 v _331_/Y (sky130_fd_sc_hd__nand2_1)
     2    0.01                           _184_ (net)
                  0.05    0.00    2.39 v _332_/A1 (sky130_fd_sc_hd__mux2_1)
                  0.05    0.30    2.69 v _332_/X (sky130_fd_sc_hd__mux2_1)
     1    0.00                           _185_ (net)
                  0.05    0.00    2.69 v _333_/A (sky130_fd_sc_hd__clkbuf_1)
                  0.02    0.09    2.78 v _333_/X (sky130_fd_sc_hd__clkbuf_1)
     1    0.00                           _057_ (net)
                  0.02    0.00    2.78 v _415_/D (sky130_fd_sc_hd__dfrtp_1)
                                  2.78   data arrival time

                  0.15   10.00   10.00   clock clk (rise edge)
                          0.00   10.00   clock network delay (ideal)
                         -0.25    9.75   clock uncertainty
                          0.00    9.75   clock reconvergence pessimism
                                  9.75 ^ _415_/CLK (sky130_fd_sc_hd__dfrtp_1)
                         -0.08    9.67   library setup time
                                  9.67   data required time
-----------------------------------------------------------------------------
                                  9.67   data required time
                                 -2.78   data arrival time
-----------------------------------------------------------------------------
                                  6.89   slack (MET)


Startpoint: start (input port clocked by clk)
Endpoint: _445_ (rising edge-triggered flip-flop clocked by clk)
Path Group: clk
Path Type: max

Fanout     Cap    Slew   Delay    Time   Description
-----------------------------------------------------------------------------
                  0.15    0.00    0.00   clock clk (rise edge)
                          0.00    0.00   clock network delay (ideal)
                          2.00    2.00 ^ input external delay
                  0.02    0.01    2.01 ^ start (in)
     1    0.00                           start (net)
                  0.02    0.00    2.01 ^ input3/A (sky130_fd_sc_hd__buf_1)
                  0.11    0.12    2.14 ^ input3/X (sky130_fd_sc_hd__buf_1)
     2    0.01                           net3 (net)
                  0.11    0.00    2.14 ^ _237_/B (sky130_fd_sc_hd__nor2_2)
                  0.08    0.10    2.23 v _237_/Y (sky130_fd_sc_hd__nor2_2)
     9    0.03                           _125_ (net)
                  0.08    0.00    2.23 v _238_/B1 (sky130_fd_sc_hd__a21o_2)
                  0.08    0.27    2.50 v _238_/X (sky130_fd_sc_hd__a21o_2)
     8    0.02                           _126_ (net)
                  0.08    0.00    2.50 v _246_/A2 (sky130_fd_sc_hd__a22o_1)
                  0.04    0.25    2.75 v _246_/X (sky130_fd_sc_hd__a22o_1)
     1    0.00                           _085_ (net)
                  0.04    0.00    2.75 v _445_/D (sky130_fd_sc_hd__dfrtp_1)
                                  2.75   data arrival time

                  0.15   10.00   10.00   clock clk (rise edge)
                          0.00   10.00   clock network delay (ideal)
                         -0.25    9.75   clock uncertainty
                          0.00    9.75   clock reconvergence pessimism
                                  9.75 ^ _445_/CLK (sky130_fd_sc_hd__dfrtp_1)
                         -0.09    9.66   library setup time
                                  9.66   data required time
-----------------------------------------------------------------------------
                                  9.66   data required time
                                 -2.75   data arrival time
-----------------------------------------------------------------------------
                                  6.91   slack (MET)


Startpoint: start (input port clocked by clk)
Endpoint: _446_ (rising edge-triggered flip-flop clocked by clk)
Path Group: clk
Path Type: max

Fanout     Cap    Slew   Delay    Time   Description
-----------------------------------------------------------------------------
                  0.15    0.00    0.00   clock clk (rise edge)
                          0.00    0.00   clock network delay (ideal)
                          2.00    2.00 ^ input external delay
                  0.02    0.01    2.01 ^ start (in)
     1    0.00                           start (net)
                  0.02    0.00    2.01 ^ input3/A (sky130_fd_sc_hd__buf_1)
                  0.11    0.12    2.14 ^ input3/X (sky130_fd_sc_hd__buf_1)
     2    0.01                           net3 (net)
                  0.11    0.00    2.14 ^ _237_/B (sky130_fd_sc_hd__nor2_2)
                  0.08    0.10    2.23 v _237_/Y (sky130_fd_sc_hd__nor2_2)
     9    0.03                           _125_ (net)
                  0.08    0.00    2.23 v _238_/B1 (sky130_fd_sc_hd__a21o_2)
                  0.08    0.27    2.50 v _238_/X (sky130_fd_sc_hd__a21o_2)
     8    0.02                           _126_ (net)
                  0.08    0.00    2.50 v _245_/A2 (sky130_fd_sc_hd__a22o_1)
                  0.04    0.25    2.75 v _245_/X (sky130_fd_sc_hd__a22o_1)
     1    0.00                           _086_ (net)
                  0.04    0.00    2.75 v _446_/D (sky130_fd_sc_hd__dfrtp_1)
                                  2.75   data arrival time

                  0.15   10.00   10.00   clock clk (rise edge)
                          0.00   10.00   clock network delay (ideal)
                         -0.25    9.75   clock uncertainty
                          0.00    9.75   clock reconvergence pessimism
                                  9.75 ^ _446_/CLK (sky130_fd_sc_hd__dfrtp_1)
                         -0.09    9.66   library setup time
                                  9.66   data required time
-----------------------------------------------------------------------------
                                  9.66   data required time
                                 -2.75   data arrival time
-----------------------------------------------------------------------------
                                  6.91   slack (MET)


Startpoint: start (input port clocked by clk)
Endpoint: _447_ (rising edge-triggered flip-flop clocked by clk)
Path Group: clk
Path Type: max

Fanout     Cap    Slew   Delay    Time   Description
-----------------------------------------------------------------------------
                  0.15    0.00    0.00   clock clk (rise edge)
                          0.00    0.00   clock network delay (ideal)
                          2.00    2.00 ^ input external delay
                  0.02    0.01    2.01 ^ start (in)
     1    0.00                           start (net)
                  0.02    0.00    2.01 ^ input3/A (sky130_fd_sc_hd__buf_1)
                  0.11    0.12    2.14 ^ input3/X (sky130_fd_sc_hd__buf_1)
     2    0.01                           net3 (net)
                  0.11    0.00    2.14 ^ _237_/B (sky130_fd_sc_hd__nor2_2)
                  0.08    0.10    2.23 v _237_/Y (sky130_fd_sc_hd__nor2_2)
     9    0.03                           _125_ (net)
                  0.08    0.00    2.23 v _238_/B1 (sky130_fd_sc_hd__a21o_2)
                  0.08    0.27    2.50 v _238_/X (sky130_fd_sc_hd__a21o_2)
     8    0.02                           _126_ (net)
                  0.08    0.00    2.50 v _244_/A2 (sky130_fd_sc_hd__a22o_1)
                  0.04    0.25    2.75 v _244_/X (sky130_fd_sc_hd__a22o_1)
     1    0.00                           _087_ (net)
                  0.04    0.00    2.75 v _447_/D (sky130_fd_sc_hd__dfrtp_1)
                                  2.75   data arrival time

                  0.15   10.00   10.00   clock clk (rise edge)
                          0.00   10.00   clock network delay (ideal)
                         -0.25    9.75   clock uncertainty
                          0.00    9.75   clock reconvergence pessimism
                                  9.75 ^ _447_/CLK (sky130_fd_sc_hd__dfrtp_1)
                         -0.09    9.66   library setup time
                                  9.66   data required time
-----------------------------------------------------------------------------
                                  9.66   data required time
                                 -2.75   data arrival time
-----------------------------------------------------------------------------
                                  6.91   slack (MET)


Startpoint: start (input port clocked by clk)
Endpoint: _448_ (rising edge-triggered flip-flop clocked by clk)
Path Group: clk
Path Type: max

Fanout     Cap    Slew   Delay    Time   Description
-----------------------------------------------------------------------------
                  0.15    0.00    0.00   clock clk (rise edge)
                          0.00    0.00   clock network delay (ideal)
                          2.00    2.00 ^ input external delay
                  0.02    0.01    2.01 ^ start (in)
     1    0.00                           start (net)
                  0.02    0.00    2.01 ^ input3/A (sky130_fd_sc_hd__buf_1)
                  0.11    0.12    2.14 ^ input3/X (sky130_fd_sc_hd__buf_1)
     2    0.01                           net3 (net)
                  0.11    0.00    2.14 ^ _237_/B (sky130_fd_sc_hd__nor2_2)
                  0.08    0.10    2.23 v _237_/Y (sky130_fd_sc_hd__nor2_2)
     9    0.03                           _125_ (net)
                  0.08    0.00    2.23 v _238_/B1 (sky130_fd_sc_hd__a21o_2)
                  0.08    0.27    2.50 v _238_/X (sky130_fd_sc_hd__a21o_2)
     8    0.02                           _126_ (net)
                  0.08    0.00    2.50 v _243_/A2 (sky130_fd_sc_hd__a22o_1)
                  0.04    0.25    2.75 v _243_/X (sky130_fd_sc_hd__a22o_1)
     1    0.00                           _088_ (net)
                  0.04    0.00    2.75 v _448_/D (sky130_fd_sc_hd__dfrtp_1)
                                  2.75   data arrival time

                  0.15   10.00   10.00   clock clk (rise edge)
                          0.00   10.00   clock network delay (ideal)
                         -0.25    9.75   clock uncertainty
                          0.00    9.75   clock reconvergence pessimism
                                  9.75 ^ _448_/CLK (sky130_fd_sc_hd__dfrtp_1)
                         -0.09    9.66   library setup time
                                  9.66   data required time
-----------------------------------------------------------------------------
                                  9.66   data required time
                                 -2.75   data arrival time
-----------------------------------------------------------------------------
                                  6.92   slack (MET)


Startpoint: start (input port clocked by clk)
Endpoint: _450_ (rising edge-triggered flip-flop clocked by clk)
Path Group: clk
Path Type: max

Fanout     Cap    Slew   Delay    Time   Description
-----------------------------------------------------------------------------
                  0.15    0.00    0.00   clock clk (rise edge)
                          0.00    0.00   clock network delay (ideal)
                          2.00    2.00 ^ input external delay
                  0.02    0.01    2.01 ^ start (in)
     1    0.00                           start (net)
                  0.02    0.00    2.01 ^ input3/A (sky130_fd_sc_hd__buf_1)
                  0.11    0.12    2.14 ^ input3/X (sky130_fd_sc_hd__buf_1)
     2    0.01                           net3 (net)
                  0.11    0.00    2.14 ^ _237_/B (sky130_fd_sc_hd__nor2_2)
                  0.08    0.10    2.23 v _237_/Y (sky130_fd_sc_hd__nor2_2)
     9    0.03                           _125_ (net)
                  0.08    0.00    2.23 v _238_/B1 (sky130_fd_sc_hd__a21o_2)
                  0.08    0.27    2.50 v _238_/X (sky130_fd_sc_hd__a21o_2)
     8    0.02                           _126_ (net)
                  0.08    0.00    2.50 v _241_/A2 (sky130_fd_sc_hd__a22o_1)
                  0.04    0.25    2.75 v _241_/X (sky130_fd_sc_hd__a22o_1)
     1    0.00                           _090_ (net)
                  0.04    0.00    2.75 v _450_/D (sky130_fd_sc_hd__dfrtp_1)
                                  2.75   data arrival time

                  0.15   10.00   10.00   clock clk (rise edge)
                          0.00   10.00   clock network delay (ideal)
                         -0.25    9.75   clock uncertainty
                          0.00    9.75   clock reconvergence pessimism
                                  9.75 ^ _450_/CLK (sky130_fd_sc_hd__dfrtp_1)
                         -0.09    9.66   library setup time
                                  9.66   data required time
-----------------------------------------------------------------------------
                                  9.66   data required time
                                 -2.75   data arrival time
-----------------------------------------------------------------------------
                                  6.92   slack (MET)


Startpoint: start (input port clocked by clk)
Endpoint: _451_ (rising edge-triggered flip-flop clocked by clk)
Path Group: clk
Path Type: max

Fanout     Cap    Slew   Delay    Time   Description
-----------------------------------------------------------------------------
                  0.15    0.00    0.00   clock clk (rise edge)
                          0.00    0.00   clock network delay (ideal)
                          2.00    2.00 ^ input external delay
                  0.02    0.01    2.01 ^ start (in)
     1    0.00                           start (net)
                  0.02    0.00    2.01 ^ input3/A (sky130_fd_sc_hd__buf_1)
                  0.11    0.12    2.14 ^ input3/X (sky130_fd_sc_hd__buf_1)
     2    0.01                           net3 (net)
                  0.11    0.00    2.14 ^ _237_/B (sky130_fd_sc_hd__nor2_2)
                  0.08    0.10    2.23 v _237_/Y (sky130_fd_sc_hd__nor2_2)
     9    0.03                           _125_ (net)
                  0.08    0.00    2.23 v _238_/B1 (sky130_fd_sc_hd__a21o_2)
                  0.08    0.27    2.50 v _238_/X (sky130_fd_sc_hd__a21o_2)
     8    0.02                           _126_ (net)
                  0.08    0.00    2.50 v _240_/A2 (sky130_fd_sc_hd__a22o_1)
                  0.04    0.25    2.75 v _240_/X (sky130_fd_sc_hd__a22o_1)
     1    0.00                           _091_ (net)
                  0.04    0.00    2.75 v _451_/D (sky130_fd_sc_hd__dfrtp_1)
                                  2.75   data arrival time

                  0.15   10.00   10.00   clock clk (rise edge)
                          0.00   10.00   clock network delay (ideal)
                         -0.25    9.75   clock uncertainty
                          0.00    9.75   clock reconvergence pessimism
                                  9.75 ^ _451_/CLK (sky130_fd_sc_hd__dfrtp_1)
                         -0.09    9.66   library setup time
                                  9.66   data required time
-----------------------------------------------------------------------------
                                  9.66   data required time
                                 -2.75   data arrival time
-----------------------------------------------------------------------------
                                  6.92   slack (MET)


Startpoint: start (input port clocked by clk)
Endpoint: _449_ (rising edge-triggered flip-flop clocked by clk)
Path Group: clk
Path Type: max

Fanout     Cap    Slew   Delay    Time   Description
-----------------------------------------------------------------------------
                  0.15    0.00    0.00   clock clk (rise edge)
                          0.00    0.00   clock network delay (ideal)
                          2.00    2.00 ^ input external delay
                  0.02    0.01    2.01 ^ start (in)
     1    0.00                           start (net)
                  0.02    0.00    2.01 ^ input3/A (sky130_fd_sc_hd__buf_1)
                  0.11    0.12    2.14 ^ input3/X (sky130_fd_sc_hd__buf_1)
     2    0.01                           net3 (net)
                  0.11    0.00    2.14 ^ _237_/B (sky130_fd_sc_hd__nor2_2)
                  0.08    0.10    2.23 v _237_/Y (sky130_fd_sc_hd__nor2_2)
     9    0.03                           _125_ (net)
                  0.08    0.00    2.23 v _238_/B1 (sky130_fd_sc_hd__a21o_2)
                  0.08    0.27    2.50 v _238_/X (sky130_fd_sc_hd__a21o_2)
     8    0.02                           _126_ (net)
                  0.08    0.00    2.50 v _242_/A2 (sky130_fd_sc_hd__a22o_1)
                  0.04    0.25    2.75 v _242_/X (sky130_fd_sc_hd__a22o_1)
     1    0.00                           _089_ (net)
                  0.04    0.00    2.75 v _449_/D (sky130_fd_sc_hd__dfrtp_1)
                                  2.75   data arrival time

                  0.15   10.00   10.00   clock clk (rise edge)
                          0.00   10.00   clock network delay (ideal)
                         -0.25    9.75   clock uncertainty
                          0.00    9.75   clock reconvergence pessimism
                                  9.75 ^ _449_/CLK (sky130_fd_sc_hd__dfrtp_1)
                         -0.09    9.66   library setup time
                                  9.66   data required time
-----------------------------------------------------------------------------
                                  9.66   data required time
                                 -2.75   data arrival time
-----------------------------------------------------------------------------
                                  6.92   slack (MET)


Startpoint: start (input port clocked by clk)
Endpoint: _444_ (rising edge-triggered flip-flop clocked by clk)
Path Group: clk
Path Type: max

Fanout     Cap    Slew   Delay    Time   Description
-----------------------------------------------------------------------------
                  0.15    0.00    0.00   clock clk (rise edge)
                          0.00    0.00   clock network delay (ideal)
                          2.00    2.00 ^ input external delay
                  0.02    0.01    2.01 ^ start (in)
     1    0.00                           start (net)
                  0.02    0.00    2.01 ^ input3/A (sky130_fd_sc_hd__buf_1)
                  0.11    0.12    2.14 ^ input3/X (sky130_fd_sc_hd__buf_1)
     2    0.01                           net3 (net)
                  0.11    0.00    2.14 ^ _237_/B (sky130_fd_sc_hd__nor2_2)
                  0.08    0.10    2.23 v _237_/Y (sky130_fd_sc_hd__nor2_2)
     9    0.03                           _125_ (net)
                  0.08    0.00    2.23 v _238_/B1 (sky130_fd_sc_hd__a21o_2)
                  0.08    0.27    2.50 v _238_/X (sky130_fd_sc_hd__a21o_2)
     8    0.02                           _126_ (net)
                  0.08    0.00    2.50 v _247_/A2 (sky130_fd_sc_hd__a22o_1)
                  0.04    0.24    2.74 v _247_/X (sky130_fd_sc_hd__a22o_1)
     1    0.00                           _084_ (net)
                  0.04    0.00    2.74 v _444_/D (sky130_fd_sc_hd__dfrtp_1)
                                  2.74   data arrival time

                  0.15   10.00   10.00   clock clk (rise edge)
                          0.00   10.00   clock network delay (ideal)
                         -0.25    9.75   clock uncertainty
                          0.00    9.75   clock reconvergence pessimism
                                  9.75 ^ _444_/CLK (sky130_fd_sc_hd__dfrtp_1)
                         -0.09    9.66   library setup time
                                  9.66   data required time
-----------------------------------------------------------------------------
                                  9.66   data required time
                                 -2.74   data arrival time
-----------------------------------------------------------------------------
                                  6.92   slack (MET)


Startpoint: _436_ (rising edge-triggered flip-flop clocked by clk)
Endpoint: cs (output port clocked by clk)
Path Group: clk
Path Type: max

Fanout     Cap    Slew   Delay    Time   Description
-----------------------------------------------------------------------------
                  0.15    0.00    0.00   clock clk (rise edge)
                          0.00    0.00   clock network delay (ideal)
                  0.15    0.00    0.00 ^ _436_/CLK (sky130_fd_sc_hd__dfstp_1)
                  0.09    0.59    0.59 ^ _436_/Q (sky130_fd_sc_hd__dfstp_1)
     2    0.01                           net13 (net)
                  0.09    0.00    0.59 ^ output13/A (sky130_fd_sc_hd__clkbuf_4)
                  0.11    0.21    0.80 ^ output13/X (sky130_fd_sc_hd__clkbuf_4)
     1    0.03                           cs (net)
                  0.11    0.00    0.80 ^ cs (out)
                                  0.80   data arrival time

                  0.15   10.00   10.00   clock clk (rise edge)
                          0.00   10.00   clock network delay (ideal)
                         -0.25    9.75   clock uncertainty
                          0.00    9.75   clock reconvergence pessimism
                         -2.00    7.75   output external delay
                                  7.75   data required time
-----------------------------------------------------------------------------
                                  7.75   data required time
                                 -0.80   data arrival time
-----------------------------------------------------------------------------
                                  6.95   slack (MET)


Startpoint: start (input port clocked by clk)
Endpoint: _424_ (rising edge-triggered flip-flop clocked by clk)
Path Group: clk
Path Type: max

Fanout     Cap    Slew   Delay    Time   Description
-----------------------------------------------------------------------------
                  0.15    0.00    0.00   clock clk (rise edge)
                          0.00    0.00   clock network delay (ideal)
                          2.00    2.00 v input external delay
                  0.01    0.00    2.00 v start (in)
     1    0.00                           start (net)
                  0.01    0.00    2.00 v input3/A (sky130_fd_sc_hd__buf_1)
                  0.05    0.10    2.11 v input3/X (sky130_fd_sc_hd__buf_1)
     2    0.01                           net3 (net)
                  0.05    0.00    2.11 v _204_/B (sky130_fd_sc_hd__or2_2)
                  0.09    0.34    2.45 v _204_/X (sky130_fd_sc_hd__or2_2)
     6    0.02                           _096_ (net)
                  0.09    0.00    2.45 v _270_/A (sky130_fd_sc_hd__and2_1)
                  0.03    0.16    2.60 v _270_/X (sky130_fd_sc_hd__and2_1)
     1    0.00                           _143_ (net)
                  0.03    0.00    2.60 v _271_/A (sky130_fd_sc_hd__clkbuf_1)
                  0.04    0.09    2.70 v _271_/X (sky130_fd_sc_hd__clkbuf_1)
     2    0.00                           _000_ (net)
                  0.04    0.00    2.70 v _424_/D (sky130_fd_sc_hd__dfrtp_1)
                                  2.70   data arrival time

                  0.15   10.00   10.00   clock clk (rise edge)
                          0.00   10.00   clock network delay (ideal)
                         -0.25    9.75   clock uncertainty
                          0.00    9.75   clock reconvergence pessimism
                                  9.75 ^ _424_/CLK (sky130_fd_sc_hd__dfrtp_1)
                         -0.09    9.66   library setup time
                                  9.66   data required time
-----------------------------------------------------------------------------
                                  9.66   data required time
                                 -2.70   data arrival time
-----------------------------------------------------------------------------
                                  6.97   slack (MET)


Startpoint: start (input port clocked by clk)
Endpoint: _417_ (rising edge-triggered flip-flop clocked by clk)
Path Group: clk
Path Type: max

Fanout     Cap    Slew   Delay    Time   Description
-----------------------------------------------------------------------------
                  0.15    0.00    0.00   clock clk (rise edge)
                          0.00    0.00   clock network delay (ideal)
                          2.00    2.00 ^ input external delay
                  0.02    0.01    2.01 ^ start (in)
     1    0.00                           start (net)
                  0.02    0.00    2.01 ^ input3/A (sky130_fd_sc_hd__buf_1)
                  0.11    0.12    2.14 ^ input3/X (sky130_fd_sc_hd__buf_1)
     2    0.01                           net3 (net)
                  0.11    0.00    2.14 ^ _237_/B (sky130_fd_sc_hd__nor2_2)
                  0.08    0.10    2.23 v _237_/Y (sky130_fd_sc_hd__nor2_2)
     9    0.03                           _125_ (net)
                  0.08    0.00    2.23 v _324_/B1 (sky130_fd_sc_hd__a21o_1)
                  0.04    0.18    2.41 v _324_/X (sky130_fd_sc_hd__a21o_1)
     2    0.00                           _179_ (net)
                  0.04    0.00    2.41 v _325_/B1 (sky130_fd_sc_hd__a2bb2o_1)
                  0.05    0.27    2.69 v _325_/X (sky130_fd_sc_hd__a2bb2o_1)
     1    0.00                           _059_ (net)
                  0.05    0.00    2.69 v _417_/D (sky130_fd_sc_hd__dfrtp_1)
                                  2.69   data arrival time

                  0.15   10.00   10.00   clock clk (rise edge)
                          0.00   10.00   clock network delay (ideal)
                         -0.25    9.75   clock uncertainty
                          0.00    9.75   clock reconvergence pessimism
                                  9.75 ^ _417_/CLK (sky130_fd_sc_hd__dfrtp_1)
                         -0.09    9.66   library setup time
                                  9.66   data required time
-----------------------------------------------------------------------------
                                  9.66   data required time
                                 -2.69   data arrival time
-----------------------------------------------------------------------------
                                  6.97   slack (MET)


Startpoint: start (input port clocked by clk)
Endpoint: _418_ (rising edge-triggered flip-flop clocked by clk)
Path Group: clk
Path Type: max

Fanout     Cap    Slew   Delay    Time   Description
-----------------------------------------------------------------------------
                  0.15    0.00    0.00   clock clk (rise edge)
                          0.00    0.00   clock network delay (ideal)
                          2.00    2.00 v input external delay
                  0.01    0.00    2.00 v start (in)
     1    0.00                           start (net)
                  0.01    0.00    2.00 v input3/A (sky130_fd_sc_hd__buf_1)
                  0.05    0.10    2.11 v input3/X (sky130_fd_sc_hd__buf_1)
     2    0.01                           net3 (net)
                  0.05    0.00    2.11 v _237_/B (sky130_fd_sc_hd__nor2_2)
                  0.33    0.28    2.39 ^ _237_/Y (sky130_fd_sc_hd__nor2_2)
     9    0.03                           _125_ (net)
                  0.33    0.00    2.39 ^ _316_/B1 (sky130_fd_sc_hd__a21o_1)
                  0.05    0.14    2.53 ^ _316_/X (sky130_fd_sc_hd__a21o_1)
     2    0.00                           _173_ (net)
                  0.05    0.00    2.53 ^ _320_/A (sky130_fd_sc_hd__and2_1)
                  0.04    0.11    2.64 ^ _320_/X (sky130_fd_sc_hd__and2_1)
     1    0.00                           _176_ (net)
                  0.04    0.00    2.64 ^ _321_/A (sky130_fd_sc_hd__clkbuf_1)
                  0.04    0.08    2.72 ^ _321_/X (sky130_fd_sc_hd__clkbuf_1)
     1    0.00                           _060_ (net)
                  0.04    0.00    2.72 ^ _418_/D (sky130_fd_sc_hd__dfrtp_1)
                                  2.72   data arrival time

                  0.15   10.00   10.00   clock clk (rise edge)
                          0.00   10.00   clock network delay (ideal)
                         -0.25    9.75   clock uncertainty
                          0.00    9.75   clock reconvergence pessimism
                                  9.75 ^ _418_/CLK (sky130_fd_sc_hd__dfrtp_1)
                         -0.04    9.71   library setup time
                                  9.71   data required time
-----------------------------------------------------------------------------
                                  9.71   data required time
                                 -2.72   data arrival time
-----------------------------------------------------------------------------
                                  6.99   slack (MET)


Startpoint: start (input port clocked by clk)
Endpoint: _409_ (rising edge-triggered flip-flop clocked by clk)
Path Group: clk
Path Type: max

Fanout     Cap    Slew   Delay    Time   Description
-----------------------------------------------------------------------------
                  0.15    0.00    0.00   clock clk (rise edge)
                          0.00    0.00   clock network delay (ideal)
                          2.00    2.00 v input external delay
                  0.01    0.00    2.00 v start (in)
     1    0.00                           start (net)
                  0.01    0.00    2.00 v input3/A (sky130_fd_sc_hd__buf_1)
                  0.05    0.10    2.11 v input3/X (sky130_fd_sc_hd__buf_1)
     2    0.01                           net3 (net)
                  0.05    0.00    2.11 v _204_/B (sky130_fd_sc_hd__or2_2)
                  0.09    0.34    2.45 v _204_/X (sky130_fd_sc_hd__or2_2)
     6    0.02                           _096_ (net)
                  0.09    0.00    2.45 v _350_/B1 (sky130_fd_sc_hd__o211a_1)
                  0.04    0.15    2.60 v _350_/X (sky130_fd_sc_hd__o211a_1)
     1    0.00                           _197_ (net)
                  0.04    0.00    2.60 v _351_/B (sky130_fd_sc_hd__nor2_1)
                  0.07    0.08    2.67 ^ _351_/Y (sky130_fd_sc_hd__nor2_1)
     1    0.00                           _051_ (net)
                  0.07    0.00    2.67 ^ _409_/D (sky130_fd_sc_hd__dfrtp_2)
                                  2.67   data arrival time

                  0.15   10.00   10.00   clock clk (rise edge)
                          0.00   10.00   clock network delay (ideal)
                         -0.25    9.75   clock uncertainty
                          0.00    9.75   clock reconvergence pessimism
                                  9.75 ^ _409_/CLK (sky130_fd_sc_hd__dfrtp_2)
                         -0.05    9.70   library setup time
                                  9.70   data required time
-----------------------------------------------------------------------------
                                  9.70   data required time
                                 -2.67   data arrival time
-----------------------------------------------------------------------------
                                  7.02   slack (MET)


Startpoint: start (input port clocked by clk)
Endpoint: _455_ (rising edge-triggered flip-flop clocked by clk)
Path Group: clk
Path Type: max

Fanout     Cap    Slew   Delay    Time   Description
-----------------------------------------------------------------------------
                  0.15    0.00    0.00   clock clk (rise edge)
                          0.00    0.00   clock network delay (ideal)
                          2.00    2.00 v input external delay
                  0.01    0.00    2.00 v start (in)
     1    0.00                           start (net)
                  0.01    0.00    2.00 v input3/A (sky130_fd_sc_hd__buf_1)
                  0.05    0.10    2.11 v input3/X (sky130_fd_sc_hd__buf_1)
     2    0.01                           net3 (net)
                  0.05    0.00    2.11 v _204_/B (sky130_fd_sc_hd__or2_2)
                  0.09    0.34    2.45 v _204_/X (sky130_fd_sc_hd__or2_2)
     6    0.02                           _096_ (net)
                  0.09    0.00    2.45 v _212_/A (sky130_fd_sc_hd__nand2_1)
                  0.08    0.11    2.55 ^ _212_/Y (sky130_fd_sc_hd__nand2_1)
     2    0.01                           _104_ (net)
                  0.08    0.00    2.55 ^ _220_/A1 (sky130_fd_sc_hd__o21a_1)
                  0.04    0.13    2.68 ^ _220_/X (sky130_fd_sc_hd__o21a_1)
     1    0.00                           _095_ (net)
                  0.04    0.00    2.68 ^ _455_/D (sky130_fd_sc_hd__dfrtp_1)
                                  2.68   data arrival time

                  0.15   10.00   10.00   clock clk (rise edge)
                          0.00   10.00   clock network delay (ideal)
                         -0.25    9.75   clock uncertainty
                          0.00    9.75   clock reconvergence pessimism
                                  9.75 ^ _455_/CLK (sky130_fd_sc_hd__dfrtp_1)
                         -0.04    9.71   library setup time
                                  9.71   data required time
-----------------------------------------------------------------------------
                                  9.71   data required time
                                 -2.68   data arrival time
-----------------------------------------------------------------------------
                                  7.03   slack (MET)


Startpoint: start (input port clocked by clk)
Endpoint: _408_ (rising edge-triggered flip-flop clocked by clk)
Path Group: clk
Path Type: max

Fanout     Cap    Slew   Delay    Time   Description
-----------------------------------------------------------------------------
                  0.15    0.00    0.00   clock clk (rise edge)
                          0.00    0.00   clock network delay (ideal)
                          2.00    2.00 ^ input external delay
                  0.02    0.01    2.01 ^ start (in)
     1    0.00                           start (net)
                  0.02    0.00    2.01 ^ input3/A (sky130_fd_sc_hd__buf_1)
                  0.11    0.12    2.14 ^ input3/X (sky130_fd_sc_hd__buf_1)
     2    0.01                           net3 (net)
                  0.11    0.00    2.14 ^ _237_/B (sky130_fd_sc_hd__nor2_2)
                  0.08    0.10    2.23 v _237_/Y (sky130_fd_sc_hd__nor2_2)
     9    0.03                           _125_ (net)
                  0.08    0.00    2.23 v _352_/A1 (sky130_fd_sc_hd__mux2_1)
                  0.05    0.31    2.54 v _352_/X (sky130_fd_sc_hd__mux2_1)
     1    0.00                           _198_ (net)
                  0.05    0.00    2.54 v _353_/A (sky130_fd_sc_hd__clkbuf_1)
                  0.02    0.09    2.64 v _353_/X (sky130_fd_sc_hd__clkbuf_1)
     1    0.00                           _050_ (net)
                  0.02    0.00    2.64 v _408_/D (sky130_fd_sc_hd__dfrtp_4)
                                  2.64   data arrival time

                  0.15   10.00   10.00   clock clk (rise edge)
                          0.00   10.00   clock network delay (ideal)
                         -0.25    9.75   clock uncertainty
                          0.00    9.75   clock reconvergence pessimism
                                  9.75 ^ _408_/CLK (sky130_fd_sc_hd__dfrtp_4)
                         -0.08    9.67   library setup time
                                  9.67   data required time
-----------------------------------------------------------------------------
                                  9.67   data required time
                                 -2.64   data arrival time
-----------------------------------------------------------------------------
                                  7.03   slack (MET)


Startpoint: _424_ (rising edge-triggered flip-flop clocked by clk)
Endpoint: busy (output port clocked by clk)
Path Group: clk
Path Type: max

Fanout     Cap    Slew   Delay    Time   Description
-----------------------------------------------------------------------------
                  0.15    0.00    0.00   clock clk (rise edge)
                          0.00    0.00   clock network delay (ideal)
                  0.15    0.00    0.00 ^ _424_/CLK (sky130_fd_sc_hd__dfrtp_1)
                  0.15    0.46    0.46 ^ _424_/Q (sky130_fd_sc_hd__dfrtp_1)
     4    0.02                           net12 (net)
                  0.15    0.00    0.46 ^ output12/A (sky130_fd_sc_hd__buf_2)
                  0.17    0.24    0.70 ^ output12/X (sky130_fd_sc_hd__buf_2)
     1    0.03                           busy (net)
                  0.17    0.00    0.70 ^ busy (out)
                                  0.70   data arrival time

                  0.15   10.00   10.00   clock clk (rise edge)
                          0.00   10.00   clock network delay (ideal)
                         -0.25    9.75   clock uncertainty
                          0.00    9.75   clock reconvergence pessimism
                         -2.00    7.75   output external delay
                                  7.75   data required time
-----------------------------------------------------------------------------
                                  7.75   data required time
                                 -0.70   data arrival time
-----------------------------------------------------------------------------
                                  7.05   slack (MET)


Startpoint: start (input port clocked by clk)
Endpoint: _420_ (rising edge-triggered flip-flop clocked by clk)
Path Group: clk
Path Type: max

Fanout     Cap    Slew   Delay    Time   Description
-----------------------------------------------------------------------------
                  0.15    0.00    0.00   clock clk (rise edge)
                          0.00    0.00   clock network delay (ideal)
                          2.00    2.00 v input external delay
                  0.01    0.00    2.00 v start (in)
     1    0.00                           start (net)
                  0.01    0.00    2.00 v input3/A (sky130_fd_sc_hd__buf_1)
                  0.05    0.10    2.11 v input3/X (sky130_fd_sc_hd__buf_1)
     2    0.01                           net3 (net)
                  0.05    0.00    2.11 v _204_/B (sky130_fd_sc_hd__or2_2)
                  0.09    0.34    2.45 v _204_/X (sky130_fd_sc_hd__or2_2)
     6    0.02                           _096_ (net)
                  0.09    0.00    2.45 v _308_/A (sky130_fd_sc_hd__nand2_1)
                  0.07    0.09    2.54 ^ _308_/Y (sky130_fd_sc_hd__nand2_1)
     2    0.01                           _167_ (net)
                  0.07    0.00    2.54 ^ _312_/A2 (sky130_fd_sc_hd__a21o_1)
                  0.04    0.11    2.65 ^ _312_/X (sky130_fd_sc_hd__a21o_1)
     1    0.00                           _062_ (net)
                  0.04    0.00    2.65 ^ _420_/D (sky130_fd_sc_hd__dfrtp_1)
                                  2.65   data arrival time

                  0.15   10.00   10.00   clock clk (rise edge)
                          0.00   10.00   clock network delay (ideal)
                         -0.25    9.75   clock uncertainty
                          0.00    9.75   clock reconvergence pessimism
                                  9.75 ^ _420_/CLK (sky130_fd_sc_hd__dfrtp_1)
                         -0.04    9.71   library setup time
                                  9.71   data required time
-----------------------------------------------------------------------------
                                  9.71   data required time
                                 -2.65   data arrival time
-----------------------------------------------------------------------------
                                  7.06   slack (MET)


Startpoint: start (input port clocked by clk)
Endpoint: _414_ (rising edge-triggered flip-flop clocked by clk)
Path Group: clk
Path Type: max

Fanout     Cap    Slew   Delay    Time   Description
-----------------------------------------------------------------------------
                  0.15    0.00    0.00   clock clk (rise edge)
                          0.00    0.00   clock network delay (ideal)
                          2.00    2.00 v input external delay
                  0.01    0.00    2.00 v start (in)
     1    0.00                           start (net)
                  0.01    0.00    2.00 v input3/A (sky130_fd_sc_hd__buf_1)
                  0.05    0.10    2.11 v input3/X (sky130_fd_sc_hd__buf_1)
     2    0.01                           net3 (net)
                  0.05    0.00    2.11 v _204_/B (sky130_fd_sc_hd__or2_2)
                  0.09    0.34    2.45 v _204_/X (sky130_fd_sc_hd__or2_2)
     6    0.02                           _096_ (net)
                  0.09    0.00    2.45 v _331_/A (sky130_fd_sc_hd__nand2_1)
                  0.07    0.10    2.54 ^ _331_/Y (sky130_fd_sc_hd__nand2_1)
     2    0.01                           _184_ (net)
                  0.07    0.00    2.54 ^ _335_/A2 (sky130_fd_sc_hd__a21o_1)
                  0.04    0.11    2.65 ^ _335_/X (sky130_fd_sc_hd__a21o_1)
     1    0.00                           _056_ (net)
                  0.04    0.00    2.65 ^ _414_/D (sky130_fd_sc_hd__dfrtp_1)
                                  2.65   data arrival time

                  0.15   10.00   10.00   clock clk (rise edge)
                          0.00   10.00   clock network delay (ideal)
                         -0.25    9.75   clock uncertainty
                          0.00    9.75   clock reconvergence pessimism
                                  9.75 ^ _414_/CLK (sky130_fd_sc_hd__dfrtp_1)
                         -0.04    9.71   library setup time
                                  9.71   data required time
-----------------------------------------------------------------------------
                                  9.71   data required time
                                 -2.65   data arrival time
-----------------------------------------------------------------------------
                                  7.06   slack (MET)


Startpoint: _435_ (rising edge-triggered flip-flop clocked by clk)
Endpoint: sclk (output port clocked by clk)
Path Group: clk
Path Type: max

Fanout     Cap    Slew   Delay    Time   Description
-----------------------------------------------------------------------------
                  0.15    0.00    0.00   clock clk (rise edge)
                          0.00    0.00   clock network delay (ideal)
                  0.15    0.00    0.00 ^ _435_/CLK (sky130_fd_sc_hd__dfrtp_2)
                  0.07    0.49    0.49 v _435_/Q (sky130_fd_sc_hd__dfrtp_2)
     4    0.02                           net24 (net)
                  0.07    0.00    0.49 v output24/A (sky130_fd_sc_hd__buf_2)
                  0.09    0.20    0.69 v output24/X (sky130_fd_sc_hd__buf_2)
     1    0.03                           sclk (net)
                  0.09    0.00    0.69 v sclk (out)
                                  0.69   data arrival time

                  0.15   10.00   10.00   clock clk (rise edge)
                          0.00   10.00   clock network delay (ideal)
                         -0.25    9.75   clock uncertainty
                          0.00    9.75   clock reconvergence pessimism
                         -2.00    7.75   output external delay
                                  7.75   data required time
-----------------------------------------------------------------------------
                                  7.75   data required time
                                 -0.69   data arrival time
-----------------------------------------------------------------------------
                                  7.06   slack (MET)


Startpoint: start (input port clocked by clk)
Endpoint: _412_ (rising edge-triggered flip-flop clocked by clk)
Path Group: clk
Path Type: max

Fanout     Cap    Slew   Delay    Time   Description
-----------------------------------------------------------------------------
                  0.15    0.00    0.00   clock clk (rise edge)
                          0.00    0.00   clock network delay (ideal)
                          2.00    2.00 v input external delay
                  0.01    0.00    2.00 v start (in)
     1    0.00                           start (net)
                  0.01    0.00    2.00 v input3/A (sky130_fd_sc_hd__buf_1)
                  0.05    0.10    2.11 v input3/X (sky130_fd_sc_hd__buf_1)
     2    0.01                           net3 (net)
                  0.05    0.00    2.11 v _237_/B (sky130_fd_sc_hd__nor2_2)
                  0.33    0.28    2.39 ^ _237_/Y (sky130_fd_sc_hd__nor2_2)
     9    0.03                           _125_ (net)
                  0.33    0.00    2.39 ^ _338_/B1 (sky130_fd_sc_hd__a21o_1)
                  0.06    0.14    2.53 ^ _338_/X (sky130_fd_sc_hd__a21o_1)
     2    0.00                           _189_ (net)
                  0.06    0.00    2.53 ^ _342_/A2 (sky130_fd_sc_hd__a21o_1)
                  0.04    0.11    2.64 ^ _342_/X (sky130_fd_sc_hd__a21o_1)
     1    0.00                           _054_ (net)
                  0.04    0.00    2.64 ^ _412_/D (sky130_fd_sc_hd__dfrtp_1)
                                  2.64   data arrival time

                  0.15   10.00   10.00   clock clk (rise edge)
                          0.00   10.00   clock network delay (ideal)
                         -0.25    9.75   clock uncertainty
                          0.00    9.75   clock reconvergence pessimism
                                  9.75 ^ _412_/CLK (sky130_fd_sc_hd__dfrtp_1)
                         -0.04    9.71   library setup time
                                  9.71   data required time
-----------------------------------------------------------------------------
                                  9.71   data required time
                                 -2.64   data arrival time
-----------------------------------------------------------------------------
                                  7.07   slack (MET)


Startpoint: start (input port clocked by clk)
Endpoint: _416_ (rising edge-triggered flip-flop clocked by clk)
Path Group: clk
Path Type: max

Fanout     Cap    Slew   Delay    Time   Description
-----------------------------------------------------------------------------
                  0.15    0.00    0.00   clock clk (rise edge)
                          0.00    0.00   clock network delay (ideal)
                          2.00    2.00 v input external delay
                  0.01    0.00    2.00 v start (in)
     1    0.00                           start (net)
                  0.01    0.00    2.00 v input3/A (sky130_fd_sc_hd__buf_1)
                  0.05    0.10    2.11 v input3/X (sky130_fd_sc_hd__buf_1)
     2    0.01                           net3 (net)
                  0.05    0.00    2.11 v _237_/B (sky130_fd_sc_hd__nor2_2)
                  0.33    0.28    2.39 ^ _237_/Y (sky130_fd_sc_hd__nor2_2)
     9    0.03                           _125_ (net)
                  0.33    0.00    2.39 ^ _324_/B1 (sky130_fd_sc_hd__a21o_1)
                  0.06    0.14    2.53 ^ _324_/X (sky130_fd_sc_hd__a21o_1)
     2    0.00                           _179_ (net)
                  0.06    0.00    2.53 ^ _327_/A2 (sky130_fd_sc_hd__a21o_1)
                  0.03    0.11    2.64 ^ _327_/X (sky130_fd_sc_hd__a21o_1)
     1    0.00                           _058_ (net)
                  0.03    0.00    2.64 ^ _416_/D (sky130_fd_sc_hd__dfrtp_1)
                                  2.64   data arrival time

                  0.15   10.00   10.00   clock clk (rise edge)
                          0.00   10.00   clock network delay (ideal)
                         -0.25    9.75   clock uncertainty
                          0.00    9.75   clock reconvergence pessimism
                                  9.75 ^ _416_/CLK (sky130_fd_sc_hd__dfrtp_1)
                         -0.04    9.71   library setup time
                                  9.71   data required time
-----------------------------------------------------------------------------
                                  9.71   data required time
                                 -2.64   data arrival time
-----------------------------------------------------------------------------
                                  7.07   slack (MET)


Startpoint: _430_ (rising edge-triggered flip-flop clocked by clk)
Endpoint: rx_data[4] (output port clocked by clk)
Path Group: clk
Path Type: max

Fanout     Cap    Slew   Delay    Time   Description
-----------------------------------------------------------------------------
                  0.15    0.00    0.00   clock clk (rise edge)
                          0.00    0.00   clock network delay (ideal)
                  0.15    0.00    0.00 ^ _430_/CLK (sky130_fd_sc_hd__dfrtp_1)
                  0.06    0.44    0.44 v _430_/Q (sky130_fd_sc_hd__dfrtp_1)
     2    0.01                           net20 (net)
                  0.06    0.00    0.44 v output20/A (sky130_fd_sc_hd__buf_2)
                  0.09    0.20    0.64 v output20/X (sky130_fd_sc_hd__buf_2)
     1    0.03                           rx_data[4] (net)
                  0.09    0.00    0.64 v rx_data[4] (out)
                                  0.64   data arrival time

                  0.15   10.00   10.00   clock clk (rise edge)
                          0.00   10.00   clock network delay (ideal)
                         -0.25    9.75   clock uncertainty
                          0.00    9.75   clock reconvergence pessimism
                         -2.00    7.75   output external delay
                                  7.75   data required time
-----------------------------------------------------------------------------
                                  7.75   data required time
                                 -0.64   data arrival time
-----------------------------------------------------------------------------
                                  7.11   slack (MET)


Startpoint: _434_ (rising edge-triggered flip-flop clocked by clk)
Endpoint: mosi (output port clocked by clk)
Path Group: clk
Path Type: max

Fanout     Cap    Slew   Delay    Time   Description
-----------------------------------------------------------------------------
                  0.15    0.00    0.00   clock clk (rise edge)
                          0.00    0.00   clock network delay (ideal)
                  0.15    0.00    0.00 ^ _434_/CLK (sky130_fd_sc_hd__dfrtp_1)
                  0.06    0.44    0.44 v _434_/Q (sky130_fd_sc_hd__dfrtp_1)
     2    0.01                           net15 (net)
                  0.06    0.00    0.44 v output15/A (sky130_fd_sc_hd__clkbuf_4)
                  0.08    0.20    0.63 v output15/X (sky130_fd_sc_hd__clkbuf_4)
     1    0.03                           mosi (net)
                  0.08    0.00    0.64 v mosi (out)
                                  0.64   data arrival time

                  0.15   10.00   10.00   clock clk (rise edge)
                          0.00   10.00   clock network delay (ideal)
                         -0.25    9.75   clock uncertainty
                          0.00    9.75   clock reconvergence pessimism
                         -2.00    7.75   output external delay
                                  7.75   data required time
-----------------------------------------------------------------------------
                                  7.75   data required time
                                 -0.64   data arrival time
-----------------------------------------------------------------------------
                                  7.11   slack (MET)


Startpoint: _433_ (rising edge-triggered flip-flop clocked by clk)
Endpoint: rx_data[7] (output port clocked by clk)
Path Group: clk
Path Type: max

Fanout     Cap    Slew   Delay    Time   Description
-----------------------------------------------------------------------------
                  0.15    0.00    0.00   clock clk (rise edge)
                          0.00    0.00   clock network delay (ideal)
                  0.15    0.00    0.00 ^ _433_/CLK (sky130_fd_sc_hd__dfrtp_1)
                  0.06    0.43    0.43 v _433_/Q (sky130_fd_sc_hd__dfrtp_1)
     2    0.01                           net23 (net)
                  0.06    0.00    0.43 v output23/A (sky130_fd_sc_hd__clkbuf_4)
                  0.08    0.20    0.63 v output23/X (sky130_fd_sc_hd__clkbuf_4)
     1    0.03                           rx_data[7] (net)
                  0.08    0.00    0.63 v rx_data[7] (out)
                                  0.63   data arrival time

                  0.15   10.00   10.00   clock clk (rise edge)
                          0.00   10.00   clock network delay (ideal)
                         -0.25    9.75   clock uncertainty
                          0.00    9.75   clock reconvergence pessimism
                         -2.00    7.75   output external delay
                                  7.75   data required time
-----------------------------------------------------------------------------
                                  7.75   data required time
                                 -0.63   data arrival time
-----------------------------------------------------------------------------
                                  7.12   slack (MET)


Startpoint: _428_ (rising edge-triggered flip-flop clocked by clk)
Endpoint: rx_data[2] (output port clocked by clk)
Path Group: clk
Path Type: max

Fanout     Cap    Slew   Delay    Time   Description
-----------------------------------------------------------------------------
                  0.15    0.00    0.00   clock clk (rise edge)
                          0.00    0.00   clock network delay (ideal)
                  0.15    0.00    0.00 ^ _428_/CLK (sky130_fd_sc_hd__dfrtp_1)
                  0.06    0.43    0.43 v _428_/Q (sky130_fd_sc_hd__dfrtp_1)
     2    0.01                           net18 (net)
                  0.06    0.00    0.43 v output18/A (sky130_fd_sc_hd__buf_2)
                  0.09    0.19    0.63 v output18/X (sky130_fd_sc_hd__buf_2)
     1    0.03                           rx_data[2] (net)
                  0.09    0.00    0.63 v rx_data[2] (out)
                                  0.63   data arrival time

                  0.15   10.00   10.00   clock clk (rise edge)
                          0.00   10.00   clock network delay (ideal)
                         -0.25    9.75   clock uncertainty
                          0.00    9.75   clock reconvergence pessimism
                         -2.00    7.75   output external delay
                                  7.75   data required time
-----------------------------------------------------------------------------
                                  7.75   data required time
                                 -0.63   data arrival time
-----------------------------------------------------------------------------
                                  7.12   slack (MET)


Startpoint: _426_ (rising edge-triggered flip-flop clocked by clk)
Endpoint: rx_data[0] (output port clocked by clk)
Path Group: clk
Path Type: max

Fanout     Cap    Slew   Delay    Time   Description
-----------------------------------------------------------------------------
                  0.15    0.00    0.00   clock clk (rise edge)
                          0.00    0.00   clock network delay (ideal)
                  0.15    0.00    0.00 ^ _426_/CLK (sky130_fd_sc_hd__dfrtp_1)
                  0.05    0.43    0.43 v _426_/Q (sky130_fd_sc_hd__dfrtp_1)
     2    0.01                           net16 (net)
                  0.05    0.00    0.43 v output16/A (sky130_fd_sc_hd__clkbuf_4)
                  0.08    0.20    0.63 v output16/X (sky130_fd_sc_hd__clkbuf_4)
     1    0.03                           rx_data[0] (net)
                  0.08    0.00    0.63 v rx_data[0] (out)
                                  0.63   data arrival time

                  0.15   10.00   10.00   clock clk (rise edge)
                          0.00   10.00   clock network delay (ideal)
                         -0.25    9.75   clock uncertainty
                          0.00    9.75   clock reconvergence pessimism
                         -2.00    7.75   output external delay
                                  7.75   data required time
-----------------------------------------------------------------------------
                                  7.75   data required time
                                 -0.63   data arrival time
-----------------------------------------------------------------------------
                                  7.12   slack (MET)


Startpoint: _427_ (rising edge-triggered flip-flop clocked by clk)
Endpoint: rx_data[1] (output port clocked by clk)
Path Group: clk
Path Type: max

Fanout     Cap    Slew   Delay    Time   Description
-----------------------------------------------------------------------------
                  0.15    0.00    0.00   clock clk (rise edge)
                          0.00    0.00   clock network delay (ideal)
                  0.15    0.00    0.00 ^ _427_/CLK (sky130_fd_sc_hd__dfrtp_1)
                  0.05    0.43    0.43 v _427_/Q (sky130_fd_sc_hd__dfrtp_1)
     2    0.01                           net17 (net)
                  0.05    0.00    0.43 v output17/A (sky130_fd_sc_hd__clkbuf_4)
                  0.08    0.20    0.62 v output17/X (sky130_fd_sc_hd__clkbuf_4)
     1    0.03                           rx_data[1] (net)
                  0.08    0.00    0.63 v rx_data[1] (out)
                                  0.63   data arrival time

                  0.15   10.00   10.00   clock clk (rise edge)
                          0.00   10.00   clock network delay (ideal)
                         -0.25    9.75   clock uncertainty
                          0.00    9.75   clock reconvergence pessimism
                         -2.00    7.75   output external delay
                                  7.75   data required time
-----------------------------------------------------------------------------
                                  7.75   data required time
                                 -0.63   data arrival time
-----------------------------------------------------------------------------
                                  7.12   slack (MET)


Startpoint: _431_ (rising edge-triggered flip-flop clocked by clk)
Endpoint: rx_data[5] (output port clocked by clk)
Path Group: clk
Path Type: max

Fanout     Cap    Slew   Delay    Time   Description
-----------------------------------------------------------------------------
                  0.15    0.00    0.00   clock clk (rise edge)
                          0.00    0.00   clock network delay (ideal)
                  0.15    0.00    0.00 ^ _431_/CLK (sky130_fd_sc_hd__dfrtp_1)
                  0.05    0.43    0.43 v _431_/Q (sky130_fd_sc_hd__dfrtp_1)
     2    0.01                           net21 (net)
                  0.05    0.00    0.43 v output21/A (sky130_fd_sc_hd__clkbuf_4)
                  0.08    0.20    0.62 v output21/X (sky130_fd_sc_hd__clkbuf_4)
     1    0.03                           rx_data[5] (net)
                  0.08    0.00    0.62 v rx_data[5] (out)
                                  0.62   data arrival time

                  0.15   10.00   10.00   clock clk (rise edge)
                          0.00   10.00   clock network delay (ideal)
                         -0.25    9.75   clock uncertainty
                          0.00    9.75   clock reconvergence pessimism
                         -2.00    7.75   output external delay
                                  7.75   data required time
-----------------------------------------------------------------------------
                                  7.75   data required time
                                 -0.62   data arrival time
-----------------------------------------------------------------------------
                                  7.13   slack (MET)


Startpoint: start (input port clocked by clk)
Endpoint: _411_ (rising edge-triggered flip-flop clocked by clk)
Path Group: clk
Path Type: max

Fanout     Cap    Slew   Delay    Time   Description
-----------------------------------------------------------------------------
                  0.15    0.00    0.00   clock clk (rise edge)
                          0.00    0.00   clock network delay (ideal)
                          2.00    2.00 v input external delay
                  0.01    0.00    2.00 v start (in)
     1    0.00                           start (net)
                  0.01    0.00    2.00 v input3/A (sky130_fd_sc_hd__buf_1)
                  0.05    0.10    2.11 v input3/X (sky130_fd_sc_hd__buf_1)
     2    0.01                           net3 (net)
                  0.05    0.00    2.11 v _237_/B (sky130_fd_sc_hd__nor2_2)
                  0.33    0.28    2.39 ^ _237_/Y (sky130_fd_sc_hd__nor2_2)
     9    0.03                           _125_ (net)
                  0.33    0.00    2.39 ^ _346_/A2 (sky130_fd_sc_hd__o31a_1)
                  0.05    0.19    2.58 ^ _346_/X (sky130_fd_sc_hd__o31a_1)
     1    0.00                           _053_ (net)
                  0.05    0.00    2.58 ^ _411_/D (sky130_fd_sc_hd__dfrtp_1)
                                  2.58   data arrival time

                  0.15   10.00   10.00   clock clk (rise edge)
                          0.00   10.00   clock network delay (ideal)
                         -0.25    9.75   clock uncertainty
                          0.00    9.75   clock reconvergence pessimism
                                  9.75 ^ _411_/CLK (sky130_fd_sc_hd__dfrtp_1)
                         -0.05    9.70   library setup time
                                  9.70   data required time
-----------------------------------------------------------------------------
                                  9.70   data required time
                                 -2.58   data arrival time
-----------------------------------------------------------------------------
                                  7.13   slack (MET)


Startpoint: _429_ (rising edge-triggered flip-flop clocked by clk)
Endpoint: rx_data[3] (output port clocked by clk)
Path Group: clk
Path Type: max

Fanout     Cap    Slew   Delay    Time   Description
-----------------------------------------------------------------------------
                  0.15    0.00    0.00   clock clk (rise edge)
                          0.00    0.00   clock network delay (ideal)
                  0.15    0.00    0.00 ^ _429_/CLK (sky130_fd_sc_hd__dfrtp_1)
                  0.05    0.43    0.43 v _429_/Q (sky130_fd_sc_hd__dfrtp_1)
     2    0.01                           net19 (net)
                  0.05    0.00    0.43 v output19/A (sky130_fd_sc_hd__buf_2)
                  0.09    0.19    0.62 v output19/X (sky130_fd_sc_hd__buf_2)
     1    0.03                           rx_data[3] (net)
                  0.09    0.00    0.62 v rx_data[3] (out)
                                  0.62   data arrival time

                  0.15   10.00   10.00   clock clk (rise edge)
                          0.00   10.00   clock network delay (ideal)
                         -0.25    9.75   clock uncertainty
                          0.00    9.75   clock reconvergence pessimism
                         -2.00    7.75   output external delay
                                  7.75   data required time
-----------------------------------------------------------------------------
                                  7.75   data required time
                                 -0.62   data arrival time
-----------------------------------------------------------------------------
                                  7.13   slack (MET)


Startpoint: start (input port clocked by clk)
Endpoint: _423_ (rising edge-triggered flip-flop clocked by clk)
Path Group: clk
Path Type: max

Fanout     Cap    Slew   Delay    Time   Description
-----------------------------------------------------------------------------
                  0.15    0.00    0.00   clock clk (rise edge)
                          0.00    0.00   clock network delay (ideal)
                          2.00    2.00 v input external delay
                  0.01    0.00    2.00 v start (in)
     1    0.00                           start (net)
                  0.01    0.00    2.00 v input3/A (sky130_fd_sc_hd__buf_1)
                  0.05    0.10    2.11 v input3/X (sky130_fd_sc_hd__buf_1)
     2    0.01                           net3 (net)
                  0.05    0.00    2.11 v _237_/B (sky130_fd_sc_hd__nor2_2)
                  0.33    0.28    2.39 ^ _237_/Y (sky130_fd_sc_hd__nor2_2)
     9    0.03                           _125_ (net)
                  0.33    0.00    2.39 ^ _303_/A2 (sky130_fd_sc_hd__o31a_1)
                  0.05    0.19    2.57 ^ _303_/X (sky130_fd_sc_hd__o31a_1)
     1    0.00                           _065_ (net)
                  0.05    0.00    2.57 ^ _423_/D (sky130_fd_sc_hd__dfrtp_1)
                                  2.57   data arrival time

                  0.15   10.00   10.00   clock clk (rise edge)
                          0.00   10.00   clock network delay (ideal)
                         -0.25    9.75   clock uncertainty
                          0.00    9.75   clock reconvergence pessimism
                                  9.75 ^ _423_/CLK (sky130_fd_sc_hd__dfrtp_1)
                         -0.04    9.71   library setup time
                                  9.71   data required time
-----------------------------------------------------------------------------
                                  9.71   data required time
                                 -2.57   data arrival time
-----------------------------------------------------------------------------
                                  7.13   slack (MET)


Startpoint: start (input port clocked by clk)
Endpoint: _410_ (rising edge-triggered flip-flop clocked by clk)
Path Group: clk
Path Type: max

Fanout     Cap    Slew   Delay    Time   Description
-----------------------------------------------------------------------------
                  0.15    0.00    0.00   clock clk (rise edge)
                          0.00    0.00   clock network delay (ideal)
                          2.00    2.00 v input external delay
                  0.01    0.00    2.00 v start (in)
     1    0.00                           start (net)
                  0.01    0.00    2.00 v input3/A (sky130_fd_sc_hd__buf_1)
                  0.05    0.10    2.11 v input3/X (sky130_fd_sc_hd__buf_1)
     2    0.01                           net3 (net)
                  0.05    0.00    2.11 v _237_/B (sky130_fd_sc_hd__nor2_2)
                  0.33    0.28    2.39 ^ _237_/Y (sky130_fd_sc_hd__nor2_2)
     9    0.03                           _125_ (net)
                  0.33    0.00    2.39 ^ _348_/B1 (sky130_fd_sc_hd__a32o_1)
                  0.05    0.18    2.57 ^ _348_/X (sky130_fd_sc_hd__a32o_1)
     1    0.00                           _052_ (net)
                  0.05    0.00    2.57 ^ _410_/D (sky130_fd_sc_hd__dfrtp_1)
                                  2.57   data arrival time

                  0.15   10.00   10.00   clock clk (rise edge)
                          0.00   10.00   clock network delay (ideal)
                         -0.25    9.75   clock uncertainty
                          0.00    9.75   clock reconvergence pessimism
                                  9.75 ^ _410_/CLK (sky130_fd_sc_hd__dfrtp_1)
                         -0.05    9.70   library setup time
                                  9.70   data required time
-----------------------------------------------------------------------------
                                  9.70   data required time
                                 -2.57   data arrival time
-----------------------------------------------------------------------------
                                  7.14   slack (MET)


Startpoint: start (input port clocked by clk)
Endpoint: _422_ (rising edge-triggered flip-flop clocked by clk)
Path Group: clk
Path Type: max

Fanout     Cap    Slew   Delay    Time   Description
-----------------------------------------------------------------------------
                  0.15    0.00    0.00   clock clk (rise edge)
                          0.00    0.00   clock network delay (ideal)
                          2.00    2.00 v input external delay
                  0.01    0.00    2.00 v start (in)
     1    0.00                           start (net)
                  0.01    0.00    2.00 v input3/A (sky130_fd_sc_hd__buf_1)
                  0.05    0.10    2.11 v input3/X (sky130_fd_sc_hd__buf_1)
     2    0.01                           net3 (net)
                  0.05    0.00    2.11 v _237_/B (sky130_fd_sc_hd__nor2_2)
                  0.33    0.28    2.39 ^ _237_/Y (sky130_fd_sc_hd__nor2_2)
     9    0.03                           _125_ (net)
                  0.33    0.00    2.39 ^ _305_/A1 (sky130_fd_sc_hd__o21a_1)
                  0.04    0.18    2.57 ^ _305_/X (sky130_fd_sc_hd__o21a_1)
     1    0.00                           _064_ (net)
                  0.04    0.00    2.57 ^ _422_/D (sky130_fd_sc_hd__dfrtp_1)
                                  2.57   data arrival time

                  0.15   10.00   10.00   clock clk (rise edge)
                          0.00   10.00   clock network delay (ideal)
                         -0.25    9.75   clock uncertainty
                          0.00    9.75   clock reconvergence pessimism
                                  9.75 ^ _422_/CLK (sky130_fd_sc_hd__dfrtp_1)
                         -0.04    9.71   library setup time
                                  9.71   data required time
-----------------------------------------------------------------------------
                                  9.71   data required time
                                 -2.57   data arrival time
-----------------------------------------------------------------------------
                                  7.14   slack (MET)


Startpoint: _432_ (rising edge-triggered flip-flop clocked by clk)
Endpoint: rx_data[6] (output port clocked by clk)
Path Group: clk
Path Type: max

Fanout     Cap    Slew   Delay    Time   Description
-----------------------------------------------------------------------------
                  0.15    0.00    0.00   clock clk (rise edge)
                          0.00    0.00   clock network delay (ideal)
                  0.15    0.00    0.00 ^ _432_/CLK (sky130_fd_sc_hd__dfrtp_1)
                  0.05    0.42    0.42 v _432_/Q (sky130_fd_sc_hd__dfrtp_1)
     2    0.00                           net22 (net)
                  0.05    0.00    0.42 v output22/A (sky130_fd_sc_hd__buf_2)
                  0.09    0.19    0.61 v output22/X (sky130_fd_sc_hd__buf_2)
     1    0.03                           rx_data[6] (net)
                  0.09    0.00    0.61 v rx_data[6] (out)
                                  0.61   data arrival time

                  0.15   10.00   10.00   clock clk (rise edge)
                          0.00   10.00   clock network delay (ideal)
                         -0.25    9.75   clock uncertainty
                          0.00    9.75   clock reconvergence pessimism
                         -2.00    7.75   output external delay
                                  7.75   data required time
-----------------------------------------------------------------------------
                                  7.75   data required time
                                 -0.61   data arrival time
-----------------------------------------------------------------------------
                                  7.14   slack (MET)


Startpoint: _425_ (rising edge-triggered flip-flop clocked by clk)
Endpoint: done (output port clocked by clk)
Path Group: clk
Path Type: max

Fanout     Cap    Slew   Delay    Time   Description
-----------------------------------------------------------------------------
                  0.15    0.00    0.00   clock clk (rise edge)
                          0.00    0.00   clock network delay (ideal)
                  0.15    0.00    0.00 ^ _425_/CLK (sky130_fd_sc_hd__dfrtp_1)
                  0.04    0.41    0.41 v _425_/Q (sky130_fd_sc_hd__dfrtp_1)
     1    0.00                           net14 (net)
                  0.04    0.00    0.41 v output14/A (sky130_fd_sc_hd__clkbuf_4)
                  0.08    0.19    0.61 v output14/X (sky130_fd_sc_hd__clkbuf_4)
     1    0.03                           done (net)
                  0.08    0.00    0.61 v done (out)
                                  0.61   data arrival time

                  0.15   10.00   10.00   clock clk (rise edge)
                          0.00   10.00   clock network delay (ideal)
                         -0.25    9.75   clock uncertainty
                          0.00    9.75   clock reconvergence pessimism
                         -2.00    7.75   output external delay
                                  7.75   data required time
-----------------------------------------------------------------------------
                                  7.75   data required time
                                 -0.61   data arrival time
-----------------------------------------------------------------------------
                                  7.14   slack (MET)


Startpoint: _420_ (rising edge-triggered flip-flop clocked by clk)
Endpoint: _431_ (rising edge-triggered flip-flop clocked by clk)
Path Group: clk
Path Type: max

Fanout     Cap    Slew   Delay    Time   Description
-----------------------------------------------------------------------------
                  0.15    0.00    0.00   clock clk (rise edge)
                          0.00    0.00   clock network delay (ideal)
                  0.15    0.00    0.00 ^ _420_/CLK (sky130_fd_sc_hd__dfrtp_1)
                  0.08    0.46    0.46 v _420_/Q (sky130_fd_sc_hd__dfrtp_1)
     6    0.01                           clk_count[12] (net)
                  0.08    0.00    0.46 v _205_/B (sky130_fd_sc_hd__or4_1)
                  0.09    0.54    1.00 v _205_/X (sky130_fd_sc_hd__or4_1)
     1    0.00                           _097_ (net)
                  0.09    0.00    1.00 v _209_/A (sky130_fd_sc_hd__nor4_1)
                  0.34    0.38    1.39 ^ _209_/Y (sky130_fd_sc_hd__nor4_1)
     2    0.01                           _101_ (net)
                  0.34    0.00    1.39 ^ max_cap25/A (sky130_fd_sc_hd__buf_1)
                  0.13    0.20    1.59 ^ max_cap25/X (sky130_fd_sc_hd__buf_1)
     3    0.01                           net25 (net)
                  0.13    0.00    1.59 ^ _217_/C (sky130_fd_sc_hd__nand4_1)
                  0.11    0.14    1.73 v _217_/Y (sky130_fd_sc_hd__nand4_1)
     3    0.01                           _109_ (net)
                  0.11    0.00    1.73 v _218_/A (sky130_fd_sc_hd__buf_4)
                  0.07    0.22    1.95 v _218_/X (sky130_fd_sc_hd__buf_4)
    10    0.05                           _110_ (net)
                  0.07    0.00    1.95 v _283_/S (sky130_fd_sc_hd__mux2_1)
                  0.06    0.33    2.28 v _283_/X (sky130_fd_sc_hd__mux2_1)
     1    0.00                           _150_ (net)
                  0.06    0.00    2.28 v _284_/A (sky130_fd_sc_hd__clkbuf_1)
                  0.02    0.09    2.37 v _284_/X (sky130_fd_sc_hd__clkbuf_1)
     1    0.00                           _071_ (net)
                  0.02    0.00    2.37 v _431_/D (sky130_fd_sc_hd__dfrtp_1)
                                  2.37   data arrival time

                  0.15   10.00   10.00   clock clk (rise edge)
                          0.00   10.00   clock network delay (ideal)
                         -0.25    9.75   clock uncertainty
                          0.00    9.75   clock reconvergence pessimism
                                  9.75 ^ _431_/CLK (sky130_fd_sc_hd__dfrtp_1)
                         -0.08    9.67   library setup time
                                  9.67   data required time
-----------------------------------------------------------------------------
                                  9.67   data required time
                                 -2.37   data arrival time
-----------------------------------------------------------------------------
                                  7.30   slack (MET)


Startpoint: _420_ (rising edge-triggered flip-flop clocked by clk)
Endpoint: _432_ (rising edge-triggered flip-flop clocked by clk)
Path Group: clk
Path Type: max

Fanout     Cap    Slew   Delay    Time   Description
-----------------------------------------------------------------------------
                  0.15    0.00    0.00   clock clk (rise edge)
                          0.00    0.00   clock network delay (ideal)
                  0.15    0.00    0.00 ^ _420_/CLK (sky130_fd_sc_hd__dfrtp_1)
                  0.08    0.46    0.46 v _420_/Q (sky130_fd_sc_hd__dfrtp_1)
     6    0.01                           clk_count[12] (net)
                  0.08    0.00    0.46 v _205_/B (sky130_fd_sc_hd__or4_1)
                  0.09    0.54    1.00 v _205_/X (sky130_fd_sc_hd__or4_1)
     1    0.00                           _097_ (net)
                  0.09    0.00    1.00 v _209_/A (sky130_fd_sc_hd__nor4_1)
                  0.34    0.38    1.39 ^ _209_/Y (sky130_fd_sc_hd__nor4_1)
     2    0.01                           _101_ (net)
                  0.34    0.00    1.39 ^ max_cap25/A (sky130_fd_sc_hd__buf_1)
                  0.13    0.20    1.59 ^ max_cap25/X (sky130_fd_sc_hd__buf_1)
     3    0.01                           net25 (net)
                  0.13    0.00    1.59 ^ _217_/C (sky130_fd_sc_hd__nand4_1)
                  0.11    0.14    1.73 v _217_/Y (sky130_fd_sc_hd__nand4_1)
     3    0.01                           _109_ (net)
                  0.11    0.00    1.73 v _218_/A (sky130_fd_sc_hd__buf_4)
                  0.07    0.22    1.95 v _218_/X (sky130_fd_sc_hd__buf_4)
    10    0.05                           _110_ (net)
                  0.07    0.00    1.95 v _281_/S (sky130_fd_sc_hd__mux2_1)
                  0.05    0.33    2.28 v _281_/X (sky130_fd_sc_hd__mux2_1)
     1    0.00                           _149_ (net)
                  0.05    0.00    2.28 v _282_/A (sky130_fd_sc_hd__clkbuf_1)
                  0.02    0.09    2.37 v _282_/X (sky130_fd_sc_hd__clkbuf_1)
     1    0.00                           _072_ (net)
                  0.02    0.00    2.37 v _432_/D (sky130_fd_sc_hd__dfrtp_1)
                                  2.37   data arrival time

                  0.15   10.00   10.00   clock clk (rise edge)
                          0.00   10.00   clock network delay (ideal)
                         -0.25    9.75   clock uncertainty
                          0.00    9.75   clock reconvergence pessimism
                                  9.75 ^ _432_/CLK (sky130_fd_sc_hd__dfrtp_1)
                         -0.08    9.67   library setup time
                                  9.67   data required time
-----------------------------------------------------------------------------
                                  9.67   data required time
                                 -2.37   data arrival time
-----------------------------------------------------------------------------
                                  7.30   slack (MET)


Startpoint: _420_ (rising edge-triggered flip-flop clocked by clk)
Endpoint: _428_ (rising edge-triggered flip-flop clocked by clk)
Path Group: clk
Path Type: max

Fanout     Cap    Slew   Delay    Time   Description
-----------------------------------------------------------------------------
                  0.15    0.00    0.00   clock clk (rise edge)
                          0.00    0.00   clock network delay (ideal)
                  0.15    0.00    0.00 ^ _420_/CLK (sky130_fd_sc_hd__dfrtp_1)
                  0.08    0.46    0.46 v _420_/Q (sky130_fd_sc_hd__dfrtp_1)
     6    0.01                           clk_count[12] (net)
                  0.08    0.00    0.46 v _205_/B (sky130_fd_sc_hd__or4_1)
                  0.09    0.54    1.00 v _205_/X (sky130_fd_sc_hd__or4_1)
     1    0.00                           _097_ (net)
                  0.09    0.00    1.00 v _209_/A (sky130_fd_sc_hd__nor4_1)
                  0.34    0.38    1.39 ^ _209_/Y (sky130_fd_sc_hd__nor4_1)
     2    0.01                           _101_ (net)
                  0.34    0.00    1.39 ^ max_cap25/A (sky130_fd_sc_hd__buf_1)
                  0.13    0.20    1.59 ^ max_cap25/X (sky130_fd_sc_hd__buf_1)
     3    0.01                           net25 (net)
                  0.13    0.00    1.59 ^ _217_/C (sky130_fd_sc_hd__nand4_1)
                  0.11    0.14    1.73 v _217_/Y (sky130_fd_sc_hd__nand4_1)
     3    0.01                           _109_ (net)
                  0.11    0.00    1.73 v _218_/A (sky130_fd_sc_hd__buf_4)
                  0.07    0.22    1.95 v _218_/X (sky130_fd_sc_hd__buf_4)
    10    0.05                           _110_ (net)
                  0.07    0.00    1.95 v _289_/S (sky130_fd_sc_hd__mux2_1)
                  0.05    0.32    2.27 v _289_/X (sky130_fd_sc_hd__mux2_1)
     1    0.00                           _153_ (net)
                  0.05    0.00    2.27 v _290_/A (sky130_fd_sc_hd__clkbuf_1)
                  0.02    0.09    2.37 v _290_/X (sky130_fd_sc_hd__clkbuf_1)
     1    0.00                           _068_ (net)
                  0.02    0.00    2.37 v _428_/D (sky130_fd_sc_hd__dfrtp_1)
                                  2.37   data arrival time

                  0.15   10.00   10.00   clock clk (rise edge)
                          0.00   10.00   clock network delay (ideal)
                         -0.25    9.75   clock uncertainty
                          0.00    9.75   clock reconvergence pessimism
                                  9.75 ^ _428_/CLK (sky130_fd_sc_hd__dfrtp_1)
                         -0.08    9.67   library setup time
                                  9.67   data required time
-----------------------------------------------------------------------------
                                  9.67   data required time
                                 -2.37   data arrival time
-----------------------------------------------------------------------------
                                  7.30   slack (MET)


Startpoint: _420_ (rising edge-triggered flip-flop clocked by clk)
Endpoint: _427_ (rising edge-triggered flip-flop clocked by clk)
Path Group: clk
Path Type: max

Fanout     Cap    Slew   Delay    Time   Description
-----------------------------------------------------------------------------
                  0.15    0.00    0.00   clock clk (rise edge)
                          0.00    0.00   clock network delay (ideal)
                  0.15    0.00    0.00 ^ _420_/CLK (sky130_fd_sc_hd__dfrtp_1)
                  0.08    0.46    0.46 v _420_/Q (sky130_fd_sc_hd__dfrtp_1)
     6    0.01                           clk_count[12] (net)
                  0.08    0.00    0.46 v _205_/B (sky130_fd_sc_hd__or4_1)
                  0.09    0.54    1.00 v _205_/X (sky130_fd_sc_hd__or4_1)
     1    0.00                           _097_ (net)
                  0.09    0.00    1.00 v _209_/A (sky130_fd_sc_hd__nor4_1)
                  0.34    0.38    1.39 ^ _209_/Y (sky130_fd_sc_hd__nor4_1)
     2    0.01                           _101_ (net)
                  0.34    0.00    1.39 ^ max_cap25/A (sky130_fd_sc_hd__buf_1)
                  0.13    0.20    1.59 ^ max_cap25/X (sky130_fd_sc_hd__buf_1)
     3    0.01                           net25 (net)
                  0.13    0.00    1.59 ^ _217_/C (sky130_fd_sc_hd__nand4_1)
                  0.11    0.14    1.73 v _217_/Y (sky130_fd_sc_hd__nand4_1)
     3    0.01                           _109_ (net)
                  0.11    0.00    1.73 v _218_/A (sky130_fd_sc_hd__buf_4)
                  0.07    0.22    1.95 v _218_/X (sky130_fd_sc_hd__buf_4)
    10    0.05                           _110_ (net)
                  0.07    0.00    1.95 v _291_/S (sky130_fd_sc_hd__mux2_1)
                  0.05    0.32    2.27 v _291_/X (sky130_fd_sc_hd__mux2_1)
     1    0.00                           _154_ (net)
                  0.05    0.00    2.27 v _292_/A (sky130_fd_sc_hd__clkbuf_1)
                  0.03    0.09    2.37 v _292_/X (sky130_fd_sc_hd__clkbuf_1)
     1    0.00                           _067_ (net)
                  0.03    0.00    2.37 v _427_/D (sky130_fd_sc_hd__dfrtp_1)
                                  2.37   data arrival time

                  0.15   10.00   10.00   clock clk (rise edge)
                          0.00   10.00   clock network delay (ideal)
                         -0.25    9.75   clock uncertainty
                          0.00    9.75   clock reconvergence pessimism
                                  9.75 ^ _427_/CLK (sky130_fd_sc_hd__dfrtp_1)
                         -0.08    9.67   library setup time
                                  9.67   data required time
-----------------------------------------------------------------------------
                                  9.67   data required time
                                 -2.37   data arrival time
-----------------------------------------------------------------------------
                                  7.30   slack (MET)


Startpoint: _420_ (rising edge-triggered flip-flop clocked by clk)
Endpoint: _430_ (rising edge-triggered flip-flop clocked by clk)
Path Group: clk
Path Type: max

Fanout     Cap    Slew   Delay    Time   Description
-----------------------------------------------------------------------------
                  0.15    0.00    0.00   clock clk (rise edge)
                          0.00    0.00   clock network delay (ideal)
                  0.15    0.00    0.00 ^ _420_/CLK (sky130_fd_sc_hd__dfrtp_1)
                  0.08    0.46    0.46 v _420_/Q (sky130_fd_sc_hd__dfrtp_1)
     6    0.01                           clk_count[12] (net)
                  0.08    0.00    0.46 v _205_/B (sky130_fd_sc_hd__or4_1)
                  0.09    0.54    1.00 v _205_/X (sky130_fd_sc_hd__or4_1)
     1    0.00                           _097_ (net)
                  0.09    0.00    1.00 v _209_/A (sky130_fd_sc_hd__nor4_1)
                  0.34    0.38    1.39 ^ _209_/Y (sky130_fd_sc_hd__nor4_1)
     2    0.01                           _101_ (net)
                  0.34    0.00    1.39 ^ max_cap25/A (sky130_fd_sc_hd__buf_1)
                  0.13    0.20    1.59 ^ max_cap25/X (sky130_fd_sc_hd__buf_1)
     3    0.01                           net25 (net)
                  0.13    0.00    1.59 ^ _217_/C (sky130_fd_sc_hd__nand4_1)
                  0.11    0.14    1.73 v _217_/Y (sky130_fd_sc_hd__nand4_1)
     3    0.01                           _109_ (net)
                  0.11    0.00    1.73 v _218_/A (sky130_fd_sc_hd__buf_4)
                  0.07    0.22    1.95 v _218_/X (sky130_fd_sc_hd__buf_4)
    10    0.05                           _110_ (net)
                  0.07    0.00    1.95 v _285_/S (sky130_fd_sc_hd__mux2_1)
                  0.05    0.32    2.27 v _285_/X (sky130_fd_sc_hd__mux2_1)
     1    0.00                           _151_ (net)
                  0.05    0.00    2.27 v _286_/A (sky130_fd_sc_hd__clkbuf_1)
                  0.02    0.09    2.37 v _286_/X (sky130_fd_sc_hd__clkbuf_1)
     1    0.00                           _070_ (net)
                  0.02    0.00    2.37 v _430_/D (sky130_fd_sc_hd__dfrtp_1)
                                  2.37   data arrival time

                  0.15   10.00   10.00   clock clk (rise edge)
                          0.00   10.00   clock network delay (ideal)
                         -0.25    9.75   clock uncertainty
                          0.00    9.75   clock reconvergence pessimism
                                  9.75 ^ _430_/CLK (sky130_fd_sc_hd__dfrtp_1)
                         -0.08    9.67   library setup time
                                  9.67   data required time
-----------------------------------------------------------------------------
                                  9.67   data required time
                                 -2.37   data arrival time
-----------------------------------------------------------------------------
                                  7.30   slack (MET)


Startpoint: _420_ (rising edge-triggered flip-flop clocked by clk)
Endpoint: _426_ (rising edge-triggered flip-flop clocked by clk)
Path Group: clk
Path Type: max

Fanout     Cap    Slew   Delay    Time   Description
-----------------------------------------------------------------------------
                  0.15    0.00    0.00   clock clk (rise edge)
                          0.00    0.00   clock network delay (ideal)
                  0.15    0.00    0.00 ^ _420_/CLK (sky130_fd_sc_hd__dfrtp_1)
                  0.08    0.46    0.46 v _420_/Q (sky130_fd_sc_hd__dfrtp_1)
     6    0.01                           clk_count[12] (net)
                  0.08    0.00    0.46 v _205_/B (sky130_fd_sc_hd__or4_1)
                  0.09    0.54    1.00 v _205_/X (sky130_fd_sc_hd__or4_1)
     1    0.00                           _097_ (net)
                  0.09    0.00    1.00 v _209_/A (sky130_fd_sc_hd__nor4_1)
                  0.34    0.38    1.39 ^ _209_/Y (sky130_fd_sc_hd__nor4_1)
     2    0.01                           _101_ (net)
                  0.34    0.00    1.39 ^ max_cap25/A (sky130_fd_sc_hd__buf_1)
                  0.13    0.20    1.59 ^ max_cap25/X (sky130_fd_sc_hd__buf_1)
     3    0.01                           net25 (net)
                  0.13    0.00    1.59 ^ _217_/C (sky130_fd_sc_hd__nand4_1)
                  0.11    0.14    1.73 v _217_/Y (sky130_fd_sc_hd__nand4_1)
     3    0.01                           _109_ (net)
                  0.11    0.00    1.73 v _218_/A (sky130_fd_sc_hd__buf_4)
                  0.07    0.22    1.95 v _218_/X (sky130_fd_sc_hd__buf_4)
    10    0.05                           _110_ (net)
                  0.07    0.00    1.95 v _293_/S (sky130_fd_sc_hd__mux2_1)
                  0.05    0.32    2.27 v _293_/X (sky130_fd_sc_hd__mux2_1)
     1    0.00                           _155_ (net)
                  0.05    0.00    2.27 v _294_/A (sky130_fd_sc_hd__clkbuf_1)
                  0.02    0.09    2.37 v _294_/X (sky130_fd_sc_hd__clkbuf_1)
     1    0.00                           _066_ (net)
                  0.02    0.00    2.37 v _426_/D (sky130_fd_sc_hd__dfrtp_1)
                                  2.37   data arrival time

                  0.15   10.00   10.00   clock clk (rise edge)
                          0.00   10.00   clock network delay (ideal)
                         -0.25    9.75   clock uncertainty
                          0.00    9.75   clock reconvergence pessimism
                                  9.75 ^ _426_/CLK (sky130_fd_sc_hd__dfrtp_1)
                         -0.08    9.67   library setup time
                                  9.67   data required time
-----------------------------------------------------------------------------
                                  9.67   data required time
                                 -2.37   data arrival time
-----------------------------------------------------------------------------
                                  7.30   slack (MET)


Startpoint: _420_ (rising edge-triggered flip-flop clocked by clk)
Endpoint: _429_ (rising edge-triggered flip-flop clocked by clk)
Path Group: clk
Path Type: max

Fanout     Cap    Slew   Delay    Time   Description
-----------------------------------------------------------------------------
                  0.15    0.00    0.00   clock clk (rise edge)
                          0.00    0.00   clock network delay (ideal)
                  0.15    0.00    0.00 ^ _420_/CLK (sky130_fd_sc_hd__dfrtp_1)
                  0.08    0.46    0.46 v _420_/Q (sky130_fd_sc_hd__dfrtp_1)
     6    0.01                           clk_count[12] (net)
                  0.08    0.00    0.46 v _205_/B (sky130_fd_sc_hd__or4_1)
                  0.09    0.54    1.00 v _205_/X (sky130_fd_sc_hd__or4_1)
     1    0.00                           _097_ (net)
                  0.09    0.00    1.00 v _209_/A (sky130_fd_sc_hd__nor4_1)
                  0.34    0.38    1.39 ^ _209_/Y (sky130_fd_sc_hd__nor4_1)
     2    0.01                           _101_ (net)
                  0.34    0.00    1.39 ^ max_cap25/A (sky130_fd_sc_hd__buf_1)
                  0.13    0.20    1.59 ^ max_cap25/X (sky130_fd_sc_hd__buf_1)
     3    0.01                           net25 (net)
                  0.13    0.00    1.59 ^ _217_/C (sky130_fd_sc_hd__nand4_1)
                  0.11    0.14    1.73 v _217_/Y (sky130_fd_sc_hd__nand4_1)
     3    0.01                           _109_ (net)
                  0.11    0.00    1.73 v _218_/A (sky130_fd_sc_hd__buf_4)
                  0.07    0.22    1.95 v _218_/X (sky130_fd_sc_hd__buf_4)
    10    0.05                           _110_ (net)
                  0.07    0.00    1.95 v _287_/S (sky130_fd_sc_hd__mux2_1)
                  0.05    0.32    2.27 v _287_/X (sky130_fd_sc_hd__mux2_1)
     1    0.00                           _152_ (net)
                  0.05    0.00    2.27 v _288_/A (sky130_fd_sc_hd__clkbuf_1)
                  0.02    0.09    2.37 v _288_/X (sky130_fd_sc_hd__clkbuf_1)
     1    0.00                           _069_ (net)
                  0.02    0.00    2.37 v _429_/D (sky130_fd_sc_hd__dfrtp_1)
                                  2.37   data arrival time

                  0.15   10.00   10.00   clock clk (rise edge)
                          0.00   10.00   clock network delay (ideal)
                         -0.25    9.75   clock uncertainty
                          0.00    9.75   clock reconvergence pessimism
                                  9.75 ^ _429_/CLK (sky130_fd_sc_hd__dfrtp_1)
                         -0.08    9.67   library setup time
                                  9.67   data required time
-----------------------------------------------------------------------------
                                  9.67   data required time
                                 -2.37   data arrival time
-----------------------------------------------------------------------------
                                  7.30   slack (MET)


Startpoint: _420_ (rising edge-triggered flip-flop clocked by clk)
Endpoint: _433_ (rising edge-triggered flip-flop clocked by clk)
Path Group: clk
Path Type: max

Fanout     Cap    Slew   Delay    Time   Description
-----------------------------------------------------------------------------
                  0.15    0.00    0.00   clock clk (rise edge)
                          0.00    0.00   clock network delay (ideal)
                  0.15    0.00    0.00 ^ _420_/CLK (sky130_fd_sc_hd__dfrtp_1)
                  0.08    0.46    0.46 v _420_/Q (sky130_fd_sc_hd__dfrtp_1)
     6    0.01                           clk_count[12] (net)
                  0.08    0.00    0.46 v _205_/B (sky130_fd_sc_hd__or4_1)
                  0.09    0.54    1.00 v _205_/X (sky130_fd_sc_hd__or4_1)
     1    0.00                           _097_ (net)
                  0.09    0.00    1.00 v _209_/A (sky130_fd_sc_hd__nor4_1)
                  0.34    0.38    1.39 ^ _209_/Y (sky130_fd_sc_hd__nor4_1)
     2    0.01                           _101_ (net)
                  0.34    0.00    1.39 ^ max_cap25/A (sky130_fd_sc_hd__buf_1)
                  0.13    0.20    1.59 ^ max_cap25/X (sky130_fd_sc_hd__buf_1)
     3    0.01                           net25 (net)
                  0.13    0.00    1.59 ^ _217_/C (sky130_fd_sc_hd__nand4_1)
                  0.11    0.14    1.73 v _217_/Y (sky130_fd_sc_hd__nand4_1)
     3    0.01                           _109_ (net)
                  0.11    0.00    1.73 v _218_/A (sky130_fd_sc_hd__buf_4)
                  0.07    0.22    1.95 v _218_/X (sky130_fd_sc_hd__buf_4)
    10    0.05                           _110_ (net)
                  0.07    0.00    1.95 v _279_/S (sky130_fd_sc_hd__mux2_1)
                  0.05    0.32    2.27 v _279_/X (sky130_fd_sc_hd__mux2_1)
     1    0.00                           _148_ (net)
                  0.05    0.00    2.27 v _280_/A (sky130_fd_sc_hd__clkbuf_1)
                  0.02    0.09    2.36 v _280_/X (sky130_fd_sc_hd__clkbuf_1)
     1    0.00                           _073_ (net)
                  0.02    0.00    2.36 v _433_/D (sky130_fd_sc_hd__dfrtp_1)
                                  2.36   data arrival time

                  0.15   10.00   10.00   clock clk (rise edge)
                          0.00   10.00   clock network delay (ideal)
                         -0.25    9.75   clock uncertainty
                          0.00    9.75   clock reconvergence pessimism
                                  9.75 ^ _433_/CLK (sky130_fd_sc_hd__dfrtp_1)
                         -0.08    9.67   library setup time
                                  9.67   data required time
-----------------------------------------------------------------------------
                                  9.67   data required time
                                 -2.36   data arrival time
-----------------------------------------------------------------------------
                                  7.31   slack (MET)


Startpoint: rst (input port clocked by clk)
Endpoint: _408_ (recovery check against rising-edge clock clk)
Path Group: asynchronous
Path Type: max

Fanout     Cap    Slew   Delay    Time   Description
-----------------------------------------------------------------------------
                  0.15    0.00    0.00   clock clk (rise edge)
                          0.00    0.00   clock network delay (ideal)
                          2.00    2.00 v input external delay
                  0.01    0.00    2.00 v rst (in)
     1    0.00                           rst (net)
                  0.01    0.00    2.00 v input2/A (sky130_fd_sc_hd__buf_1)
                  0.05    0.10    2.10 v input2/X (sky130_fd_sc_hd__buf_1)
     3    0.01                           net2 (net)
                  0.05    0.00    2.10 v _355_/A (sky130_fd_sc_hd__buf_4)
                  0.07    0.19    2.30 v _355_/X (sky130_fd_sc_hd__buf_4)
    10    0.04                           _199_ (net)
                  0.07    0.00    2.30 v _356_/A (sky130_fd_sc_hd__buf_4)
                  0.08    0.21    2.51 v _356_/X (sky130_fd_sc_hd__buf_4)
    10    0.05                           _200_ (net)
                  0.08    0.00    2.51 v _357_/A (sky130_fd_sc_hd__inv_2)
                  0.03    0.06    2.57 ^ _357_/Y (sky130_fd_sc_hd__inv_2)
     1    0.00                           _002_ (net)
                  0.03    0.00    2.57 ^ _408_/RESET_B (sky130_fd_sc_hd__dfrtp_4)
                                  2.57   data arrival time

                  0.15   10.00   10.00   clock clk (rise edge)
                          0.00   10.00   clock network delay (ideal)
                         -0.25    9.75   clock uncertainty
                          0.00    9.75   clock reconvergence pessimism
                                  9.75 ^ _408_/CLK (sky130_fd_sc_hd__dfrtp_4)
                          0.25   10.00   library recovery time
                                 10.00   data required time
-----------------------------------------------------------------------------
                                 10.00   data required time
                                 -2.57   data arrival time
-----------------------------------------------------------------------------
                                  7.44   slack (MET)


Startpoint: rst (input port clocked by clk)
Endpoint: _409_ (recovery check against rising-edge clock clk)
Path Group: asynchronous
Path Type: max

Fanout     Cap    Slew   Delay    Time   Description
-----------------------------------------------------------------------------
                  0.15    0.00    0.00   clock clk (rise edge)
                          0.00    0.00   clock network delay (ideal)
                          2.00    2.00 v input external delay
                  0.01    0.00    2.00 v rst (in)
     1    0.00                           rst (net)
                  0.01    0.00    2.00 v input2/A (sky130_fd_sc_hd__buf_1)
                  0.05    0.10    2.10 v input2/X (sky130_fd_sc_hd__buf_1)
     3    0.01                           net2 (net)
                  0.05    0.00    2.10 v _355_/A (sky130_fd_sc_hd__buf_4)
                  0.07    0.19    2.30 v _355_/X (sky130_fd_sc_hd__buf_4)
    10    0.04                           _199_ (net)
                  0.07    0.00    2.30 v _356_/A (sky130_fd_sc_hd__buf_4)
                  0.08    0.21    2.51 v _356_/X (sky130_fd_sc_hd__buf_4)
    10    0.05                           _200_ (net)
                  0.08    0.00    2.51 v _358_/A (sky130_fd_sc_hd__inv_2)
                  0.03    0.06    2.57 ^ _358_/Y (sky130_fd_sc_hd__inv_2)
     1    0.00                           _003_ (net)
                  0.03    0.00    2.57 ^ _409_/RESET_B (sky130_fd_sc_hd__dfrtp_2)
                                  2.57   data arrival time

                  0.15   10.00   10.00   clock clk (rise edge)
                          0.00   10.00   clock network delay (ideal)
                         -0.25    9.75   clock uncertainty
                          0.00    9.75   clock reconvergence pessimism
                                  9.75 ^ _409_/CLK (sky130_fd_sc_hd__dfrtp_2)
                          0.25   10.00   library recovery time
                                 10.00   data required time
-----------------------------------------------------------------------------
                                 10.00   data required time
                                 -2.57   data arrival time
-----------------------------------------------------------------------------
                                  7.44   slack (MET)


Startpoint: rst (input port clocked by clk)
Endpoint: _419_ (recovery check against rising-edge clock clk)
Path Group: asynchronous
Path Type: max

Fanout     Cap    Slew   Delay    Time   Description
-----------------------------------------------------------------------------
                  0.15    0.00    0.00   clock clk (rise edge)
                          0.00    0.00   clock network delay (ideal)
                          2.00    2.00 v input external delay
                  0.01    0.00    2.00 v rst (in)
     1    0.00                           rst (net)
                  0.01    0.00    2.00 v input2/A (sky130_fd_sc_hd__buf_1)
                  0.05    0.10    2.10 v input2/X (sky130_fd_sc_hd__buf_1)
     3    0.01                           net2 (net)
                  0.05    0.00    2.10 v _355_/A (sky130_fd_sc_hd__buf_4)
                  0.07    0.19    2.30 v _355_/X (sky130_fd_sc_hd__buf_4)
    10    0.04                           _199_ (net)
                  0.07    0.00    2.30 v _367_/A (sky130_fd_sc_hd__buf_4)
                  0.08    0.21    2.51 v _367_/X (sky130_fd_sc_hd__buf_4)
    10    0.06                           _201_ (net)
                  0.08    0.00    2.51 v _369_/A (sky130_fd_sc_hd__inv_2)
                  0.03    0.06    2.57 ^ _369_/Y (sky130_fd_sc_hd__inv_2)
     1    0.00                           _013_ (net)
                  0.03    0.00    2.57 ^ _419_/RESET_B (sky130_fd_sc_hd__dfrtp_1)
                                  2.57   data arrival time

                  0.15   10.00   10.00   clock clk (rise edge)
                          0.00   10.00   clock network delay (ideal)
                         -0.25    9.75   clock uncertainty
                          0.00    9.75   clock reconvergence pessimism
                                  9.75 ^ _419_/CLK (sky130_fd_sc_hd__dfrtp_1)
                          0.27   10.02   library recovery time
                                 10.02   data required time
-----------------------------------------------------------------------------
                                 10.02   data required time
                                 -2.57   data arrival time
-----------------------------------------------------------------------------
                                  7.44   slack (MET)


Startpoint: rst (input port clocked by clk)
Endpoint: _426_ (recovery check against rising-edge clock clk)
Path Group: asynchronous
Path Type: max

Fanout     Cap    Slew   Delay    Time   Description
-----------------------------------------------------------------------------
                  0.15    0.00    0.00   clock clk (rise edge)
                          0.00    0.00   clock network delay (ideal)
                          2.00    2.00 v input external delay
                  0.01    0.00    2.00 v rst (in)
     1    0.00                           rst (net)
                  0.01    0.00    2.00 v input2/A (sky130_fd_sc_hd__buf_1)
                  0.05    0.10    2.10 v input2/X (sky130_fd_sc_hd__buf_1)
     3    0.01                           net2 (net)
                  0.05    0.00    2.10 v _355_/A (sky130_fd_sc_hd__buf_4)
                  0.07    0.19    2.30 v _355_/X (sky130_fd_sc_hd__buf_4)
    10    0.04                           _199_ (net)
                  0.07    0.00    2.30 v _367_/A (sky130_fd_sc_hd__buf_4)
                  0.08    0.21    2.51 v _367_/X (sky130_fd_sc_hd__buf_4)
    10    0.06                           _201_ (net)
                  0.08    0.00    2.51 v _376_/A (sky130_fd_sc_hd__inv_2)
                  0.03    0.06    2.57 ^ _376_/Y (sky130_fd_sc_hd__inv_2)
     1    0.00                           _020_ (net)
                  0.03    0.00    2.57 ^ _426_/RESET_B (sky130_fd_sc_hd__dfrtp_1)
                                  2.57   data arrival time

                  0.15   10.00   10.00   clock clk (rise edge)
                          0.00   10.00   clock network delay (ideal)
                         -0.25    9.75   clock uncertainty
                          0.00    9.75   clock reconvergence pessimism
                                  9.75 ^ _426_/CLK (sky130_fd_sc_hd__dfrtp_1)
                          0.27   10.02   library recovery time
                                 10.02   data required time
-----------------------------------------------------------------------------
                                 10.02   data required time
                                 -2.57   data arrival time
-----------------------------------------------------------------------------
                                  7.44   slack (MET)


Startpoint: rst (input port clocked by clk)
Endpoint: _418_ (recovery check against rising-edge clock clk)
Path Group: asynchronous
Path Type: max

Fanout     Cap    Slew   Delay    Time   Description
-----------------------------------------------------------------------------
                  0.15    0.00    0.00   clock clk (rise edge)
                          0.00    0.00   clock network delay (ideal)
                          2.00    2.00 v input external delay
                  0.01    0.00    2.00 v rst (in)
     1    0.00                           rst (net)
                  0.01    0.00    2.00 v input2/A (sky130_fd_sc_hd__buf_1)
                  0.05    0.10    2.10 v input2/X (sky130_fd_sc_hd__buf_1)
     3    0.01                           net2 (net)
                  0.05    0.00    2.10 v _355_/A (sky130_fd_sc_hd__buf_4)
                  0.07    0.19    2.30 v _355_/X (sky130_fd_sc_hd__buf_4)
    10    0.04                           _199_ (net)
                  0.07    0.00    2.30 v _367_/A (sky130_fd_sc_hd__buf_4)
                  0.08    0.21    2.51 v _367_/X (sky130_fd_sc_hd__buf_4)
    10    0.06                           _201_ (net)
                  0.08    0.00    2.51 v _368_/A (sky130_fd_sc_hd__inv_2)
                  0.03    0.06    2.57 ^ _368_/Y (sky130_fd_sc_hd__inv_2)
     1    0.00                           _012_ (net)
                  0.03    0.00    2.57 ^ _418_/RESET_B (sky130_fd_sc_hd__dfrtp_1)
                                  2.57   data arrival time

                  0.15   10.00   10.00   clock clk (rise edge)
                          0.00   10.00   clock network delay (ideal)
                         -0.25    9.75   clock uncertainty
                          0.00    9.75   clock reconvergence pessimism
                                  9.75 ^ _418_/CLK (sky130_fd_sc_hd__dfrtp_1)
                          0.27   10.02   library recovery time
                                 10.02   data required time
-----------------------------------------------------------------------------
                                 10.02   data required time
                                 -2.57   data arrival time
-----------------------------------------------------------------------------
                                  7.44   slack (MET)


Startpoint: rst (input port clocked by clk)
Endpoint: _421_ (recovery check against rising-edge clock clk)
Path Group: asynchronous
Path Type: max

Fanout     Cap    Slew   Delay    Time   Description
-----------------------------------------------------------------------------
                  0.15    0.00    0.00   clock clk (rise edge)
                          0.00    0.00   clock network delay (ideal)
                          2.00    2.00 v input external delay
                  0.01    0.00    2.00 v rst (in)
     1    0.00                           rst (net)
                  0.01    0.00    2.00 v input2/A (sky130_fd_sc_hd__buf_1)
                  0.05    0.10    2.10 v input2/X (sky130_fd_sc_hd__buf_1)
     3    0.01                           net2 (net)
                  0.05    0.00    2.10 v _355_/A (sky130_fd_sc_hd__buf_4)
                  0.07    0.19    2.30 v _355_/X (sky130_fd_sc_hd__buf_4)
    10    0.04                           _199_ (net)
                  0.07    0.00    2.30 v _367_/A (sky130_fd_sc_hd__buf_4)
                  0.08    0.21    2.51 v _367_/X (sky130_fd_sc_hd__buf_4)
    10    0.06                           _201_ (net)
                  0.08    0.00    2.51 v _371_/A (sky130_fd_sc_hd__inv_2)
                  0.03    0.06    2.57 ^ _371_/Y (sky130_fd_sc_hd__inv_2)
     1    0.00                           _015_ (net)
                  0.03    0.00    2.57 ^ _421_/RESET_B (sky130_fd_sc_hd__dfrtp_1)
                                  2.57   data arrival time

                  0.15   10.00   10.00   clock clk (rise edge)
                          0.00   10.00   clock network delay (ideal)
                         -0.25    9.75   clock uncertainty
                          0.00    9.75   clock reconvergence pessimism
                                  9.75 ^ _421_/CLK (sky130_fd_sc_hd__dfrtp_1)
                          0.27   10.02   library recovery time
                                 10.02   data required time
-----------------------------------------------------------------------------
                                 10.02   data required time
                                 -2.57   data arrival time
-----------------------------------------------------------------------------
                                  7.44   slack (MET)


Startpoint: rst (input port clocked by clk)
Endpoint: _420_ (recovery check against rising-edge clock clk)
Path Group: asynchronous
Path Type: max

Fanout     Cap    Slew   Delay    Time   Description
-----------------------------------------------------------------------------
                  0.15    0.00    0.00   clock clk (rise edge)
                          0.00    0.00   clock network delay (ideal)
                          2.00    2.00 v input external delay
                  0.01    0.00    2.00 v rst (in)
     1    0.00                           rst (net)
                  0.01    0.00    2.00 v input2/A (sky130_fd_sc_hd__buf_1)
                  0.05    0.10    2.10 v input2/X (sky130_fd_sc_hd__buf_1)
     3    0.01                           net2 (net)
                  0.05    0.00    2.10 v _355_/A (sky130_fd_sc_hd__buf_4)
                  0.07    0.19    2.30 v _355_/X (sky130_fd_sc_hd__buf_4)
    10    0.04                           _199_ (net)
                  0.07    0.00    2.30 v _367_/A (sky130_fd_sc_hd__buf_4)
                  0.08    0.21    2.51 v _367_/X (sky130_fd_sc_hd__buf_4)
    10    0.06                           _201_ (net)
                  0.08    0.00    2.51 v _370_/A (sky130_fd_sc_hd__inv_2)
                  0.03    0.06    2.57 ^ _370_/Y (sky130_fd_sc_hd__inv_2)
     1    0.00                           _014_ (net)
                  0.03    0.00    2.57 ^ _420_/RESET_B (sky130_fd_sc_hd__dfrtp_1)
                                  2.57   data arrival time

                  0.15   10.00   10.00   clock clk (rise edge)
                          0.00   10.00   clock network delay (ideal)
                         -0.25    9.75   clock uncertainty
                          0.00    9.75   clock reconvergence pessimism
                                  9.75 ^ _420_/CLK (sky130_fd_sc_hd__dfrtp_1)
                          0.27   10.02   library recovery time
                                 10.02   data required time
-----------------------------------------------------------------------------
                                 10.02   data required time
                                 -2.57   data arrival time
-----------------------------------------------------------------------------
                                  7.44   slack (MET)


Startpoint: rst (input port clocked by clk)
Endpoint: _427_ (recovery check against rising-edge clock clk)
Path Group: asynchronous
Path Type: max

Fanout     Cap    Slew   Delay    Time   Description
-----------------------------------------------------------------------------
                  0.15    0.00    0.00   clock clk (rise edge)
                          0.00    0.00   clock network delay (ideal)
                          2.00    2.00 v input external delay
                  0.01    0.00    2.00 v rst (in)
     1    0.00                           rst (net)
                  0.01    0.00    2.00 v input2/A (sky130_fd_sc_hd__buf_1)
                  0.05    0.10    2.10 v input2/X (sky130_fd_sc_hd__buf_1)
     3    0.01                           net2 (net)
                  0.05    0.00    2.10 v _355_/A (sky130_fd_sc_hd__buf_4)
                  0.07    0.19    2.30 v _355_/X (sky130_fd_sc_hd__buf_4)
    10    0.04                           _199_ (net)
                  0.07    0.00    2.30 v _367_/A (sky130_fd_sc_hd__buf_4)
                  0.08    0.21    2.51 v _367_/X (sky130_fd_sc_hd__buf_4)
    10    0.06                           _201_ (net)
                  0.08    0.00    2.51 v _377_/A (sky130_fd_sc_hd__inv_2)
                  0.03    0.06    2.57 ^ _377_/Y (sky130_fd_sc_hd__inv_2)
     1    0.00                           _021_ (net)
                  0.03    0.00    2.57 ^ _427_/RESET_B (sky130_fd_sc_hd__dfrtp_1)
                                  2.57   data arrival time

                  0.15   10.00   10.00   clock clk (rise edge)
                          0.00   10.00   clock network delay (ideal)
                         -0.25    9.75   clock uncertainty
                          0.00    9.75   clock reconvergence pessimism
                                  9.75 ^ _427_/CLK (sky130_fd_sc_hd__dfrtp_1)
                          0.27   10.02   library recovery time
                                 10.02   data required time
-----------------------------------------------------------------------------
                                 10.02   data required time
                                 -2.57   data arrival time
-----------------------------------------------------------------------------
                                  7.44   slack (MET)


Startpoint: rst (input port clocked by clk)
Endpoint: _422_ (recovery check against rising-edge clock clk)
Path Group: asynchronous
Path Type: max

Fanout     Cap    Slew   Delay    Time   Description
-----------------------------------------------------------------------------
                  0.15    0.00    0.00   clock clk (rise edge)
                          0.00    0.00   clock network delay (ideal)
                          2.00    2.00 v input external delay
                  0.01    0.00    2.00 v rst (in)
     1    0.00                           rst (net)
                  0.01    0.00    2.00 v input2/A (sky130_fd_sc_hd__buf_1)
                  0.05    0.10    2.10 v input2/X (sky130_fd_sc_hd__buf_1)
     3    0.01                           net2 (net)
                  0.05    0.00    2.10 v _355_/A (sky130_fd_sc_hd__buf_4)
                  0.07    0.19    2.30 v _355_/X (sky130_fd_sc_hd__buf_4)
    10    0.04                           _199_ (net)
                  0.07    0.00    2.30 v _367_/A (sky130_fd_sc_hd__buf_4)
                  0.08    0.21    2.51 v _367_/X (sky130_fd_sc_hd__buf_4)
    10    0.06                           _201_ (net)
                  0.08    0.00    2.51 v _372_/A (sky130_fd_sc_hd__inv_2)
                  0.03    0.06    2.57 ^ _372_/Y (sky130_fd_sc_hd__inv_2)
     1    0.00                           _016_ (net)
                  0.03    0.00    2.57 ^ _422_/RESET_B (sky130_fd_sc_hd__dfrtp_1)
                                  2.57   data arrival time

                  0.15   10.00   10.00   clock clk (rise edge)
                          0.00   10.00   clock network delay (ideal)
                         -0.25    9.75   clock uncertainty
                          0.00    9.75   clock reconvergence pessimism
                                  9.75 ^ _422_/CLK (sky130_fd_sc_hd__dfrtp_1)
                          0.27   10.02   library recovery time
                                 10.02   data required time
-----------------------------------------------------------------------------
                                 10.02   data required time
                                 -2.57   data arrival time
-----------------------------------------------------------------------------
                                  7.44   slack (MET)


Startpoint: rst (input port clocked by clk)
Endpoint: _424_ (recovery check against rising-edge clock clk)
Path Group: asynchronous
Path Type: max

Fanout     Cap    Slew   Delay    Time   Description
-----------------------------------------------------------------------------
                  0.15    0.00    0.00   clock clk (rise edge)
                          0.00    0.00   clock network delay (ideal)
                          2.00    2.00 v input external delay
                  0.01    0.00    2.00 v rst (in)
     1    0.00                           rst (net)
                  0.01    0.00    2.00 v input2/A (sky130_fd_sc_hd__buf_1)
                  0.05    0.10    2.10 v input2/X (sky130_fd_sc_hd__buf_1)
     3    0.01                           net2 (net)
                  0.05    0.00    2.10 v _355_/A (sky130_fd_sc_hd__buf_4)
                  0.07    0.19    2.30 v _355_/X (sky130_fd_sc_hd__buf_4)
    10    0.04                           _199_ (net)
                  0.07    0.00    2.30 v _367_/A (sky130_fd_sc_hd__buf_4)
                  0.08    0.21    2.51 v _367_/X (sky130_fd_sc_hd__buf_4)
    10    0.06                           _201_ (net)
                  0.08    0.00    2.51 v _374_/A (sky130_fd_sc_hd__inv_2)
                  0.03    0.06    2.57 ^ _374_/Y (sky130_fd_sc_hd__inv_2)
     1    0.00                           _018_ (net)
                  0.03    0.00    2.57 ^ _424_/RESET_B (sky130_fd_sc_hd__dfrtp_1)
                                  2.57   data arrival time

                  0.15   10.00   10.00   clock clk (rise edge)
                          0.00   10.00   clock network delay (ideal)
                         -0.25    9.75   clock uncertainty
                          0.00    9.75   clock reconvergence pessimism
                                  9.75 ^ _424_/CLK (sky130_fd_sc_hd__dfrtp_1)
                          0.27   10.02   library recovery time
                                 10.02   data required time
-----------------------------------------------------------------------------
                                 10.02   data required time
                                 -2.57   data arrival time
-----------------------------------------------------------------------------
                                  7.44   slack (MET)


Startpoint: rst (input port clocked by clk)
Endpoint: _425_ (recovery check against rising-edge clock clk)
Path Group: asynchronous
Path Type: max

Fanout     Cap    Slew   Delay    Time   Description
-----------------------------------------------------------------------------
                  0.15    0.00    0.00   clock clk (rise edge)
                          0.00    0.00   clock network delay (ideal)
                          2.00    2.00 v input external delay
                  0.01    0.00    2.00 v rst (in)
     1    0.00                           rst (net)
                  0.01    0.00    2.00 v input2/A (sky130_fd_sc_hd__buf_1)
                  0.05    0.10    2.10 v input2/X (sky130_fd_sc_hd__buf_1)
     3    0.01                           net2 (net)
                  0.05    0.00    2.10 v _355_/A (sky130_fd_sc_hd__buf_4)
                  0.07    0.19    2.30 v _355_/X (sky130_fd_sc_hd__buf_4)
    10    0.04                           _199_ (net)
                  0.07    0.00    2.30 v _367_/A (sky130_fd_sc_hd__buf_4)
                  0.08    0.21    2.51 v _367_/X (sky130_fd_sc_hd__buf_4)
    10    0.06                           _201_ (net)
                  0.08    0.00    2.51 v _375_/A (sky130_fd_sc_hd__inv_2)
                  0.03    0.06    2.57 ^ _375_/Y (sky130_fd_sc_hd__inv_2)
     1    0.00                           _019_ (net)
                  0.03    0.00    2.57 ^ _425_/RESET_B (sky130_fd_sc_hd__dfrtp_1)
                                  2.57   data arrival time

                  0.15   10.00   10.00   clock clk (rise edge)
                          0.00   10.00   clock network delay (ideal)
                         -0.25    9.75   clock uncertainty
                          0.00    9.75   clock reconvergence pessimism
                                  9.75 ^ _425_/CLK (sky130_fd_sc_hd__dfrtp_1)
                          0.27   10.02   library recovery time
                                 10.02   data required time
-----------------------------------------------------------------------------
                                 10.02   data required time
                                 -2.57   data arrival time
-----------------------------------------------------------------------------
                                  7.45   slack (MET)


Startpoint: rst (input port clocked by clk)
Endpoint: _423_ (recovery check against rising-edge clock clk)
Path Group: asynchronous
Path Type: max

Fanout     Cap    Slew   Delay    Time   Description
-----------------------------------------------------------------------------
                  0.15    0.00    0.00   clock clk (rise edge)
                          0.00    0.00   clock network delay (ideal)
                          2.00    2.00 v input external delay
                  0.01    0.00    2.00 v rst (in)
     1    0.00                           rst (net)
                  0.01    0.00    2.00 v input2/A (sky130_fd_sc_hd__buf_1)
                  0.05    0.10    2.10 v input2/X (sky130_fd_sc_hd__buf_1)
     3    0.01                           net2 (net)
                  0.05    0.00    2.10 v _355_/A (sky130_fd_sc_hd__buf_4)
                  0.07    0.19    2.30 v _355_/X (sky130_fd_sc_hd__buf_4)
    10    0.04                           _199_ (net)
                  0.07    0.00    2.30 v _367_/A (sky130_fd_sc_hd__buf_4)
                  0.08    0.21    2.51 v _367_/X (sky130_fd_sc_hd__buf_4)
    10    0.06                           _201_ (net)
                  0.08    0.00    2.51 v _373_/A (sky130_fd_sc_hd__inv_2)
                  0.03    0.06    2.57 ^ _373_/Y (sky130_fd_sc_hd__inv_2)
     1    0.00                           _017_ (net)
                  0.03    0.00    2.57 ^ _423_/RESET_B (sky130_fd_sc_hd__dfrtp_1)
                                  2.57   data arrival time

                  0.15   10.00   10.00   clock clk (rise edge)
                          0.00   10.00   clock network delay (ideal)
                         -0.25    9.75   clock uncertainty
                          0.00    9.75   clock reconvergence pessimism
                                  9.75 ^ _423_/CLK (sky130_fd_sc_hd__dfrtp_1)
                          0.27   10.02   library recovery time
                                 10.02   data required time
-----------------------------------------------------------------------------
                                 10.02   data required time
                                 -2.57   data arrival time
-----------------------------------------------------------------------------
                                  7.45   slack (MET)


Startpoint: rst (input port clocked by clk)
Endpoint: _413_ (recovery check against rising-edge clock clk)
Path Group: asynchronous
Path Type: max

Fanout     Cap    Slew   Delay    Time   Description
-----------------------------------------------------------------------------
                  0.15    0.00    0.00   clock clk (rise edge)
                          0.00    0.00   clock network delay (ideal)
                          2.00    2.00 v input external delay
                  0.01    0.00    2.00 v rst (in)
     1    0.00                           rst (net)
                  0.01    0.00    2.00 v input2/A (sky130_fd_sc_hd__buf_1)
                  0.05    0.10    2.10 v input2/X (sky130_fd_sc_hd__buf_1)
     3    0.01                           net2 (net)
                  0.05    0.00    2.10 v _355_/A (sky130_fd_sc_hd__buf_4)
                  0.07    0.19    2.30 v _355_/X (sky130_fd_sc_hd__buf_4)
    10    0.04                           _199_ (net)
                  0.07    0.00    2.30 v _356_/A (sky130_fd_sc_hd__buf_4)
                  0.08    0.21    2.51 v _356_/X (sky130_fd_sc_hd__buf_4)
    10    0.05                           _200_ (net)
                  0.08    0.00    2.51 v _362_/A (sky130_fd_sc_hd__inv_2)
                  0.03    0.06    2.57 ^ _362_/Y (sky130_fd_sc_hd__inv_2)
     1    0.00                           _007_ (net)
                  0.03    0.00    2.57 ^ _413_/RESET_B (sky130_fd_sc_hd__dfrtp_1)
                                  2.57   data arrival time

                  0.15   10.00   10.00   clock clk (rise edge)
                          0.00   10.00   clock network delay (ideal)
                         -0.25    9.75   clock uncertainty
                          0.00    9.75   clock reconvergence pessimism
                                  9.75 ^ _413_/CLK (sky130_fd_sc_hd__dfrtp_1)
                          0.27   10.02   library recovery time
                                 10.02   data required time
-----------------------------------------------------------------------------
                                 10.02   data required time
                                 -2.57   data arrival time
-----------------------------------------------------------------------------
                                  7.45   slack (MET)


Startpoint: rst (input port clocked by clk)
Endpoint: _414_ (recovery check against rising-edge clock clk)
Path Group: asynchronous
Path Type: max

Fanout     Cap    Slew   Delay    Time   Description
-----------------------------------------------------------------------------
                  0.15    0.00    0.00   clock clk (rise edge)
                          0.00    0.00   clock network delay (ideal)
                          2.00    2.00 v input external delay
                  0.01    0.00    2.00 v rst (in)
     1    0.00                           rst (net)
                  0.01    0.00    2.00 v input2/A (sky130_fd_sc_hd__buf_1)
                  0.05    0.10    2.10 v input2/X (sky130_fd_sc_hd__buf_1)
     3    0.01                           net2 (net)
                  0.05    0.00    2.10 v _355_/A (sky130_fd_sc_hd__buf_4)
                  0.07    0.19    2.30 v _355_/X (sky130_fd_sc_hd__buf_4)
    10    0.04                           _199_ (net)
                  0.07    0.00    2.30 v _356_/A (sky130_fd_sc_hd__buf_4)
                  0.08    0.21    2.51 v _356_/X (sky130_fd_sc_hd__buf_4)
    10    0.05                           _200_ (net)
                  0.08    0.00    2.51 v _363_/A (sky130_fd_sc_hd__inv_2)
                  0.03    0.06    2.57 ^ _363_/Y (sky130_fd_sc_hd__inv_2)
     1    0.00                           _008_ (net)
                  0.03    0.00    2.57 ^ _414_/RESET_B (sky130_fd_sc_hd__dfrtp_1)
                                  2.57   data arrival time

                  0.15   10.00   10.00   clock clk (rise edge)
                          0.00   10.00   clock network delay (ideal)
                         -0.25    9.75   clock uncertainty
                          0.00    9.75   clock reconvergence pessimism
                                  9.75 ^ _414_/CLK (sky130_fd_sc_hd__dfrtp_1)
                          0.27   10.02   library recovery time
                                 10.02   data required time
-----------------------------------------------------------------------------
                                 10.02   data required time
                                 -2.57   data arrival time
-----------------------------------------------------------------------------
                                  7.45   slack (MET)


Startpoint: rst (input port clocked by clk)
Endpoint: _412_ (recovery check against rising-edge clock clk)
Path Group: asynchronous
Path Type: max

Fanout     Cap    Slew   Delay    Time   Description
-----------------------------------------------------------------------------
                  0.15    0.00    0.00   clock clk (rise edge)
                          0.00    0.00   clock network delay (ideal)
                          2.00    2.00 v input external delay
                  0.01    0.00    2.00 v rst (in)
     1    0.00                           rst (net)
                  0.01    0.00    2.00 v input2/A (sky130_fd_sc_hd__buf_1)
                  0.05    0.10    2.10 v input2/X (sky130_fd_sc_hd__buf_1)
     3    0.01                           net2 (net)
                  0.05    0.00    2.10 v _355_/A (sky130_fd_sc_hd__buf_4)
                  0.07    0.19    2.30 v _355_/X (sky130_fd_sc_hd__buf_4)
    10    0.04                           _199_ (net)
                  0.07    0.00    2.30 v _356_/A (sky130_fd_sc_hd__buf_4)
                  0.08    0.21    2.51 v _356_/X (sky130_fd_sc_hd__buf_4)
    10    0.05                           _200_ (net)
                  0.08    0.00    2.51 v _361_/A (sky130_fd_sc_hd__inv_2)
                  0.03    0.06    2.57 ^ _361_/Y (sky130_fd_sc_hd__inv_2)
     1    0.00                           _006_ (net)
                  0.03    0.00    2.57 ^ _412_/RESET_B (sky130_fd_sc_hd__dfrtp_1)
                                  2.57   data arrival time

                  0.15   10.00   10.00   clock clk (rise edge)
                          0.00   10.00   clock network delay (ideal)
                         -0.25    9.75   clock uncertainty
                          0.00    9.75   clock reconvergence pessimism
                                  9.75 ^ _412_/CLK (sky130_fd_sc_hd__dfrtp_1)
                          0.27   10.02   library recovery time
                                 10.02   data required time
-----------------------------------------------------------------------------
                                 10.02   data required time
                                 -2.57   data arrival time
-----------------------------------------------------------------------------
                                  7.45   slack (MET)


Startpoint: rst (input port clocked by clk)
Endpoint: _415_ (recovery check against rising-edge clock clk)
Path Group: asynchronous
Path Type: max

Fanout     Cap    Slew   Delay    Time   Description
-----------------------------------------------------------------------------
                  0.15    0.00    0.00   clock clk (rise edge)
                          0.00    0.00   clock network delay (ideal)
                          2.00    2.00 v input external delay
                  0.01    0.00    2.00 v rst (in)
     1    0.00                           rst (net)
                  0.01    0.00    2.00 v input2/A (sky130_fd_sc_hd__buf_1)
                  0.05    0.10    2.10 v input2/X (sky130_fd_sc_hd__buf_1)
     3    0.01                           net2 (net)
                  0.05    0.00    2.10 v _355_/A (sky130_fd_sc_hd__buf_4)
                  0.07    0.19    2.30 v _355_/X (sky130_fd_sc_hd__buf_4)
    10    0.04                           _199_ (net)
                  0.07    0.00    2.30 v _356_/A (sky130_fd_sc_hd__buf_4)
                  0.08    0.21    2.51 v _356_/X (sky130_fd_sc_hd__buf_4)
    10    0.05                           _200_ (net)
                  0.08    0.00    2.51 v _364_/A (sky130_fd_sc_hd__inv_2)
                  0.03    0.06    2.57 ^ _364_/Y (sky130_fd_sc_hd__inv_2)
     1    0.00                           _009_ (net)
                  0.03    0.00    2.57 ^ _415_/RESET_B (sky130_fd_sc_hd__dfrtp_1)
                                  2.57   data arrival time

                  0.15   10.00   10.00   clock clk (rise edge)
                          0.00   10.00   clock network delay (ideal)
                         -0.25    9.75   clock uncertainty
                          0.00    9.75   clock reconvergence pessimism
                                  9.75 ^ _415_/CLK (sky130_fd_sc_hd__dfrtp_1)
                          0.27   10.02   library recovery time
                                 10.02   data required time
-----------------------------------------------------------------------------
                                 10.02   data required time
                                 -2.57   data arrival time
-----------------------------------------------------------------------------
                                  7.45   slack (MET)


Startpoint: rst (input port clocked by clk)
Endpoint: _411_ (recovery check against rising-edge clock clk)
Path Group: asynchronous
Path Type: max

Fanout     Cap    Slew   Delay    Time   Description
-----------------------------------------------------------------------------
                  0.15    0.00    0.00   clock clk (rise edge)
                          0.00    0.00   clock network delay (ideal)
                          2.00    2.00 v input external delay
                  0.01    0.00    2.00 v rst (in)
     1    0.00                           rst (net)
                  0.01    0.00    2.00 v input2/A (sky130_fd_sc_hd__buf_1)
                  0.05    0.10    2.10 v input2/X (sky130_fd_sc_hd__buf_1)
     3    0.01                           net2 (net)
                  0.05    0.00    2.10 v _355_/A (sky130_fd_sc_hd__buf_4)
                  0.07    0.19    2.30 v _355_/X (sky130_fd_sc_hd__buf_4)
    10    0.04                           _199_ (net)
                  0.07    0.00    2.30 v _356_/A (sky130_fd_sc_hd__buf_4)
                  0.08    0.21    2.51 v _356_/X (sky130_fd_sc_hd__buf_4)
    10    0.05                           _200_ (net)
                  0.08    0.00    2.51 v _360_/A (sky130_fd_sc_hd__inv_2)
                  0.03    0.06    2.57 ^ _360_/Y (sky130_fd_sc_hd__inv_2)
     1    0.00                           _005_ (net)
                  0.03    0.00    2.57 ^ _411_/RESET_B (sky130_fd_sc_hd__dfrtp_1)
                                  2.57   data arrival time

                  0.15   10.00   10.00   clock clk (rise edge)
                          0.00   10.00   clock network delay (ideal)
                         -0.25    9.75   clock uncertainty
                          0.00    9.75   clock reconvergence pessimism
                                  9.75 ^ _411_/CLK (sky130_fd_sc_hd__dfrtp_1)
                          0.27   10.02   library recovery time
                                 10.02   data required time
-----------------------------------------------------------------------------
                                 10.02   data required time
                                 -2.57   data arrival time
-----------------------------------------------------------------------------
                                  7.45   slack (MET)


Startpoint: rst (input port clocked by clk)
Endpoint: _417_ (recovery check against rising-edge clock clk)
Path Group: asynchronous
Path Type: max

Fanout     Cap    Slew   Delay    Time   Description
-----------------------------------------------------------------------------
                  0.15    0.00    0.00   clock clk (rise edge)
                          0.00    0.00   clock network delay (ideal)
                          2.00    2.00 v input external delay
                  0.01    0.00    2.00 v rst (in)
     1    0.00                           rst (net)
                  0.01    0.00    2.00 v input2/A (sky130_fd_sc_hd__buf_1)
                  0.05    0.10    2.10 v input2/X (sky130_fd_sc_hd__buf_1)
     3    0.01                           net2 (net)
                  0.05    0.00    2.10 v _355_/A (sky130_fd_sc_hd__buf_4)
                  0.07    0.19    2.30 v _355_/X (sky130_fd_sc_hd__buf_4)
    10    0.04                           _199_ (net)
                  0.07    0.00    2.30 v _356_/A (sky130_fd_sc_hd__buf_4)
                  0.08    0.21    2.51 v _356_/X (sky130_fd_sc_hd__buf_4)
    10    0.05                           _200_ (net)
                  0.08    0.00    2.51 v _366_/A (sky130_fd_sc_hd__inv_2)
                  0.03    0.06    2.57 ^ _366_/Y (sky130_fd_sc_hd__inv_2)
     1    0.00                           _011_ (net)
                  0.03    0.00    2.57 ^ _417_/RESET_B (sky130_fd_sc_hd__dfrtp_1)
                                  2.57   data arrival time

                  0.15   10.00   10.00   clock clk (rise edge)
                          0.00   10.00   clock network delay (ideal)
                         -0.25    9.75   clock uncertainty
                          0.00    9.75   clock reconvergence pessimism
                                  9.75 ^ _417_/CLK (sky130_fd_sc_hd__dfrtp_1)
                          0.27   10.02   library recovery time
                                 10.02   data required time
-----------------------------------------------------------------------------
                                 10.02   data required time
                                 -2.57   data arrival time
-----------------------------------------------------------------------------
                                  7.45   slack (MET)


Startpoint: rst (input port clocked by clk)
Endpoint: _416_ (recovery check against rising-edge clock clk)
Path Group: asynchronous
Path Type: max

Fanout     Cap    Slew   Delay    Time   Description
-----------------------------------------------------------------------------
                  0.15    0.00    0.00   clock clk (rise edge)
                          0.00    0.00   clock network delay (ideal)
                          2.00    2.00 v input external delay
                  0.01    0.00    2.00 v rst (in)
     1    0.00                           rst (net)
                  0.01    0.00    2.00 v input2/A (sky130_fd_sc_hd__buf_1)
                  0.05    0.10    2.10 v input2/X (sky130_fd_sc_hd__buf_1)
     3    0.01                           net2 (net)
                  0.05    0.00    2.10 v _355_/A (sky130_fd_sc_hd__buf_4)
                  0.07    0.19    2.30 v _355_/X (sky130_fd_sc_hd__buf_4)
    10    0.04                           _199_ (net)
                  0.07    0.00    2.30 v _356_/A (sky130_fd_sc_hd__buf_4)
                  0.08    0.21    2.51 v _356_/X (sky130_fd_sc_hd__buf_4)
    10    0.05                           _200_ (net)
                  0.08    0.00    2.51 v _365_/A (sky130_fd_sc_hd__inv_2)
                  0.03    0.06    2.57 ^ _365_/Y (sky130_fd_sc_hd__inv_2)
     1    0.00                           _010_ (net)
                  0.03    0.00    2.57 ^ _416_/RESET_B (sky130_fd_sc_hd__dfrtp_1)
                                  2.57   data arrival time

                  0.15   10.00   10.00   clock clk (rise edge)
                          0.00   10.00   clock network delay (ideal)
                         -0.25    9.75   clock uncertainty
                          0.00    9.75   clock reconvergence pessimism
                                  9.75 ^ _416_/CLK (sky130_fd_sc_hd__dfrtp_1)
                          0.27   10.02   library recovery time
                                 10.02   data required time
-----------------------------------------------------------------------------
                                 10.02   data required time
                                 -2.57   data arrival time
-----------------------------------------------------------------------------
                                  7.45   slack (MET)


Startpoint: rst (input port clocked by clk)
Endpoint: _410_ (recovery check against rising-edge clock clk)
Path Group: asynchronous
Path Type: max

Fanout     Cap    Slew   Delay    Time   Description
-----------------------------------------------------------------------------
                  0.15    0.00    0.00   clock clk (rise edge)
                          0.00    0.00   clock network delay (ideal)
                          2.00    2.00 v input external delay
                  0.01    0.00    2.00 v rst (in)
     1    0.00                           rst (net)
                  0.01    0.00    2.00 v input2/A (sky130_fd_sc_hd__buf_1)
                  0.05    0.10    2.10 v input2/X (sky130_fd_sc_hd__buf_1)
     3    0.01                           net2 (net)
                  0.05    0.00    2.10 v _355_/A (sky130_fd_sc_hd__buf_4)
                  0.07    0.19    2.30 v _355_/X (sky130_fd_sc_hd__buf_4)
    10    0.04                           _199_ (net)
                  0.07    0.00    2.30 v _356_/A (sky130_fd_sc_hd__buf_4)
                  0.08    0.21    2.51 v _356_/X (sky130_fd_sc_hd__buf_4)
    10    0.05                           _200_ (net)
                  0.08    0.00    2.51 v _359_/A (sky130_fd_sc_hd__inv_2)
                  0.03    0.06    2.57 ^ _359_/Y (sky130_fd_sc_hd__inv_2)
     1    0.00                           _004_ (net)
                  0.03    0.00    2.57 ^ _410_/RESET_B (sky130_fd_sc_hd__dfrtp_1)
                                  2.57   data arrival time

                  0.15   10.00   10.00   clock clk (rise edge)
                          0.00   10.00   clock network delay (ideal)
                         -0.25    9.75   clock uncertainty
                          0.00    9.75   clock reconvergence pessimism
                                  9.75 ^ _410_/CLK (sky130_fd_sc_hd__dfrtp_1)
                          0.27   10.02   library recovery time
                                 10.02   data required time
-----------------------------------------------------------------------------
                                 10.02   data required time
                                 -2.57   data arrival time
-----------------------------------------------------------------------------
                                  7.45   slack (MET)


Startpoint: rst (input port clocked by clk)
Endpoint: _436_ (recovery check against rising-edge clock clk)
Path Group: asynchronous
Path Type: max

Fanout     Cap    Slew   Delay    Time   Description
-----------------------------------------------------------------------------
                  0.15    0.00    0.00   clock clk (rise edge)
                          0.00    0.00   clock network delay (ideal)
                          2.00    2.00 v input external delay
                  0.01    0.00    2.00 v rst (in)
     1    0.00                           rst (net)
                  0.01    0.00    2.00 v input2/A (sky130_fd_sc_hd__buf_1)
                  0.05    0.10    2.10 v input2/X (sky130_fd_sc_hd__buf_1)
     3    0.01                           net2 (net)
                  0.05    0.00    2.10 v _378_/A (sky130_fd_sc_hd__buf_4)
                  0.08    0.20    2.31 v _378_/X (sky130_fd_sc_hd__buf_4)
    10    0.05                           _202_ (net)
                  0.08    0.00    2.31 v _387_/A (sky130_fd_sc_hd__inv_2)
                  0.03    0.06    2.37 ^ _387_/Y (sky130_fd_sc_hd__inv_2)
     1    0.00                           _030_ (net)
                  0.03    0.00    2.37 ^ _436_/SET_B (sky130_fd_sc_hd__dfstp_1)
                                  2.37   data arrival time

                  0.15   10.00   10.00   clock clk (rise edge)
                          0.00   10.00   clock network delay (ideal)
                         -0.25    9.75   clock uncertainty
                          0.00    9.75   clock reconvergence pessimism
                                  9.75 ^ _436_/CLK (sky130_fd_sc_hd__dfstp_1)
                          0.17    9.92   library recovery time
                                  9.92   data required time
-----------------------------------------------------------------------------
                                  9.92   data required time
                                 -2.37   data arrival time
-----------------------------------------------------------------------------
                                  7.55   slack (MET)


Startpoint: rst (input port clocked by clk)
Endpoint: _435_ (recovery check against rising-edge clock clk)
Path Group: asynchronous
Path Type: max

Fanout     Cap    Slew   Delay    Time   Description
-----------------------------------------------------------------------------
                  0.15    0.00    0.00   clock clk (rise edge)
                          0.00    0.00   clock network delay (ideal)
                          2.00    2.00 v input external delay
                  0.01    0.00    2.00 v rst (in)
     1    0.00                           rst (net)
                  0.01    0.00    2.00 v input2/A (sky130_fd_sc_hd__buf_1)
                  0.05    0.10    2.10 v input2/X (sky130_fd_sc_hd__buf_1)
     3    0.01                           net2 (net)
                  0.05    0.00    2.10 v _378_/A (sky130_fd_sc_hd__buf_4)
                  0.08    0.20    2.31 v _378_/X (sky130_fd_sc_hd__buf_4)
    10    0.05                           _202_ (net)
                  0.08    0.00    2.31 v _386_/A (sky130_fd_sc_hd__inv_2)
                  0.03    0.06    2.37 ^ _386_/Y (sky130_fd_sc_hd__inv_2)
     1    0.00                           _029_ (net)
                  0.03    0.00    2.37 ^ _435_/RESET_B (sky130_fd_sc_hd__dfrtp_2)
                                  2.37   data arrival time

                  0.15   10.00   10.00   clock clk (rise edge)
                          0.00   10.00   clock network delay (ideal)
                         -0.25    9.75   clock uncertainty
                          0.00    9.75   clock reconvergence pessimism
                                  9.75 ^ _435_/CLK (sky130_fd_sc_hd__dfrtp_2)
                          0.25   10.00   library recovery time
                                 10.00   data required time
-----------------------------------------------------------------------------
                                 10.00   data required time
                                 -2.37   data arrival time
-----------------------------------------------------------------------------
                                  7.64   slack (MET)


Startpoint: rst (input port clocked by clk)
Endpoint: _433_ (recovery check against rising-edge clock clk)
Path Group: asynchronous
Path Type: max

Fanout     Cap    Slew   Delay    Time   Description
-----------------------------------------------------------------------------
                  0.15    0.00    0.00   clock clk (rise edge)
                          0.00    0.00   clock network delay (ideal)
                          2.00    2.00 v input external delay
                  0.01    0.00    2.00 v rst (in)
     1    0.00                           rst (net)
                  0.01    0.00    2.00 v input2/A (sky130_fd_sc_hd__buf_1)
                  0.05    0.10    2.10 v input2/X (sky130_fd_sc_hd__buf_1)
     3    0.01                           net2 (net)
                  0.05    0.00    2.10 v _378_/A (sky130_fd_sc_hd__buf_4)
                  0.08    0.20    2.31 v _378_/X (sky130_fd_sc_hd__buf_4)
    10    0.05                           _202_ (net)
                  0.08    0.00    2.31 v _384_/A (sky130_fd_sc_hd__inv_2)
                  0.03    0.06    2.37 ^ _384_/Y (sky130_fd_sc_hd__inv_2)
     1    0.00                           _027_ (net)
                  0.03    0.00    2.37 ^ _433_/RESET_B (sky130_fd_sc_hd__dfrtp_1)
                                  2.37   data arrival time

                  0.15   10.00   10.00   clock clk (rise edge)
                          0.00   10.00   clock network delay (ideal)
                         -0.25    9.75   clock uncertainty
                          0.00    9.75   clock reconvergence pessimism
                                  9.75 ^ _433_/CLK (sky130_fd_sc_hd__dfrtp_1)
                          0.27   10.02   library recovery time
                                 10.02   data required time
-----------------------------------------------------------------------------
                                 10.02   data required time
                                 -2.37   data arrival time
-----------------------------------------------------------------------------
                                  7.65   slack (MET)


Startpoint: rst (input port clocked by clk)
Endpoint: _437_ (recovery check against rising-edge clock clk)
Path Group: asynchronous
Path Type: max

Fanout     Cap    Slew   Delay    Time   Description
-----------------------------------------------------------------------------
                  0.15    0.00    0.00   clock clk (rise edge)
                          0.00    0.00   clock network delay (ideal)
                          2.00    2.00 v input external delay
                  0.01    0.00    2.00 v rst (in)
     1    0.00                           rst (net)
                  0.01    0.00    2.00 v input2/A (sky130_fd_sc_hd__buf_1)
                  0.05    0.10    2.10 v input2/X (sky130_fd_sc_hd__buf_1)
     3    0.01                           net2 (net)
                  0.05    0.00    2.10 v _378_/A (sky130_fd_sc_hd__buf_4)
                  0.08    0.20    2.31 v _378_/X (sky130_fd_sc_hd__buf_4)
    10    0.05                           _202_ (net)
                  0.08    0.00    2.31 v _388_/A (sky130_fd_sc_hd__inv_2)
                  0.03    0.06    2.37 ^ _388_/Y (sky130_fd_sc_hd__inv_2)
     1    0.00                           _031_ (net)
                  0.03    0.00    2.37 ^ _437_/RESET_B (sky130_fd_sc_hd__dfrtp_1)
                                  2.37   data arrival time

                  0.15   10.00   10.00   clock clk (rise edge)
                          0.00   10.00   clock network delay (ideal)
                         -0.25    9.75   clock uncertainty
                          0.00    9.75   clock reconvergence pessimism
                                  9.75 ^ _437_/CLK (sky130_fd_sc_hd__dfrtp_1)
                          0.27   10.02   library recovery time
                                 10.02   data required time
-----------------------------------------------------------------------------
                                 10.02   data required time
                                 -2.37   data arrival time
-----------------------------------------------------------------------------
                                  7.65   slack (MET)


Startpoint: rst (input port clocked by clk)
Endpoint: _430_ (recovery check against rising-edge clock clk)
Path Group: asynchronous
Path Type: max

Fanout     Cap    Slew   Delay    Time   Description
-----------------------------------------------------------------------------
                  0.15    0.00    0.00   clock clk (rise edge)
                          0.00    0.00   clock network delay (ideal)
                          2.00    2.00 v input external delay
                  0.01    0.00    2.00 v rst (in)
     1    0.00                           rst (net)
                  0.01    0.00    2.00 v input2/A (sky130_fd_sc_hd__buf_1)
                  0.05    0.10    2.10 v input2/X (sky130_fd_sc_hd__buf_1)
     3    0.01                           net2 (net)
                  0.05    0.00    2.10 v _378_/A (sky130_fd_sc_hd__buf_4)
                  0.08    0.20    2.31 v _378_/X (sky130_fd_sc_hd__buf_4)
    10    0.05                           _202_ (net)
                  0.08    0.00    2.31 v _381_/A (sky130_fd_sc_hd__inv_2)
                  0.03    0.06    2.37 ^ _381_/Y (sky130_fd_sc_hd__inv_2)
     1    0.00                           _024_ (net)
                  0.03    0.00    2.37 ^ _430_/RESET_B (sky130_fd_sc_hd__dfrtp_1)
                                  2.37   data arrival time

                  0.15   10.00   10.00   clock clk (rise edge)
                          0.00   10.00   clock network delay (ideal)
                         -0.25    9.75   clock uncertainty
                          0.00    9.75   clock reconvergence pessimism
                                  9.75 ^ _430_/CLK (sky130_fd_sc_hd__dfrtp_1)
                          0.27   10.02   library recovery time
                                 10.02   data required time
-----------------------------------------------------------------------------
                                 10.02   data required time
                                 -2.37   data arrival time
-----------------------------------------------------------------------------
                                  7.65   slack (MET)


Startpoint: rst (input port clocked by clk)
Endpoint: _432_ (recovery check against rising-edge clock clk)
Path Group: asynchronous
Path Type: max

Fanout     Cap    Slew   Delay    Time   Description
-----------------------------------------------------------------------------
                  0.15    0.00    0.00   clock clk (rise edge)
                          0.00    0.00   clock network delay (ideal)
                          2.00    2.00 v input external delay
                  0.01    0.00    2.00 v rst (in)
     1    0.00                           rst (net)
                  0.01    0.00    2.00 v input2/A (sky130_fd_sc_hd__buf_1)
                  0.05    0.10    2.10 v input2/X (sky130_fd_sc_hd__buf_1)
     3    0.01                           net2 (net)
                  0.05    0.00    2.10 v _378_/A (sky130_fd_sc_hd__buf_4)
                  0.08    0.20    2.31 v _378_/X (sky130_fd_sc_hd__buf_4)
    10    0.05                           _202_ (net)
                  0.08    0.00    2.31 v _383_/A (sky130_fd_sc_hd__inv_2)
                  0.03    0.06    2.37 ^ _383_/Y (sky130_fd_sc_hd__inv_2)
     1    0.00                           _026_ (net)
                  0.03    0.00    2.37 ^ _432_/RESET_B (sky130_fd_sc_hd__dfrtp_1)
                                  2.37   data arrival time

                  0.15   10.00   10.00   clock clk (rise edge)
                          0.00   10.00   clock network delay (ideal)
                         -0.25    9.75   clock uncertainty
                          0.00    9.75   clock reconvergence pessimism
                                  9.75 ^ _432_/CLK (sky130_fd_sc_hd__dfrtp_1)
                          0.27   10.02   library recovery time
                                 10.02   data required time
-----------------------------------------------------------------------------
                                 10.02   data required time
                                 -2.37   data arrival time
-----------------------------------------------------------------------------
                                  7.65   slack (MET)


Startpoint: rst (input port clocked by clk)
Endpoint: _429_ (recovery check against rising-edge clock clk)
Path Group: asynchronous
Path Type: max

Fanout     Cap    Slew   Delay    Time   Description
-----------------------------------------------------------------------------
                  0.15    0.00    0.00   clock clk (rise edge)
                          0.00    0.00   clock network delay (ideal)
                          2.00    2.00 v input external delay
                  0.01    0.00    2.00 v rst (in)
     1    0.00                           rst (net)
                  0.01    0.00    2.00 v input2/A (sky130_fd_sc_hd__buf_1)
                  0.05    0.10    2.10 v input2/X (sky130_fd_sc_hd__buf_1)
     3    0.01                           net2 (net)
                  0.05    0.00    2.10 v _378_/A (sky130_fd_sc_hd__buf_4)
                  0.08    0.20    2.31 v _378_/X (sky130_fd_sc_hd__buf_4)
    10    0.05                           _202_ (net)
                  0.08    0.00    2.31 v _380_/A (sky130_fd_sc_hd__inv_2)
                  0.03    0.06    2.37 ^ _380_/Y (sky130_fd_sc_hd__inv_2)
     1    0.00                           _023_ (net)
                  0.03    0.00    2.37 ^ _429_/RESET_B (sky130_fd_sc_hd__dfrtp_1)
                                  2.37   data arrival time

                  0.15   10.00   10.00   clock clk (rise edge)
                          0.00   10.00   clock network delay (ideal)
                         -0.25    9.75   clock uncertainty
                          0.00    9.75   clock reconvergence pessimism
                                  9.75 ^ _429_/CLK (sky130_fd_sc_hd__dfrtp_1)
                          0.27   10.02   library recovery time
                                 10.02   data required time
-----------------------------------------------------------------------------
                                 10.02   data required time
                                 -2.37   data arrival time
-----------------------------------------------------------------------------
                                  7.65   slack (MET)


Startpoint: rst (input port clocked by clk)
Endpoint: _431_ (recovery check against rising-edge clock clk)
Path Group: asynchronous
Path Type: max

Fanout     Cap    Slew   Delay    Time   Description
-----------------------------------------------------------------------------
                  0.15    0.00    0.00   clock clk (rise edge)
                          0.00    0.00   clock network delay (ideal)
                          2.00    2.00 v input external delay
                  0.01    0.00    2.00 v rst (in)
     1    0.00                           rst (net)
                  0.01    0.00    2.00 v input2/A (sky130_fd_sc_hd__buf_1)
                  0.05    0.10    2.10 v input2/X (sky130_fd_sc_hd__buf_1)
     3    0.01                           net2 (net)
                  0.05    0.00    2.10 v _378_/A (sky130_fd_sc_hd__buf_4)
                  0.08    0.20    2.31 v _378_/X (sky130_fd_sc_hd__buf_4)
    10    0.05                           _202_ (net)
                  0.08    0.00    2.31 v _382_/A (sky130_fd_sc_hd__inv_2)
                  0.03    0.06    2.37 ^ _382_/Y (sky130_fd_sc_hd__inv_2)
     1    0.00                           _025_ (net)
                  0.03    0.00    2.37 ^ _431_/RESET_B (sky130_fd_sc_hd__dfrtp_1)
                                  2.37   data arrival time

                  0.15   10.00   10.00   clock clk (rise edge)
                          0.00   10.00   clock network delay (ideal)
                         -0.25    9.75   clock uncertainty
                          0.00    9.75   clock reconvergence pessimism
                                  9.75 ^ _431_/CLK (sky130_fd_sc_hd__dfrtp_1)
                          0.27   10.02   library recovery time
                                 10.02   data required time
-----------------------------------------------------------------------------
                                 10.02   data required time
                                 -2.37   data arrival time
-----------------------------------------------------------------------------
                                  7.65   slack (MET)


Startpoint: rst (input port clocked by clk)
Endpoint: _428_ (recovery check against rising-edge clock clk)
Path Group: asynchronous
Path Type: max

Fanout     Cap    Slew   Delay    Time   Description
-----------------------------------------------------------------------------
                  0.15    0.00    0.00   clock clk (rise edge)
                          0.00    0.00   clock network delay (ideal)
                          2.00    2.00 v input external delay
                  0.01    0.00    2.00 v rst (in)
     1    0.00                           rst (net)
                  0.01    0.00    2.00 v input2/A (sky130_fd_sc_hd__buf_1)
                  0.05    0.10    2.10 v input2/X (sky130_fd_sc_hd__buf_1)
     3    0.01                           net2 (net)
                  0.05    0.00    2.10 v _378_/A (sky130_fd_sc_hd__buf_4)
                  0.08    0.20    2.31 v _378_/X (sky130_fd_sc_hd__buf_4)
    10    0.05                           _202_ (net)
                  0.08    0.00    2.31 v _379_/A (sky130_fd_sc_hd__inv_2)
                  0.03    0.06    2.37 ^ _379_/Y (sky130_fd_sc_hd__inv_2)
     1    0.00                           _022_ (net)
                  0.03    0.00    2.37 ^ _428_/RESET_B (sky130_fd_sc_hd__dfrtp_1)
                                  2.37   data arrival time

                  0.15   10.00   10.00   clock clk (rise edge)
                          0.00   10.00   clock network delay (ideal)
                         -0.25    9.75   clock uncertainty
                          0.00    9.75   clock reconvergence pessimism
                                  9.75 ^ _428_/CLK (sky130_fd_sc_hd__dfrtp_1)
                          0.27   10.02   library recovery time
                                 10.02   data required time
-----------------------------------------------------------------------------
                                 10.02   data required time
                                 -2.37   data arrival time
-----------------------------------------------------------------------------
                                  7.65   slack (MET)


Startpoint: rst (input port clocked by clk)
Endpoint: _434_ (recovery check against rising-edge clock clk)
Path Group: asynchronous
Path Type: max

Fanout     Cap    Slew   Delay    Time   Description
-----------------------------------------------------------------------------
                  0.15    0.00    0.00   clock clk (rise edge)
                          0.00    0.00   clock network delay (ideal)
                          2.00    2.00 v input external delay
                  0.01    0.00    2.00 v rst (in)
     1    0.00                           rst (net)
                  0.01    0.00    2.00 v input2/A (sky130_fd_sc_hd__buf_1)
                  0.05    0.10    2.10 v input2/X (sky130_fd_sc_hd__buf_1)
     3    0.01                           net2 (net)
                  0.05    0.00    2.10 v _378_/A (sky130_fd_sc_hd__buf_4)
                  0.08    0.20    2.31 v _378_/X (sky130_fd_sc_hd__buf_4)
    10    0.05                           _202_ (net)
                  0.08    0.00    2.31 v _385_/A (sky130_fd_sc_hd__inv_2)
                  0.03    0.06    2.37 ^ _385_/Y (sky130_fd_sc_hd__inv_2)
     1    0.00                           _028_ (net)
                  0.03    0.00    2.37 ^ _434_/RESET_B (sky130_fd_sc_hd__dfrtp_1)
                                  2.37   data arrival time

                  0.15   10.00   10.00   clock clk (rise edge)
                          0.00   10.00   clock network delay (ideal)
                         -0.25    9.75   clock uncertainty
                          0.00    9.75   clock reconvergence pessimism
                                  9.75 ^ _434_/CLK (sky130_fd_sc_hd__dfrtp_1)
                          0.27   10.02   library recovery time
                                 10.02   data required time
-----------------------------------------------------------------------------
                                 10.02   data required time
                                 -2.37   data arrival time
-----------------------------------------------------------------------------
                                  7.65   slack (MET)


Startpoint: rst (input port clocked by clk)
Endpoint: _440_ (recovery check against rising-edge clock clk)
Path Group: asynchronous
Path Type: max

Fanout     Cap    Slew   Delay    Time   Description
-----------------------------------------------------------------------------
                  0.15    0.00    0.00   clock clk (rise edge)
                          0.00    0.00   clock network delay (ideal)
                          2.00    2.00 v input external delay
                  0.01    0.00    2.00 v rst (in)
     1    0.00                           rst (net)
                  0.01    0.00    2.00 v input2/A (sky130_fd_sc_hd__buf_1)
                  0.05    0.10    2.10 v input2/X (sky130_fd_sc_hd__buf_1)
     3    0.01                           net2 (net)
                  0.05    0.00    2.10 v _389_/A (sky130_fd_sc_hd__buf_4)
                  0.08    0.20    2.30 v _389_/X (sky130_fd_sc_hd__buf_4)
    10    0.05                           _203_ (net)
                  0.08    0.00    2.30 v _392_/A (sky130_fd_sc_hd__inv_2)
                  0.03    0.06    2.36 ^ _392_/Y (sky130_fd_sc_hd__inv_2)
     1    0.00                           _034_ (net)
                  0.03    0.00    2.36 ^ _440_/RESET_B (sky130_fd_sc_hd__dfrtp_1)
                                  2.36   data arrival time

                  0.15   10.00   10.00   clock clk (rise edge)
                          0.00   10.00   clock network delay (ideal)
                         -0.25    9.75   clock uncertainty
                          0.00    9.75   clock reconvergence pessimism
                                  9.75 ^ _440_/CLK (sky130_fd_sc_hd__dfrtp_1)
                          0.27   10.02   library recovery time
                                 10.02   data required time
-----------------------------------------------------------------------------
                                 10.02   data required time
                                 -2.36   data arrival time
-----------------------------------------------------------------------------
                                  7.65   slack (MET)


Startpoint: rst (input port clocked by clk)
Endpoint: _439_ (recovery check against rising-edge clock clk)
Path Group: asynchronous
Path Type: max

Fanout     Cap    Slew   Delay    Time   Description
-----------------------------------------------------------------------------
                  0.15    0.00    0.00   clock clk (rise edge)
                          0.00    0.00   clock network delay (ideal)
                          2.00    2.00 v input external delay
                  0.01    0.00    2.00 v rst (in)
     1    0.00                           rst (net)
                  0.01    0.00    2.00 v input2/A (sky130_fd_sc_hd__buf_1)
                  0.05    0.10    2.10 v input2/X (sky130_fd_sc_hd__buf_1)
     3    0.01                           net2 (net)
                  0.05    0.00    2.10 v _389_/A (sky130_fd_sc_hd__buf_4)
                  0.08    0.20    2.30 v _389_/X (sky130_fd_sc_hd__buf_4)
    10    0.05                           _203_ (net)
                  0.08    0.00    2.30 v _391_/A (sky130_fd_sc_hd__inv_2)
                  0.03    0.06    2.36 ^ _391_/Y (sky130_fd_sc_hd__inv_2)
     1    0.00                           _033_ (net)
                  0.03    0.00    2.36 ^ _439_/RESET_B (sky130_fd_sc_hd__dfrtp_1)
                                  2.36   data arrival time

                  0.15   10.00   10.00   clock clk (rise edge)
                          0.00   10.00   clock network delay (ideal)
                         -0.25    9.75   clock uncertainty
                          0.00    9.75   clock reconvergence pessimism
                                  9.75 ^ _439_/CLK (sky130_fd_sc_hd__dfrtp_1)
                          0.27   10.02   library recovery time
                                 10.02   data required time
-----------------------------------------------------------------------------
                                 10.02   data required time
                                 -2.36   data arrival time
-----------------------------------------------------------------------------
                                  7.65   slack (MET)


Startpoint: rst (input port clocked by clk)
Endpoint: _444_ (recovery check against rising-edge clock clk)
Path Group: asynchronous
Path Type: max

Fanout     Cap    Slew   Delay    Time   Description
-----------------------------------------------------------------------------
                  0.15    0.00    0.00   clock clk (rise edge)
                          0.00    0.00   clock network delay (ideal)
                          2.00    2.00 v input external delay
                  0.01    0.00    2.00 v rst (in)
     1    0.00                           rst (net)
                  0.01    0.00    2.00 v input2/A (sky130_fd_sc_hd__buf_1)
                  0.05    0.10    2.10 v input2/X (sky130_fd_sc_hd__buf_1)
     3    0.01                           net2 (net)
                  0.05    0.00    2.10 v _389_/A (sky130_fd_sc_hd__buf_4)
                  0.08    0.20    2.30 v _389_/X (sky130_fd_sc_hd__buf_4)
    10    0.05                           _203_ (net)
                  0.08    0.00    2.30 v _396_/A (sky130_fd_sc_hd__inv_2)
                  0.03    0.06    2.36 ^ _396_/Y (sky130_fd_sc_hd__inv_2)
     1    0.00                           _038_ (net)
                  0.03    0.00    2.36 ^ _444_/RESET_B (sky130_fd_sc_hd__dfrtp_1)
                                  2.36   data arrival time

                  0.15   10.00   10.00   clock clk (rise edge)
                          0.00   10.00   clock network delay (ideal)
                         -0.25    9.75   clock uncertainty
                          0.00    9.75   clock reconvergence pessimism
                                  9.75 ^ _444_/CLK (sky130_fd_sc_hd__dfrtp_1)
                          0.27   10.02   library recovery time
                                 10.02   data required time
-----------------------------------------------------------------------------
                                 10.02   data required time
                                 -2.36   data arrival time
-----------------------------------------------------------------------------
                                  7.65   slack (MET)


Startpoint: rst (input port clocked by clk)
Endpoint: _443_ (recovery check against rising-edge clock clk)
Path Group: asynchronous
Path Type: max

Fanout     Cap    Slew   Delay    Time   Description
-----------------------------------------------------------------------------
                  0.15    0.00    0.00   clock clk (rise edge)
                          0.00    0.00   clock network delay (ideal)
                          2.00    2.00 v input external delay
                  0.01    0.00    2.00 v rst (in)
     1    0.00                           rst (net)
                  0.01    0.00    2.00 v input2/A (sky130_fd_sc_hd__buf_1)
                  0.05    0.10    2.10 v input2/X (sky130_fd_sc_hd__buf_1)
     3    0.01                           net2 (net)
                  0.05    0.00    2.10 v _389_/A (sky130_fd_sc_hd__buf_4)
                  0.08    0.20    2.30 v _389_/X (sky130_fd_sc_hd__buf_4)
    10    0.05                           _203_ (net)
                  0.08    0.00    2.30 v _395_/A (sky130_fd_sc_hd__inv_2)
                  0.03    0.06    2.36 ^ _395_/Y (sky130_fd_sc_hd__inv_2)
     1    0.00                           _037_ (net)
                  0.03    0.00    2.36 ^ _443_/RESET_B (sky130_fd_sc_hd__dfrtp_1)
                                  2.36   data arrival time

                  0.15   10.00   10.00   clock clk (rise edge)
                          0.00   10.00   clock network delay (ideal)
                         -0.25    9.75   clock uncertainty
                          0.00    9.75   clock reconvergence pessimism
                                  9.75 ^ _443_/CLK (sky130_fd_sc_hd__dfrtp_1)
                          0.27   10.02   library recovery time
                                 10.02   data required time
-----------------------------------------------------------------------------
                                 10.02   data required time
                                 -2.36   data arrival time
-----------------------------------------------------------------------------
                                  7.65   slack (MET)


Startpoint: rst (input port clocked by clk)
Endpoint: _438_ (recovery check against rising-edge clock clk)
Path Group: asynchronous
Path Type: max

Fanout     Cap    Slew   Delay    Time   Description
-----------------------------------------------------------------------------
                  0.15    0.00    0.00   clock clk (rise edge)
                          0.00    0.00   clock network delay (ideal)
                          2.00    2.00 v input external delay
                  0.01    0.00    2.00 v rst (in)
     1    0.00                           rst (net)
                  0.01    0.00    2.00 v input2/A (sky130_fd_sc_hd__buf_1)
                  0.05    0.10    2.10 v input2/X (sky130_fd_sc_hd__buf_1)
     3    0.01                           net2 (net)
                  0.05    0.00    2.10 v _389_/A (sky130_fd_sc_hd__buf_4)
                  0.08    0.20    2.30 v _389_/X (sky130_fd_sc_hd__buf_4)
    10    0.05                           _203_ (net)
                  0.08    0.00    2.30 v _390_/A (sky130_fd_sc_hd__inv_2)
                  0.03    0.06    2.36 ^ _390_/Y (sky130_fd_sc_hd__inv_2)
     1    0.00                           _032_ (net)
                  0.03    0.00    2.36 ^ _438_/RESET_B (sky130_fd_sc_hd__dfrtp_1)
                                  2.36   data arrival time

                  0.15   10.00   10.00   clock clk (rise edge)
                          0.00   10.00   clock network delay (ideal)
                         -0.25    9.75   clock uncertainty
                          0.00    9.75   clock reconvergence pessimism
                                  9.75 ^ _438_/CLK (sky130_fd_sc_hd__dfrtp_1)
                          0.27   10.02   library recovery time
                                 10.02   data required time
-----------------------------------------------------------------------------
                                 10.02   data required time
                                 -2.36   data arrival time
-----------------------------------------------------------------------------
                                  7.65   slack (MET)


Startpoint: rst (input port clocked by clk)
Endpoint: _441_ (recovery check against rising-edge clock clk)
Path Group: asynchronous
Path Type: max

Fanout     Cap    Slew   Delay    Time   Description
-----------------------------------------------------------------------------
                  0.15    0.00    0.00   clock clk (rise edge)
                          0.00    0.00   clock network delay (ideal)
                          2.00    2.00 v input external delay
                  0.01    0.00    2.00 v rst (in)
     1    0.00                           rst (net)
                  0.01    0.00    2.00 v input2/A (sky130_fd_sc_hd__buf_1)
                  0.05    0.10    2.10 v input2/X (sky130_fd_sc_hd__buf_1)
     3    0.01                           net2 (net)
                  0.05    0.00    2.10 v _389_/A (sky130_fd_sc_hd__buf_4)
                  0.08    0.20    2.30 v _389_/X (sky130_fd_sc_hd__buf_4)
    10    0.05                           _203_ (net)
                  0.08    0.00    2.30 v _393_/A (sky130_fd_sc_hd__inv_2)
                  0.03    0.06    2.36 ^ _393_/Y (sky130_fd_sc_hd__inv_2)
     1    0.00                           _035_ (net)
                  0.03    0.00    2.36 ^ _441_/RESET_B (sky130_fd_sc_hd__dfrtp_1)
                                  2.36   data arrival time

                  0.15   10.00   10.00   clock clk (rise edge)
                          0.00   10.00   clock network delay (ideal)
                         -0.25    9.75   clock uncertainty
                          0.00    9.75   clock reconvergence pessimism
                                  9.75 ^ _441_/CLK (sky130_fd_sc_hd__dfrtp_1)
                          0.27   10.02   library recovery time
                                 10.02   data required time
-----------------------------------------------------------------------------
                                 10.02   data required time
                                 -2.36   data arrival time
-----------------------------------------------------------------------------
                                  7.65   slack (MET)


Startpoint: rst (input port clocked by clk)
Endpoint: _447_ (recovery check against rising-edge clock clk)
Path Group: asynchronous
Path Type: max

Fanout     Cap    Slew   Delay    Time   Description
-----------------------------------------------------------------------------
                  0.15    0.00    0.00   clock clk (rise edge)
                          0.00    0.00   clock network delay (ideal)
                          2.00    2.00 v input external delay
                  0.01    0.00    2.00 v rst (in)
     1    0.00                           rst (net)
                  0.01    0.00    2.00 v input2/A (sky130_fd_sc_hd__buf_1)
                  0.05    0.10    2.10 v input2/X (sky130_fd_sc_hd__buf_1)
     3    0.01                           net2 (net)
                  0.05    0.00    2.10 v _389_/A (sky130_fd_sc_hd__buf_4)
                  0.08    0.20    2.30 v _389_/X (sky130_fd_sc_hd__buf_4)
    10    0.05                           _203_ (net)
                  0.08    0.00    2.30 v _399_/A (sky130_fd_sc_hd__inv_2)
                  0.03    0.06    2.36 ^ _399_/Y (sky130_fd_sc_hd__inv_2)
     1    0.00                           _041_ (net)
                  0.03    0.00    2.36 ^ _447_/RESET_B (sky130_fd_sc_hd__dfrtp_1)
                                  2.36   data arrival time

                  0.15   10.00   10.00   clock clk (rise edge)
                          0.00   10.00   clock network delay (ideal)
                         -0.25    9.75   clock uncertainty
                          0.00    9.75   clock reconvergence pessimism
                                  9.75 ^ _447_/CLK (sky130_fd_sc_hd__dfrtp_1)
                          0.27   10.02   library recovery time
                                 10.02   data required time
-----------------------------------------------------------------------------
                                 10.02   data required time
                                 -2.36   data arrival time
-----------------------------------------------------------------------------
                                  7.65   slack (MET)


Startpoint: rst (input port clocked by clk)
Endpoint: _442_ (recovery check against rising-edge clock clk)
Path Group: asynchronous
Path Type: max

Fanout     Cap    Slew   Delay    Time   Description
-----------------------------------------------------------------------------
                  0.15    0.00    0.00   clock clk (rise edge)
                          0.00    0.00   clock network delay (ideal)
                          2.00    2.00 v input external delay
                  0.01    0.00    2.00 v rst (in)
     1    0.00                           rst (net)
                  0.01    0.00    2.00 v input2/A (sky130_fd_sc_hd__buf_1)
                  0.05    0.10    2.10 v input2/X (sky130_fd_sc_hd__buf_1)
     3    0.01                           net2 (net)
                  0.05    0.00    2.10 v _389_/A (sky130_fd_sc_hd__buf_4)
                  0.08    0.20    2.30 v _389_/X (sky130_fd_sc_hd__buf_4)
    10    0.05                           _203_ (net)
                  0.08    0.00    2.30 v _394_/A (sky130_fd_sc_hd__inv_2)
                  0.03    0.06    2.36 ^ _394_/Y (sky130_fd_sc_hd__inv_2)
     1    0.00                           _036_ (net)
                  0.03    0.00    2.36 ^ _442_/RESET_B (sky130_fd_sc_hd__dfrtp_1)
                                  2.36   data arrival time

                  0.15   10.00   10.00   clock clk (rise edge)
                          0.00   10.00   clock network delay (ideal)
                         -0.25    9.75   clock uncertainty
                          0.00    9.75   clock reconvergence pessimism
                                  9.75 ^ _442_/CLK (sky130_fd_sc_hd__dfrtp_1)
                          0.27   10.02   library recovery time
                                 10.02   data required time
-----------------------------------------------------------------------------
                                 10.02   data required time
                                 -2.36   data arrival time
-----------------------------------------------------------------------------
                                  7.65   slack (MET)


Startpoint: rst (input port clocked by clk)
Endpoint: _445_ (recovery check against rising-edge clock clk)
Path Group: asynchronous
Path Type: max

Fanout     Cap    Slew   Delay    Time   Description
-----------------------------------------------------------------------------
                  0.15    0.00    0.00   clock clk (rise edge)
                          0.00    0.00   clock network delay (ideal)
                          2.00    2.00 v input external delay
                  0.01    0.00    2.00 v rst (in)
     1    0.00                           rst (net)
                  0.01    0.00    2.00 v input2/A (sky130_fd_sc_hd__buf_1)
                  0.05    0.10    2.10 v input2/X (sky130_fd_sc_hd__buf_1)
     3    0.01                           net2 (net)
                  0.05    0.00    2.10 v _389_/A (sky130_fd_sc_hd__buf_4)
                  0.08    0.20    2.30 v _389_/X (sky130_fd_sc_hd__buf_4)
    10    0.05                           _203_ (net)
                  0.08    0.00    2.30 v _397_/A (sky130_fd_sc_hd__inv_2)
                  0.03    0.06    2.36 ^ _397_/Y (sky130_fd_sc_hd__inv_2)
     1    0.00                           _039_ (net)
                  0.03    0.00    2.36 ^ _445_/RESET_B (sky130_fd_sc_hd__dfrtp_1)
                                  2.36   data arrival time

                  0.15   10.00   10.00   clock clk (rise edge)
                          0.00   10.00   clock network delay (ideal)
                         -0.25    9.75   clock uncertainty
                          0.00    9.75   clock reconvergence pessimism
                                  9.75 ^ _445_/CLK (sky130_fd_sc_hd__dfrtp_1)
                          0.27   10.02   library recovery time
                                 10.02   data required time
-----------------------------------------------------------------------------
                                 10.02   data required time
                                 -2.36   data arrival time
-----------------------------------------------------------------------------
                                  7.65   slack (MET)


Startpoint: rst (input port clocked by clk)
Endpoint: _446_ (recovery check against rising-edge clock clk)
Path Group: asynchronous
Path Type: max

Fanout     Cap    Slew   Delay    Time   Description
-----------------------------------------------------------------------------
                  0.15    0.00    0.00   clock clk (rise edge)
                          0.00    0.00   clock network delay (ideal)
                          2.00    2.00 v input external delay
                  0.01    0.00    2.00 v rst (in)
     1    0.00                           rst (net)
                  0.01    0.00    2.00 v input2/A (sky130_fd_sc_hd__buf_1)
                  0.05    0.10    2.10 v input2/X (sky130_fd_sc_hd__buf_1)
     3    0.01                           net2 (net)
                  0.05    0.00    2.10 v _389_/A (sky130_fd_sc_hd__buf_4)
                  0.08    0.20    2.30 v _389_/X (sky130_fd_sc_hd__buf_4)
    10    0.05                           _203_ (net)
                  0.08    0.00    2.30 v _398_/A (sky130_fd_sc_hd__inv_2)
                  0.03    0.06    2.36 ^ _398_/Y (sky130_fd_sc_hd__inv_2)
     1    0.00                           _040_ (net)
                  0.03    0.00    2.36 ^ _446_/RESET_B (sky130_fd_sc_hd__dfrtp_1)
                                  2.36   data arrival time

                  0.15   10.00   10.00   clock clk (rise edge)
                          0.00   10.00   clock network delay (ideal)
                         -0.25    9.75   clock uncertainty
                          0.00    9.75   clock reconvergence pessimism
                                  9.75 ^ _446_/CLK (sky130_fd_sc_hd__dfrtp_1)
                          0.27   10.02   library recovery time
                                 10.02   data required time
-----------------------------------------------------------------------------
                                 10.02   data required time
                                 -2.36   data arrival time
-----------------------------------------------------------------------------
                                  7.65   slack (MET)


Startpoint: rst (input port clocked by clk)
Endpoint: _450_ (recovery check against rising-edge clock clk)
Path Group: asynchronous
Path Type: max

Fanout     Cap    Slew   Delay    Time   Description
-----------------------------------------------------------------------------
                  0.15    0.00    0.00   clock clk (rise edge)
                          0.00    0.00   clock network delay (ideal)
                          2.00    2.00 v input external delay
                  0.01    0.00    2.00 v rst (in)
     1    0.00                           rst (net)
                  0.01    0.00    2.00 v input2/A (sky130_fd_sc_hd__buf_1)
                  0.05    0.10    2.10 v input2/X (sky130_fd_sc_hd__buf_1)
     3    0.01                           net2 (net)
                  0.05    0.00    2.10 v _355_/A (sky130_fd_sc_hd__buf_4)
                  0.07    0.19    2.30 v _355_/X (sky130_fd_sc_hd__buf_4)
    10    0.04                           _199_ (net)
                  0.07    0.00    2.30 v _402_/A (sky130_fd_sc_hd__inv_2)
                  0.03    0.06    2.35 ^ _402_/Y (sky130_fd_sc_hd__inv_2)
     1    0.00                           _044_ (net)
                  0.03    0.00    2.35 ^ _450_/RESET_B (sky130_fd_sc_hd__dfrtp_1)
                                  2.35   data arrival time

                  0.15   10.00   10.00   clock clk (rise edge)
                          0.00   10.00   clock network delay (ideal)
                         -0.25    9.75   clock uncertainty
                          0.00    9.75   clock reconvergence pessimism
                                  9.75 ^ _450_/CLK (sky130_fd_sc_hd__dfrtp_1)
                          0.27   10.02   library recovery time
                                 10.02   data required time
-----------------------------------------------------------------------------
                                 10.02   data required time
                                 -2.35   data arrival time
-----------------------------------------------------------------------------
                                  7.66   slack (MET)


Startpoint: rst (input port clocked by clk)
Endpoint: _454_ (recovery check against rising-edge clock clk)
Path Group: asynchronous
Path Type: max

Fanout     Cap    Slew   Delay    Time   Description
-----------------------------------------------------------------------------
                  0.15    0.00    0.00   clock clk (rise edge)
                          0.00    0.00   clock network delay (ideal)
                          2.00    2.00 v input external delay
                  0.01    0.00    2.00 v rst (in)
     1    0.00                           rst (net)
                  0.01    0.00    2.00 v input2/A (sky130_fd_sc_hd__buf_1)
                  0.05    0.10    2.10 v input2/X (sky130_fd_sc_hd__buf_1)
     3    0.01                           net2 (net)
                  0.05    0.00    2.10 v _355_/A (sky130_fd_sc_hd__buf_4)
                  0.07    0.19    2.30 v _355_/X (sky130_fd_sc_hd__buf_4)
    10    0.04                           _199_ (net)
                  0.07    0.00    2.30 v _406_/A (sky130_fd_sc_hd__inv_2)
                  0.03    0.06    2.35 ^ _406_/Y (sky130_fd_sc_hd__inv_2)
     1    0.00                           _048_ (net)
                  0.03    0.00    2.35 ^ _454_/RESET_B (sky130_fd_sc_hd__dfrtp_1)
                                  2.35   data arrival time

                  0.15   10.00   10.00   clock clk (rise edge)
                          0.00   10.00   clock network delay (ideal)
                         -0.25    9.75   clock uncertainty
                          0.00    9.75   clock reconvergence pessimism
                                  9.75 ^ _454_/CLK (sky130_fd_sc_hd__dfrtp_1)
                          0.27   10.02   library recovery time
                                 10.02   data required time
-----------------------------------------------------------------------------
                                 10.02   data required time
                                 -2.35   data arrival time
-----------------------------------------------------------------------------
                                  7.66   slack (MET)


Startpoint: rst (input port clocked by clk)
Endpoint: _455_ (recovery check against rising-edge clock clk)
Path Group: asynchronous
Path Type: max

Fanout     Cap    Slew   Delay    Time   Description
-----------------------------------------------------------------------------
                  0.15    0.00    0.00   clock clk (rise edge)
                          0.00    0.00   clock network delay (ideal)
                          2.00    2.00 v input external delay
                  0.01    0.00    2.00 v rst (in)
     1    0.00                           rst (net)
                  0.01    0.00    2.00 v input2/A (sky130_fd_sc_hd__buf_1)
                  0.05    0.10    2.10 v input2/X (sky130_fd_sc_hd__buf_1)
     3    0.01                           net2 (net)
                  0.05    0.00    2.10 v _355_/A (sky130_fd_sc_hd__buf_4)
                  0.07    0.19    2.30 v _355_/X (sky130_fd_sc_hd__buf_4)
    10    0.04                           _199_ (net)
                  0.07    0.00    2.30 v _407_/A (sky130_fd_sc_hd__inv_2)
                  0.03    0.06    2.35 ^ _407_/Y (sky130_fd_sc_hd__inv_2)
     1    0.00                           _049_ (net)
                  0.03    0.00    2.35 ^ _455_/RESET_B (sky130_fd_sc_hd__dfrtp_1)
                                  2.35   data arrival time

                  0.15   10.00   10.00   clock clk (rise edge)
                          0.00   10.00   clock network delay (ideal)
                         -0.25    9.75   clock uncertainty
                          0.00    9.75   clock reconvergence pessimism
                                  9.75 ^ _455_/CLK (sky130_fd_sc_hd__dfrtp_1)
                          0.27   10.02   library recovery time
                                 10.02   data required time
-----------------------------------------------------------------------------
                                 10.02   data required time
                                 -2.35   data arrival time
-----------------------------------------------------------------------------
                                  7.66   slack (MET)


Startpoint: rst (input port clocked by clk)
Endpoint: _452_ (recovery check against rising-edge clock clk)
Path Group: asynchronous
Path Type: max

Fanout     Cap    Slew   Delay    Time   Description
-----------------------------------------------------------------------------
                  0.15    0.00    0.00   clock clk (rise edge)
                          0.00    0.00   clock network delay (ideal)
                          2.00    2.00 v input external delay
                  0.01    0.00    2.00 v rst (in)
     1    0.00                           rst (net)
                  0.01    0.00    2.00 v input2/A (sky130_fd_sc_hd__buf_1)
                  0.05    0.10    2.10 v input2/X (sky130_fd_sc_hd__buf_1)
     3    0.01                           net2 (net)
                  0.05    0.00    2.10 v _355_/A (sky130_fd_sc_hd__buf_4)
                  0.07    0.19    2.30 v _355_/X (sky130_fd_sc_hd__buf_4)
    10    0.04                           _199_ (net)
                  0.07    0.00    2.30 v _404_/A (sky130_fd_sc_hd__inv_2)
                  0.03    0.06    2.35 ^ _404_/Y (sky130_fd_sc_hd__inv_2)
     1    0.00                           _046_ (net)
                  0.03    0.00    2.35 ^ _452_/RESET_B (sky130_fd_sc_hd__dfrtp_1)
                                  2.35   data arrival time

                  0.15   10.00   10.00   clock clk (rise edge)
                          0.00   10.00   clock network delay (ideal)
                         -0.25    9.75   clock uncertainty
                          0.00    9.75   clock reconvergence pessimism
                                  9.75 ^ _452_/CLK (sky130_fd_sc_hd__dfrtp_1)
                          0.27   10.02   library recovery time
                                 10.02   data required time
-----------------------------------------------------------------------------
                                 10.02   data required time
                                 -2.35   data arrival time
-----------------------------------------------------------------------------
                                  7.66   slack (MET)


Startpoint: rst (input port clocked by clk)
Endpoint: _451_ (recovery check against rising-edge clock clk)
Path Group: asynchronous
Path Type: max

Fanout     Cap    Slew   Delay    Time   Description
-----------------------------------------------------------------------------
                  0.15    0.00    0.00   clock clk (rise edge)
                          0.00    0.00   clock network delay (ideal)
                          2.00    2.00 v input external delay
                  0.01    0.00    2.00 v rst (in)
     1    0.00                           rst (net)
                  0.01    0.00    2.00 v input2/A (sky130_fd_sc_hd__buf_1)
                  0.05    0.10    2.10 v input2/X (sky130_fd_sc_hd__buf_1)
     3    0.01                           net2 (net)
                  0.05    0.00    2.10 v _355_/A (sky130_fd_sc_hd__buf_4)
                  0.07    0.19    2.30 v _355_/X (sky130_fd_sc_hd__buf_4)
    10    0.04                           _199_ (net)
                  0.07    0.00    2.30 v _403_/A (sky130_fd_sc_hd__inv_2)
                  0.03    0.06    2.35 ^ _403_/Y (sky130_fd_sc_hd__inv_2)
     1    0.00                           _045_ (net)
                  0.03    0.00    2.35 ^ _451_/RESET_B (sky130_fd_sc_hd__dfrtp_1)
                                  2.35   data arrival time

                  0.15   10.00   10.00   clock clk (rise edge)
                          0.00   10.00   clock network delay (ideal)
                         -0.25    9.75   clock uncertainty
                          0.00    9.75   clock reconvergence pessimism
                                  9.75 ^ _451_/CLK (sky130_fd_sc_hd__dfrtp_1)
                          0.27   10.02   library recovery time
                                 10.02   data required time
-----------------------------------------------------------------------------
                                 10.02   data required time
                                 -2.35   data arrival time
-----------------------------------------------------------------------------
                                  7.66   slack (MET)


Startpoint: rst (input port clocked by clk)
Endpoint: _449_ (recovery check against rising-edge clock clk)
Path Group: asynchronous
Path Type: max

Fanout     Cap    Slew   Delay    Time   Description
-----------------------------------------------------------------------------
                  0.15    0.00    0.00   clock clk (rise edge)
                          0.00    0.00   clock network delay (ideal)
                          2.00    2.00 v input external delay
                  0.01    0.00    2.00 v rst (in)
     1    0.00                           rst (net)
                  0.01    0.00    2.00 v input2/A (sky130_fd_sc_hd__buf_1)
                  0.05    0.10    2.10 v input2/X (sky130_fd_sc_hd__buf_1)
     3    0.01                           net2 (net)
                  0.05    0.00    2.10 v _355_/A (sky130_fd_sc_hd__buf_4)
                  0.07    0.19    2.30 v _355_/X (sky130_fd_sc_hd__buf_4)
    10    0.04                           _199_ (net)
                  0.07    0.00    2.30 v _401_/A (sky130_fd_sc_hd__inv_2)
                  0.03    0.06    2.35 ^ _401_/Y (sky130_fd_sc_hd__inv_2)
     1    0.00                           _043_ (net)
                  0.03    0.00    2.35 ^ _449_/RESET_B (sky130_fd_sc_hd__dfrtp_1)
                                  2.35   data arrival time

                  0.15   10.00   10.00   clock clk (rise edge)
                          0.00   10.00   clock network delay (ideal)
                         -0.25    9.75   clock uncertainty
                          0.00    9.75   clock reconvergence pessimism
                                  9.75 ^ _449_/CLK (sky130_fd_sc_hd__dfrtp_1)
                          0.27   10.02   library recovery time
                                 10.02   data required time
-----------------------------------------------------------------------------
                                 10.02   data required time
                                 -2.35   data arrival time
-----------------------------------------------------------------------------
                                  7.66   slack (MET)


Startpoint: rst (input port clocked by clk)
Endpoint: _448_ (recovery check against rising-edge clock clk)
Path Group: asynchronous
Path Type: max

Fanout     Cap    Slew   Delay    Time   Description
-----------------------------------------------------------------------------
                  0.15    0.00    0.00   clock clk (rise edge)
                          0.00    0.00   clock network delay (ideal)
                          2.00    2.00 v input external delay
                  0.01    0.00    2.00 v rst (in)
     1    0.00                           rst (net)
                  0.01    0.00    2.00 v input2/A (sky130_fd_sc_hd__buf_1)
                  0.05    0.10    2.10 v input2/X (sky130_fd_sc_hd__buf_1)
     3    0.01                           net2 (net)
                  0.05    0.00    2.10 v _355_/A (sky130_fd_sc_hd__buf_4)
                  0.07    0.19    2.30 v _355_/X (sky130_fd_sc_hd__buf_4)
    10    0.04                           _199_ (net)
                  0.07    0.00    2.30 v _400_/A (sky130_fd_sc_hd__inv_2)
                  0.03    0.06    2.35 ^ _400_/Y (sky130_fd_sc_hd__inv_2)
     1    0.00                           _042_ (net)
                  0.03    0.00    2.35 ^ _448_/RESET_B (sky130_fd_sc_hd__dfrtp_1)
                                  2.35   data arrival time

                  0.15   10.00   10.00   clock clk (rise edge)
                          0.00   10.00   clock network delay (ideal)
                         -0.25    9.75   clock uncertainty
                          0.00    9.75   clock reconvergence pessimism
                                  9.75 ^ _448_/CLK (sky130_fd_sc_hd__dfrtp_1)
                          0.27   10.02   library recovery time
                                 10.02   data required time
-----------------------------------------------------------------------------
                                 10.02   data required time
                                 -2.35   data arrival time
-----------------------------------------------------------------------------
                                  7.66   slack (MET)


Startpoint: rst (input port clocked by clk)
Endpoint: _453_ (recovery check against rising-edge clock clk)
Path Group: asynchronous
Path Type: max

Fanout     Cap    Slew   Delay    Time   Description
-----------------------------------------------------------------------------
                  0.15    0.00    0.00   clock clk (rise edge)
                          0.00    0.00   clock network delay (ideal)
                          2.00    2.00 v input external delay
                  0.01    0.00    2.00 v rst (in)
     1    0.00                           rst (net)
                  0.01    0.00    2.00 v input2/A (sky130_fd_sc_hd__buf_1)
                  0.05    0.10    2.10 v input2/X (sky130_fd_sc_hd__buf_1)
     3    0.01                           net2 (net)
                  0.05    0.00    2.10 v _355_/A (sky130_fd_sc_hd__buf_4)
                  0.07    0.19    2.30 v _355_/X (sky130_fd_sc_hd__buf_4)
    10    0.04                           _199_ (net)
                  0.07    0.00    2.30 v _405_/A (sky130_fd_sc_hd__inv_2)
                  0.03    0.06    2.35 ^ _405_/Y (sky130_fd_sc_hd__inv_2)
     1    0.00                           _047_ (net)
                  0.03    0.00    2.35 ^ _453_/RESET_B (sky130_fd_sc_hd__dfrtp_1)
                                  2.35   data arrival time

                  0.15   10.00   10.00   clock clk (rise edge)
                          0.00   10.00   clock network delay (ideal)
                         -0.25    9.75   clock uncertainty
                          0.00    9.75   clock reconvergence pessimism
                                  9.75 ^ _453_/CLK (sky130_fd_sc_hd__dfrtp_1)
                          0.27   10.02   library recovery time
                                 10.02   data required time
-----------------------------------------------------------------------------
                                 10.02   data required time
                                 -2.35   data arrival time
-----------------------------------------------------------------------------
                                  7.66   slack (MET)


Startpoint: _420_ (rising edge-triggered flip-flop clocked by clk)
Endpoint: _425_ (rising edge-triggered flip-flop clocked by clk)
Path Group: clk
Path Type: max

Fanout     Cap    Slew   Delay    Time   Description
-----------------------------------------------------------------------------
                  0.15    0.00    0.00   clock clk (rise edge)
                          0.00    0.00   clock network delay (ideal)
                  0.15    0.00    0.00 ^ _420_/CLK (sky130_fd_sc_hd__dfrtp_1)
                  0.08    0.46    0.46 v _420_/Q (sky130_fd_sc_hd__dfrtp_1)
     6    0.01                           clk_count[12] (net)
                  0.08    0.00    0.46 v _205_/B (sky130_fd_sc_hd__or4_1)
                  0.09    0.54    1.00 v _205_/X (sky130_fd_sc_hd__or4_1)
     1    0.00                           _097_ (net)
                  0.09    0.00    1.00 v _209_/A (sky130_fd_sc_hd__nor4_1)
                  0.34    0.38    1.39 ^ _209_/Y (sky130_fd_sc_hd__nor4_1)
     2    0.01                           _101_ (net)
                  0.34    0.00    1.39 ^ max_cap25/A (sky130_fd_sc_hd__buf_1)
                  0.13    0.20    1.59 ^ max_cap25/X (sky130_fd_sc_hd__buf_1)
     3    0.01                           net25 (net)
                  0.13    0.00    1.59 ^ _217_/C (sky130_fd_sc_hd__nand4_1)
                  0.11    0.14    1.73 v _217_/Y (sky130_fd_sc_hd__nand4_1)
     3    0.01                           _109_ (net)
                  0.11    0.00    1.73 v _218_/A (sky130_fd_sc_hd__buf_4)
                  0.07    0.22    1.95 v _218_/X (sky130_fd_sc_hd__buf_4)
    10    0.05                           _110_ (net)
                  0.07    0.00    1.95 v _354_/A (sky130_fd_sc_hd__inv_2)
                  0.03    0.05    2.00 ^ _354_/Y (sky130_fd_sc_hd__inv_2)
     1    0.00                           _001_ (net)
                  0.03    0.00    2.00 ^ _425_/D (sky130_fd_sc_hd__dfrtp_1)
                                  2.00   data arrival time

                  0.15   10.00   10.00   clock clk (rise edge)
                          0.00   10.00   clock network delay (ideal)
                         -0.25    9.75   clock uncertainty
                          0.00    9.75   clock reconvergence pessimism
                                  9.75 ^ _425_/CLK (sky130_fd_sc_hd__dfrtp_1)
                         -0.04    9.71   library setup time
                                  9.71   data required time
-----------------------------------------------------------------------------
                                  9.71   data required time
                                 -2.00   data arrival time
-----------------------------------------------------------------------------
                                  7.71   slack (MET)


Startpoint: _420_ (rising edge-triggered flip-flop clocked by clk)
Endpoint: _435_ (rising edge-triggered flip-flop clocked by clk)
Path Group: clk
Path Type: max

Fanout     Cap    Slew   Delay    Time   Description
-----------------------------------------------------------------------------
                  0.15    0.00    0.00   clock clk (rise edge)
                          0.00    0.00   clock network delay (ideal)
                  0.15    0.00    0.00 ^ _420_/CLK (sky130_fd_sc_hd__dfrtp_1)
                  0.08    0.46    0.46 v _420_/Q (sky130_fd_sc_hd__dfrtp_1)
     6    0.01                           clk_count[12] (net)
                  0.08    0.00    0.46 v _205_/B (sky130_fd_sc_hd__or4_1)
                  0.09    0.54    1.00 v _205_/X (sky130_fd_sc_hd__or4_1)
     1    0.00                           _097_ (net)
                  0.09    0.00    1.00 v _209_/A (sky130_fd_sc_hd__nor4_1)
                  0.34    0.38    1.39 ^ _209_/Y (sky130_fd_sc_hd__nor4_1)
     2    0.01                           _101_ (net)
                  0.34    0.00    1.39 ^ max_cap25/A (sky130_fd_sc_hd__buf_1)
                  0.13    0.20    1.59 ^ max_cap25/X (sky130_fd_sc_hd__buf_1)
     3    0.01                           net25 (net)
                  0.13    0.00    1.59 ^ _273_/A (sky130_fd_sc_hd__inv_2)
                  0.03    0.05    1.64 v _273_/Y (sky130_fd_sc_hd__inv_2)
     2    0.01                           _144_ (net)
                  0.03    0.00    1.64 v _274_/A2 (sky130_fd_sc_hd__a21oi_1)
                  0.10    0.14    1.77 ^ _274_/Y (sky130_fd_sc_hd__a21oi_1)
     1    0.00                           _075_ (net)
                  0.10    0.00    1.77 ^ _435_/D (sky130_fd_sc_hd__dfrtp_2)
                                  1.77   data arrival time

                  0.15   10.00   10.00   clock clk (rise edge)
                          0.00   10.00   clock network delay (ideal)
                         -0.25    9.75   clock uncertainty
                          0.00    9.75   clock reconvergence pessimism
                                  9.75 ^ _435_/CLK (sky130_fd_sc_hd__dfrtp_2)
                         -0.06    9.69   library setup time
                                  9.69   data required time
-----------------------------------------------------------------------------
                                  9.69   data required time
                                 -1.77   data arrival time
-----------------------------------------------------------------------------
                                  7.91   slack (MET)



