
===========================================================================
report_checks -path_delay max (Setup)
============================================================================
======================= Fastest Corner ===================================

Startpoint: _436_ (rising edge-triggered flip-flop clocked by clk)
Endpoint: cs (output port clocked by clk)
Path Group: clk
Path Type: max
Corner: Fastest

Fanout     Cap    Slew   Delay    Time   Description
-----------------------------------------------------------------------------
                          0.00    0.00   clock clk (rise edge)
                          0.00    0.00   clock source latency
                  0.06    0.04    0.04 ^ clk (in)
     1    0.02                           clk (net)
                  0.06    0.00    0.04 ^ clkbuf_0_clk/A (sky130_fd_sc_hd__clkbuf_16)
                  0.05    0.11    0.15 ^ clkbuf_0_clk/X (sky130_fd_sc_hd__clkbuf_16)
     4    0.04                           clknet_0_clk (net)
                  0.05    0.00    0.15 ^ clkbuf_2_3__f_clk/A (sky130_fd_sc_hd__clkbuf_16)
                  0.05    0.11    0.26 ^ clkbuf_2_3__f_clk/X (sky130_fd_sc_hd__clkbuf_16)
    12    0.04                           clknet_2_3__leaf_clk (net)
                  0.05    0.00    0.26 ^ _436_/CLK (sky130_fd_sc_hd__dfstp_1)
                  0.06    0.34    0.61 ^ _436_/Q (sky130_fd_sc_hd__dfstp_1)
     2    0.01                           net13 (net)
                  0.06    0.00    0.61 ^ output13/A (sky130_fd_sc_hd__clkbuf_4)
                  0.09    0.14    0.75 ^ output13/X (sky130_fd_sc_hd__clkbuf_4)
     1    0.03                           cs (net)
                  0.09    0.00    0.75 ^ cs (out)
                                  0.75   data arrival time

                         10.00   10.00   clock clk (rise edge)
                          0.00   10.00   clock network delay (propagated)
                         -0.25    9.75   clock uncertainty
                          0.00    9.75   clock reconvergence pessimism
                         -2.00    7.75   output external delay
                                  7.75   data required time
-----------------------------------------------------------------------------
                                  7.75   data required time
                                 -0.75   data arrival time
-----------------------------------------------------------------------------
                                  7.00   slack (MET)


Startpoint: _435_ (rising edge-triggered flip-flop clocked by clk)
Endpoint: sclk (output port clocked by clk)
Path Group: clk
Path Type: max
Corner: Fastest

Fanout     Cap    Slew   Delay    Time   Description
-----------------------------------------------------------------------------
                          0.00    0.00   clock clk (rise edge)
                          0.00    0.00   clock source latency
                  0.06    0.04    0.04 ^ clk (in)
     1    0.02                           clk (net)
                  0.06    0.00    0.04 ^ clkbuf_0_clk/A (sky130_fd_sc_hd__clkbuf_16)
                  0.05    0.11    0.15 ^ clkbuf_0_clk/X (sky130_fd_sc_hd__clkbuf_16)
     4    0.04                           clknet_0_clk (net)
                  0.05    0.00    0.15 ^ clkbuf_2_0__f_clk/A (sky130_fd_sc_hd__clkbuf_16)
                  0.05    0.11    0.26 ^ clkbuf_2_0__f_clk/X (sky130_fd_sc_hd__clkbuf_16)
    14    0.04                           clknet_2_0__leaf_clk (net)
                  0.05    0.00    0.26 ^ _435_/CLK (sky130_fd_sc_hd__dfrtp_2)
                  0.09    0.28    0.55 ^ _435_/Q (sky130_fd_sc_hd__dfrtp_2)
     4    0.02                           net24 (net)
                  0.09    0.00    0.55 ^ output24/A (sky130_fd_sc_hd__buf_2)
                  0.13    0.16    0.71 ^ output24/X (sky130_fd_sc_hd__buf_2)
     1    0.03                           sclk (net)
                  0.13    0.00    0.71 ^ sclk (out)
                                  0.71   data arrival time

                         10.00   10.00   clock clk (rise edge)
                          0.00   10.00   clock network delay (propagated)
                         -0.25    9.75   clock uncertainty
                          0.00    9.75   clock reconvergence pessimism
                         -2.00    7.75   output external delay
                                  7.75   data required time
-----------------------------------------------------------------------------
                                  7.75   data required time
                                 -0.71   data arrival time
-----------------------------------------------------------------------------
                                  7.04   slack (MET)


Startpoint: start (input port clocked by clk)
Endpoint: _450_ (rising edge-triggered flip-flop clocked by clk)
Path Group: clk
Path Type: max
Corner: Fastest

Fanout     Cap    Slew   Delay    Time   Description
-----------------------------------------------------------------------------
                          0.00    0.00   clock clk (rise edge)
                          0.00    0.00   clock network delay (propagated)
                          2.00    2.00 v input external delay
                  0.00    0.00    2.00 v start (in)
     1    0.00                           start (net)
                  0.00    0.00    2.00 v input3/A (sky130_fd_sc_hd__buf_1)
                  0.06    0.09    2.09 v input3/X (sky130_fd_sc_hd__buf_1)
     2    0.01                           net3 (net)
                  0.06    0.00    2.09 v _237_/B (sky130_fd_sc_hd__nor2_4)
                  0.18    0.17    2.26 ^ _237_/Y (sky130_fd_sc_hd__nor2_4)
     9    0.04                           _125_ (net)
                  0.18    0.00    2.26 ^ _238_/B1 (sky130_fd_sc_hd__a21o_2)
                  0.14    0.16    2.42 ^ _238_/X (sky130_fd_sc_hd__a21o_2)
     8    0.04                           _126_ (net)
                  0.14    0.00    2.42 ^ _241_/A2 (sky130_fd_sc_hd__a22o_1)
                  0.04    0.10    2.52 ^ _241_/X (sky130_fd_sc_hd__a22o_1)
     1    0.00                           _090_ (net)
                  0.04    0.00    2.52 ^ hold10/A (sky130_fd_sc_hd__dlygate4sd3_1)
                  0.04    0.39    2.91 ^ hold10/X (sky130_fd_sc_hd__dlygate4sd3_1)
     1    0.00                           net35 (net)
                  0.04    0.00    2.91 ^ _450_/D (sky130_fd_sc_hd__dfrtp_1)
                                  2.91   data arrival time

                         10.00   10.00   clock clk (rise edge)
                          0.00   10.00   clock source latency
                  0.06    0.04   10.04 ^ clk (in)
     1    0.02                           clk (net)
                  0.06    0.00   10.04 ^ clkbuf_0_clk/A (sky130_fd_sc_hd__clkbuf_16)
                  0.05    0.10   10.14 ^ clkbuf_0_clk/X (sky130_fd_sc_hd__clkbuf_16)
     4    0.04                           clknet_0_clk (net)
                  0.05    0.00   10.14 ^ clkbuf_2_0__f_clk/A (sky130_fd_sc_hd__clkbuf_16)
                  0.05    0.10   10.24 ^ clkbuf_2_0__f_clk/X (sky130_fd_sc_hd__clkbuf_16)
    14    0.04                           clknet_2_0__leaf_clk (net)
                  0.05    0.00   10.24 ^ _450_/CLK (sky130_fd_sc_hd__dfrtp_1)
                         -0.25    9.99   clock uncertainty
                          0.00    9.99   clock reconvergence pessimism
                         -0.03    9.96   library setup time
                                  9.96   data required time
-----------------------------------------------------------------------------
                                  9.96   data required time
                                 -2.91   data arrival time
-----------------------------------------------------------------------------
                                  7.04   slack (MET)


Startpoint: start (input port clocked by clk)
Endpoint: _449_ (rising edge-triggered flip-flop clocked by clk)
Path Group: clk
Path Type: max
Corner: Fastest

Fanout     Cap    Slew   Delay    Time   Description
-----------------------------------------------------------------------------
                          0.00    0.00   clock clk (rise edge)
                          0.00    0.00   clock network delay (propagated)
                          2.00    2.00 v input external delay
                  0.00    0.00    2.00 v start (in)
     1    0.00                           start (net)
                  0.00    0.00    2.00 v input3/A (sky130_fd_sc_hd__buf_1)
                  0.06    0.09    2.09 v input3/X (sky130_fd_sc_hd__buf_1)
     2    0.01                           net3 (net)
                  0.06    0.00    2.09 v _237_/B (sky130_fd_sc_hd__nor2_4)
                  0.18    0.17    2.26 ^ _237_/Y (sky130_fd_sc_hd__nor2_4)
     9    0.04                           _125_ (net)
                  0.18    0.00    2.26 ^ _238_/B1 (sky130_fd_sc_hd__a21o_2)
                  0.14    0.16    2.42 ^ _238_/X (sky130_fd_sc_hd__a21o_2)
     8    0.04                           _126_ (net)
                  0.14    0.00    2.42 ^ _242_/A2 (sky130_fd_sc_hd__a22o_1)
                  0.04    0.10    2.52 ^ _242_/X (sky130_fd_sc_hd__a22o_1)
     1    0.00                           _089_ (net)
                  0.04    0.00    2.52 ^ hold8/A (sky130_fd_sc_hd__dlygate4sd3_1)
                  0.04    0.39    2.91 ^ hold8/X (sky130_fd_sc_hd__dlygate4sd3_1)
     1    0.00                           net33 (net)
                  0.04    0.00    2.91 ^ _449_/D (sky130_fd_sc_hd__dfrtp_1)
                                  2.91   data arrival time

                         10.00   10.00   clock clk (rise edge)
                          0.00   10.00   clock source latency
                  0.06    0.04   10.04 ^ clk (in)
     1    0.02                           clk (net)
                  0.06    0.00   10.04 ^ clkbuf_0_clk/A (sky130_fd_sc_hd__clkbuf_16)
                  0.05    0.10   10.14 ^ clkbuf_0_clk/X (sky130_fd_sc_hd__clkbuf_16)
     4    0.04                           clknet_0_clk (net)
                  0.05    0.00   10.14 ^ clkbuf_2_0__f_clk/A (sky130_fd_sc_hd__clkbuf_16)
                  0.05    0.10   10.24 ^ clkbuf_2_0__f_clk/X (sky130_fd_sc_hd__clkbuf_16)
    14    0.04                           clknet_2_0__leaf_clk (net)
                  0.05    0.00   10.24 ^ _449_/CLK (sky130_fd_sc_hd__dfrtp_1)
                         -0.25    9.99   clock uncertainty
                          0.00    9.99   clock reconvergence pessimism
                         -0.03    9.96   library setup time
                                  9.96   data required time
-----------------------------------------------------------------------------
                                  9.96   data required time
                                 -2.91   data arrival time
-----------------------------------------------------------------------------
                                  7.05   slack (MET)


Startpoint: _424_ (rising edge-triggered flip-flop clocked by clk)
Endpoint: busy (output port clocked by clk)
Path Group: clk
Path Type: max
Corner: Fastest

Fanout     Cap    Slew   Delay    Time   Description
-----------------------------------------------------------------------------
                          0.00    0.00   clock clk (rise edge)
                          0.00    0.00   clock source latency
                  0.06    0.04    0.04 ^ clk (in)
     1    0.02                           clk (net)
                  0.06    0.00    0.04 ^ clkbuf_0_clk/A (sky130_fd_sc_hd__clkbuf_16)
                  0.05    0.11    0.15 ^ clkbuf_0_clk/X (sky130_fd_sc_hd__clkbuf_16)
     4    0.04                           clknet_0_clk (net)
                  0.05    0.00    0.15 ^ clkbuf_2_3__f_clk/A (sky130_fd_sc_hd__clkbuf_16)
                  0.05    0.11    0.26 ^ clkbuf_2_3__f_clk/X (sky130_fd_sc_hd__clkbuf_16)
    12    0.04                           clknet_2_3__leaf_clk (net)
                  0.05    0.00    0.26 ^ _424_/CLK (sky130_fd_sc_hd__dfrtp_2)
                  0.09    0.28    0.54 ^ _424_/Q (sky130_fd_sc_hd__dfrtp_2)
     4    0.02                           net12 (net)
                  0.09    0.00    0.54 ^ output12/A (sky130_fd_sc_hd__buf_2)
                  0.13    0.16    0.70 ^ output12/X (sky130_fd_sc_hd__buf_2)
     1    0.03                           busy (net)
                  0.13    0.00    0.70 ^ busy (out)
                                  0.70   data arrival time

                         10.00   10.00   clock clk (rise edge)
                          0.00   10.00   clock network delay (propagated)
                         -0.25    9.75   clock uncertainty
                          0.00    9.75   clock reconvergence pessimism
                         -2.00    7.75   output external delay
                                  7.75   data required time
-----------------------------------------------------------------------------
                                  7.75   data required time
                                 -0.70   data arrival time
-----------------------------------------------------------------------------
                                  7.05   slack (MET)


Startpoint: start (input port clocked by clk)
Endpoint: _447_ (rising edge-triggered flip-flop clocked by clk)
Path Group: clk
Path Type: max
Corner: Fastest

Fanout     Cap    Slew   Delay    Time   Description
-----------------------------------------------------------------------------
                          0.00    0.00   clock clk (rise edge)
                          0.00    0.00   clock network delay (propagated)
                          2.00    2.00 v input external delay
                  0.00    0.00    2.00 v start (in)
     1    0.00                           start (net)
                  0.00    0.00    2.00 v input3/A (sky130_fd_sc_hd__buf_1)
                  0.06    0.09    2.09 v input3/X (sky130_fd_sc_hd__buf_1)
     2    0.01                           net3 (net)
                  0.06    0.00    2.09 v _237_/B (sky130_fd_sc_hd__nor2_4)
                  0.18    0.17    2.26 ^ _237_/Y (sky130_fd_sc_hd__nor2_4)
     9    0.04                           _125_ (net)
                  0.18    0.00    2.26 ^ _238_/B1 (sky130_fd_sc_hd__a21o_2)
                  0.14    0.16    2.42 ^ _238_/X (sky130_fd_sc_hd__a21o_2)
     8    0.04                           _126_ (net)
                  0.14    0.00    2.42 ^ _244_/A2 (sky130_fd_sc_hd__a22o_1)
                  0.03    0.09    2.51 ^ _244_/X (sky130_fd_sc_hd__a22o_1)
     1    0.00                           _087_ (net)
                  0.03    0.00    2.51 ^ hold3/A (sky130_fd_sc_hd__dlygate4sd3_1)
                  0.04    0.39    2.90 ^ hold3/X (sky130_fd_sc_hd__dlygate4sd3_1)
     1    0.00                           net28 (net)
                  0.04    0.00    2.90 ^ _447_/D (sky130_fd_sc_hd__dfrtp_1)
                                  2.90   data arrival time

                         10.00   10.00   clock clk (rise edge)
                          0.00   10.00   clock source latency
                  0.06    0.04   10.04 ^ clk (in)
     1    0.02                           clk (net)
                  0.06    0.00   10.04 ^ clkbuf_0_clk/A (sky130_fd_sc_hd__clkbuf_16)
                  0.05    0.10   10.14 ^ clkbuf_0_clk/X (sky130_fd_sc_hd__clkbuf_16)
     4    0.04                           clknet_0_clk (net)
                  0.05    0.00   10.14 ^ clkbuf_2_0__f_clk/A (sky130_fd_sc_hd__clkbuf_16)
                  0.05    0.10   10.24 ^ clkbuf_2_0__f_clk/X (sky130_fd_sc_hd__clkbuf_16)
    14    0.04                           clknet_2_0__leaf_clk (net)
                  0.05    0.00   10.24 ^ _447_/CLK (sky130_fd_sc_hd__dfrtp_1)
                         -0.25    9.99   clock uncertainty
                          0.00    9.99   clock reconvergence pessimism
                         -0.03    9.96   library setup time
                                  9.96   data required time
-----------------------------------------------------------------------------
                                  9.96   data required time
                                 -2.90   data arrival time
-----------------------------------------------------------------------------
                                  7.05   slack (MET)


Startpoint: start (input port clocked by clk)
Endpoint: _451_ (rising edge-triggered flip-flop clocked by clk)
Path Group: clk
Path Type: max
Corner: Fastest

Fanout     Cap    Slew   Delay    Time   Description
-----------------------------------------------------------------------------
                          0.00    0.00   clock clk (rise edge)
                          0.00    0.00   clock network delay (propagated)
                          2.00    2.00 v input external delay
                  0.00    0.00    2.00 v start (in)
     1    0.00                           start (net)
                  0.00    0.00    2.00 v input3/A (sky130_fd_sc_hd__buf_1)
                  0.06    0.09    2.09 v input3/X (sky130_fd_sc_hd__buf_1)
     2    0.01                           net3 (net)
                  0.06    0.00    2.09 v _237_/B (sky130_fd_sc_hd__nor2_4)
                  0.18    0.17    2.26 ^ _237_/Y (sky130_fd_sc_hd__nor2_4)
     9    0.04                           _125_ (net)
                  0.18    0.00    2.26 ^ _238_/B1 (sky130_fd_sc_hd__a21o_2)
                  0.14    0.16    2.42 ^ _238_/X (sky130_fd_sc_hd__a21o_2)
     8    0.04                           _126_ (net)
                  0.14    0.00    2.42 ^ _240_/A2 (sky130_fd_sc_hd__a22o_1)
                  0.03    0.09    2.51 ^ _240_/X (sky130_fd_sc_hd__a22o_1)
     1    0.00                           _091_ (net)
                  0.03    0.00    2.51 ^ hold5/A (sky130_fd_sc_hd__dlygate4sd3_1)
                  0.04    0.39    2.90 ^ hold5/X (sky130_fd_sc_hd__dlygate4sd3_1)
     1    0.00                           net30 (net)
                  0.04    0.00    2.90 ^ _451_/D (sky130_fd_sc_hd__dfrtp_1)
                                  2.90   data arrival time

                         10.00   10.00   clock clk (rise edge)
                          0.00   10.00   clock source latency
                  0.06    0.04   10.04 ^ clk (in)
     1    0.02                           clk (net)
                  0.06    0.00   10.04 ^ clkbuf_0_clk/A (sky130_fd_sc_hd__clkbuf_16)
                  0.05    0.10   10.14 ^ clkbuf_0_clk/X (sky130_fd_sc_hd__clkbuf_16)
     4    0.04                           clknet_0_clk (net)
                  0.05    0.00   10.14 ^ clkbuf_2_0__f_clk/A (sky130_fd_sc_hd__clkbuf_16)
                  0.05    0.10   10.24 ^ clkbuf_2_0__f_clk/X (sky130_fd_sc_hd__clkbuf_16)
    14    0.04                           clknet_2_0__leaf_clk (net)
                  0.05    0.00   10.24 ^ _451_/CLK (sky130_fd_sc_hd__dfrtp_1)
                         -0.25    9.99   clock uncertainty
                          0.00    9.99   clock reconvergence pessimism
                         -0.03    9.96   library setup time
                                  9.96   data required time
-----------------------------------------------------------------------------
                                  9.96   data required time
                                 -2.90   data arrival time
-----------------------------------------------------------------------------
                                  7.06   slack (MET)


Startpoint: _430_ (rising edge-triggered flip-flop clocked by clk)
Endpoint: rx_data[4] (output port clocked by clk)
Path Group: clk
Path Type: max
Corner: Fastest

Fanout     Cap    Slew   Delay    Time   Description
-----------------------------------------------------------------------------
                          0.00    0.00   clock clk (rise edge)
                          0.00    0.00   clock source latency
                  0.06    0.04    0.04 ^ clk (in)
     1    0.02                           clk (net)
                  0.06    0.00    0.04 ^ clkbuf_0_clk/A (sky130_fd_sc_hd__clkbuf_16)
                  0.05    0.11    0.15 ^ clkbuf_0_clk/X (sky130_fd_sc_hd__clkbuf_16)
     4    0.04                           clknet_0_clk (net)
                  0.05    0.00    0.15 ^ clkbuf_2_0__f_clk/A (sky130_fd_sc_hd__clkbuf_16)
                  0.05    0.11    0.26 ^ clkbuf_2_0__f_clk/X (sky130_fd_sc_hd__clkbuf_16)
    14    0.04                           clknet_2_0__leaf_clk (net)
                  0.05    0.00    0.26 ^ _430_/CLK (sky130_fd_sc_hd__dfrtp_1)
                  0.09    0.27    0.53 ^ _430_/Q (sky130_fd_sc_hd__dfrtp_1)
     2    0.01                           net20 (net)
                  0.09    0.00    0.53 ^ output20/A (sky130_fd_sc_hd__clkbuf_4)
                  0.08    0.15    0.68 ^ output20/X (sky130_fd_sc_hd__clkbuf_4)
     1    0.03                           rx_data[4] (net)
                  0.08    0.00    0.68 ^ rx_data[4] (out)
                                  0.68   data arrival time

                         10.00   10.00   clock clk (rise edge)
                          0.00   10.00   clock network delay (propagated)
                         -0.25    9.75   clock uncertainty
                          0.00    9.75   clock reconvergence pessimism
                         -2.00    7.75   output external delay
                                  7.75   data required time
-----------------------------------------------------------------------------
                                  7.75   data required time
                                 -0.68   data arrival time
-----------------------------------------------------------------------------
                                  7.07   slack (MET)


Startpoint: _434_ (rising edge-triggered flip-flop clocked by clk)
Endpoint: mosi (output port clocked by clk)
Path Group: clk
Path Type: max
Corner: Fastest

Fanout     Cap    Slew   Delay    Time   Description
-----------------------------------------------------------------------------
                          0.00    0.00   clock clk (rise edge)
                          0.00    0.00   clock source latency
                  0.06    0.04    0.04 ^ clk (in)
     1    0.02                           clk (net)
                  0.06    0.00    0.04 ^ clkbuf_0_clk/A (sky130_fd_sc_hd__clkbuf_16)
                  0.05    0.11    0.15 ^ clkbuf_0_clk/X (sky130_fd_sc_hd__clkbuf_16)
     4    0.04                           clknet_0_clk (net)
                  0.05    0.00    0.15 ^ clkbuf_2_1__f_clk/A (sky130_fd_sc_hd__clkbuf_16)
                  0.04    0.11    0.26 ^ clkbuf_2_1__f_clk/X (sky130_fd_sc_hd__clkbuf_16)
    12    0.04                           clknet_2_1__leaf_clk (net)
                  0.04    0.00    0.26 ^ _434_/CLK (sky130_fd_sc_hd__dfrtp_1)
                  0.05    0.27    0.53 v _434_/Q (sky130_fd_sc_hd__dfrtp_1)
     2    0.01                           net15 (net)
                  0.05    0.00    0.53 v output15/A (sky130_fd_sc_hd__clkbuf_4)
                  0.06    0.14    0.67 v output15/X (sky130_fd_sc_hd__clkbuf_4)
     1    0.03                           mosi (net)
                  0.06    0.00    0.67 v mosi (out)
                                  0.67   data arrival time

                         10.00   10.00   clock clk (rise edge)
                          0.00   10.00   clock network delay (propagated)
                         -0.25    9.75   clock uncertainty
                          0.00    9.75   clock reconvergence pessimism
                         -2.00    7.75   output external delay
                                  7.75   data required time
-----------------------------------------------------------------------------
                                  7.75   data required time
                                 -0.67   data arrival time
-----------------------------------------------------------------------------
                                  7.08   slack (MET)


Startpoint: _428_ (rising edge-triggered flip-flop clocked by clk)
Endpoint: rx_data[2] (output port clocked by clk)
Path Group: clk
Path Type: max
Corner: Fastest

Fanout     Cap    Slew   Delay    Time   Description
-----------------------------------------------------------------------------
                          0.00    0.00   clock clk (rise edge)
                          0.00    0.00   clock source latency
                  0.06    0.04    0.04 ^ clk (in)
     1    0.02                           clk (net)
                  0.06    0.00    0.04 ^ clkbuf_0_clk/A (sky130_fd_sc_hd__clkbuf_16)
                  0.05    0.11    0.15 ^ clkbuf_0_clk/X (sky130_fd_sc_hd__clkbuf_16)
     4    0.04                           clknet_0_clk (net)
                  0.05    0.00    0.15 ^ clkbuf_2_0__f_clk/A (sky130_fd_sc_hd__clkbuf_16)
                  0.05    0.11    0.26 ^ clkbuf_2_0__f_clk/X (sky130_fd_sc_hd__clkbuf_16)
    14    0.04                           clknet_2_0__leaf_clk (net)
                  0.05    0.00    0.27 ^ _428_/CLK (sky130_fd_sc_hd__dfrtp_1)
                  0.05    0.26    0.53 v _428_/Q (sky130_fd_sc_hd__dfrtp_1)
     2    0.01                           net18 (net)
                  0.05    0.00    0.53 v output18/A (sky130_fd_sc_hd__clkbuf_4)
                  0.06    0.14    0.67 v output18/X (sky130_fd_sc_hd__clkbuf_4)
     1    0.03                           rx_data[2] (net)
                  0.06    0.00    0.67 v rx_data[2] (out)
                                  0.67   data arrival time

                         10.00   10.00   clock clk (rise edge)
                          0.00   10.00   clock network delay (propagated)
                         -0.25    9.75   clock uncertainty
                          0.00    9.75   clock reconvergence pessimism
                         -2.00    7.75   output external delay
                                  7.75   data required time
-----------------------------------------------------------------------------
                                  7.75   data required time
                                 -0.67   data arrival time
-----------------------------------------------------------------------------
                                  7.08   slack (MET)


Startpoint: _431_ (rising edge-triggered flip-flop clocked by clk)
Endpoint: rx_data[5] (output port clocked by clk)
Path Group: clk
Path Type: max
Corner: Fastest

Fanout     Cap    Slew   Delay    Time   Description
-----------------------------------------------------------------------------
                          0.00    0.00   clock clk (rise edge)
                          0.00    0.00   clock source latency
                  0.06    0.04    0.04 ^ clk (in)
     1    0.02                           clk (net)
                  0.06    0.00    0.04 ^ clkbuf_0_clk/A (sky130_fd_sc_hd__clkbuf_16)
                  0.05    0.11    0.15 ^ clkbuf_0_clk/X (sky130_fd_sc_hd__clkbuf_16)
     4    0.04                           clknet_0_clk (net)
                  0.05    0.00    0.15 ^ clkbuf_2_0__f_clk/A (sky130_fd_sc_hd__clkbuf_16)
                  0.05    0.11    0.26 ^ clkbuf_2_0__f_clk/X (sky130_fd_sc_hd__clkbuf_16)
    14    0.04                           clknet_2_0__leaf_clk (net)
                  0.05    0.00    0.27 ^ _431_/CLK (sky130_fd_sc_hd__dfrtp_1)
                  0.04    0.26    0.52 v _431_/Q (sky130_fd_sc_hd__dfrtp_1)
     2    0.01                           net21 (net)
                  0.04    0.00    0.52 v output21/A (sky130_fd_sc_hd__clkbuf_4)
                  0.06    0.13    0.66 v output21/X (sky130_fd_sc_hd__clkbuf_4)
     1    0.03                           rx_data[5] (net)
                  0.06    0.00    0.66 v rx_data[5] (out)
                                  0.66   data arrival time

                         10.00   10.00   clock clk (rise edge)
                          0.00   10.00   clock network delay (propagated)
                         -0.25    9.75   clock uncertainty
                          0.00    9.75   clock reconvergence pessimism
                         -2.00    7.75   output external delay
                                  7.75   data required time
-----------------------------------------------------------------------------
                                  7.75   data required time
                                 -0.66   data arrival time
-----------------------------------------------------------------------------
                                  7.09   slack (MET)


Startpoint: _429_ (rising edge-triggered flip-flop clocked by clk)
Endpoint: rx_data[3] (output port clocked by clk)
Path Group: clk
Path Type: max
Corner: Fastest

Fanout     Cap    Slew   Delay    Time   Description
-----------------------------------------------------------------------------
                          0.00    0.00   clock clk (rise edge)
                          0.00    0.00   clock source latency
                  0.06    0.04    0.04 ^ clk (in)
     1    0.02                           clk (net)
                  0.06    0.00    0.04 ^ clkbuf_0_clk/A (sky130_fd_sc_hd__clkbuf_16)
                  0.05    0.11    0.15 ^ clkbuf_0_clk/X (sky130_fd_sc_hd__clkbuf_16)
     4    0.04                           clknet_0_clk (net)
                  0.05    0.00    0.15 ^ clkbuf_2_0__f_clk/A (sky130_fd_sc_hd__clkbuf_16)
                  0.05    0.11    0.26 ^ clkbuf_2_0__f_clk/X (sky130_fd_sc_hd__clkbuf_16)
    14    0.04                           clknet_2_0__leaf_clk (net)
                  0.05    0.00    0.26 ^ _429_/CLK (sky130_fd_sc_hd__dfrtp_1)
                  0.04    0.26    0.52 v _429_/Q (sky130_fd_sc_hd__dfrtp_1)
     2    0.01                           net19 (net)
                  0.04    0.00    0.52 v output19/A (sky130_fd_sc_hd__clkbuf_4)
                  0.06    0.13    0.66 v output19/X (sky130_fd_sc_hd__clkbuf_4)
     1    0.03                           rx_data[3] (net)
                  0.06    0.00    0.66 v rx_data[3] (out)
                                  0.66   data arrival time

                         10.00   10.00   clock clk (rise edge)
                          0.00   10.00   clock network delay (propagated)
                         -0.25    9.75   clock uncertainty
                          0.00    9.75   clock reconvergence pessimism
                         -2.00    7.75   output external delay
                                  7.75   data required time
-----------------------------------------------------------------------------
                                  7.75   data required time
                                 -0.66   data arrival time
-----------------------------------------------------------------------------
                                  7.09   slack (MET)


Startpoint: start (input port clocked by clk)
Endpoint: _453_ (rising edge-triggered flip-flop clocked by clk)
Path Group: clk
Path Type: max
Corner: Fastest

Fanout     Cap    Slew   Delay    Time   Description
-----------------------------------------------------------------------------
                          0.00    0.00   clock clk (rise edge)
                          0.00    0.00   clock network delay (propagated)
                          2.00    2.00 v input external delay
                  0.00    0.00    2.00 v start (in)
     1    0.00                           start (net)
                  0.00    0.00    2.00 v input3/A (sky130_fd_sc_hd__buf_1)
                  0.06    0.09    2.09 v input3/X (sky130_fd_sc_hd__buf_1)
     2    0.01                           net3 (net)
                  0.06    0.00    2.09 v _204_/B (sky130_fd_sc_hd__or2_2)
                  0.07    0.22    2.31 v _204_/X (sky130_fd_sc_hd__or2_2)
     6    0.02                           _096_ (net)
                  0.07    0.00    2.31 v _222_/A (sky130_fd_sc_hd__and3_1)
                  0.03    0.11    2.42 v _222_/X (sky130_fd_sc_hd__and3_1)
     1    0.00                           _113_ (net)
                  0.03    0.00    2.42 v _223_/A (sky130_fd_sc_hd__clkbuf_4)
                  0.07    0.14    2.56 v _223_/X (sky130_fd_sc_hd__clkbuf_4)
    10    0.05                           _114_ (net)
                  0.07    0.00    2.56 v _229_/S (sky130_fd_sc_hd__mux2_1)
                  0.04    0.20    2.76 v _229_/X (sky130_fd_sc_hd__mux2_1)
     1    0.00                           _119_ (net)
                  0.04    0.00    2.76 v _230_/A (sky130_fd_sc_hd__clkbuf_1)
                  0.02    0.06    2.83 v _230_/X (sky130_fd_sc_hd__clkbuf_1)
     1    0.00                           _093_ (net)
                  0.02    0.00    2.83 v _453_/D (sky130_fd_sc_hd__dfrtp_1)
                                  2.83   data arrival time

                         10.00   10.00   clock clk (rise edge)
                          0.00   10.00   clock source latency
                  0.06    0.04   10.04 ^ clk (in)
     1    0.02                           clk (net)
                  0.06    0.00   10.04 ^ clkbuf_0_clk/A (sky130_fd_sc_hd__clkbuf_16)
                  0.05    0.10   10.14 ^ clkbuf_0_clk/X (sky130_fd_sc_hd__clkbuf_16)
     4    0.04                           clknet_0_clk (net)
                  0.05    0.00   10.14 ^ clkbuf_2_1__f_clk/A (sky130_fd_sc_hd__clkbuf_16)
                  0.04    0.10   10.24 ^ clkbuf_2_1__f_clk/X (sky130_fd_sc_hd__clkbuf_16)
    12    0.04                           clknet_2_1__leaf_clk (net)
                  0.04    0.00   10.24 ^ _453_/CLK (sky130_fd_sc_hd__dfrtp_1)
                         -0.25    9.99   clock uncertainty
                          0.00    9.99   clock reconvergence pessimism
                         -0.07    9.92   library setup time
                                  9.92   data required time
-----------------------------------------------------------------------------
                                  9.92   data required time
                                 -2.83   data arrival time
-----------------------------------------------------------------------------
                                  7.09   slack (MET)


Startpoint: start (input port clocked by clk)
Endpoint: _442_ (rising edge-triggered flip-flop clocked by clk)
Path Group: clk
Path Type: max
Corner: Fastest

Fanout     Cap    Slew   Delay    Time   Description
-----------------------------------------------------------------------------
                          0.00    0.00   clock clk (rise edge)
                          0.00    0.00   clock network delay (propagated)
                          2.00    2.00 v input external delay
                  0.00    0.00    2.00 v start (in)
     1    0.00                           start (net)
                  0.00    0.00    2.00 v input3/A (sky130_fd_sc_hd__buf_1)
                  0.06    0.09    2.09 v input3/X (sky130_fd_sc_hd__buf_1)
     2    0.01                           net3 (net)
                  0.06    0.00    2.09 v _204_/B (sky130_fd_sc_hd__or2_2)
                  0.07    0.22    2.31 v _204_/X (sky130_fd_sc_hd__or2_2)
     6    0.02                           _096_ (net)
                  0.07    0.00    2.31 v _222_/A (sky130_fd_sc_hd__and3_1)
                  0.03    0.11    2.42 v _222_/X (sky130_fd_sc_hd__and3_1)
     1    0.00                           _113_ (net)
                  0.03    0.00    2.42 v _223_/A (sky130_fd_sc_hd__clkbuf_4)
                  0.07    0.14    2.56 v _223_/X (sky130_fd_sc_hd__clkbuf_4)
    10    0.05                           _114_ (net)
                  0.07    0.00    2.56 v _252_/S (sky130_fd_sc_hd__mux2_1)
                  0.04    0.20    2.76 v _252_/X (sky130_fd_sc_hd__mux2_1)
     1    0.00                           _131_ (net)
                  0.04    0.00    2.76 v _253_/A (sky130_fd_sc_hd__clkbuf_1)
                  0.02    0.06    2.82 v _253_/X (sky130_fd_sc_hd__clkbuf_1)
     1    0.00                           _082_ (net)
                  0.02    0.00    2.83 v _442_/D (sky130_fd_sc_hd__dfrtp_1)
                                  2.83   data arrival time

                         10.00   10.00   clock clk (rise edge)
                          0.00   10.00   clock source latency
                  0.06    0.04   10.04 ^ clk (in)
     1    0.02                           clk (net)
                  0.06    0.00   10.04 ^ clkbuf_0_clk/A (sky130_fd_sc_hd__clkbuf_16)
                  0.05    0.10   10.14 ^ clkbuf_0_clk/X (sky130_fd_sc_hd__clkbuf_16)
     4    0.04                           clknet_0_clk (net)
                  0.05    0.00   10.14 ^ clkbuf_2_1__f_clk/A (sky130_fd_sc_hd__clkbuf_16)
                  0.04    0.10   10.24 ^ clkbuf_2_1__f_clk/X (sky130_fd_sc_hd__clkbuf_16)
    12    0.04                           clknet_2_1__leaf_clk (net)
                  0.04    0.00   10.24 ^ _442_/CLK (sky130_fd_sc_hd__dfrtp_1)
                         -0.25    9.99   clock uncertainty
                          0.00    9.99   clock reconvergence pessimism
                         -0.07    9.92   library setup time
                                  9.92   data required time
-----------------------------------------------------------------------------
                                  9.92   data required time
                                 -2.83   data arrival time
-----------------------------------------------------------------------------
                                  7.10   slack (MET)


Startpoint: _427_ (rising edge-triggered flip-flop clocked by clk)
Endpoint: rx_data[1] (output port clocked by clk)
Path Group: clk
Path Type: max
Corner: Fastest

Fanout     Cap    Slew   Delay    Time   Description
-----------------------------------------------------------------------------
                          0.00    0.00   clock clk (rise edge)
                          0.00    0.00   clock source latency
                  0.06    0.04    0.04 ^ clk (in)
     1    0.02                           clk (net)
                  0.06    0.00    0.04 ^ clkbuf_0_clk/A (sky130_fd_sc_hd__clkbuf_16)
                  0.05    0.11    0.15 ^ clkbuf_0_clk/X (sky130_fd_sc_hd__clkbuf_16)
     4    0.04                           clknet_0_clk (net)
                  0.05    0.00    0.15 ^ clkbuf_2_1__f_clk/A (sky130_fd_sc_hd__clkbuf_16)
                  0.04    0.11    0.26 ^ clkbuf_2_1__f_clk/X (sky130_fd_sc_hd__clkbuf_16)
    12    0.04                           clknet_2_1__leaf_clk (net)
                  0.04    0.00    0.26 ^ _427_/CLK (sky130_fd_sc_hd__dfrtp_1)
                  0.04    0.26    0.52 v _427_/Q (sky130_fd_sc_hd__dfrtp_1)
     2    0.01                           net17 (net)
                  0.04    0.00    0.52 v output17/A (sky130_fd_sc_hd__clkbuf_4)
                  0.06    0.14    0.65 v output17/X (sky130_fd_sc_hd__clkbuf_4)
     1    0.03                           rx_data[1] (net)
                  0.06    0.00    0.65 v rx_data[1] (out)
                                  0.65   data arrival time

                         10.00   10.00   clock clk (rise edge)
                          0.00   10.00   clock network delay (propagated)
                         -0.25    9.75   clock uncertainty
                          0.00    9.75   clock reconvergence pessimism
                         -2.00    7.75   output external delay
                                  7.75   data required time
-----------------------------------------------------------------------------
                                  7.75   data required time
                                 -0.65   data arrival time
-----------------------------------------------------------------------------
                                  7.10   slack (MET)


Startpoint: start (input port clocked by clk)
Endpoint: _443_ (rising edge-triggered flip-flop clocked by clk)
Path Group: clk
Path Type: max
Corner: Fastest

Fanout     Cap    Slew   Delay    Time   Description
-----------------------------------------------------------------------------
                          0.00    0.00   clock clk (rise edge)
                          0.00    0.00   clock network delay (propagated)
                          2.00    2.00 v input external delay
                  0.00    0.00    2.00 v start (in)
     1    0.00                           start (net)
                  0.00    0.00    2.00 v input3/A (sky130_fd_sc_hd__buf_1)
                  0.06    0.09    2.09 v input3/X (sky130_fd_sc_hd__buf_1)
     2    0.01                           net3 (net)
                  0.06    0.00    2.09 v _204_/B (sky130_fd_sc_hd__or2_2)
                  0.07    0.22    2.31 v _204_/X (sky130_fd_sc_hd__or2_2)
     6    0.02                           _096_ (net)
                  0.07    0.00    2.31 v _222_/A (sky130_fd_sc_hd__and3_1)
                  0.03    0.11    2.42 v _222_/X (sky130_fd_sc_hd__and3_1)
     1    0.00                           _113_ (net)
                  0.03    0.00    2.42 v _223_/A (sky130_fd_sc_hd__clkbuf_4)
                  0.07    0.14    2.56 v _223_/X (sky130_fd_sc_hd__clkbuf_4)
    10    0.05                           _114_ (net)
                  0.07    0.00    2.56 v _249_/S (sky130_fd_sc_hd__mux2_1)
                  0.04    0.20    2.76 v _249_/X (sky130_fd_sc_hd__mux2_1)
     1    0.00                           _129_ (net)
                  0.04    0.00    2.76 v _250_/A (sky130_fd_sc_hd__clkbuf_1)
                  0.02    0.06    2.82 v _250_/X (sky130_fd_sc_hd__clkbuf_1)
     1    0.00                           _083_ (net)
                  0.02    0.00    2.82 v _443_/D (sky130_fd_sc_hd__dfrtp_1)
                                  2.82   data arrival time

                         10.00   10.00   clock clk (rise edge)
                          0.00   10.00   clock source latency
                  0.06    0.04   10.04 ^ clk (in)
     1    0.02                           clk (net)
                  0.06    0.00   10.04 ^ clkbuf_0_clk/A (sky130_fd_sc_hd__clkbuf_16)
                  0.05    0.10   10.14 ^ clkbuf_0_clk/X (sky130_fd_sc_hd__clkbuf_16)
     4    0.04                           clknet_0_clk (net)
                  0.05    0.00   10.14 ^ clkbuf_2_1__f_clk/A (sky130_fd_sc_hd__clkbuf_16)
                  0.04    0.10   10.24 ^ clkbuf_2_1__f_clk/X (sky130_fd_sc_hd__clkbuf_16)
    12    0.04                           clknet_2_1__leaf_clk (net)
                  0.04    0.00   10.24 ^ _443_/CLK (sky130_fd_sc_hd__dfrtp_1)
                         -0.25    9.99   clock uncertainty
                          0.00    9.99   clock reconvergence pessimism
                         -0.07    9.92   library setup time
                                  9.92   data required time
-----------------------------------------------------------------------------
                                  9.92   data required time
                                 -2.82   data arrival time
-----------------------------------------------------------------------------
                                  7.10   slack (MET)


Startpoint: start (input port clocked by clk)
Endpoint: _452_ (rising edge-triggered flip-flop clocked by clk)
Path Group: clk
Path Type: max
Corner: Fastest

Fanout     Cap    Slew   Delay    Time   Description
-----------------------------------------------------------------------------
                          0.00    0.00   clock clk (rise edge)
                          0.00    0.00   clock network delay (propagated)
                          2.00    2.00 v input external delay
                  0.00    0.00    2.00 v start (in)
     1    0.00                           start (net)
                  0.00    0.00    2.00 v input3/A (sky130_fd_sc_hd__buf_1)
                  0.06    0.09    2.09 v input3/X (sky130_fd_sc_hd__buf_1)
     2    0.01                           net3 (net)
                  0.06    0.00    2.09 v _204_/B (sky130_fd_sc_hd__or2_2)
                  0.07    0.22    2.31 v _204_/X (sky130_fd_sc_hd__or2_2)
     6    0.02                           _096_ (net)
                  0.07    0.00    2.31 v _222_/A (sky130_fd_sc_hd__and3_1)
                  0.03    0.11    2.42 v _222_/X (sky130_fd_sc_hd__and3_1)
     1    0.00                           _113_ (net)
                  0.03    0.00    2.42 v _223_/A (sky130_fd_sc_hd__clkbuf_4)
                  0.07    0.14    2.56 v _223_/X (sky130_fd_sc_hd__clkbuf_4)
    10    0.05                           _114_ (net)
                  0.07    0.00    2.56 v _233_/S (sky130_fd_sc_hd__mux2_1)
                  0.04    0.20    2.76 v _233_/X (sky130_fd_sc_hd__mux2_1)
     1    0.00                           _122_ (net)
                  0.04    0.00    2.76 v _234_/A (sky130_fd_sc_hd__clkbuf_1)
                  0.02    0.06    2.82 v _234_/X (sky130_fd_sc_hd__clkbuf_1)
     1    0.00                           _092_ (net)
                  0.02    0.00    2.82 v _452_/D (sky130_fd_sc_hd__dfrtp_1)
                                  2.82   data arrival time

                         10.00   10.00   clock clk (rise edge)
                          0.00   10.00   clock source latency
                  0.06    0.04   10.04 ^ clk (in)
     1    0.02                           clk (net)
                  0.06    0.00   10.04 ^ clkbuf_0_clk/A (sky130_fd_sc_hd__clkbuf_16)
                  0.05    0.10   10.14 ^ clkbuf_0_clk/X (sky130_fd_sc_hd__clkbuf_16)
     4    0.04                           clknet_0_clk (net)
                  0.05    0.00   10.14 ^ clkbuf_2_1__f_clk/A (sky130_fd_sc_hd__clkbuf_16)
                  0.04    0.10   10.24 ^ clkbuf_2_1__f_clk/X (sky130_fd_sc_hd__clkbuf_16)
    12    0.04                           clknet_2_1__leaf_clk (net)
                  0.04    0.00   10.24 ^ _452_/CLK (sky130_fd_sc_hd__dfrtp_1)
                         -0.25    9.99   clock uncertainty
                          0.00    9.99   clock reconvergence pessimism
                         -0.07    9.92   library setup time
                                  9.92   data required time
-----------------------------------------------------------------------------
                                  9.92   data required time
                                 -2.82   data arrival time
-----------------------------------------------------------------------------
                                  7.10   slack (MET)


Startpoint: _432_ (rising edge-triggered flip-flop clocked by clk)
Endpoint: rx_data[6] (output port clocked by clk)
Path Group: clk
Path Type: max
Corner: Fastest

Fanout     Cap    Slew   Delay    Time   Description
-----------------------------------------------------------------------------
                          0.00    0.00   clock clk (rise edge)
                          0.00    0.00   clock source latency
                  0.06    0.04    0.04 ^ clk (in)
     1    0.02                           clk (net)
                  0.06    0.00    0.04 ^ clkbuf_0_clk/A (sky130_fd_sc_hd__clkbuf_16)
                  0.05    0.11    0.15 ^ clkbuf_0_clk/X (sky130_fd_sc_hd__clkbuf_16)
     4    0.04                           clknet_0_clk (net)
                  0.05    0.00    0.15 ^ clkbuf_2_0__f_clk/A (sky130_fd_sc_hd__clkbuf_16)
                  0.05    0.11    0.26 ^ clkbuf_2_0__f_clk/X (sky130_fd_sc_hd__clkbuf_16)
    14    0.04                           clknet_2_0__leaf_clk (net)
                  0.05    0.00    0.27 ^ _432_/CLK (sky130_fd_sc_hd__dfrtp_1)
                  0.04    0.25    0.52 v _432_/Q (sky130_fd_sc_hd__dfrtp_1)
     2    0.01                           net22 (net)
                  0.04    0.00    0.52 v output22/A (sky130_fd_sc_hd__clkbuf_4)
                  0.06    0.13    0.65 v output22/X (sky130_fd_sc_hd__clkbuf_4)
     1    0.03                           rx_data[6] (net)
                  0.06    0.00    0.65 v rx_data[6] (out)
                                  0.65   data arrival time

                         10.00   10.00   clock clk (rise edge)
                          0.00   10.00   clock network delay (propagated)
                         -0.25    9.75   clock uncertainty
                          0.00    9.75   clock reconvergence pessimism
                         -2.00    7.75   output external delay
                                  7.75   data required time
-----------------------------------------------------------------------------
                                  7.75   data required time
                                 -0.65   data arrival time
-----------------------------------------------------------------------------
                                  7.10   slack (MET)


Startpoint: start (input port clocked by clk)
Endpoint: _440_ (rising edge-triggered flip-flop clocked by clk)
Path Group: clk
Path Type: max
Corner: Fastest

Fanout     Cap    Slew   Delay    Time   Description
-----------------------------------------------------------------------------
                          0.00    0.00   clock clk (rise edge)
                          0.00    0.00   clock network delay (propagated)
                          2.00    2.00 v input external delay
                  0.00    0.00    2.00 v start (in)
     1    0.00                           start (net)
                  0.00    0.00    2.00 v input3/A (sky130_fd_sc_hd__buf_1)
                  0.06    0.09    2.09 v input3/X (sky130_fd_sc_hd__buf_1)
     2    0.01                           net3 (net)
                  0.06    0.00    2.09 v _204_/B (sky130_fd_sc_hd__or2_2)
                  0.07    0.22    2.31 v _204_/X (sky130_fd_sc_hd__or2_2)
     6    0.02                           _096_ (net)
                  0.07    0.00    2.31 v _222_/A (sky130_fd_sc_hd__and3_1)
                  0.03    0.11    2.42 v _222_/X (sky130_fd_sc_hd__and3_1)
     1    0.00                           _113_ (net)
                  0.03    0.00    2.42 v _223_/A (sky130_fd_sc_hd__clkbuf_4)
                  0.07    0.14    2.56 v _223_/X (sky130_fd_sc_hd__clkbuf_4)
    10    0.05                           _114_ (net)
                  0.07    0.00    2.56 v _258_/S (sky130_fd_sc_hd__mux2_1)
                  0.04    0.20    2.76 v _258_/X (sky130_fd_sc_hd__mux2_1)
     1    0.00                           _135_ (net)
                  0.04    0.00    2.76 v _259_/A (sky130_fd_sc_hd__clkbuf_1)
                  0.02    0.06    2.82 v _259_/X (sky130_fd_sc_hd__clkbuf_1)
     1    0.00                           _080_ (net)
                  0.02    0.00    2.82 v _440_/D (sky130_fd_sc_hd__dfrtp_1)
                                  2.82   data arrival time

                         10.00   10.00   clock clk (rise edge)
                          0.00   10.00   clock source latency
                  0.06    0.04   10.04 ^ clk (in)
     1    0.02                           clk (net)
                  0.06    0.00   10.04 ^ clkbuf_0_clk/A (sky130_fd_sc_hd__clkbuf_16)
                  0.05    0.10   10.14 ^ clkbuf_0_clk/X (sky130_fd_sc_hd__clkbuf_16)
     4    0.04                           clknet_0_clk (net)
                  0.05    0.00   10.14 ^ clkbuf_2_3__f_clk/A (sky130_fd_sc_hd__clkbuf_16)
                  0.05    0.10   10.24 ^ clkbuf_2_3__f_clk/X (sky130_fd_sc_hd__clkbuf_16)
    12    0.04                           clknet_2_3__leaf_clk (net)
                  0.05    0.00   10.24 ^ _440_/CLK (sky130_fd_sc_hd__dfrtp_1)
                         -0.25    9.99   clock uncertainty
                          0.00    9.99   clock reconvergence pessimism
                         -0.07    9.92   library setup time
                                  9.92   data required time
-----------------------------------------------------------------------------
                                  9.92   data required time
                                 -2.82   data arrival time
-----------------------------------------------------------------------------
                                  7.10   slack (MET)


Startpoint: _433_ (rising edge-triggered flip-flop clocked by clk)
Endpoint: rx_data[7] (output port clocked by clk)
Path Group: clk
Path Type: max
Corner: Fastest

Fanout     Cap    Slew   Delay    Time   Description
-----------------------------------------------------------------------------
                          0.00    0.00   clock clk (rise edge)
                          0.00    0.00   clock source latency
                  0.06    0.04    0.04 ^ clk (in)
     1    0.02                           clk (net)
                  0.06    0.00    0.04 ^ clkbuf_0_clk/A (sky130_fd_sc_hd__clkbuf_16)
                  0.05    0.11    0.15 ^ clkbuf_0_clk/X (sky130_fd_sc_hd__clkbuf_16)
     4    0.04                           clknet_0_clk (net)
                  0.05    0.00    0.15 ^ clkbuf_2_1__f_clk/A (sky130_fd_sc_hd__clkbuf_16)
                  0.04    0.11    0.26 ^ clkbuf_2_1__f_clk/X (sky130_fd_sc_hd__clkbuf_16)
    12    0.04                           clknet_2_1__leaf_clk (net)
                  0.04    0.00    0.26 ^ _433_/CLK (sky130_fd_sc_hd__dfrtp_1)
                  0.04    0.25    0.52 v _433_/Q (sky130_fd_sc_hd__dfrtp_1)
     2    0.01                           net23 (net)
                  0.04    0.00    0.52 v output23/A (sky130_fd_sc_hd__clkbuf_4)
                  0.06    0.13    0.65 v output23/X (sky130_fd_sc_hd__clkbuf_4)
     1    0.03                           rx_data[7] (net)
                  0.06    0.00    0.65 v rx_data[7] (out)
                                  0.65   data arrival time

                         10.00   10.00   clock clk (rise edge)
                          0.00   10.00   clock network delay (propagated)
                         -0.25    9.75   clock uncertainty
                          0.00    9.75   clock reconvergence pessimism
                         -2.00    7.75   output external delay
                                  7.75   data required time
-----------------------------------------------------------------------------
                                  7.75   data required time
                                 -0.65   data arrival time
-----------------------------------------------------------------------------
                                  7.10   slack (MET)


Startpoint: start (input port clocked by clk)
Endpoint: _438_ (rising edge-triggered flip-flop clocked by clk)
Path Group: clk
Path Type: max
Corner: Fastest

Fanout     Cap    Slew   Delay    Time   Description
-----------------------------------------------------------------------------
                          0.00    0.00   clock clk (rise edge)
                          0.00    0.00   clock network delay (propagated)
                          2.00    2.00 v input external delay
                  0.00    0.00    2.00 v start (in)
     1    0.00                           start (net)
                  0.00    0.00    2.00 v input3/A (sky130_fd_sc_hd__buf_1)
                  0.06    0.09    2.09 v input3/X (sky130_fd_sc_hd__buf_1)
     2    0.01                           net3 (net)
                  0.06    0.00    2.09 v _204_/B (sky130_fd_sc_hd__or2_2)
                  0.07    0.22    2.31 v _204_/X (sky130_fd_sc_hd__or2_2)
     6    0.02                           _096_ (net)
                  0.07    0.00    2.31 v _222_/A (sky130_fd_sc_hd__and3_1)
                  0.03    0.11    2.42 v _222_/X (sky130_fd_sc_hd__and3_1)
     1    0.00                           _113_ (net)
                  0.03    0.00    2.42 v _223_/A (sky130_fd_sc_hd__clkbuf_4)
                  0.07    0.14    2.56 v _223_/X (sky130_fd_sc_hd__clkbuf_4)
    10    0.05                           _114_ (net)
                  0.07    0.00    2.56 v _264_/S (sky130_fd_sc_hd__mux2_1)
                  0.04    0.20    2.76 v _264_/X (sky130_fd_sc_hd__mux2_1)
     1    0.00                           _139_ (net)
                  0.04    0.00    2.76 v _265_/A (sky130_fd_sc_hd__clkbuf_1)
                  0.02    0.06    2.82 v _265_/X (sky130_fd_sc_hd__clkbuf_1)
     1    0.00                           _078_ (net)
                  0.02    0.00    2.82 v _438_/D (sky130_fd_sc_hd__dfrtp_1)
                                  2.82   data arrival time

                         10.00   10.00   clock clk (rise edge)
                          0.00   10.00   clock source latency
                  0.06    0.04   10.04 ^ clk (in)
     1    0.02                           clk (net)
                  0.06    0.00   10.04 ^ clkbuf_0_clk/A (sky130_fd_sc_hd__clkbuf_16)
                  0.05    0.10   10.14 ^ clkbuf_0_clk/X (sky130_fd_sc_hd__clkbuf_16)
     4    0.04                           clknet_0_clk (net)
                  0.05    0.00   10.14 ^ clkbuf_2_3__f_clk/A (sky130_fd_sc_hd__clkbuf_16)
                  0.05    0.10   10.24 ^ clkbuf_2_3__f_clk/X (sky130_fd_sc_hd__clkbuf_16)
    12    0.04                           clknet_2_3__leaf_clk (net)
                  0.05    0.00   10.24 ^ _438_/CLK (sky130_fd_sc_hd__dfrtp_1)
                         -0.25    9.99   clock uncertainty
                          0.00    9.99   clock reconvergence pessimism
                         -0.07    9.92   library setup time
                                  9.92   data required time
-----------------------------------------------------------------------------
                                  9.92   data required time
                                 -2.82   data arrival time
-----------------------------------------------------------------------------
                                  7.10   slack (MET)


Startpoint: start (input port clocked by clk)
Endpoint: _439_ (rising edge-triggered flip-flop clocked by clk)
Path Group: clk
Path Type: max
Corner: Fastest

Fanout     Cap    Slew   Delay    Time   Description
-----------------------------------------------------------------------------
                          0.00    0.00   clock clk (rise edge)
                          0.00    0.00   clock network delay (propagated)
                          2.00    2.00 v input external delay
                  0.00    0.00    2.00 v start (in)
     1    0.00                           start (net)
                  0.00    0.00    2.00 v input3/A (sky130_fd_sc_hd__buf_1)
                  0.06    0.09    2.09 v input3/X (sky130_fd_sc_hd__buf_1)
     2    0.01                           net3 (net)
                  0.06    0.00    2.09 v _204_/B (sky130_fd_sc_hd__or2_2)
                  0.07    0.22    2.31 v _204_/X (sky130_fd_sc_hd__or2_2)
     6    0.02                           _096_ (net)
                  0.07    0.00    2.31 v _222_/A (sky130_fd_sc_hd__and3_1)
                  0.03    0.11    2.42 v _222_/X (sky130_fd_sc_hd__and3_1)
     1    0.00                           _113_ (net)
                  0.03    0.00    2.42 v _223_/A (sky130_fd_sc_hd__clkbuf_4)
                  0.07    0.14    2.56 v _223_/X (sky130_fd_sc_hd__clkbuf_4)
    10    0.05                           _114_ (net)
                  0.07    0.00    2.56 v _261_/S (sky130_fd_sc_hd__mux2_1)
                  0.04    0.20    2.76 v _261_/X (sky130_fd_sc_hd__mux2_1)
     1    0.00                           _137_ (net)
                  0.04    0.00    2.76 v _262_/A (sky130_fd_sc_hd__clkbuf_1)
                  0.02    0.06    2.82 v _262_/X (sky130_fd_sc_hd__clkbuf_1)
     1    0.00                           _079_ (net)
                  0.02    0.00    2.82 v _439_/D (sky130_fd_sc_hd__dfrtp_1)
                                  2.82   data arrival time

                         10.00   10.00   clock clk (rise edge)
                          0.00   10.00   clock source latency
                  0.06    0.04   10.04 ^ clk (in)
     1    0.02                           clk (net)
                  0.06    0.00   10.04 ^ clkbuf_0_clk/A (sky130_fd_sc_hd__clkbuf_16)
                  0.05    0.10   10.14 ^ clkbuf_0_clk/X (sky130_fd_sc_hd__clkbuf_16)
     4    0.04                           clknet_0_clk (net)
                  0.05    0.00   10.14 ^ clkbuf_2_3__f_clk/A (sky130_fd_sc_hd__clkbuf_16)
                  0.05    0.10   10.24 ^ clkbuf_2_3__f_clk/X (sky130_fd_sc_hd__clkbuf_16)
    12    0.04                           clknet_2_3__leaf_clk (net)
                  0.05    0.00   10.24 ^ _439_/CLK (sky130_fd_sc_hd__dfrtp_1)
                         -0.25    9.99   clock uncertainty
                          0.00    9.99   clock reconvergence pessimism
                         -0.07    9.92   library setup time
                                  9.92   data required time
-----------------------------------------------------------------------------
                                  9.92   data required time
                                 -2.82   data arrival time
-----------------------------------------------------------------------------
                                  7.10   slack (MET)


Startpoint: start (input port clocked by clk)
Endpoint: _441_ (rising edge-triggered flip-flop clocked by clk)
Path Group: clk
Path Type: max
Corner: Fastest

Fanout     Cap    Slew   Delay    Time   Description
-----------------------------------------------------------------------------
                          0.00    0.00   clock clk (rise edge)
                          0.00    0.00   clock network delay (propagated)
                          2.00    2.00 v input external delay
                  0.00    0.00    2.00 v start (in)
     1    0.00                           start (net)
                  0.00    0.00    2.00 v input3/A (sky130_fd_sc_hd__buf_1)
                  0.06    0.09    2.09 v input3/X (sky130_fd_sc_hd__buf_1)
     2    0.01                           net3 (net)
                  0.06    0.00    2.09 v _204_/B (sky130_fd_sc_hd__or2_2)
                  0.07    0.22    2.31 v _204_/X (sky130_fd_sc_hd__or2_2)
     6    0.02                           _096_ (net)
                  0.07    0.00    2.31 v _222_/A (sky130_fd_sc_hd__and3_1)
                  0.03    0.11    2.42 v _222_/X (sky130_fd_sc_hd__and3_1)
     1    0.00                           _113_ (net)
                  0.03    0.00    2.42 v _223_/A (sky130_fd_sc_hd__clkbuf_4)
                  0.07    0.14    2.56 v _223_/X (sky130_fd_sc_hd__clkbuf_4)
    10    0.05                           _114_ (net)
                  0.07    0.00    2.56 v _255_/S (sky130_fd_sc_hd__mux2_1)
                  0.04    0.20    2.76 v _255_/X (sky130_fd_sc_hd__mux2_1)
     1    0.00                           _133_ (net)
                  0.04    0.00    2.76 v _256_/A (sky130_fd_sc_hd__clkbuf_1)
                  0.02    0.06    2.82 v _256_/X (sky130_fd_sc_hd__clkbuf_1)
     1    0.00                           _081_ (net)
                  0.02    0.00    2.82 v _441_/D (sky130_fd_sc_hd__dfrtp_1)
                                  2.82   data arrival time

                         10.00   10.00   clock clk (rise edge)
                          0.00   10.00   clock source latency
                  0.06    0.04   10.04 ^ clk (in)
     1    0.02                           clk (net)
                  0.06    0.00   10.04 ^ clkbuf_0_clk/A (sky130_fd_sc_hd__clkbuf_16)
                  0.05    0.10   10.14 ^ clkbuf_0_clk/X (sky130_fd_sc_hd__clkbuf_16)
     4    0.04                           clknet_0_clk (net)
                  0.05    0.00   10.14 ^ clkbuf_2_1__f_clk/A (sky130_fd_sc_hd__clkbuf_16)
                  0.04    0.10   10.24 ^ clkbuf_2_1__f_clk/X (sky130_fd_sc_hd__clkbuf_16)
    12    0.04                           clknet_2_1__leaf_clk (net)
                  0.04    0.00   10.24 ^ _441_/CLK (sky130_fd_sc_hd__dfrtp_1)
                         -0.25    9.99   clock uncertainty
                          0.00    9.99   clock reconvergence pessimism
                         -0.07    9.92   library setup time
                                  9.92   data required time
-----------------------------------------------------------------------------
                                  9.92   data required time
                                 -2.82   data arrival time
-----------------------------------------------------------------------------
                                  7.10   slack (MET)


Startpoint: start (input port clocked by clk)
Endpoint: _437_ (rising edge-triggered flip-flop clocked by clk)
Path Group: clk
Path Type: max
Corner: Fastest

Fanout     Cap    Slew   Delay    Time   Description
-----------------------------------------------------------------------------
                          0.00    0.00   clock clk (rise edge)
                          0.00    0.00   clock network delay (propagated)
                          2.00    2.00 v input external delay
                  0.00    0.00    2.00 v start (in)
     1    0.00                           start (net)
                  0.00    0.00    2.00 v input3/A (sky130_fd_sc_hd__buf_1)
                  0.06    0.09    2.09 v input3/X (sky130_fd_sc_hd__buf_1)
     2    0.01                           net3 (net)
                  0.06    0.00    2.09 v _204_/B (sky130_fd_sc_hd__or2_2)
                  0.07    0.22    2.31 v _204_/X (sky130_fd_sc_hd__or2_2)
     6    0.02                           _096_ (net)
                  0.07    0.00    2.31 v _222_/A (sky130_fd_sc_hd__and3_1)
                  0.03    0.11    2.42 v _222_/X (sky130_fd_sc_hd__and3_1)
     1    0.00                           _113_ (net)
                  0.03    0.00    2.42 v _223_/A (sky130_fd_sc_hd__clkbuf_4)
                  0.07    0.14    2.56 v _223_/X (sky130_fd_sc_hd__clkbuf_4)
    10    0.05                           _114_ (net)
                  0.07    0.00    2.56 v _267_/S (sky130_fd_sc_hd__mux2_1)
                  0.04    0.20    2.76 v _267_/X (sky130_fd_sc_hd__mux2_1)
     1    0.00                           _141_ (net)
                  0.04    0.00    2.76 v _268_/A (sky130_fd_sc_hd__clkbuf_1)
                  0.02    0.06    2.82 v _268_/X (sky130_fd_sc_hd__clkbuf_1)
     1    0.00                           _077_ (net)
                  0.02    0.00    2.82 v _437_/D (sky130_fd_sc_hd__dfrtp_1)
                                  2.82   data arrival time

                         10.00   10.00   clock clk (rise edge)
                          0.00   10.00   clock source latency
                  0.06    0.04   10.04 ^ clk (in)
     1    0.02                           clk (net)
                  0.06    0.00   10.04 ^ clkbuf_0_clk/A (sky130_fd_sc_hd__clkbuf_16)
                  0.05    0.10   10.14 ^ clkbuf_0_clk/X (sky130_fd_sc_hd__clkbuf_16)
     4    0.04                           clknet_0_clk (net)
                  0.05    0.00   10.14 ^ clkbuf_2_3__f_clk/A (sky130_fd_sc_hd__clkbuf_16)
                  0.05    0.10   10.24 ^ clkbuf_2_3__f_clk/X (sky130_fd_sc_hd__clkbuf_16)
    12    0.04                           clknet_2_3__leaf_clk (net)
                  0.05    0.00   10.24 ^ _437_/CLK (sky130_fd_sc_hd__dfrtp_1)
                         -0.25    9.99   clock uncertainty
                          0.00    9.99   clock reconvergence pessimism
                         -0.07    9.92   library setup time
                                  9.92   data required time
-----------------------------------------------------------------------------
                                  9.92   data required time
                                 -2.82   data arrival time
-----------------------------------------------------------------------------
                                  7.10   slack (MET)


Startpoint: _426_ (rising edge-triggered flip-flop clocked by clk)
Endpoint: rx_data[0] (output port clocked by clk)
Path Group: clk
Path Type: max
Corner: Fastest

Fanout     Cap    Slew   Delay    Time   Description
-----------------------------------------------------------------------------
                          0.00    0.00   clock clk (rise edge)
                          0.00    0.00   clock source latency
                  0.06    0.04    0.04 ^ clk (in)
     1    0.02                           clk (net)
                  0.06    0.00    0.04 ^ clkbuf_0_clk/A (sky130_fd_sc_hd__clkbuf_16)
                  0.05    0.11    0.15 ^ clkbuf_0_clk/X (sky130_fd_sc_hd__clkbuf_16)
     4    0.04                           clknet_0_clk (net)
                  0.05    0.00    0.15 ^ clkbuf_2_3__f_clk/A (sky130_fd_sc_hd__clkbuf_16)
                  0.05    0.11    0.26 ^ clkbuf_2_3__f_clk/X (sky130_fd_sc_hd__clkbuf_16)
    12    0.04                           clknet_2_3__leaf_clk (net)
                  0.05    0.00    0.26 ^ _426_/CLK (sky130_fd_sc_hd__dfrtp_1)
                  0.04    0.25    0.51 v _426_/Q (sky130_fd_sc_hd__dfrtp_1)
     2    0.01                           net16 (net)
                  0.04    0.00    0.51 v output16/A (sky130_fd_sc_hd__clkbuf_4)
                  0.06    0.13    0.65 v output16/X (sky130_fd_sc_hd__clkbuf_4)
     1    0.03                           rx_data[0] (net)
                  0.06    0.00    0.65 v rx_data[0] (out)
                                  0.65   data arrival time

                         10.00   10.00   clock clk (rise edge)
                          0.00   10.00   clock network delay (propagated)
                         -0.25    9.75   clock uncertainty
                          0.00    9.75   clock reconvergence pessimism
                         -2.00    7.75   output external delay
                                  7.75   data required time
-----------------------------------------------------------------------------
                                  7.75   data required time
                                 -0.65   data arrival time
-----------------------------------------------------------------------------
                                  7.10   slack (MET)


Startpoint: _425_ (rising edge-triggered flip-flop clocked by clk)
Endpoint: done (output port clocked by clk)
Path Group: clk
Path Type: max
Corner: Fastest

Fanout     Cap    Slew   Delay    Time   Description
-----------------------------------------------------------------------------
                          0.00    0.00   clock clk (rise edge)
                          0.00    0.00   clock source latency
                  0.06    0.04    0.04 ^ clk (in)
     1    0.02                           clk (net)
                  0.06    0.00    0.04 ^ clkbuf_0_clk/A (sky130_fd_sc_hd__clkbuf_16)
                  0.05    0.11    0.15 ^ clkbuf_0_clk/X (sky130_fd_sc_hd__clkbuf_16)
     4    0.04                           clknet_0_clk (net)
                  0.05    0.00    0.15 ^ clkbuf_2_2__f_clk/A (sky130_fd_sc_hd__clkbuf_16)
                  0.04    0.10    0.26 ^ clkbuf_2_2__f_clk/X (sky130_fd_sc_hd__clkbuf_16)
    10    0.04                           clknet_2_2__leaf_clk (net)
                  0.04    0.00    0.26 ^ _425_/CLK (sky130_fd_sc_hd__dfrtp_1)
                  0.03    0.24    0.50 v _425_/Q (sky130_fd_sc_hd__dfrtp_1)
     1    0.00                           net14 (net)
                  0.03    0.00    0.50 v output14/A (sky130_fd_sc_hd__clkbuf_4)
                  0.06    0.13    0.63 v output14/X (sky130_fd_sc_hd__clkbuf_4)
     1    0.04                           done (net)
                  0.06    0.00    0.63 v done (out)
                                  0.63   data arrival time

                         10.00   10.00   clock clk (rise edge)
                          0.00   10.00   clock network delay (propagated)
                         -0.25    9.75   clock uncertainty
                          0.00    9.75   clock reconvergence pessimism
                         -2.00    7.75   output external delay
                                  7.75   data required time
-----------------------------------------------------------------------------
                                  7.75   data required time
                                 -0.63   data arrival time
-----------------------------------------------------------------------------
                                  7.12   slack (MET)


Startpoint: start (input port clocked by clk)
Endpoint: _454_ (rising edge-triggered flip-flop clocked by clk)
Path Group: clk
Path Type: max
Corner: Fastest

Fanout     Cap    Slew   Delay    Time   Description
-----------------------------------------------------------------------------
                          0.00    0.00   clock clk (rise edge)
                          0.00    0.00   clock network delay (propagated)
                          2.00    2.00 v input external delay
                  0.00    0.00    2.00 v start (in)
     1    0.00                           start (net)
                  0.00    0.00    2.00 v input3/A (sky130_fd_sc_hd__buf_1)
                  0.06    0.09    2.09 v input3/X (sky130_fd_sc_hd__buf_1)
     2    0.01                           net3 (net)
                  0.06    0.00    2.09 v _204_/B (sky130_fd_sc_hd__or2_2)
                  0.07    0.22    2.31 v _204_/X (sky130_fd_sc_hd__or2_2)
     6    0.02                           _096_ (net)
                  0.07    0.00    2.31 v _222_/A (sky130_fd_sc_hd__and3_1)
                  0.03    0.11    2.42 v _222_/X (sky130_fd_sc_hd__and3_1)
     1    0.00                           _113_ (net)
                  0.03    0.00    2.42 v _223_/A (sky130_fd_sc_hd__clkbuf_4)
                  0.07    0.14    2.56 v _223_/X (sky130_fd_sc_hd__clkbuf_4)
    10    0.05                           _114_ (net)
                  0.07    0.00    2.56 v _226_/A2_N (sky130_fd_sc_hd__a2bb2o_1)
                  0.03    0.17    2.73 ^ _226_/X (sky130_fd_sc_hd__a2bb2o_1)
     1    0.00                           _094_ (net)
                  0.03    0.00    2.73 ^ _454_/D (sky130_fd_sc_hd__dfrtp_1)
                                  2.73   data arrival time

                         10.00   10.00   clock clk (rise edge)
                          0.00   10.00   clock source latency
                  0.06    0.04   10.04 ^ clk (in)
     1    0.02                           clk (net)
                  0.06    0.00   10.04 ^ clkbuf_0_clk/A (sky130_fd_sc_hd__clkbuf_16)
                  0.05    0.10   10.14 ^ clkbuf_0_clk/X (sky130_fd_sc_hd__clkbuf_16)
     4    0.04                           clknet_0_clk (net)
                  0.05    0.00   10.14 ^ clkbuf_2_1__f_clk/A (sky130_fd_sc_hd__clkbuf_16)
                  0.04    0.10   10.24 ^ clkbuf_2_1__f_clk/X (sky130_fd_sc_hd__clkbuf_16)
    12    0.04                           clknet_2_1__leaf_clk (net)
                  0.04    0.00   10.24 ^ _454_/CLK (sky130_fd_sc_hd__dfrtp_1)
                         -0.25    9.99   clock uncertainty
                          0.00    9.99   clock reconvergence pessimism
                         -0.03    9.95   library setup time
                                  9.95   data required time
-----------------------------------------------------------------------------
                                  9.95   data required time
                                 -2.73   data arrival time
-----------------------------------------------------------------------------
                                  7.23   slack (MET)


Startpoint: start (input port clocked by clk)
Endpoint: _434_ (rising edge-triggered flip-flop clocked by clk)
Path Group: clk
Path Type: max
Corner: Fastest

Fanout     Cap    Slew   Delay    Time   Description
-----------------------------------------------------------------------------
                          0.00    0.00   clock clk (rise edge)
                          0.00    0.00   clock network delay (propagated)
                          2.00    2.00 v input external delay
                  0.00    0.00    2.00 v start (in)
     1    0.00                           start (net)
                  0.00    0.00    2.00 v input3/A (sky130_fd_sc_hd__buf_1)
                  0.06    0.09    2.09 v input3/X (sky130_fd_sc_hd__buf_1)
     2    0.01                           net3 (net)
                  0.06    0.00    2.09 v _204_/B (sky130_fd_sc_hd__or2_2)
                  0.07    0.22    2.31 v _204_/X (sky130_fd_sc_hd__or2_2)
     6    0.02                           _096_ (net)
                  0.07    0.00    2.31 v _212_/A (sky130_fd_sc_hd__nand2_1)
                  0.07    0.08    2.39 ^ _212_/Y (sky130_fd_sc_hd__nand2_1)
     2    0.01                           _104_ (net)
                  0.07    0.00    2.39 ^ _277_/S (sky130_fd_sc_hd__mux2_1)
                  0.04    0.20    2.60 v _277_/X (sky130_fd_sc_hd__mux2_1)
     1    0.00                           _147_ (net)
                  0.04    0.00    2.60 v _278_/A (sky130_fd_sc_hd__clkbuf_1)
                  0.02    0.07    2.67 v _278_/X (sky130_fd_sc_hd__clkbuf_1)
     1    0.00                           _074_ (net)
                  0.02    0.00    2.67 v _434_/D (sky130_fd_sc_hd__dfrtp_1)
                                  2.67   data arrival time

                         10.00   10.00   clock clk (rise edge)
                          0.00   10.00   clock source latency
                  0.06    0.04   10.04 ^ clk (in)
     1    0.02                           clk (net)
                  0.06    0.00   10.04 ^ clkbuf_0_clk/A (sky130_fd_sc_hd__clkbuf_16)
                  0.05    0.10   10.14 ^ clkbuf_0_clk/X (sky130_fd_sc_hd__clkbuf_16)
     4    0.04                           clknet_0_clk (net)
                  0.05    0.00   10.14 ^ clkbuf_2_1__f_clk/A (sky130_fd_sc_hd__clkbuf_16)
                  0.04    0.10   10.24 ^ clkbuf_2_1__f_clk/X (sky130_fd_sc_hd__clkbuf_16)
    12    0.04                           clknet_2_1__leaf_clk (net)
                  0.04    0.00   10.24 ^ _434_/CLK (sky130_fd_sc_hd__dfrtp_1)
                         -0.25    9.99   clock uncertainty
                          0.00    9.99   clock reconvergence pessimism
                         -0.07    9.92   library setup time
                                  9.92   data required time
-----------------------------------------------------------------------------
                                  9.92   data required time
                                 -2.67   data arrival time
-----------------------------------------------------------------------------
                                  7.25   slack (MET)


Startpoint: start (input port clocked by clk)
Endpoint: _436_ (rising edge-triggered flip-flop clocked by clk)
Path Group: clk
Path Type: max
Corner: Fastest

Fanout     Cap    Slew   Delay    Time   Description
-----------------------------------------------------------------------------
                          0.00    0.00   clock clk (rise edge)
                          0.00    0.00   clock network delay (propagated)
                          2.00    2.00 v input external delay
                  0.00    0.00    2.00 v start (in)
     1    0.00                           start (net)
                  0.00    0.00    2.00 v input3/A (sky130_fd_sc_hd__buf_1)
                  0.06    0.09    2.09 v input3/X (sky130_fd_sc_hd__buf_1)
     2    0.01                           net3 (net)
                  0.06    0.00    2.09 v _204_/B (sky130_fd_sc_hd__or2_2)
                  0.07    0.22    2.31 v _204_/X (sky130_fd_sc_hd__or2_2)
     6    0.02                           _096_ (net)
                  0.07    0.00    2.31 v _270_/A (sky130_fd_sc_hd__and2_1)
                  0.03    0.10    2.42 v _270_/X (sky130_fd_sc_hd__and2_1)
     1    0.00                           _143_ (net)
                  0.03    0.00    2.42 v _271_/A (sky130_fd_sc_hd__clkbuf_1)
                  0.03    0.07    2.48 v _271_/X (sky130_fd_sc_hd__clkbuf_1)
     2    0.01                           _000_ (net)
                  0.03    0.00    2.48 v _272_/B1_N (sky130_fd_sc_hd__a21bo_1)
                  0.03    0.11    2.59 ^ _272_/X (sky130_fd_sc_hd__a21bo_1)
     1    0.00                           _076_ (net)
                  0.03    0.00    2.59 ^ _436_/D (sky130_fd_sc_hd__dfstp_1)
                                  2.59   data arrival time

                         10.00   10.00   clock clk (rise edge)
                          0.00   10.00   clock source latency
                  0.06    0.04   10.04 ^ clk (in)
     1    0.02                           clk (net)
                  0.06    0.00   10.04 ^ clkbuf_0_clk/A (sky130_fd_sc_hd__clkbuf_16)
                  0.05    0.10   10.14 ^ clkbuf_0_clk/X (sky130_fd_sc_hd__clkbuf_16)
     4    0.04                           clknet_0_clk (net)
                  0.05    0.00   10.14 ^ clkbuf_2_3__f_clk/A (sky130_fd_sc_hd__clkbuf_16)
                  0.05    0.10   10.24 ^ clkbuf_2_3__f_clk/X (sky130_fd_sc_hd__clkbuf_16)
    12    0.04                           clknet_2_3__leaf_clk (net)
                  0.05    0.00   10.24 ^ _436_/CLK (sky130_fd_sc_hd__dfstp_1)
                         -0.25    9.99   clock uncertainty
                          0.00    9.99   clock reconvergence pessimism
                         -0.03    9.96   library setup time
                                  9.96   data required time
-----------------------------------------------------------------------------
                                  9.96   data required time
                                 -2.59   data arrival time
-----------------------------------------------------------------------------
                                  7.36   slack (MET)


Startpoint: start (input port clocked by clk)
Endpoint: _415_ (rising edge-triggered flip-flop clocked by clk)
Path Group: clk
Path Type: max
Corner: Fastest

Fanout     Cap    Slew   Delay    Time   Description
-----------------------------------------------------------------------------
                          0.00    0.00   clock clk (rise edge)
                          0.00    0.00   clock network delay (propagated)
                          2.00    2.00 ^ input external delay
                  0.01    0.01    2.01 ^ start (in)
     1    0.00                           start (net)
                  0.01    0.00    2.01 ^ input3/A (sky130_fd_sc_hd__buf_1)
                  0.15    0.13    2.14 ^ input3/X (sky130_fd_sc_hd__buf_1)
     2    0.02                           net3 (net)
                  0.15    0.00    2.14 ^ _204_/B (sky130_fd_sc_hd__or2_2)
                  0.09    0.15    2.29 ^ _204_/X (sky130_fd_sc_hd__or2_2)
     6    0.02                           _096_ (net)
                  0.09    0.00    2.29 ^ _331_/A (sky130_fd_sc_hd__nand2_1)
                  0.05    0.05    2.34 v _331_/Y (sky130_fd_sc_hd__nand2_1)
     2    0.01                           _184_ (net)
                  0.05    0.00    2.34 v _332_/A1 (sky130_fd_sc_hd__mux2_1)
                  0.04    0.16    2.49 v _332_/X (sky130_fd_sc_hd__mux2_1)
     1    0.00                           _185_ (net)
                  0.04    0.00    2.49 v _333_/A (sky130_fd_sc_hd__clkbuf_1)
                  0.02    0.06    2.55 v _333_/X (sky130_fd_sc_hd__clkbuf_1)
     1    0.00                           _057_ (net)
                  0.02    0.00    2.55 v _415_/D (sky130_fd_sc_hd__dfrtp_1)
                                  2.55   data arrival time

                         10.00   10.00   clock clk (rise edge)
                          0.00   10.00   clock source latency
                  0.06    0.04   10.04 ^ clk (in)
     1    0.02                           clk (net)
                  0.06    0.00   10.04 ^ clkbuf_0_clk/A (sky130_fd_sc_hd__clkbuf_16)
                  0.05    0.10   10.14 ^ clkbuf_0_clk/X (sky130_fd_sc_hd__clkbuf_16)
     4    0.04                           clknet_0_clk (net)
                  0.05    0.00   10.14 ^ clkbuf_2_2__f_clk/A (sky130_fd_sc_hd__clkbuf_16)
                  0.04    0.09   10.23 ^ clkbuf_2_2__f_clk/X (sky130_fd_sc_hd__clkbuf_16)
    10    0.04                           clknet_2_2__leaf_clk (net)
                  0.04    0.00   10.23 ^ _415_/CLK (sky130_fd_sc_hd__dfrtp_1)
                         -0.25    9.98   clock uncertainty
                          0.00    9.98   clock reconvergence pessimism
                         -0.07    9.92   library setup time
                                  9.92   data required time
-----------------------------------------------------------------------------
                                  9.92   data required time
                                 -2.55   data arrival time
-----------------------------------------------------------------------------
                                  7.36   slack (MET)


Startpoint: start (input port clocked by clk)
Endpoint: _421_ (rising edge-triggered flip-flop clocked by clk)
Path Group: clk
Path Type: max
Corner: Fastest

Fanout     Cap    Slew   Delay    Time   Description
-----------------------------------------------------------------------------
                          0.00    0.00   clock clk (rise edge)
                          0.00    0.00   clock network delay (propagated)
                          2.00    2.00 ^ input external delay
                  0.01    0.01    2.01 ^ start (in)
     1    0.00                           start (net)
                  0.01    0.00    2.01 ^ input3/A (sky130_fd_sc_hd__buf_1)
                  0.15    0.13    2.14 ^ input3/X (sky130_fd_sc_hd__buf_1)
     2    0.02                           net3 (net)
                  0.15    0.00    2.14 ^ _204_/B (sky130_fd_sc_hd__or2_2)
                  0.09    0.15    2.29 ^ _204_/X (sky130_fd_sc_hd__or2_2)
     6    0.02                           _096_ (net)
                  0.09    0.00    2.29 ^ _308_/A (sky130_fd_sc_hd__nand2_1)
                  0.04    0.05    2.34 v _308_/Y (sky130_fd_sc_hd__nand2_1)
     2    0.01                           _167_ (net)
                  0.04    0.00    2.34 v _309_/A1 (sky130_fd_sc_hd__mux2_1)
                  0.04    0.16    2.49 v _309_/X (sky130_fd_sc_hd__mux2_1)
     1    0.00                           _168_ (net)
                  0.04    0.00    2.49 v _310_/A (sky130_fd_sc_hd__clkbuf_1)
                  0.02    0.06    2.55 v _310_/X (sky130_fd_sc_hd__clkbuf_1)
     1    0.00                           _063_ (net)
                  0.02    0.00    2.55 v _421_/D (sky130_fd_sc_hd__dfrtp_1)
                                  2.55   data arrival time

                         10.00   10.00   clock clk (rise edge)
                          0.00   10.00   clock source latency
                  0.06    0.04   10.04 ^ clk (in)
     1    0.02                           clk (net)
                  0.06    0.00   10.04 ^ clkbuf_0_clk/A (sky130_fd_sc_hd__clkbuf_16)
                  0.05    0.10   10.14 ^ clkbuf_0_clk/X (sky130_fd_sc_hd__clkbuf_16)
     4    0.04                           clknet_0_clk (net)
                  0.05    0.00   10.14 ^ clkbuf_2_3__f_clk/A (sky130_fd_sc_hd__clkbuf_16)
                  0.05    0.10   10.24 ^ clkbuf_2_3__f_clk/X (sky130_fd_sc_hd__clkbuf_16)
    12    0.04                           clknet_2_3__leaf_clk (net)
                  0.05    0.00   10.24 ^ _421_/CLK (sky130_fd_sc_hd__dfrtp_1)
                         -0.25    9.99   clock uncertainty
                          0.00    9.99   clock reconvergence pessimism
                         -0.07    9.92   library setup time
                                  9.92   data required time
-----------------------------------------------------------------------------
                                  9.92   data required time
                                 -2.55   data arrival time
-----------------------------------------------------------------------------
                                  7.37   slack (MET)


Startpoint: start (input port clocked by clk)
Endpoint: _413_ (rising edge-triggered flip-flop clocked by clk)
Path Group: clk
Path Type: max
Corner: Fastest

Fanout     Cap    Slew   Delay    Time   Description
-----------------------------------------------------------------------------
                          0.00    0.00   clock clk (rise edge)
                          0.00    0.00   clock network delay (propagated)
                          2.00    2.00 ^ input external delay
                  0.01    0.01    2.01 ^ start (in)
     1    0.00                           start (net)
                  0.01    0.00    2.01 ^ input3/A (sky130_fd_sc_hd__buf_1)
                  0.15    0.13    2.14 ^ input3/X (sky130_fd_sc_hd__buf_1)
     2    0.02                           net3 (net)
                  0.15    0.00    2.14 ^ _237_/B (sky130_fd_sc_hd__nor2_4)
                  0.06    0.06    2.20 v _237_/Y (sky130_fd_sc_hd__nor2_4)
     9    0.04                           _125_ (net)
                  0.06    0.00    2.20 v _338_/B1 (sky130_fd_sc_hd__a21o_1)
                  0.03    0.09    2.29 v _338_/X (sky130_fd_sc_hd__a21o_1)
     2    0.01                           _189_ (net)
                  0.03    0.00    2.29 v _339_/A1 (sky130_fd_sc_hd__mux2_1)
                  0.04    0.15    2.44 v _339_/X (sky130_fd_sc_hd__mux2_1)
     1    0.00                           _190_ (net)
                  0.04    0.00    2.44 v _340_/A (sky130_fd_sc_hd__clkbuf_1)
                  0.02    0.06    2.51 v _340_/X (sky130_fd_sc_hd__clkbuf_1)
     1    0.00                           _055_ (net)
                  0.02    0.00    2.51 v _413_/D (sky130_fd_sc_hd__dfrtp_1)
                                  2.51   data arrival time

                         10.00   10.00   clock clk (rise edge)
                          0.00   10.00   clock source latency
                  0.06    0.04   10.04 ^ clk (in)
     1    0.02                           clk (net)
                  0.06    0.00   10.04 ^ clkbuf_0_clk/A (sky130_fd_sc_hd__clkbuf_16)
                  0.05    0.10   10.14 ^ clkbuf_0_clk/X (sky130_fd_sc_hd__clkbuf_16)
     4    0.04                           clknet_0_clk (net)
                  0.05    0.00   10.14 ^ clkbuf_2_2__f_clk/A (sky130_fd_sc_hd__clkbuf_16)
                  0.04    0.09   10.23 ^ clkbuf_2_2__f_clk/X (sky130_fd_sc_hd__clkbuf_16)
    10    0.04                           clknet_2_2__leaf_clk (net)
                  0.04    0.00   10.23 ^ _413_/CLK (sky130_fd_sc_hd__dfrtp_1)
                         -0.25    9.98   clock uncertainty
                          0.00    9.98   clock reconvergence pessimism
                         -0.07    9.92   library setup time
                                  9.92   data required time
-----------------------------------------------------------------------------
                                  9.92   data required time
                                 -2.51   data arrival time
-----------------------------------------------------------------------------
                                  7.41   slack (MET)


Startpoint: start (input port clocked by clk)
Endpoint: _419_ (rising edge-triggered flip-flop clocked by clk)
Path Group: clk
Path Type: max
Corner: Fastest

Fanout     Cap    Slew   Delay    Time   Description
-----------------------------------------------------------------------------
                          0.00    0.00   clock clk (rise edge)
                          0.00    0.00   clock network delay (propagated)
                          2.00    2.00 ^ input external delay
                  0.01    0.01    2.01 ^ start (in)
     1    0.00                           start (net)
                  0.01    0.00    2.01 ^ input3/A (sky130_fd_sc_hd__buf_1)
                  0.15    0.13    2.14 ^ input3/X (sky130_fd_sc_hd__buf_1)
     2    0.02                           net3 (net)
                  0.15    0.00    2.14 ^ _237_/B (sky130_fd_sc_hd__nor2_4)
                  0.06    0.06    2.20 v _237_/Y (sky130_fd_sc_hd__nor2_4)
     9    0.04                           _125_ (net)
                  0.06    0.00    2.20 v _316_/B1 (sky130_fd_sc_hd__a21o_1)
                  0.03    0.09    2.29 v _316_/X (sky130_fd_sc_hd__a21o_1)
     2    0.01                           _173_ (net)
                  0.03    0.00    2.29 v _317_/A1 (sky130_fd_sc_hd__mux2_1)
                  0.04    0.15    2.44 v _317_/X (sky130_fd_sc_hd__mux2_1)
     1    0.00                           _174_ (net)
                  0.04    0.00    2.44 v _318_/A (sky130_fd_sc_hd__clkbuf_1)
                  0.02    0.06    2.50 v _318_/X (sky130_fd_sc_hd__clkbuf_1)
     1    0.00                           _061_ (net)
                  0.02    0.00    2.50 v _419_/D (sky130_fd_sc_hd__dfrtp_1)
                                  2.50   data arrival time

                         10.00   10.00   clock clk (rise edge)
                          0.00   10.00   clock source latency
                  0.06    0.04   10.04 ^ clk (in)
     1    0.02                           clk (net)
                  0.06    0.00   10.04 ^ clkbuf_0_clk/A (sky130_fd_sc_hd__clkbuf_16)
                  0.05    0.10   10.14 ^ clkbuf_0_clk/X (sky130_fd_sc_hd__clkbuf_16)
     4    0.04                           clknet_0_clk (net)
                  0.05    0.00   10.14 ^ clkbuf_2_3__f_clk/A (sky130_fd_sc_hd__clkbuf_16)
                  0.05    0.10   10.24 ^ clkbuf_2_3__f_clk/X (sky130_fd_sc_hd__clkbuf_16)
    12    0.04                           clknet_2_3__leaf_clk (net)
                  0.05    0.00   10.24 ^ _419_/CLK (sky130_fd_sc_hd__dfrtp_1)
                         -0.25    9.99   clock uncertainty
                          0.00    9.99   clock reconvergence pessimism
                         -0.07    9.92   library setup time
                                  9.92   data required time
-----------------------------------------------------------------------------
                                  9.92   data required time
                                 -2.50   data arrival time
-----------------------------------------------------------------------------
                                  7.42   slack (MET)


Startpoint: start (input port clocked by clk)
Endpoint: _446_ (rising edge-triggered flip-flop clocked by clk)
Path Group: clk
Path Type: max
Corner: Fastest

Fanout     Cap    Slew   Delay    Time   Description
-----------------------------------------------------------------------------
                          0.00    0.00   clock clk (rise edge)
                          0.00    0.00   clock network delay (propagated)
                          2.00    2.00 ^ input external delay
                  0.01    0.01    2.01 ^ start (in)
     1    0.00                           start (net)
                  0.01    0.00    2.01 ^ input3/A (sky130_fd_sc_hd__buf_1)
                  0.15    0.13    2.14 ^ input3/X (sky130_fd_sc_hd__buf_1)
     2    0.02                           net3 (net)
                  0.15    0.00    2.14 ^ _237_/B (sky130_fd_sc_hd__nor2_4)
                  0.06    0.06    2.20 v _237_/Y (sky130_fd_sc_hd__nor2_4)
     9    0.04                           _125_ (net)
                  0.06    0.00    2.20 v _238_/B1 (sky130_fd_sc_hd__a21o_2)
                  0.08    0.15    2.35 v _238_/X (sky130_fd_sc_hd__a21o_2)
     8    0.04                           _126_ (net)
                  0.08    0.00    2.35 v _245_/A2 (sky130_fd_sc_hd__a22o_1)
                  0.03    0.14    2.49 v _245_/X (sky130_fd_sc_hd__a22o_1)
     1    0.00                           _086_ (net)
                  0.03    0.00    2.49 v _446_/D (sky130_fd_sc_hd__dfrtp_1)
                                  2.49   data arrival time

                         10.00   10.00   clock clk (rise edge)
                          0.00   10.00   clock source latency
                  0.06    0.04   10.04 ^ clk (in)
     1    0.02                           clk (net)
                  0.06    0.00   10.04 ^ clkbuf_0_clk/A (sky130_fd_sc_hd__clkbuf_16)
                  0.05    0.10   10.14 ^ clkbuf_0_clk/X (sky130_fd_sc_hd__clkbuf_16)
     4    0.04                           clknet_0_clk (net)
                  0.05    0.00   10.14 ^ clkbuf_2_1__f_clk/A (sky130_fd_sc_hd__clkbuf_16)
                  0.04    0.10   10.24 ^ clkbuf_2_1__f_clk/X (sky130_fd_sc_hd__clkbuf_16)
    12    0.04                           clknet_2_1__leaf_clk (net)
                  0.04    0.00   10.24 ^ _446_/CLK (sky130_fd_sc_hd__dfrtp_1)
                         -0.25    9.99   clock uncertainty
                          0.00    9.99   clock reconvergence pessimism
                         -0.07    9.92   library setup time
                                  9.92   data required time
-----------------------------------------------------------------------------
                                  9.92   data required time
                                 -2.49   data arrival time
-----------------------------------------------------------------------------
                                  7.42   slack (MET)


Startpoint: start (input port clocked by clk)
Endpoint: _445_ (rising edge-triggered flip-flop clocked by clk)
Path Group: clk
Path Type: max
Corner: Fastest

Fanout     Cap    Slew   Delay    Time   Description
-----------------------------------------------------------------------------
                          0.00    0.00   clock clk (rise edge)
                          0.00    0.00   clock network delay (propagated)
                          2.00    2.00 ^ input external delay
                  0.01    0.01    2.01 ^ start (in)
     1    0.00                           start (net)
                  0.01    0.00    2.01 ^ input3/A (sky130_fd_sc_hd__buf_1)
                  0.15    0.13    2.14 ^ input3/X (sky130_fd_sc_hd__buf_1)
     2    0.02                           net3 (net)
                  0.15    0.00    2.14 ^ _237_/B (sky130_fd_sc_hd__nor2_4)
                  0.06    0.06    2.20 v _237_/Y (sky130_fd_sc_hd__nor2_4)
     9    0.04                           _125_ (net)
                  0.06    0.00    2.20 v _238_/B1 (sky130_fd_sc_hd__a21o_2)
                  0.08    0.15    2.35 v _238_/X (sky130_fd_sc_hd__a21o_2)
     8    0.04                           _126_ (net)
                  0.08    0.00    2.35 v _246_/A2 (sky130_fd_sc_hd__a22o_1)
                  0.03    0.14    2.49 v _246_/X (sky130_fd_sc_hd__a22o_1)
     1    0.00                           _085_ (net)
                  0.03    0.00    2.49 v _445_/D (sky130_fd_sc_hd__dfrtp_1)
                                  2.49   data arrival time

                         10.00   10.00   clock clk (rise edge)
                          0.00   10.00   clock source latency
                  0.06    0.04   10.04 ^ clk (in)
     1    0.02                           clk (net)
                  0.06    0.00   10.04 ^ clkbuf_0_clk/A (sky130_fd_sc_hd__clkbuf_16)
                  0.05    0.10   10.14 ^ clkbuf_0_clk/X (sky130_fd_sc_hd__clkbuf_16)
     4    0.04                           clknet_0_clk (net)
                  0.05    0.00   10.14 ^ clkbuf_2_1__f_clk/A (sky130_fd_sc_hd__clkbuf_16)
                  0.04    0.10   10.24 ^ clkbuf_2_1__f_clk/X (sky130_fd_sc_hd__clkbuf_16)
    12    0.04                           clknet_2_1__leaf_clk (net)
                  0.04    0.00   10.24 ^ _445_/CLK (sky130_fd_sc_hd__dfrtp_1)
                         -0.25    9.99   clock uncertainty
                          0.00    9.99   clock reconvergence pessimism
                         -0.07    9.92   library setup time
                                  9.92   data required time
-----------------------------------------------------------------------------
                                  9.92   data required time
                                 -2.49   data arrival time
-----------------------------------------------------------------------------
                                  7.42   slack (MET)


Startpoint: start (input port clocked by clk)
Endpoint: _444_ (rising edge-triggered flip-flop clocked by clk)
Path Group: clk
Path Type: max
Corner: Fastest

Fanout     Cap    Slew   Delay    Time   Description
-----------------------------------------------------------------------------
                          0.00    0.00   clock clk (rise edge)
                          0.00    0.00   clock network delay (propagated)
                          2.00    2.00 ^ input external delay
                  0.01    0.01    2.01 ^ start (in)
     1    0.00                           start (net)
                  0.01    0.00    2.01 ^ input3/A (sky130_fd_sc_hd__buf_1)
                  0.15    0.13    2.14 ^ input3/X (sky130_fd_sc_hd__buf_1)
     2    0.02                           net3 (net)
                  0.15    0.00    2.14 ^ _237_/B (sky130_fd_sc_hd__nor2_4)
                  0.06    0.06    2.20 v _237_/Y (sky130_fd_sc_hd__nor2_4)
     9    0.04                           _125_ (net)
                  0.06    0.00    2.20 v _238_/B1 (sky130_fd_sc_hd__a21o_2)
                  0.08    0.15    2.35 v _238_/X (sky130_fd_sc_hd__a21o_2)
     8    0.04                           _126_ (net)
                  0.08    0.00    2.35 v _247_/A2 (sky130_fd_sc_hd__a22o_1)
                  0.02    0.14    2.49 v _247_/X (sky130_fd_sc_hd__a22o_1)
     1    0.00                           _084_ (net)
                  0.02    0.00    2.49 v _444_/D (sky130_fd_sc_hd__dfrtp_1)
                                  2.49   data arrival time

                         10.00   10.00   clock clk (rise edge)
                          0.00   10.00   clock source latency
                  0.06    0.04   10.04 ^ clk (in)
     1    0.02                           clk (net)
                  0.06    0.00   10.04 ^ clkbuf_0_clk/A (sky130_fd_sc_hd__clkbuf_16)
                  0.05    0.10   10.14 ^ clkbuf_0_clk/X (sky130_fd_sc_hd__clkbuf_16)
     4    0.04                           clknet_0_clk (net)
                  0.05    0.00   10.14 ^ clkbuf_2_3__f_clk/A (sky130_fd_sc_hd__clkbuf_16)
                  0.05    0.10   10.24 ^ clkbuf_2_3__f_clk/X (sky130_fd_sc_hd__clkbuf_16)
    12    0.04                           clknet_2_3__leaf_clk (net)
                  0.05    0.00   10.24 ^ _444_/CLK (sky130_fd_sc_hd__dfrtp_1)
                         -0.25    9.99   clock uncertainty
                          0.00    9.99   clock reconvergence pessimism
                         -0.07    9.92   library setup time
                                  9.92   data required time
-----------------------------------------------------------------------------
                                  9.92   data required time
                                 -2.49   data arrival time
-----------------------------------------------------------------------------
                                  7.43   slack (MET)


Startpoint: start (input port clocked by clk)
Endpoint: _448_ (rising edge-triggered flip-flop clocked by clk)
Path Group: clk
Path Type: max
Corner: Fastest

Fanout     Cap    Slew   Delay    Time   Description
-----------------------------------------------------------------------------
                          0.00    0.00   clock clk (rise edge)
                          0.00    0.00   clock network delay (propagated)
                          2.00    2.00 ^ input external delay
                  0.01    0.01    2.01 ^ start (in)
     1    0.00                           start (net)
                  0.01    0.00    2.01 ^ input3/A (sky130_fd_sc_hd__buf_1)
                  0.15    0.13    2.14 ^ input3/X (sky130_fd_sc_hd__buf_1)
     2    0.02                           net3 (net)
                  0.15    0.00    2.14 ^ _237_/B (sky130_fd_sc_hd__nor2_4)
                  0.06    0.06    2.20 v _237_/Y (sky130_fd_sc_hd__nor2_4)
     9    0.04                           _125_ (net)
                  0.06    0.00    2.20 v _238_/B1 (sky130_fd_sc_hd__a21o_2)
                  0.08    0.15    2.35 v _238_/X (sky130_fd_sc_hd__a21o_2)
     8    0.04                           _126_ (net)
                  0.08    0.00    2.35 v _243_/A2 (sky130_fd_sc_hd__a22o_1)
                  0.03    0.14    2.49 v _243_/X (sky130_fd_sc_hd__a22o_1)
     1    0.00                           _088_ (net)
                  0.03    0.00    2.49 v _448_/D (sky130_fd_sc_hd__dfrtp_1)
                                  2.49   data arrival time

                         10.00   10.00   clock clk (rise edge)
                          0.00   10.00   clock source latency
                  0.06    0.04   10.04 ^ clk (in)
     1    0.02                           clk (net)
                  0.06    0.00   10.04 ^ clkbuf_0_clk/A (sky130_fd_sc_hd__clkbuf_16)
                  0.05    0.10   10.14 ^ clkbuf_0_clk/X (sky130_fd_sc_hd__clkbuf_16)
     4    0.04                           clknet_0_clk (net)
                  0.05    0.00   10.14 ^ clkbuf_2_0__f_clk/A (sky130_fd_sc_hd__clkbuf_16)
                  0.05    0.10   10.24 ^ clkbuf_2_0__f_clk/X (sky130_fd_sc_hd__clkbuf_16)
    14    0.04                           clknet_2_0__leaf_clk (net)
                  0.05    0.00   10.24 ^ _448_/CLK (sky130_fd_sc_hd__dfrtp_1)
                         -0.25    9.99   clock uncertainty
                          0.00    9.99   clock reconvergence pessimism
                         -0.07    9.92   library setup time
                                  9.92   data required time
-----------------------------------------------------------------------------
                                  9.92   data required time
                                 -2.49   data arrival time
-----------------------------------------------------------------------------
                                  7.43   slack (MET)


Startpoint: start (input port clocked by clk)
Endpoint: _424_ (rising edge-triggered flip-flop clocked by clk)
Path Group: clk
Path Type: max
Corner: Fastest

Fanout     Cap    Slew   Delay    Time   Description
-----------------------------------------------------------------------------
                          0.00    0.00   clock clk (rise edge)
                          0.00    0.00   clock network delay (propagated)
                          2.00    2.00 v input external delay
                  0.00    0.00    2.00 v start (in)
     1    0.00                           start (net)
                  0.00    0.00    2.00 v input3/A (sky130_fd_sc_hd__buf_1)
                  0.06    0.09    2.09 v input3/X (sky130_fd_sc_hd__buf_1)
     2    0.01                           net3 (net)
                  0.06    0.00    2.09 v _204_/B (sky130_fd_sc_hd__or2_2)
                  0.07    0.22    2.31 v _204_/X (sky130_fd_sc_hd__or2_2)
     6    0.02                           _096_ (net)
                  0.07    0.00    2.31 v _270_/A (sky130_fd_sc_hd__and2_1)
                  0.03    0.10    2.42 v _270_/X (sky130_fd_sc_hd__and2_1)
     1    0.00                           _143_ (net)
                  0.03    0.00    2.42 v _271_/A (sky130_fd_sc_hd__clkbuf_1)
                  0.03    0.07    2.48 v _271_/X (sky130_fd_sc_hd__clkbuf_1)
     2    0.01                           _000_ (net)
                  0.03    0.00    2.48 v _424_/D (sky130_fd_sc_hd__dfrtp_2)
                                  2.48   data arrival time

                         10.00   10.00   clock clk (rise edge)
                          0.00   10.00   clock source latency
                  0.06    0.04   10.04 ^ clk (in)
     1    0.02                           clk (net)
                  0.06    0.00   10.04 ^ clkbuf_0_clk/A (sky130_fd_sc_hd__clkbuf_16)
                  0.05    0.10   10.14 ^ clkbuf_0_clk/X (sky130_fd_sc_hd__clkbuf_16)
     4    0.04                           clknet_0_clk (net)
                  0.05    0.00   10.14 ^ clkbuf_2_3__f_clk/A (sky130_fd_sc_hd__clkbuf_16)
                  0.05    0.10   10.24 ^ clkbuf_2_3__f_clk/X (sky130_fd_sc_hd__clkbuf_16)
    12    0.04                           clknet_2_3__leaf_clk (net)
                  0.05    0.00   10.24 ^ _424_/CLK (sky130_fd_sc_hd__dfrtp_2)
                         -0.25    9.99   clock uncertainty
                          0.00    9.99   clock reconvergence pessimism
                         -0.07    9.92   library setup time
                                  9.92   data required time
-----------------------------------------------------------------------------
                                  9.92   data required time
                                 -2.48   data arrival time
-----------------------------------------------------------------------------
                                  7.43   slack (MET)


Startpoint: start (input port clocked by clk)
Endpoint: _455_ (rising edge-triggered flip-flop clocked by clk)
Path Group: clk
Path Type: max
Corner: Fastest

Fanout     Cap    Slew   Delay    Time   Description
-----------------------------------------------------------------------------
                          0.00    0.00   clock clk (rise edge)
                          0.00    0.00   clock network delay (propagated)
                          2.00    2.00 ^ input external delay
                  0.01    0.01    2.01 ^ start (in)
     1    0.00                           start (net)
                  0.01    0.00    2.01 ^ input3/A (sky130_fd_sc_hd__buf_1)
                  0.15    0.13    2.14 ^ input3/X (sky130_fd_sc_hd__buf_1)
     2    0.02                           net3 (net)
                  0.15    0.00    2.14 ^ _204_/B (sky130_fd_sc_hd__or2_2)
                  0.09    0.15    2.29 ^ _204_/X (sky130_fd_sc_hd__or2_2)
     6    0.02                           _096_ (net)
                  0.09    0.00    2.29 ^ _212_/A (sky130_fd_sc_hd__nand2_1)
                  0.05    0.05    2.34 v _212_/Y (sky130_fd_sc_hd__nand2_1)
     2    0.01                           _104_ (net)
                  0.05    0.00    2.34 v _220_/A1 (sky130_fd_sc_hd__o21a_1)
                  0.03    0.13    2.47 v _220_/X (sky130_fd_sc_hd__o21a_1)
     1    0.00                           _095_ (net)
                  0.03    0.00    2.47 v _455_/D (sky130_fd_sc_hd__dfrtp_1)
                                  2.47   data arrival time

                         10.00   10.00   clock clk (rise edge)
                          0.00   10.00   clock source latency
                  0.06    0.04   10.04 ^ clk (in)
     1    0.02                           clk (net)
                  0.06    0.00   10.04 ^ clkbuf_0_clk/A (sky130_fd_sc_hd__clkbuf_16)
                  0.05    0.10   10.14 ^ clkbuf_0_clk/X (sky130_fd_sc_hd__clkbuf_16)
     4    0.04                           clknet_0_clk (net)
                  0.05    0.00   10.14 ^ clkbuf_2_1__f_clk/A (sky130_fd_sc_hd__clkbuf_16)
                  0.04    0.10   10.24 ^ clkbuf_2_1__f_clk/X (sky130_fd_sc_hd__clkbuf_16)
    12    0.04                           clknet_2_1__leaf_clk (net)
                  0.04    0.00   10.24 ^ _455_/CLK (sky130_fd_sc_hd__dfrtp_1)
                         -0.25    9.99   clock uncertainty
                          0.00    9.99   clock reconvergence pessimism
                         -0.07    9.92   library setup time
                                  9.92   data required time
-----------------------------------------------------------------------------
                                  9.92   data required time
                                 -2.47   data arrival time
-----------------------------------------------------------------------------
                                  7.45   slack (MET)


Startpoint: start (input port clocked by clk)
Endpoint: _417_ (rising edge-triggered flip-flop clocked by clk)
Path Group: clk
Path Type: max
Corner: Fastest

Fanout     Cap    Slew   Delay    Time   Description
-----------------------------------------------------------------------------
                          0.00    0.00   clock clk (rise edge)
                          0.00    0.00   clock network delay (propagated)
                          2.00    2.00 ^ input external delay
                  0.01    0.01    2.01 ^ start (in)
     1    0.00                           start (net)
                  0.01    0.00    2.01 ^ input3/A (sky130_fd_sc_hd__buf_1)
                  0.15    0.13    2.14 ^ input3/X (sky130_fd_sc_hd__buf_1)
     2    0.02                           net3 (net)
                  0.15    0.00    2.14 ^ _237_/B (sky130_fd_sc_hd__nor2_4)
                  0.06    0.06    2.20 v _237_/Y (sky130_fd_sc_hd__nor2_4)
     9    0.04                           _125_ (net)
                  0.06    0.00    2.20 v _324_/B1 (sky130_fd_sc_hd__a21o_1)
                  0.03    0.09    2.29 v _324_/X (sky130_fd_sc_hd__a21o_1)
     2    0.01                           _179_ (net)
                  0.03    0.00    2.29 v _325_/B1 (sky130_fd_sc_hd__a2bb2o_1)
                  0.03    0.17    2.46 v _325_/X (sky130_fd_sc_hd__a2bb2o_1)
     1    0.00                           _059_ (net)
                  0.03    0.00    2.46 v _417_/D (sky130_fd_sc_hd__dfrtp_1)
                                  2.46   data arrival time

                         10.00   10.00   clock clk (rise edge)
                          0.00   10.00   clock source latency
                  0.06    0.04   10.04 ^ clk (in)
     1    0.02                           clk (net)
                  0.06    0.00   10.04 ^ clkbuf_0_clk/A (sky130_fd_sc_hd__clkbuf_16)
                  0.05    0.10   10.14 ^ clkbuf_0_clk/X (sky130_fd_sc_hd__clkbuf_16)
     4    0.04                           clknet_0_clk (net)
                  0.05    0.00   10.14 ^ clkbuf_2_2__f_clk/A (sky130_fd_sc_hd__clkbuf_16)
                  0.04    0.09   10.23 ^ clkbuf_2_2__f_clk/X (sky130_fd_sc_hd__clkbuf_16)
    10    0.04                           clknet_2_2__leaf_clk (net)
                  0.04    0.00   10.23 ^ _417_/CLK (sky130_fd_sc_hd__dfrtp_1)
                         -0.25    9.98   clock uncertainty
                          0.00    9.98   clock reconvergence pessimism
                         -0.07    9.91   library setup time
                                  9.91   data required time
-----------------------------------------------------------------------------
                                  9.91   data required time
                                 -2.46   data arrival time
-----------------------------------------------------------------------------
                                  7.45   slack (MET)


Startpoint: start (input port clocked by clk)
Endpoint: _414_ (rising edge-triggered flip-flop clocked by clk)
Path Group: clk
Path Type: max
Corner: Fastest

Fanout     Cap    Slew   Delay    Time   Description
-----------------------------------------------------------------------------
                          0.00    0.00   clock clk (rise edge)
                          0.00    0.00   clock network delay (propagated)
                          2.00    2.00 ^ input external delay
                  0.01    0.01    2.01 ^ start (in)
     1    0.00                           start (net)
                  0.01    0.00    2.01 ^ input3/A (sky130_fd_sc_hd__buf_1)
                  0.15    0.13    2.14 ^ input3/X (sky130_fd_sc_hd__buf_1)
     2    0.02                           net3 (net)
                  0.15    0.00    2.14 ^ _204_/B (sky130_fd_sc_hd__or2_2)
                  0.09    0.15    2.29 ^ _204_/X (sky130_fd_sc_hd__or2_2)
     6    0.02                           _096_ (net)
                  0.09    0.00    2.29 ^ _331_/A (sky130_fd_sc_hd__nand2_1)
                  0.05    0.05    2.34 v _331_/Y (sky130_fd_sc_hd__nand2_1)
     2    0.01                           _184_ (net)
                  0.05    0.00    2.34 v _335_/A2 (sky130_fd_sc_hd__a21o_1)
                  0.02    0.12    2.46 v _335_/X (sky130_fd_sc_hd__a21o_1)
     1    0.00                           _056_ (net)
                  0.02    0.00    2.46 v _414_/D (sky130_fd_sc_hd__dfrtp_1)
                                  2.46   data arrival time

                         10.00   10.00   clock clk (rise edge)
                          0.00   10.00   clock source latency
                  0.06    0.04   10.04 ^ clk (in)
     1    0.02                           clk (net)
                  0.06    0.00   10.04 ^ clkbuf_0_clk/A (sky130_fd_sc_hd__clkbuf_16)
                  0.05    0.10   10.14 ^ clkbuf_0_clk/X (sky130_fd_sc_hd__clkbuf_16)
     4    0.04                           clknet_0_clk (net)
                  0.05    0.00   10.14 ^ clkbuf_2_2__f_clk/A (sky130_fd_sc_hd__clkbuf_16)
                  0.04    0.09   10.23 ^ clkbuf_2_2__f_clk/X (sky130_fd_sc_hd__clkbuf_16)
    10    0.04                           clknet_2_2__leaf_clk (net)
                  0.04    0.00   10.23 ^ _414_/CLK (sky130_fd_sc_hd__dfrtp_1)
                         -0.25    9.98   clock uncertainty
                          0.00    9.98   clock reconvergence pessimism
                         -0.07    9.92   library setup time
                                  9.92   data required time
-----------------------------------------------------------------------------
                                  9.92   data required time
                                 -2.46   data arrival time
-----------------------------------------------------------------------------
                                  7.46   slack (MET)


Startpoint: start (input port clocked by clk)
Endpoint: _420_ (rising edge-triggered flip-flop clocked by clk)
Path Group: clk
Path Type: max
Corner: Fastest

Fanout     Cap    Slew   Delay    Time   Description
-----------------------------------------------------------------------------
                          0.00    0.00   clock clk (rise edge)
                          0.00    0.00   clock network delay (propagated)
                          2.00    2.00 ^ input external delay
                  0.01    0.01    2.01 ^ start (in)
     1    0.00                           start (net)
                  0.01    0.00    2.01 ^ input3/A (sky130_fd_sc_hd__buf_1)
                  0.15    0.13    2.14 ^ input3/X (sky130_fd_sc_hd__buf_1)
     2    0.02                           net3 (net)
                  0.15    0.00    2.14 ^ _204_/B (sky130_fd_sc_hd__or2_2)
                  0.09    0.15    2.29 ^ _204_/X (sky130_fd_sc_hd__or2_2)
     6    0.02                           _096_ (net)
                  0.09    0.00    2.29 ^ _308_/A (sky130_fd_sc_hd__nand2_1)
                  0.04    0.05    2.34 v _308_/Y (sky130_fd_sc_hd__nand2_1)
     2    0.01                           _167_ (net)
                  0.04    0.00    2.34 v _312_/A2 (sky130_fd_sc_hd__a21o_1)
                  0.02    0.12    2.45 v _312_/X (sky130_fd_sc_hd__a21o_1)
     1    0.00                           _062_ (net)
                  0.02    0.00    2.45 v _420_/D (sky130_fd_sc_hd__dfrtp_1)
                                  2.45   data arrival time

                         10.00   10.00   clock clk (rise edge)
                          0.00   10.00   clock source latency
                  0.06    0.04   10.04 ^ clk (in)
     1    0.02                           clk (net)
                  0.06    0.00   10.04 ^ clkbuf_0_clk/A (sky130_fd_sc_hd__clkbuf_16)
                  0.05    0.10   10.14 ^ clkbuf_0_clk/X (sky130_fd_sc_hd__clkbuf_16)
     4    0.04                           clknet_0_clk (net)
                  0.05    0.00   10.14 ^ clkbuf_2_3__f_clk/A (sky130_fd_sc_hd__clkbuf_16)
                  0.05    0.10   10.24 ^ clkbuf_2_3__f_clk/X (sky130_fd_sc_hd__clkbuf_16)
    12    0.04                           clknet_2_3__leaf_clk (net)
                  0.05    0.00   10.24 ^ _420_/CLK (sky130_fd_sc_hd__dfrtp_1)
                         -0.25    9.99   clock uncertainty
                          0.00    9.99   clock reconvergence pessimism
                         -0.07    9.92   library setup time
                                  9.92   data required time
-----------------------------------------------------------------------------
                                  9.92   data required time
                                 -2.45   data arrival time
-----------------------------------------------------------------------------
                                  7.46   slack (MET)


Startpoint: start (input port clocked by clk)
Endpoint: _409_ (rising edge-triggered flip-flop clocked by clk)
Path Group: clk
Path Type: max
Corner: Fastest

Fanout     Cap    Slew   Delay    Time   Description
-----------------------------------------------------------------------------
                          0.00    0.00   clock clk (rise edge)
                          0.00    0.00   clock network delay (propagated)
                          2.00    2.00 v input external delay
                  0.00    0.00    2.00 v start (in)
     1    0.00                           start (net)
                  0.00    0.00    2.00 v input3/A (sky130_fd_sc_hd__buf_1)
                  0.06    0.09    2.09 v input3/X (sky130_fd_sc_hd__buf_1)
     2    0.01                           net3 (net)
                  0.06    0.00    2.09 v _204_/B (sky130_fd_sc_hd__or2_2)
                  0.07    0.22    2.31 v _204_/X (sky130_fd_sc_hd__or2_2)
     6    0.02                           _096_ (net)
                  0.07    0.00    2.31 v _350_/B1 (sky130_fd_sc_hd__o211a_1)
                  0.03    0.10    2.41 v _350_/X (sky130_fd_sc_hd__o211a_1)
     1    0.00                           _197_ (net)
                  0.03    0.00    2.41 v _351_/B (sky130_fd_sc_hd__nor2_1)
                  0.05    0.06    2.47 ^ _351_/Y (sky130_fd_sc_hd__nor2_1)
     1    0.00                           _051_ (net)
                  0.05    0.00    2.47 ^ _409_/D (sky130_fd_sc_hd__dfrtp_4)
                                  2.47   data arrival time

                         10.00   10.00   clock clk (rise edge)
                          0.00   10.00   clock source latency
                  0.06    0.04   10.04 ^ clk (in)
     1    0.02                           clk (net)
                  0.06    0.00   10.04 ^ clkbuf_0_clk/A (sky130_fd_sc_hd__clkbuf_16)
                  0.05    0.10   10.14 ^ clkbuf_0_clk/X (sky130_fd_sc_hd__clkbuf_16)
     4    0.04                           clknet_0_clk (net)
                  0.05    0.00   10.14 ^ clkbuf_2_2__f_clk/A (sky130_fd_sc_hd__clkbuf_16)
                  0.04    0.09   10.23 ^ clkbuf_2_2__f_clk/X (sky130_fd_sc_hd__clkbuf_16)
    10    0.04                           clknet_2_2__leaf_clk (net)
                  0.04    0.00   10.23 ^ _409_/CLK (sky130_fd_sc_hd__dfrtp_4)
                         -0.25    9.98   clock uncertainty
                          0.00    9.98   clock reconvergence pessimism
                         -0.04    9.94   library setup time
                                  9.94   data required time
-----------------------------------------------------------------------------
                                  9.94   data required time
                                 -2.47   data arrival time
-----------------------------------------------------------------------------
                                  7.48   slack (MET)


Startpoint: start (input port clocked by clk)
Endpoint: _418_ (rising edge-triggered flip-flop clocked by clk)
Path Group: clk
Path Type: max
Corner: Fastest

Fanout     Cap    Slew   Delay    Time   Description
-----------------------------------------------------------------------------
                          0.00    0.00   clock clk (rise edge)
                          0.00    0.00   clock network delay (propagated)
                          2.00    2.00 ^ input external delay
                  0.01    0.01    2.01 ^ start (in)
     1    0.00                           start (net)
                  0.01    0.00    2.01 ^ input3/A (sky130_fd_sc_hd__buf_1)
                  0.15    0.13    2.14 ^ input3/X (sky130_fd_sc_hd__buf_1)
     2    0.02                           net3 (net)
                  0.15    0.00    2.14 ^ _237_/B (sky130_fd_sc_hd__nor2_4)
                  0.06    0.06    2.20 v _237_/Y (sky130_fd_sc_hd__nor2_4)
     9    0.04                           _125_ (net)
                  0.06    0.00    2.20 v _316_/B1 (sky130_fd_sc_hd__a21o_1)
                  0.03    0.09    2.29 v _316_/X (sky130_fd_sc_hd__a21o_1)
     2    0.01                           _173_ (net)
                  0.03    0.00    2.29 v _320_/A (sky130_fd_sc_hd__and2_1)
                  0.02    0.09    2.38 v _320_/X (sky130_fd_sc_hd__and2_1)
     1    0.00                           _176_ (net)
                  0.02    0.00    2.38 v _321_/A (sky130_fd_sc_hd__clkbuf_1)
                  0.02    0.06    2.43 v _321_/X (sky130_fd_sc_hd__clkbuf_1)
     1    0.00                           _060_ (net)
                  0.02    0.00    2.43 v _418_/D (sky130_fd_sc_hd__dfrtp_1)
                                  2.43   data arrival time

                         10.00   10.00   clock clk (rise edge)
                          0.00   10.00   clock source latency
                  0.06    0.04   10.04 ^ clk (in)
     1    0.02                           clk (net)
                  0.06    0.00   10.04 ^ clkbuf_0_clk/A (sky130_fd_sc_hd__clkbuf_16)
                  0.05    0.10   10.14 ^ clkbuf_0_clk/X (sky130_fd_sc_hd__clkbuf_16)
     4    0.04                           clknet_0_clk (net)
                  0.05    0.00   10.14 ^ clkbuf_2_3__f_clk/A (sky130_fd_sc_hd__clkbuf_16)
                  0.05    0.10   10.24 ^ clkbuf_2_3__f_clk/X (sky130_fd_sc_hd__clkbuf_16)
    12    0.04                           clknet_2_3__leaf_clk (net)
                  0.05    0.00   10.24 ^ _418_/CLK (sky130_fd_sc_hd__dfrtp_1)
                         -0.25    9.99   clock uncertainty
                          0.00    9.99   clock reconvergence pessimism
                         -0.07    9.92   library setup time
                                  9.92   data required time
-----------------------------------------------------------------------------
                                  9.92   data required time
                                 -2.43   data arrival time
-----------------------------------------------------------------------------
                                  7.49   slack (MET)


Startpoint: start (input port clocked by clk)
Endpoint: _408_ (rising edge-triggered flip-flop clocked by clk)
Path Group: clk
Path Type: max
Corner: Fastest

Fanout     Cap    Slew   Delay    Time   Description
-----------------------------------------------------------------------------
                          0.00    0.00   clock clk (rise edge)
                          0.00    0.00   clock network delay (propagated)
                          2.00    2.00 ^ input external delay
                  0.01    0.01    2.01 ^ start (in)
     1    0.00                           start (net)
                  0.01    0.00    2.01 ^ input3/A (sky130_fd_sc_hd__buf_1)
                  0.15    0.13    2.14 ^ input3/X (sky130_fd_sc_hd__buf_1)
     2    0.02                           net3 (net)
                  0.15    0.00    2.14 ^ _237_/B (sky130_fd_sc_hd__nor2_4)
                  0.06    0.06    2.20 v _237_/Y (sky130_fd_sc_hd__nor2_4)
     9    0.04                           _125_ (net)
                  0.06    0.00    2.20 v _352_/A1 (sky130_fd_sc_hd__mux2_1)
                  0.04    0.16    2.36 v _352_/X (sky130_fd_sc_hd__mux2_1)
     1    0.00                           _198_ (net)
                  0.04    0.00    2.36 v _353_/A (sky130_fd_sc_hd__clkbuf_1)
                  0.02    0.06    2.42 v _353_/X (sky130_fd_sc_hd__clkbuf_1)
     1    0.00                           _050_ (net)
                  0.02    0.00    2.42 v _408_/D (sky130_fd_sc_hd__dfrtp_4)
                                  2.42   data arrival time

                         10.00   10.00   clock clk (rise edge)
                          0.00   10.00   clock source latency
                  0.06    0.04   10.04 ^ clk (in)
     1    0.02                           clk (net)
                  0.06    0.00   10.04 ^ clkbuf_0_clk/A (sky130_fd_sc_hd__clkbuf_16)
                  0.05    0.10   10.14 ^ clkbuf_0_clk/X (sky130_fd_sc_hd__clkbuf_16)
     4    0.04                           clknet_0_clk (net)
                  0.05    0.00   10.14 ^ clkbuf_2_0__f_clk/A (sky130_fd_sc_hd__clkbuf_16)
                  0.05    0.10   10.24 ^ clkbuf_2_0__f_clk/X (sky130_fd_sc_hd__clkbuf_16)
    14    0.04                           clknet_2_0__leaf_clk (net)
                  0.05    0.00   10.24 ^ _408_/CLK (sky130_fd_sc_hd__dfrtp_4)
                         -0.25    9.99   clock uncertainty
                          0.00    9.99   clock reconvergence pessimism
                         -0.07    9.92   library setup time
                                  9.92   data required time
-----------------------------------------------------------------------------
                                  9.92   data required time
                                 -2.42   data arrival time
-----------------------------------------------------------------------------
                                  7.50   slack (MET)


Startpoint: start (input port clocked by clk)
Endpoint: _412_ (rising edge-triggered flip-flop clocked by clk)
Path Group: clk
Path Type: max
Corner: Fastest

Fanout     Cap    Slew   Delay    Time   Description
-----------------------------------------------------------------------------
                          0.00    0.00   clock clk (rise edge)
                          0.00    0.00   clock network delay (propagated)
                          2.00    2.00 ^ input external delay
                  0.01    0.01    2.01 ^ start (in)
     1    0.00                           start (net)
                  0.01    0.00    2.01 ^ input3/A (sky130_fd_sc_hd__buf_1)
                  0.15    0.13    2.14 ^ input3/X (sky130_fd_sc_hd__buf_1)
     2    0.02                           net3 (net)
                  0.15    0.00    2.14 ^ _237_/B (sky130_fd_sc_hd__nor2_4)
                  0.06    0.06    2.20 v _237_/Y (sky130_fd_sc_hd__nor2_4)
     9    0.04                           _125_ (net)
                  0.06    0.00    2.20 v _338_/B1 (sky130_fd_sc_hd__a21o_1)
                  0.03    0.09    2.29 v _338_/X (sky130_fd_sc_hd__a21o_1)
     2    0.01                           _189_ (net)
                  0.03    0.00    2.29 v _342_/A2 (sky130_fd_sc_hd__a21o_1)
                  0.02    0.11    2.40 v _342_/X (sky130_fd_sc_hd__a21o_1)
     1    0.00                           _054_ (net)
                  0.02    0.00    2.40 v _412_/D (sky130_fd_sc_hd__dfrtp_1)
                                  2.40   data arrival time

                         10.00   10.00   clock clk (rise edge)
                          0.00   10.00   clock source latency
                  0.06    0.04   10.04 ^ clk (in)
     1    0.02                           clk (net)
                  0.06    0.00   10.04 ^ clkbuf_0_clk/A (sky130_fd_sc_hd__clkbuf_16)
                  0.05    0.10   10.14 ^ clkbuf_0_clk/X (sky130_fd_sc_hd__clkbuf_16)
     4    0.04                           clknet_0_clk (net)
                  0.05    0.00   10.14 ^ clkbuf_2_2__f_clk/A (sky130_fd_sc_hd__clkbuf_16)
                  0.04    0.09   10.23 ^ clkbuf_2_2__f_clk/X (sky130_fd_sc_hd__clkbuf_16)
    10    0.04                           clknet_2_2__leaf_clk (net)
                  0.04    0.00   10.23 ^ _412_/CLK (sky130_fd_sc_hd__dfrtp_1)
                         -0.25    9.98   clock uncertainty
                          0.00    9.98   clock reconvergence pessimism
                         -0.07    9.92   library setup time
                                  9.92   data required time
-----------------------------------------------------------------------------
                                  9.92   data required time
                                 -2.40   data arrival time
-----------------------------------------------------------------------------
                                  7.51   slack (MET)


Startpoint: start (input port clocked by clk)
Endpoint: _416_ (rising edge-triggered flip-flop clocked by clk)
Path Group: clk
Path Type: max
Corner: Fastest

Fanout     Cap    Slew   Delay    Time   Description
-----------------------------------------------------------------------------
                          0.00    0.00   clock clk (rise edge)
                          0.00    0.00   clock network delay (propagated)
                          2.00    2.00 ^ input external delay
                  0.01    0.01    2.01 ^ start (in)
     1    0.00                           start (net)
                  0.01    0.00    2.01 ^ input3/A (sky130_fd_sc_hd__buf_1)
                  0.15    0.13    2.14 ^ input3/X (sky130_fd_sc_hd__buf_1)
     2    0.02                           net3 (net)
                  0.15    0.00    2.14 ^ _237_/B (sky130_fd_sc_hd__nor2_4)
                  0.06    0.06    2.20 v _237_/Y (sky130_fd_sc_hd__nor2_4)
     9    0.04                           _125_ (net)
                  0.06    0.00    2.20 v _324_/B1 (sky130_fd_sc_hd__a21o_1)
                  0.03    0.09    2.29 v _324_/X (sky130_fd_sc_hd__a21o_1)
     2    0.01                           _179_ (net)
                  0.03    0.00    2.29 v _327_/A2 (sky130_fd_sc_hd__a21o_1)
                  0.02    0.11    2.40 v _327_/X (sky130_fd_sc_hd__a21o_1)
     1    0.00                           _058_ (net)
                  0.02    0.00    2.40 v _416_/D (sky130_fd_sc_hd__dfrtp_1)
                                  2.40   data arrival time

                         10.00   10.00   clock clk (rise edge)
                          0.00   10.00   clock source latency
                  0.06    0.04   10.04 ^ clk (in)
     1    0.02                           clk (net)
                  0.06    0.00   10.04 ^ clkbuf_0_clk/A (sky130_fd_sc_hd__clkbuf_16)
                  0.05    0.10   10.14 ^ clkbuf_0_clk/X (sky130_fd_sc_hd__clkbuf_16)
     4    0.04                           clknet_0_clk (net)
                  0.05    0.00   10.14 ^ clkbuf_2_2__f_clk/A (sky130_fd_sc_hd__clkbuf_16)
                  0.04    0.09   10.23 ^ clkbuf_2_2__f_clk/X (sky130_fd_sc_hd__clkbuf_16)
    10    0.04                           clknet_2_2__leaf_clk (net)
                  0.04    0.00   10.23 ^ _416_/CLK (sky130_fd_sc_hd__dfrtp_1)
                         -0.25    9.98   clock uncertainty
                          0.00    9.98   clock reconvergence pessimism
                         -0.07    9.92   library setup time
                                  9.92   data required time
-----------------------------------------------------------------------------
                                  9.92   data required time
                                 -2.40   data arrival time
-----------------------------------------------------------------------------
                                  7.51   slack (MET)


Startpoint: start (input port clocked by clk)
Endpoint: _423_ (rising edge-triggered flip-flop clocked by clk)
Path Group: clk
Path Type: max
Corner: Fastest

Fanout     Cap    Slew   Delay    Time   Description
-----------------------------------------------------------------------------
                          0.00    0.00   clock clk (rise edge)
                          0.00    0.00   clock network delay (propagated)
                          2.00    2.00 ^ input external delay
                  0.01    0.01    2.01 ^ start (in)
     1    0.00                           start (net)
                  0.01    0.00    2.01 ^ input3/A (sky130_fd_sc_hd__buf_1)
                  0.15    0.13    2.14 ^ input3/X (sky130_fd_sc_hd__buf_1)
     2    0.02                           net3 (net)
                  0.15    0.00    2.14 ^ _237_/B (sky130_fd_sc_hd__nor2_4)
                  0.06    0.06    2.20 v _237_/Y (sky130_fd_sc_hd__nor2_4)
     9    0.04                           _125_ (net)
                  0.06    0.00    2.20 v _303_/A2 (sky130_fd_sc_hd__o31a_1)
                  0.04    0.19    2.39 v _303_/X (sky130_fd_sc_hd__o31a_1)
     1    0.00                           _065_ (net)
                  0.04    0.00    2.39 v _423_/D (sky130_fd_sc_hd__dfrtp_1)
                                  2.39   data arrival time

                         10.00   10.00   clock clk (rise edge)
                          0.00   10.00   clock source latency
                  0.06    0.04   10.04 ^ clk (in)
     1    0.02                           clk (net)
                  0.06    0.00   10.04 ^ clkbuf_0_clk/A (sky130_fd_sc_hd__clkbuf_16)
                  0.05    0.10   10.14 ^ clkbuf_0_clk/X (sky130_fd_sc_hd__clkbuf_16)
     4    0.04                           clknet_0_clk (net)
                  0.05    0.00   10.14 ^ clkbuf_2_2__f_clk/A (sky130_fd_sc_hd__clkbuf_16)
                  0.04    0.09   10.23 ^ clkbuf_2_2__f_clk/X (sky130_fd_sc_hd__clkbuf_16)
    10    0.04                           clknet_2_2__leaf_clk (net)
                  0.04    0.00   10.23 ^ _423_/CLK (sky130_fd_sc_hd__dfrtp_1)
                         -0.25    9.98   clock uncertainty
                          0.00    9.98   clock reconvergence pessimism
                         -0.07    9.91   library setup time
                                  9.91   data required time
-----------------------------------------------------------------------------
                                  9.91   data required time
                                 -2.39   data arrival time
-----------------------------------------------------------------------------
                                  7.52   slack (MET)


Startpoint: start (input port clocked by clk)
Endpoint: _411_ (rising edge-triggered flip-flop clocked by clk)
Path Group: clk
Path Type: max
Corner: Fastest

Fanout     Cap    Slew   Delay    Time   Description
-----------------------------------------------------------------------------
                          0.00    0.00   clock clk (rise edge)
                          0.00    0.00   clock network delay (propagated)
                          2.00    2.00 ^ input external delay
                  0.01    0.01    2.01 ^ start (in)
     1    0.00                           start (net)
                  0.01    0.00    2.01 ^ input3/A (sky130_fd_sc_hd__buf_1)
                  0.15    0.13    2.14 ^ input3/X (sky130_fd_sc_hd__buf_1)
     2    0.02                           net3 (net)
                  0.15    0.00    2.14 ^ _237_/B (sky130_fd_sc_hd__nor2_4)
                  0.06    0.06    2.20 v _237_/Y (sky130_fd_sc_hd__nor2_4)
     9    0.04                           _125_ (net)
                  0.06    0.00    2.20 v _346_/A2 (sky130_fd_sc_hd__o31a_1)
                  0.04    0.19    2.39 v _346_/X (sky130_fd_sc_hd__o31a_1)
     1    0.00                           _053_ (net)
                  0.04    0.00    2.39 v _411_/D (sky130_fd_sc_hd__dfrtp_1)
                                  2.39   data arrival time

                         10.00   10.00   clock clk (rise edge)
                          0.00   10.00   clock source latency
                  0.06    0.04   10.04 ^ clk (in)
     1    0.02                           clk (net)
                  0.06    0.00   10.04 ^ clkbuf_0_clk/A (sky130_fd_sc_hd__clkbuf_16)
                  0.05    0.10   10.14 ^ clkbuf_0_clk/X (sky130_fd_sc_hd__clkbuf_16)
     4    0.04                           clknet_0_clk (net)
                  0.05    0.00   10.14 ^ clkbuf_2_0__f_clk/A (sky130_fd_sc_hd__clkbuf_16)
                  0.05    0.10   10.24 ^ clkbuf_2_0__f_clk/X (sky130_fd_sc_hd__clkbuf_16)
    14    0.04                           clknet_2_0__leaf_clk (net)
                  0.05    0.00   10.24 ^ _411_/CLK (sky130_fd_sc_hd__dfrtp_1)
                         -0.25    9.99   clock uncertainty
                          0.00    9.99   clock reconvergence pessimism
                         -0.07    9.92   library setup time
                                  9.92   data required time
-----------------------------------------------------------------------------
                                  9.92   data required time
                                 -2.39   data arrival time
-----------------------------------------------------------------------------
                                  7.53   slack (MET)


Startpoint: start (input port clocked by clk)
Endpoint: _422_ (rising edge-triggered flip-flop clocked by clk)
Path Group: clk
Path Type: max
Corner: Fastest

Fanout     Cap    Slew   Delay    Time   Description
-----------------------------------------------------------------------------
                          0.00    0.00   clock clk (rise edge)
                          0.00    0.00   clock network delay (propagated)
                          2.00    2.00 ^ input external delay
                  0.01    0.01    2.01 ^ start (in)
     1    0.00                           start (net)
                  0.01    0.00    2.01 ^ input3/A (sky130_fd_sc_hd__buf_1)
                  0.15    0.13    2.14 ^ input3/X (sky130_fd_sc_hd__buf_1)
     2    0.02                           net3 (net)
                  0.15    0.00    2.14 ^ _237_/B (sky130_fd_sc_hd__nor2_4)
                  0.06    0.06    2.20 v _237_/Y (sky130_fd_sc_hd__nor2_4)
     9    0.04                           _125_ (net)
                  0.06    0.00    2.20 v _305_/A1 (sky130_fd_sc_hd__o21a_1)
                  0.03    0.13    2.33 v _305_/X (sky130_fd_sc_hd__o21a_1)
     1    0.00                           _064_ (net)
                  0.03    0.00    2.33 v _422_/D (sky130_fd_sc_hd__dfrtp_1)
                                  2.33   data arrival time

                         10.00   10.00   clock clk (rise edge)
                          0.00   10.00   clock source latency
                  0.06    0.04   10.04 ^ clk (in)
     1    0.02                           clk (net)
                  0.06    0.00   10.04 ^ clkbuf_0_clk/A (sky130_fd_sc_hd__clkbuf_16)
                  0.05    0.10   10.14 ^ clkbuf_0_clk/X (sky130_fd_sc_hd__clkbuf_16)
     4    0.04                           clknet_0_clk (net)
                  0.05    0.00   10.14 ^ clkbuf_2_2__f_clk/A (sky130_fd_sc_hd__clkbuf_16)
                  0.04    0.09   10.23 ^ clkbuf_2_2__f_clk/X (sky130_fd_sc_hd__clkbuf_16)
    10    0.04                           clknet_2_2__leaf_clk (net)
                  0.04    0.00   10.23 ^ _422_/CLK (sky130_fd_sc_hd__dfrtp_1)
                         -0.25    9.98   clock uncertainty
                          0.00    9.98   clock reconvergence pessimism
                         -0.07    9.91   library setup time
                                  9.91   data required time
-----------------------------------------------------------------------------
                                  9.91   data required time
                                 -2.33   data arrival time
-----------------------------------------------------------------------------
                                  7.58   slack (MET)


Startpoint: start (input port clocked by clk)
Endpoint: _410_ (rising edge-triggered flip-flop clocked by clk)
Path Group: clk
Path Type: max
Corner: Fastest

Fanout     Cap    Slew   Delay    Time   Description
-----------------------------------------------------------------------------
                          0.00    0.00   clock clk (rise edge)
                          0.00    0.00   clock network delay (propagated)
                          2.00    2.00 v input external delay
                  0.00    0.00    2.00 v start (in)
     1    0.00                           start (net)
                  0.00    0.00    2.00 v input3/A (sky130_fd_sc_hd__buf_1)
                  0.06    0.09    2.09 v input3/X (sky130_fd_sc_hd__buf_1)
     2    0.01                           net3 (net)
                  0.06    0.00    2.09 v _237_/B (sky130_fd_sc_hd__nor2_4)
                  0.18    0.17    2.26 ^ _237_/Y (sky130_fd_sc_hd__nor2_4)
     9    0.04                           _125_ (net)
                  0.18    0.00    2.26 ^ _348_/B1 (sky130_fd_sc_hd__a32o_1)
                  0.04    0.08    2.34 ^ _348_/X (sky130_fd_sc_hd__a32o_1)
     1    0.00                           _052_ (net)
                  0.04    0.00    2.34 ^ _410_/D (sky130_fd_sc_hd__dfrtp_2)
                                  2.34   data arrival time

                         10.00   10.00   clock clk (rise edge)
                          0.00   10.00   clock source latency
                  0.06    0.04   10.04 ^ clk (in)
     1    0.02                           clk (net)
                  0.06    0.00   10.04 ^ clkbuf_0_clk/A (sky130_fd_sc_hd__clkbuf_16)
                  0.05    0.10   10.14 ^ clkbuf_0_clk/X (sky130_fd_sc_hd__clkbuf_16)
     4    0.04                           clknet_0_clk (net)
                  0.05    0.00   10.14 ^ clkbuf_2_0__f_clk/A (sky130_fd_sc_hd__clkbuf_16)
                  0.05    0.10   10.24 ^ clkbuf_2_0__f_clk/X (sky130_fd_sc_hd__clkbuf_16)
    14    0.04                           clknet_2_0__leaf_clk (net)
                  0.05    0.00   10.24 ^ _410_/CLK (sky130_fd_sc_hd__dfrtp_2)
                         -0.25    9.99   clock uncertainty
                          0.00    9.99   clock reconvergence pessimism
                         -0.04    9.95   library setup time
                                  9.95   data required time
-----------------------------------------------------------------------------
                                  9.95   data required time
                                 -2.34   data arrival time
-----------------------------------------------------------------------------
                                  7.62   slack (MET)


Startpoint: rst (input port clocked by clk)
Endpoint: _409_ (recovery check against rising-edge clock clk)
Path Group: asynchronous
Path Type: max
Corner: Fastest

Fanout     Cap    Slew   Delay    Time   Description
-----------------------------------------------------------------------------
                          0.00    0.00   clock clk (rise edge)
                          0.00    0.00   clock network delay (propagated)
                          2.00    2.00 v input external delay
                  0.00    0.00    2.00 v rst (in)
     1    0.00                           rst (net)
                  0.00    0.00    2.00 v input2/A (sky130_fd_sc_hd__buf_1)
                  0.04    0.07    2.07 v input2/X (sky130_fd_sc_hd__buf_1)
     3    0.01                           net2 (net)
                  0.04    0.00    2.07 v _355_/A (sky130_fd_sc_hd__buf_4)
                  0.06    0.13    2.20 v _355_/X (sky130_fd_sc_hd__buf_4)
    10    0.05                           _199_ (net)
                  0.06    0.00    2.20 v _356_/A (sky130_fd_sc_hd__buf_4)
                  0.06    0.14    2.35 v _356_/X (sky130_fd_sc_hd__buf_4)
    10    0.06                           _200_ (net)
                  0.06    0.00    2.35 v _358_/A (sky130_fd_sc_hd__inv_2)
                  0.03    0.04    2.40 ^ _358_/Y (sky130_fd_sc_hd__inv_2)
     1    0.00                           _003_ (net)
                  0.03    0.00    2.40 ^ _409_/RESET_B (sky130_fd_sc_hd__dfrtp_4)
                                  2.40   data arrival time

                         10.00   10.00   clock clk (rise edge)
                          0.00   10.00   clock source latency
                  0.06    0.04   10.04 ^ clk (in)
     1    0.02                           clk (net)
                  0.06    0.00   10.04 ^ clkbuf_0_clk/A (sky130_fd_sc_hd__clkbuf_16)
                  0.05    0.10   10.14 ^ clkbuf_0_clk/X (sky130_fd_sc_hd__clkbuf_16)
     4    0.04                           clknet_0_clk (net)
                  0.05    0.00   10.14 ^ clkbuf_2_2__f_clk/A (sky130_fd_sc_hd__clkbuf_16)
                  0.04    0.09   10.23 ^ clkbuf_2_2__f_clk/X (sky130_fd_sc_hd__clkbuf_16)
    10    0.04                           clknet_2_2__leaf_clk (net)
                  0.04    0.00   10.23 ^ _409_/CLK (sky130_fd_sc_hd__dfrtp_4)
                         -0.25    9.98   clock uncertainty
                          0.00    9.98   clock reconvergence pessimism
                          0.13   10.12   library recovery time
                                 10.12   data required time
-----------------------------------------------------------------------------
                                 10.12   data required time
                                 -2.40   data arrival time
-----------------------------------------------------------------------------
                                  7.72   slack (MET)


Startpoint: rst (input port clocked by clk)
Endpoint: _424_ (recovery check against rising-edge clock clk)
Path Group: asynchronous
Path Type: max
Corner: Fastest

Fanout     Cap    Slew   Delay    Time   Description
-----------------------------------------------------------------------------
                          0.00    0.00   clock clk (rise edge)
                          0.00    0.00   clock network delay (propagated)
                          2.00    2.00 v input external delay
                  0.00    0.00    2.00 v rst (in)
     1    0.00                           rst (net)
                  0.00    0.00    2.00 v input2/A (sky130_fd_sc_hd__buf_1)
                  0.04    0.07    2.07 v input2/X (sky130_fd_sc_hd__buf_1)
     3    0.01                           net2 (net)
                  0.04    0.00    2.07 v _355_/A (sky130_fd_sc_hd__buf_4)
                  0.06    0.13    2.20 v _355_/X (sky130_fd_sc_hd__buf_4)
    10    0.05                           _199_ (net)
                  0.06    0.00    2.20 v _367_/A (sky130_fd_sc_hd__clkbuf_8)
                  0.06    0.14    2.35 v _367_/X (sky130_fd_sc_hd__clkbuf_8)
    10    0.07                           _201_ (net)
                  0.06    0.00    2.35 v _374_/A (sky130_fd_sc_hd__inv_2)
                  0.03    0.04    2.40 ^ _374_/Y (sky130_fd_sc_hd__inv_2)
     1    0.00                           _018_ (net)
                  0.03    0.00    2.40 ^ _424_/RESET_B (sky130_fd_sc_hd__dfrtp_2)
                                  2.40   data arrival time

                         10.00   10.00   clock clk (rise edge)
                          0.00   10.00   clock source latency
                  0.06    0.04   10.04 ^ clk (in)
     1    0.02                           clk (net)
                  0.06    0.00   10.04 ^ clkbuf_0_clk/A (sky130_fd_sc_hd__clkbuf_16)
                  0.05    0.10   10.14 ^ clkbuf_0_clk/X (sky130_fd_sc_hd__clkbuf_16)
     4    0.04                           clknet_0_clk (net)
                  0.05    0.00   10.14 ^ clkbuf_2_3__f_clk/A (sky130_fd_sc_hd__clkbuf_16)
                  0.05    0.10   10.24 ^ clkbuf_2_3__f_clk/X (sky130_fd_sc_hd__clkbuf_16)
    12    0.04                           clknet_2_3__leaf_clk (net)
                  0.05    0.00   10.24 ^ _424_/CLK (sky130_fd_sc_hd__dfrtp_2)
                         -0.25    9.99   clock uncertainty
                          0.00    9.99   clock reconvergence pessimism
                          0.14   10.12   library recovery time
                                 10.12   data required time
-----------------------------------------------------------------------------
                                 10.12   data required time
                                 -2.40   data arrival time
-----------------------------------------------------------------------------
                                  7.73   slack (MET)


Startpoint: rst (input port clocked by clk)
Endpoint: _408_ (recovery check against rising-edge clock clk)
Path Group: asynchronous
Path Type: max
Corner: Fastest

Fanout     Cap    Slew   Delay    Time   Description
-----------------------------------------------------------------------------
                          0.00    0.00   clock clk (rise edge)
                          0.00    0.00   clock network delay (propagated)
                          2.00    2.00 v input external delay
                  0.00    0.00    2.00 v rst (in)
     1    0.00                           rst (net)
                  0.00    0.00    2.00 v input2/A (sky130_fd_sc_hd__buf_1)
                  0.04    0.07    2.07 v input2/X (sky130_fd_sc_hd__buf_1)
     3    0.01                           net2 (net)
                  0.04    0.00    2.07 v _355_/A (sky130_fd_sc_hd__buf_4)
                  0.06    0.13    2.20 v _355_/X (sky130_fd_sc_hd__buf_4)
    10    0.05                           _199_ (net)
                  0.06    0.00    2.20 v _356_/A (sky130_fd_sc_hd__buf_4)
                  0.06    0.14    2.35 v _356_/X (sky130_fd_sc_hd__buf_4)
    10    0.06                           _200_ (net)
                  0.06    0.00    2.35 v _357_/A (sky130_fd_sc_hd__inv_2)
                  0.03    0.04    2.39 ^ _357_/Y (sky130_fd_sc_hd__inv_2)
     1    0.00                           _002_ (net)
                  0.03    0.00    2.39 ^ _408_/RESET_B (sky130_fd_sc_hd__dfrtp_4)
                                  2.39   data arrival time

                         10.00   10.00   clock clk (rise edge)
                          0.00   10.00   clock source latency
                  0.06    0.04   10.04 ^ clk (in)
     1    0.02                           clk (net)
                  0.06    0.00   10.04 ^ clkbuf_0_clk/A (sky130_fd_sc_hd__clkbuf_16)
                  0.05    0.10   10.14 ^ clkbuf_0_clk/X (sky130_fd_sc_hd__clkbuf_16)
     4    0.04                           clknet_0_clk (net)
                  0.05    0.00   10.14 ^ clkbuf_2_0__f_clk/A (sky130_fd_sc_hd__clkbuf_16)
                  0.05    0.10   10.24 ^ clkbuf_2_0__f_clk/X (sky130_fd_sc_hd__clkbuf_16)
    14    0.04                           clknet_2_0__leaf_clk (net)
                  0.05    0.00   10.24 ^ _408_/CLK (sky130_fd_sc_hd__dfrtp_4)
                         -0.25    9.99   clock uncertainty
                          0.00    9.99   clock reconvergence pessimism
                          0.14   10.13   library recovery time
                                 10.13   data required time
-----------------------------------------------------------------------------
                                 10.13   data required time
                                 -2.39   data arrival time
-----------------------------------------------------------------------------
                                  7.73   slack (MET)


Startpoint: rst (input port clocked by clk)
Endpoint: _415_ (recovery check against rising-edge clock clk)
Path Group: asynchronous
Path Type: max
Corner: Fastest

Fanout     Cap    Slew   Delay    Time   Description
-----------------------------------------------------------------------------
                          0.00    0.00   clock clk (rise edge)
                          0.00    0.00   clock network delay (propagated)
                          2.00    2.00 v input external delay
                  0.00    0.00    2.00 v rst (in)
     1    0.00                           rst (net)
                  0.00    0.00    2.00 v input2/A (sky130_fd_sc_hd__buf_1)
                  0.04    0.07    2.07 v input2/X (sky130_fd_sc_hd__buf_1)
     3    0.01                           net2 (net)
                  0.04    0.00    2.07 v _355_/A (sky130_fd_sc_hd__buf_4)
                  0.06    0.13    2.20 v _355_/X (sky130_fd_sc_hd__buf_4)
    10    0.05                           _199_ (net)
                  0.06    0.00    2.20 v _356_/A (sky130_fd_sc_hd__buf_4)
                  0.06    0.14    2.35 v _356_/X (sky130_fd_sc_hd__buf_4)
    10    0.06                           _200_ (net)
                  0.06    0.00    2.35 v _364_/A (sky130_fd_sc_hd__inv_2)
                  0.03    0.04    2.40 ^ _364_/Y (sky130_fd_sc_hd__inv_2)
     1    0.00                           _009_ (net)
                  0.03    0.00    2.40 ^ _415_/RESET_B (sky130_fd_sc_hd__dfrtp_1)
                                  2.40   data arrival time

                         10.00   10.00   clock clk (rise edge)
                          0.00   10.00   clock source latency
                  0.06    0.04   10.04 ^ clk (in)
     1    0.02                           clk (net)
                  0.06    0.00   10.04 ^ clkbuf_0_clk/A (sky130_fd_sc_hd__clkbuf_16)
                  0.05    0.10   10.14 ^ clkbuf_0_clk/X (sky130_fd_sc_hd__clkbuf_16)
     4    0.04                           clknet_0_clk (net)
                  0.05    0.00   10.14 ^ clkbuf_2_2__f_clk/A (sky130_fd_sc_hd__clkbuf_16)
                  0.04    0.09   10.23 ^ clkbuf_2_2__f_clk/X (sky130_fd_sc_hd__clkbuf_16)
    10    0.04                           clknet_2_2__leaf_clk (net)
                  0.04    0.00   10.23 ^ _415_/CLK (sky130_fd_sc_hd__dfrtp_1)
                         -0.25    9.98   clock uncertainty
                          0.00    9.98   clock reconvergence pessimism
                          0.15   10.13   library recovery time
                                 10.13   data required time
-----------------------------------------------------------------------------
                                 10.13   data required time
                                 -2.40   data arrival time
-----------------------------------------------------------------------------
                                  7.73   slack (MET)


Startpoint: rst (input port clocked by clk)
Endpoint: _416_ (recovery check against rising-edge clock clk)
Path Group: asynchronous
Path Type: max
Corner: Fastest

Fanout     Cap    Slew   Delay    Time   Description
-----------------------------------------------------------------------------
                          0.00    0.00   clock clk (rise edge)
                          0.00    0.00   clock network delay (propagated)
                          2.00    2.00 v input external delay
                  0.00    0.00    2.00 v rst (in)
     1    0.00                           rst (net)
                  0.00    0.00    2.00 v input2/A (sky130_fd_sc_hd__buf_1)
                  0.04    0.07    2.07 v input2/X (sky130_fd_sc_hd__buf_1)
     3    0.01                           net2 (net)
                  0.04    0.00    2.07 v _355_/A (sky130_fd_sc_hd__buf_4)
                  0.06    0.13    2.20 v _355_/X (sky130_fd_sc_hd__buf_4)
    10    0.05                           _199_ (net)
                  0.06    0.00    2.20 v _356_/A (sky130_fd_sc_hd__buf_4)
                  0.06    0.14    2.35 v _356_/X (sky130_fd_sc_hd__buf_4)
    10    0.06                           _200_ (net)
                  0.06    0.00    2.35 v _365_/A (sky130_fd_sc_hd__inv_2)
                  0.03    0.04    2.40 ^ _365_/Y (sky130_fd_sc_hd__inv_2)
     1    0.00                           _010_ (net)
                  0.03    0.00    2.40 ^ _416_/RESET_B (sky130_fd_sc_hd__dfrtp_1)
                                  2.40   data arrival time

                         10.00   10.00   clock clk (rise edge)
                          0.00   10.00   clock source latency
                  0.06    0.04   10.04 ^ clk (in)
     1    0.02                           clk (net)
                  0.06    0.00   10.04 ^ clkbuf_0_clk/A (sky130_fd_sc_hd__clkbuf_16)
                  0.05    0.10   10.14 ^ clkbuf_0_clk/X (sky130_fd_sc_hd__clkbuf_16)
     4    0.04                           clknet_0_clk (net)
                  0.05    0.00   10.14 ^ clkbuf_2_2__f_clk/A (sky130_fd_sc_hd__clkbuf_16)
                  0.04    0.09   10.23 ^ clkbuf_2_2__f_clk/X (sky130_fd_sc_hd__clkbuf_16)
    10    0.04                           clknet_2_2__leaf_clk (net)
                  0.04    0.00   10.23 ^ _416_/CLK (sky130_fd_sc_hd__dfrtp_1)
                         -0.25    9.98   clock uncertainty
                          0.00    9.98   clock reconvergence pessimism
                          0.15   10.13   library recovery time
                                 10.13   data required time
-----------------------------------------------------------------------------
                                 10.13   data required time
                                 -2.40   data arrival time
-----------------------------------------------------------------------------
                                  7.73   slack (MET)


Startpoint: rst (input port clocked by clk)
Endpoint: _417_ (recovery check against rising-edge clock clk)
Path Group: asynchronous
Path Type: max
Corner: Fastest

Fanout     Cap    Slew   Delay    Time   Description
-----------------------------------------------------------------------------
                          0.00    0.00   clock clk (rise edge)
                          0.00    0.00   clock network delay (propagated)
                          2.00    2.00 v input external delay
                  0.00    0.00    2.00 v rst (in)
     1    0.00                           rst (net)
                  0.00    0.00    2.00 v input2/A (sky130_fd_sc_hd__buf_1)
                  0.04    0.07    2.07 v input2/X (sky130_fd_sc_hd__buf_1)
     3    0.01                           net2 (net)
                  0.04    0.00    2.07 v _355_/A (sky130_fd_sc_hd__buf_4)
                  0.06    0.13    2.20 v _355_/X (sky130_fd_sc_hd__buf_4)
    10    0.05                           _199_ (net)
                  0.06    0.00    2.20 v _356_/A (sky130_fd_sc_hd__buf_4)
                  0.06    0.14    2.35 v _356_/X (sky130_fd_sc_hd__buf_4)
    10    0.06                           _200_ (net)
                  0.06    0.00    2.35 v _366_/A (sky130_fd_sc_hd__inv_2)
                  0.03    0.04    2.40 ^ _366_/Y (sky130_fd_sc_hd__inv_2)
     1    0.00                           _011_ (net)
                  0.03    0.00    2.40 ^ _417_/RESET_B (sky130_fd_sc_hd__dfrtp_1)
                                  2.40   data arrival time

                         10.00   10.00   clock clk (rise edge)
                          0.00   10.00   clock source latency
                  0.06    0.04   10.04 ^ clk (in)
     1    0.02                           clk (net)
                  0.06    0.00   10.04 ^ clkbuf_0_clk/A (sky130_fd_sc_hd__clkbuf_16)
                  0.05    0.10   10.14 ^ clkbuf_0_clk/X (sky130_fd_sc_hd__clkbuf_16)
     4    0.04                           clknet_0_clk (net)
                  0.05    0.00   10.14 ^ clkbuf_2_2__f_clk/A (sky130_fd_sc_hd__clkbuf_16)
                  0.04    0.09   10.23 ^ clkbuf_2_2__f_clk/X (sky130_fd_sc_hd__clkbuf_16)
    10    0.04                           clknet_2_2__leaf_clk (net)
                  0.04    0.00   10.23 ^ _417_/CLK (sky130_fd_sc_hd__dfrtp_1)
                         -0.25    9.98   clock uncertainty
                          0.00    9.98   clock reconvergence pessimism
                          0.15   10.13   library recovery time
                                 10.13   data required time
-----------------------------------------------------------------------------
                                 10.13   data required time
                                 -2.40   data arrival time
-----------------------------------------------------------------------------
                                  7.73   slack (MET)


Startpoint: rst (input port clocked by clk)
Endpoint: _413_ (recovery check against rising-edge clock clk)
Path Group: asynchronous
Path Type: max
Corner: Fastest

Fanout     Cap    Slew   Delay    Time   Description
-----------------------------------------------------------------------------
                          0.00    0.00   clock clk (rise edge)
                          0.00    0.00   clock network delay (propagated)
                          2.00    2.00 v input external delay
                  0.00    0.00    2.00 v rst (in)
     1    0.00                           rst (net)
                  0.00    0.00    2.00 v input2/A (sky130_fd_sc_hd__buf_1)
                  0.04    0.07    2.07 v input2/X (sky130_fd_sc_hd__buf_1)
     3    0.01                           net2 (net)
                  0.04    0.00    2.07 v _355_/A (sky130_fd_sc_hd__buf_4)
                  0.06    0.13    2.20 v _355_/X (sky130_fd_sc_hd__buf_4)
    10    0.05                           _199_ (net)
                  0.06    0.00    2.20 v _356_/A (sky130_fd_sc_hd__buf_4)
                  0.06    0.14    2.35 v _356_/X (sky130_fd_sc_hd__buf_4)
    10    0.06                           _200_ (net)
                  0.06    0.00    2.35 v _362_/A (sky130_fd_sc_hd__inv_2)
                  0.03    0.04    2.40 ^ _362_/Y (sky130_fd_sc_hd__inv_2)
     1    0.00                           _007_ (net)
                  0.03    0.00    2.40 ^ _413_/RESET_B (sky130_fd_sc_hd__dfrtp_1)
                                  2.40   data arrival time

                         10.00   10.00   clock clk (rise edge)
                          0.00   10.00   clock source latency
                  0.06    0.04   10.04 ^ clk (in)
     1    0.02                           clk (net)
                  0.06    0.00   10.04 ^ clkbuf_0_clk/A (sky130_fd_sc_hd__clkbuf_16)
                  0.05    0.10   10.14 ^ clkbuf_0_clk/X (sky130_fd_sc_hd__clkbuf_16)
     4    0.04                           clknet_0_clk (net)
                  0.05    0.00   10.14 ^ clkbuf_2_2__f_clk/A (sky130_fd_sc_hd__clkbuf_16)
                  0.04    0.09   10.23 ^ clkbuf_2_2__f_clk/X (sky130_fd_sc_hd__clkbuf_16)
    10    0.04                           clknet_2_2__leaf_clk (net)
                  0.04    0.00   10.23 ^ _413_/CLK (sky130_fd_sc_hd__dfrtp_1)
                         -0.25    9.98   clock uncertainty
                          0.00    9.98   clock reconvergence pessimism
                          0.15   10.13   library recovery time
                                 10.13   data required time
-----------------------------------------------------------------------------
                                 10.13   data required time
                                 -2.40   data arrival time
-----------------------------------------------------------------------------
                                  7.73   slack (MET)


Startpoint: rst (input port clocked by clk)
Endpoint: _412_ (recovery check against rising-edge clock clk)
Path Group: asynchronous
Path Type: max
Corner: Fastest

Fanout     Cap    Slew   Delay    Time   Description
-----------------------------------------------------------------------------
                          0.00    0.00   clock clk (rise edge)
                          0.00    0.00   clock network delay (propagated)
                          2.00    2.00 v input external delay
                  0.00    0.00    2.00 v rst (in)
     1    0.00                           rst (net)
                  0.00    0.00    2.00 v input2/A (sky130_fd_sc_hd__buf_1)
                  0.04    0.07    2.07 v input2/X (sky130_fd_sc_hd__buf_1)
     3    0.01                           net2 (net)
                  0.04    0.00    2.07 v _355_/A (sky130_fd_sc_hd__buf_4)
                  0.06    0.13    2.20 v _355_/X (sky130_fd_sc_hd__buf_4)
    10    0.05                           _199_ (net)
                  0.06    0.00    2.20 v _356_/A (sky130_fd_sc_hd__buf_4)
                  0.06    0.14    2.35 v _356_/X (sky130_fd_sc_hd__buf_4)
    10    0.06                           _200_ (net)
                  0.06    0.00    2.35 v _361_/A (sky130_fd_sc_hd__inv_2)
                  0.03    0.04    2.40 ^ _361_/Y (sky130_fd_sc_hd__inv_2)
     1    0.00                           _006_ (net)
                  0.03    0.00    2.40 ^ _412_/RESET_B (sky130_fd_sc_hd__dfrtp_1)
                                  2.40   data arrival time

                         10.00   10.00   clock clk (rise edge)
                          0.00   10.00   clock source latency
                  0.06    0.04   10.04 ^ clk (in)
     1    0.02                           clk (net)
                  0.06    0.00   10.04 ^ clkbuf_0_clk/A (sky130_fd_sc_hd__clkbuf_16)
                  0.05    0.10   10.14 ^ clkbuf_0_clk/X (sky130_fd_sc_hd__clkbuf_16)
     4    0.04                           clknet_0_clk (net)
                  0.05    0.00   10.14 ^ clkbuf_2_2__f_clk/A (sky130_fd_sc_hd__clkbuf_16)
                  0.04    0.09   10.23 ^ clkbuf_2_2__f_clk/X (sky130_fd_sc_hd__clkbuf_16)
    10    0.04                           clknet_2_2__leaf_clk (net)
                  0.04    0.00   10.23 ^ _412_/CLK (sky130_fd_sc_hd__dfrtp_1)
                         -0.25    9.98   clock uncertainty
                          0.00    9.98   clock reconvergence pessimism
                          0.15   10.13   library recovery time
                                 10.13   data required time
-----------------------------------------------------------------------------
                                 10.13   data required time
                                 -2.40   data arrival time
-----------------------------------------------------------------------------
                                  7.73   slack (MET)


Startpoint: rst (input port clocked by clk)
Endpoint: _410_ (recovery check against rising-edge clock clk)
Path Group: asynchronous
Path Type: max
Corner: Fastest

Fanout     Cap    Slew   Delay    Time   Description
-----------------------------------------------------------------------------
                          0.00    0.00   clock clk (rise edge)
                          0.00    0.00   clock network delay (propagated)
                          2.00    2.00 v input external delay
                  0.00    0.00    2.00 v rst (in)
     1    0.00                           rst (net)
                  0.00    0.00    2.00 v input2/A (sky130_fd_sc_hd__buf_1)
                  0.04    0.07    2.07 v input2/X (sky130_fd_sc_hd__buf_1)
     3    0.01                           net2 (net)
                  0.04    0.00    2.07 v _355_/A (sky130_fd_sc_hd__buf_4)
                  0.06    0.13    2.20 v _355_/X (sky130_fd_sc_hd__buf_4)
    10    0.05                           _199_ (net)
                  0.06    0.00    2.20 v _356_/A (sky130_fd_sc_hd__buf_4)
                  0.06    0.14    2.35 v _356_/X (sky130_fd_sc_hd__buf_4)
    10    0.06                           _200_ (net)
                  0.06    0.00    2.35 v _359_/A (sky130_fd_sc_hd__inv_2)
                  0.03    0.04    2.39 ^ _359_/Y (sky130_fd_sc_hd__inv_2)
     1    0.00                           _004_ (net)
                  0.03    0.00    2.39 ^ _410_/RESET_B (sky130_fd_sc_hd__dfrtp_2)
                                  2.39   data arrival time

                         10.00   10.00   clock clk (rise edge)
                          0.00   10.00   clock source latency
                  0.06    0.04   10.04 ^ clk (in)
     1    0.02                           clk (net)
                  0.06    0.00   10.04 ^ clkbuf_0_clk/A (sky130_fd_sc_hd__clkbuf_16)
                  0.05    0.10   10.14 ^ clkbuf_0_clk/X (sky130_fd_sc_hd__clkbuf_16)
     4    0.04                           clknet_0_clk (net)
                  0.05    0.00   10.14 ^ clkbuf_2_0__f_clk/A (sky130_fd_sc_hd__clkbuf_16)
                  0.05    0.10   10.24 ^ clkbuf_2_0__f_clk/X (sky130_fd_sc_hd__clkbuf_16)
    14    0.04                           clknet_2_0__leaf_clk (net)
                  0.05    0.00   10.24 ^ _410_/CLK (sky130_fd_sc_hd__dfrtp_2)
                         -0.25    9.99   clock uncertainty
                          0.00    9.99   clock reconvergence pessimism
                          0.14   10.13   library recovery time
                                 10.13   data required time
-----------------------------------------------------------------------------
                                 10.13   data required time
                                 -2.39   data arrival time
-----------------------------------------------------------------------------
                                  7.73   slack (MET)


Startpoint: rst (input port clocked by clk)
Endpoint: _414_ (recovery check against rising-edge clock clk)
Path Group: asynchronous
Path Type: max
Corner: Fastest

Fanout     Cap    Slew   Delay    Time   Description
-----------------------------------------------------------------------------
                          0.00    0.00   clock clk (rise edge)
                          0.00    0.00   clock network delay (propagated)
                          2.00    2.00 v input external delay
                  0.00    0.00    2.00 v rst (in)
     1    0.00                           rst (net)
                  0.00    0.00    2.00 v input2/A (sky130_fd_sc_hd__buf_1)
                  0.04    0.07    2.07 v input2/X (sky130_fd_sc_hd__buf_1)
     3    0.01                           net2 (net)
                  0.04    0.00    2.07 v _355_/A (sky130_fd_sc_hd__buf_4)
                  0.06    0.13    2.20 v _355_/X (sky130_fd_sc_hd__buf_4)
    10    0.05                           _199_ (net)
                  0.06    0.00    2.20 v _356_/A (sky130_fd_sc_hd__buf_4)
                  0.06    0.14    2.35 v _356_/X (sky130_fd_sc_hd__buf_4)
    10    0.06                           _200_ (net)
                  0.06    0.00    2.35 v _363_/A (sky130_fd_sc_hd__inv_2)
                  0.03    0.04    2.40 ^ _363_/Y (sky130_fd_sc_hd__inv_2)
     1    0.00                           _008_ (net)
                  0.03    0.00    2.40 ^ _414_/RESET_B (sky130_fd_sc_hd__dfrtp_1)
                                  2.40   data arrival time

                         10.00   10.00   clock clk (rise edge)
                          0.00   10.00   clock source latency
                  0.06    0.04   10.04 ^ clk (in)
     1    0.02                           clk (net)
                  0.06    0.00   10.04 ^ clkbuf_0_clk/A (sky130_fd_sc_hd__clkbuf_16)
                  0.05    0.10   10.14 ^ clkbuf_0_clk/X (sky130_fd_sc_hd__clkbuf_16)
     4    0.04                           clknet_0_clk (net)
                  0.05    0.00   10.14 ^ clkbuf_2_2__f_clk/A (sky130_fd_sc_hd__clkbuf_16)
                  0.04    0.09   10.23 ^ clkbuf_2_2__f_clk/X (sky130_fd_sc_hd__clkbuf_16)
    10    0.04                           clknet_2_2__leaf_clk (net)
                  0.04    0.00   10.23 ^ _414_/CLK (sky130_fd_sc_hd__dfrtp_1)
                         -0.25    9.98   clock uncertainty
                          0.00    9.98   clock reconvergence pessimism
                          0.15   10.13   library recovery time
                                 10.13   data required time
-----------------------------------------------------------------------------
                                 10.13   data required time
                                 -2.40   data arrival time
-----------------------------------------------------------------------------
                                  7.73   slack (MET)


Startpoint: rst (input port clocked by clk)
Endpoint: _425_ (recovery check against rising-edge clock clk)
Path Group: asynchronous
Path Type: max
Corner: Fastest

Fanout     Cap    Slew   Delay    Time   Description
-----------------------------------------------------------------------------
                          0.00    0.00   clock clk (rise edge)
                          0.00    0.00   clock network delay (propagated)
                          2.00    2.00 v input external delay
                  0.00    0.00    2.00 v rst (in)
     1    0.00                           rst (net)
                  0.00    0.00    2.00 v input2/A (sky130_fd_sc_hd__buf_1)
                  0.04    0.07    2.07 v input2/X (sky130_fd_sc_hd__buf_1)
     3    0.01                           net2 (net)
                  0.04    0.00    2.07 v _355_/A (sky130_fd_sc_hd__buf_4)
                  0.06    0.13    2.20 v _355_/X (sky130_fd_sc_hd__buf_4)
    10    0.05                           _199_ (net)
                  0.06    0.00    2.20 v _367_/A (sky130_fd_sc_hd__clkbuf_8)
                  0.06    0.14    2.35 v _367_/X (sky130_fd_sc_hd__clkbuf_8)
    10    0.07                           _201_ (net)
                  0.06    0.00    2.35 v _375_/A (sky130_fd_sc_hd__inv_2)
                  0.03    0.04    2.40 ^ _375_/Y (sky130_fd_sc_hd__inv_2)
     1    0.00                           _019_ (net)
                  0.03    0.00    2.40 ^ _425_/RESET_B (sky130_fd_sc_hd__dfrtp_1)
                                  2.40   data arrival time

                         10.00   10.00   clock clk (rise edge)
                          0.00   10.00   clock source latency
                  0.06    0.04   10.04 ^ clk (in)
     1    0.02                           clk (net)
                  0.06    0.00   10.04 ^ clkbuf_0_clk/A (sky130_fd_sc_hd__clkbuf_16)
                  0.05    0.10   10.14 ^ clkbuf_0_clk/X (sky130_fd_sc_hd__clkbuf_16)
     4    0.04                           clknet_0_clk (net)
                  0.05    0.00   10.14 ^ clkbuf_2_2__f_clk/A (sky130_fd_sc_hd__clkbuf_16)
                  0.04    0.09   10.23 ^ clkbuf_2_2__f_clk/X (sky130_fd_sc_hd__clkbuf_16)
    10    0.04                           clknet_2_2__leaf_clk (net)
                  0.04    0.00   10.23 ^ _425_/CLK (sky130_fd_sc_hd__dfrtp_1)
                         -0.25    9.98   clock uncertainty
                          0.00    9.98   clock reconvergence pessimism
                          0.15   10.13   library recovery time
                                 10.13   data required time
-----------------------------------------------------------------------------
                                 10.13   data required time
                                 -2.40   data arrival time
-----------------------------------------------------------------------------
                                  7.73   slack (MET)


Startpoint: rst (input port clocked by clk)
Endpoint: _422_ (recovery check against rising-edge clock clk)
Path Group: asynchronous
Path Type: max
Corner: Fastest

Fanout     Cap    Slew   Delay    Time   Description
-----------------------------------------------------------------------------
                          0.00    0.00   clock clk (rise edge)
                          0.00    0.00   clock network delay (propagated)
                          2.00    2.00 v input external delay
                  0.00    0.00    2.00 v rst (in)
     1    0.00                           rst (net)
                  0.00    0.00    2.00 v input2/A (sky130_fd_sc_hd__buf_1)
                  0.04    0.07    2.07 v input2/X (sky130_fd_sc_hd__buf_1)
     3    0.01                           net2 (net)
                  0.04    0.00    2.07 v _355_/A (sky130_fd_sc_hd__buf_4)
                  0.06    0.13    2.20 v _355_/X (sky130_fd_sc_hd__buf_4)
    10    0.05                           _199_ (net)
                  0.06    0.00    2.20 v _367_/A (sky130_fd_sc_hd__clkbuf_8)
                  0.06    0.14    2.35 v _367_/X (sky130_fd_sc_hd__clkbuf_8)
    10    0.07                           _201_ (net)
                  0.06    0.00    2.35 v _372_/A (sky130_fd_sc_hd__inv_2)
                  0.03    0.04    2.39 ^ _372_/Y (sky130_fd_sc_hd__inv_2)
     1    0.00                           _016_ (net)
                  0.03    0.00    2.39 ^ _422_/RESET_B (sky130_fd_sc_hd__dfrtp_1)
                                  2.39   data arrival time

                         10.00   10.00   clock clk (rise edge)
                          0.00   10.00   clock source latency
                  0.06    0.04   10.04 ^ clk (in)
     1    0.02                           clk (net)
                  0.06    0.00   10.04 ^ clkbuf_0_clk/A (sky130_fd_sc_hd__clkbuf_16)
                  0.05    0.10   10.14 ^ clkbuf_0_clk/X (sky130_fd_sc_hd__clkbuf_16)
     4    0.04                           clknet_0_clk (net)
                  0.05    0.00   10.14 ^ clkbuf_2_2__f_clk/A (sky130_fd_sc_hd__clkbuf_16)
                  0.04    0.09   10.23 ^ clkbuf_2_2__f_clk/X (sky130_fd_sc_hd__clkbuf_16)
    10    0.04                           clknet_2_2__leaf_clk (net)
                  0.04    0.00   10.23 ^ _422_/CLK (sky130_fd_sc_hd__dfrtp_1)
                         -0.25    9.98   clock uncertainty
                          0.00    9.98   clock reconvergence pessimism
                          0.15   10.13   library recovery time
                                 10.13   data required time
-----------------------------------------------------------------------------
                                 10.13   data required time
                                 -2.39   data arrival time
-----------------------------------------------------------------------------
                                  7.74   slack (MET)


Startpoint: rst (input port clocked by clk)
Endpoint: _423_ (recovery check against rising-edge clock clk)
Path Group: asynchronous
Path Type: max
Corner: Fastest

Fanout     Cap    Slew   Delay    Time   Description
-----------------------------------------------------------------------------
                          0.00    0.00   clock clk (rise edge)
                          0.00    0.00   clock network delay (propagated)
                          2.00    2.00 v input external delay
                  0.00    0.00    2.00 v rst (in)
     1    0.00                           rst (net)
                  0.00    0.00    2.00 v input2/A (sky130_fd_sc_hd__buf_1)
                  0.04    0.07    2.07 v input2/X (sky130_fd_sc_hd__buf_1)
     3    0.01                           net2 (net)
                  0.04    0.00    2.07 v _355_/A (sky130_fd_sc_hd__buf_4)
                  0.06    0.13    2.20 v _355_/X (sky130_fd_sc_hd__buf_4)
    10    0.05                           _199_ (net)
                  0.06    0.00    2.20 v _367_/A (sky130_fd_sc_hd__clkbuf_8)
                  0.06    0.14    2.35 v _367_/X (sky130_fd_sc_hd__clkbuf_8)
    10    0.07                           _201_ (net)
                  0.06    0.00    2.35 v _373_/A (sky130_fd_sc_hd__inv_2)
                  0.03    0.04    2.39 ^ _373_/Y (sky130_fd_sc_hd__inv_2)
     1    0.00                           _017_ (net)
                  0.03    0.00    2.39 ^ _423_/RESET_B (sky130_fd_sc_hd__dfrtp_1)
                                  2.39   data arrival time

                         10.00   10.00   clock clk (rise edge)
                          0.00   10.00   clock source latency
                  0.06    0.04   10.04 ^ clk (in)
     1    0.02                           clk (net)
                  0.06    0.00   10.04 ^ clkbuf_0_clk/A (sky130_fd_sc_hd__clkbuf_16)
                  0.05    0.10   10.14 ^ clkbuf_0_clk/X (sky130_fd_sc_hd__clkbuf_16)
     4    0.04                           clknet_0_clk (net)
                  0.05    0.00   10.14 ^ clkbuf_2_2__f_clk/A (sky130_fd_sc_hd__clkbuf_16)
                  0.04    0.09   10.23 ^ clkbuf_2_2__f_clk/X (sky130_fd_sc_hd__clkbuf_16)
    10    0.04                           clknet_2_2__leaf_clk (net)
                  0.04    0.00   10.23 ^ _423_/CLK (sky130_fd_sc_hd__dfrtp_1)
                         -0.25    9.98   clock uncertainty
                          0.00    9.98   clock reconvergence pessimism
                          0.15   10.13   library recovery time
                                 10.13   data required time
-----------------------------------------------------------------------------
                                 10.13   data required time
                                 -2.39   data arrival time
-----------------------------------------------------------------------------
                                  7.74   slack (MET)


Startpoint: rst (input port clocked by clk)
Endpoint: _418_ (recovery check against rising-edge clock clk)
Path Group: asynchronous
Path Type: max
Corner: Fastest

Fanout     Cap    Slew   Delay    Time   Description
-----------------------------------------------------------------------------
                          0.00    0.00   clock clk (rise edge)
                          0.00    0.00   clock network delay (propagated)
                          2.00    2.00 v input external delay
                  0.00    0.00    2.00 v rst (in)
     1    0.00                           rst (net)
                  0.00    0.00    2.00 v input2/A (sky130_fd_sc_hd__buf_1)
                  0.04    0.07    2.07 v input2/X (sky130_fd_sc_hd__buf_1)
     3    0.01                           net2 (net)
                  0.04    0.00    2.07 v _355_/A (sky130_fd_sc_hd__buf_4)
                  0.06    0.13    2.20 v _355_/X (sky130_fd_sc_hd__buf_4)
    10    0.05                           _199_ (net)
                  0.06    0.00    2.20 v _367_/A (sky130_fd_sc_hd__clkbuf_8)
                  0.06    0.14    2.35 v _367_/X (sky130_fd_sc_hd__clkbuf_8)
    10    0.07                           _201_ (net)
                  0.06    0.00    2.35 v _368_/A (sky130_fd_sc_hd__inv_2)
                  0.03    0.04    2.40 ^ _368_/Y (sky130_fd_sc_hd__inv_2)
     1    0.00                           _012_ (net)
                  0.03    0.00    2.40 ^ _418_/RESET_B (sky130_fd_sc_hd__dfrtp_1)
                                  2.40   data arrival time

                         10.00   10.00   clock clk (rise edge)
                          0.00   10.00   clock source latency
                  0.06    0.04   10.04 ^ clk (in)
     1    0.02                           clk (net)
                  0.06    0.00   10.04 ^ clkbuf_0_clk/A (sky130_fd_sc_hd__clkbuf_16)
                  0.05    0.10   10.14 ^ clkbuf_0_clk/X (sky130_fd_sc_hd__clkbuf_16)
     4    0.04                           clknet_0_clk (net)
                  0.05    0.00   10.14 ^ clkbuf_2_3__f_clk/A (sky130_fd_sc_hd__clkbuf_16)
                  0.05    0.10   10.24 ^ clkbuf_2_3__f_clk/X (sky130_fd_sc_hd__clkbuf_16)
    12    0.04                           clknet_2_3__leaf_clk (net)
                  0.05    0.00   10.24 ^ _418_/CLK (sky130_fd_sc_hd__dfrtp_1)
                         -0.25    9.99   clock uncertainty
                          0.00    9.99   clock reconvergence pessimism
                          0.15   10.13   library recovery time
                                 10.13   data required time
-----------------------------------------------------------------------------
                                 10.13   data required time
                                 -2.40   data arrival time
-----------------------------------------------------------------------------
                                  7.74   slack (MET)


Startpoint: rst (input port clocked by clk)
Endpoint: _427_ (recovery check against rising-edge clock clk)
Path Group: asynchronous
Path Type: max
Corner: Fastest

Fanout     Cap    Slew   Delay    Time   Description
-----------------------------------------------------------------------------
                          0.00    0.00   clock clk (rise edge)
                          0.00    0.00   clock network delay (propagated)
                          2.00    2.00 v input external delay
                  0.00    0.00    2.00 v rst (in)
     1    0.00                           rst (net)
                  0.00    0.00    2.00 v input2/A (sky130_fd_sc_hd__buf_1)
                  0.04    0.07    2.07 v input2/X (sky130_fd_sc_hd__buf_1)
     3    0.01                           net2 (net)
                  0.04    0.00    2.07 v _355_/A (sky130_fd_sc_hd__buf_4)
                  0.06    0.13    2.20 v _355_/X (sky130_fd_sc_hd__buf_4)
    10    0.05                           _199_ (net)
                  0.06    0.00    2.20 v _367_/A (sky130_fd_sc_hd__clkbuf_8)
                  0.06    0.14    2.35 v _367_/X (sky130_fd_sc_hd__clkbuf_8)
    10    0.07                           _201_ (net)
                  0.06    0.00    2.35 v _377_/A (sky130_fd_sc_hd__inv_2)
                  0.03    0.04    2.40 ^ _377_/Y (sky130_fd_sc_hd__inv_2)
     1    0.00                           _021_ (net)
                  0.03    0.00    2.40 ^ _427_/RESET_B (sky130_fd_sc_hd__dfrtp_1)
                                  2.40   data arrival time

                         10.00   10.00   clock clk (rise edge)
                          0.00   10.00   clock source latency
                  0.06    0.04   10.04 ^ clk (in)
     1    0.02                           clk (net)
                  0.06    0.00   10.04 ^ clkbuf_0_clk/A (sky130_fd_sc_hd__clkbuf_16)
                  0.05    0.10   10.14 ^ clkbuf_0_clk/X (sky130_fd_sc_hd__clkbuf_16)
     4    0.04                           clknet_0_clk (net)
                  0.05    0.00   10.14 ^ clkbuf_2_1__f_clk/A (sky130_fd_sc_hd__clkbuf_16)
                  0.04    0.10   10.24 ^ clkbuf_2_1__f_clk/X (sky130_fd_sc_hd__clkbuf_16)
    12    0.04                           clknet_2_1__leaf_clk (net)
                  0.04    0.00   10.24 ^ _427_/CLK (sky130_fd_sc_hd__dfrtp_1)
                         -0.25    9.99   clock uncertainty
                          0.00    9.99   clock reconvergence pessimism
                          0.15   10.13   library recovery time
                                 10.13   data required time
-----------------------------------------------------------------------------
                                 10.13   data required time
                                 -2.40   data arrival time
-----------------------------------------------------------------------------
                                  7.74   slack (MET)


Startpoint: rst (input port clocked by clk)
Endpoint: _419_ (recovery check against rising-edge clock clk)
Path Group: asynchronous
Path Type: max
Corner: Fastest

Fanout     Cap    Slew   Delay    Time   Description
-----------------------------------------------------------------------------
                          0.00    0.00   clock clk (rise edge)
                          0.00    0.00   clock network delay (propagated)
                          2.00    2.00 v input external delay
                  0.00    0.00    2.00 v rst (in)
     1    0.00                           rst (net)
                  0.00    0.00    2.00 v input2/A (sky130_fd_sc_hd__buf_1)
                  0.04    0.07    2.07 v input2/X (sky130_fd_sc_hd__buf_1)
     3    0.01                           net2 (net)
                  0.04    0.00    2.07 v _355_/A (sky130_fd_sc_hd__buf_4)
                  0.06    0.13    2.20 v _355_/X (sky130_fd_sc_hd__buf_4)
    10    0.05                           _199_ (net)
                  0.06    0.00    2.20 v _367_/A (sky130_fd_sc_hd__clkbuf_8)
                  0.06    0.14    2.35 v _367_/X (sky130_fd_sc_hd__clkbuf_8)
    10    0.07                           _201_ (net)
                  0.06    0.00    2.35 v _369_/A (sky130_fd_sc_hd__inv_2)
                  0.03    0.04    2.40 ^ _369_/Y (sky130_fd_sc_hd__inv_2)
     1    0.00                           _013_ (net)
                  0.03    0.00    2.40 ^ _419_/RESET_B (sky130_fd_sc_hd__dfrtp_1)
                                  2.40   data arrival time

                         10.00   10.00   clock clk (rise edge)
                          0.00   10.00   clock source latency
                  0.06    0.04   10.04 ^ clk (in)
     1    0.02                           clk (net)
                  0.06    0.00   10.04 ^ clkbuf_0_clk/A (sky130_fd_sc_hd__clkbuf_16)
                  0.05    0.10   10.14 ^ clkbuf_0_clk/X (sky130_fd_sc_hd__clkbuf_16)
     4    0.04                           clknet_0_clk (net)
                  0.05    0.00   10.14 ^ clkbuf_2_3__f_clk/A (sky130_fd_sc_hd__clkbuf_16)
                  0.05    0.10   10.24 ^ clkbuf_2_3__f_clk/X (sky130_fd_sc_hd__clkbuf_16)
    12    0.04                           clknet_2_3__leaf_clk (net)
                  0.05    0.00   10.24 ^ _419_/CLK (sky130_fd_sc_hd__dfrtp_1)
                         -0.25    9.99   clock uncertainty
                          0.00    9.99   clock reconvergence pessimism
                          0.15   10.13   library recovery time
                                 10.13   data required time
-----------------------------------------------------------------------------
                                 10.13   data required time
                                 -2.40   data arrival time
-----------------------------------------------------------------------------
                                  7.74   slack (MET)


Startpoint: rst (input port clocked by clk)
Endpoint: _426_ (recovery check against rising-edge clock clk)
Path Group: asynchronous
Path Type: max
Corner: Fastest

Fanout     Cap    Slew   Delay    Time   Description
-----------------------------------------------------------------------------
                          0.00    0.00   clock clk (rise edge)
                          0.00    0.00   clock network delay (propagated)
                          2.00    2.00 v input external delay
                  0.00    0.00    2.00 v rst (in)
     1    0.00                           rst (net)
                  0.00    0.00    2.00 v input2/A (sky130_fd_sc_hd__buf_1)
                  0.04    0.07    2.07 v input2/X (sky130_fd_sc_hd__buf_1)
     3    0.01                           net2 (net)
                  0.04    0.00    2.07 v _355_/A (sky130_fd_sc_hd__buf_4)
                  0.06    0.13    2.20 v _355_/X (sky130_fd_sc_hd__buf_4)
    10    0.05                           _199_ (net)
                  0.06    0.00    2.20 v _367_/A (sky130_fd_sc_hd__clkbuf_8)
                  0.06    0.14    2.35 v _367_/X (sky130_fd_sc_hd__clkbuf_8)
    10    0.07                           _201_ (net)
                  0.06    0.00    2.35 v _376_/A (sky130_fd_sc_hd__inv_2)
                  0.03    0.04    2.40 ^ _376_/Y (sky130_fd_sc_hd__inv_2)
     1    0.00                           _020_ (net)
                  0.03    0.00    2.40 ^ _426_/RESET_B (sky130_fd_sc_hd__dfrtp_1)
                                  2.40   data arrival time

                         10.00   10.00   clock clk (rise edge)
                          0.00   10.00   clock source latency
                  0.06    0.04   10.04 ^ clk (in)
     1    0.02                           clk (net)
                  0.06    0.00   10.04 ^ clkbuf_0_clk/A (sky130_fd_sc_hd__clkbuf_16)
                  0.05    0.10   10.14 ^ clkbuf_0_clk/X (sky130_fd_sc_hd__clkbuf_16)
     4    0.04                           clknet_0_clk (net)
                  0.05    0.00   10.14 ^ clkbuf_2_3__f_clk/A (sky130_fd_sc_hd__clkbuf_16)
                  0.05    0.10   10.24 ^ clkbuf_2_3__f_clk/X (sky130_fd_sc_hd__clkbuf_16)
    12    0.04                           clknet_2_3__leaf_clk (net)
                  0.05    0.00   10.24 ^ _426_/CLK (sky130_fd_sc_hd__dfrtp_1)
                         -0.25    9.99   clock uncertainty
                          0.00    9.99   clock reconvergence pessimism
                          0.15   10.13   library recovery time
                                 10.13   data required time
-----------------------------------------------------------------------------
                                 10.13   data required time
                                 -2.40   data arrival time
-----------------------------------------------------------------------------
                                  7.74   slack (MET)


Startpoint: rst (input port clocked by clk)
Endpoint: _421_ (recovery check against rising-edge clock clk)
Path Group: asynchronous
Path Type: max
Corner: Fastest

Fanout     Cap    Slew   Delay    Time   Description
-----------------------------------------------------------------------------
                          0.00    0.00   clock clk (rise edge)
                          0.00    0.00   clock network delay (propagated)
                          2.00    2.00 v input external delay
                  0.00    0.00    2.00 v rst (in)
     1    0.00                           rst (net)
                  0.00    0.00    2.00 v input2/A (sky130_fd_sc_hd__buf_1)
                  0.04    0.07    2.07 v input2/X (sky130_fd_sc_hd__buf_1)
     3    0.01                           net2 (net)
                  0.04    0.00    2.07 v _355_/A (sky130_fd_sc_hd__buf_4)
                  0.06    0.13    2.20 v _355_/X (sky130_fd_sc_hd__buf_4)
    10    0.05                           _199_ (net)
                  0.06    0.00    2.20 v _367_/A (sky130_fd_sc_hd__clkbuf_8)
                  0.06    0.14    2.35 v _367_/X (sky130_fd_sc_hd__clkbuf_8)
    10    0.07                           _201_ (net)
                  0.06    0.00    2.35 v _371_/A (sky130_fd_sc_hd__inv_2)
                  0.03    0.04    2.40 ^ _371_/Y (sky130_fd_sc_hd__inv_2)
     1    0.00                           _015_ (net)
                  0.03    0.00    2.40 ^ _421_/RESET_B (sky130_fd_sc_hd__dfrtp_1)
                                  2.40   data arrival time

                         10.00   10.00   clock clk (rise edge)
                          0.00   10.00   clock source latency
                  0.06    0.04   10.04 ^ clk (in)
     1    0.02                           clk (net)
                  0.06    0.00   10.04 ^ clkbuf_0_clk/A (sky130_fd_sc_hd__clkbuf_16)
                  0.05    0.10   10.14 ^ clkbuf_0_clk/X (sky130_fd_sc_hd__clkbuf_16)
     4    0.04                           clknet_0_clk (net)
                  0.05    0.00   10.14 ^ clkbuf_2_3__f_clk/A (sky130_fd_sc_hd__clkbuf_16)
                  0.05    0.10   10.24 ^ clkbuf_2_3__f_clk/X (sky130_fd_sc_hd__clkbuf_16)
    12    0.04                           clknet_2_3__leaf_clk (net)
                  0.05    0.00   10.24 ^ _421_/CLK (sky130_fd_sc_hd__dfrtp_1)
                         -0.25    9.99   clock uncertainty
                          0.00    9.99   clock reconvergence pessimism
                          0.15   10.13   library recovery time
                                 10.13   data required time
-----------------------------------------------------------------------------
                                 10.13   data required time
                                 -2.40   data arrival time
-----------------------------------------------------------------------------
                                  7.74   slack (MET)


Startpoint: rst (input port clocked by clk)
Endpoint: _420_ (recovery check against rising-edge clock clk)
Path Group: asynchronous
Path Type: max
Corner: Fastest

Fanout     Cap    Slew   Delay    Time   Description
-----------------------------------------------------------------------------
                          0.00    0.00   clock clk (rise edge)
                          0.00    0.00   clock network delay (propagated)
                          2.00    2.00 v input external delay
                  0.00    0.00    2.00 v rst (in)
     1    0.00                           rst (net)
                  0.00    0.00    2.00 v input2/A (sky130_fd_sc_hd__buf_1)
                  0.04    0.07    2.07 v input2/X (sky130_fd_sc_hd__buf_1)
     3    0.01                           net2 (net)
                  0.04    0.00    2.07 v _355_/A (sky130_fd_sc_hd__buf_4)
                  0.06    0.13    2.20 v _355_/X (sky130_fd_sc_hd__buf_4)
    10    0.05                           _199_ (net)
                  0.06    0.00    2.20 v _367_/A (sky130_fd_sc_hd__clkbuf_8)
                  0.06    0.14    2.35 v _367_/X (sky130_fd_sc_hd__clkbuf_8)
    10    0.07                           _201_ (net)
                  0.06    0.00    2.35 v _370_/A (sky130_fd_sc_hd__inv_2)
                  0.03    0.04    2.40 ^ _370_/Y (sky130_fd_sc_hd__inv_2)
     1    0.00                           _014_ (net)
                  0.03    0.00    2.40 ^ _420_/RESET_B (sky130_fd_sc_hd__dfrtp_1)
                                  2.40   data arrival time

                         10.00   10.00   clock clk (rise edge)
                          0.00   10.00   clock source latency
                  0.06    0.04   10.04 ^ clk (in)
     1    0.02                           clk (net)
                  0.06    0.00   10.04 ^ clkbuf_0_clk/A (sky130_fd_sc_hd__clkbuf_16)
                  0.05    0.10   10.14 ^ clkbuf_0_clk/X (sky130_fd_sc_hd__clkbuf_16)
     4    0.04                           clknet_0_clk (net)
                  0.05    0.00   10.14 ^ clkbuf_2_3__f_clk/A (sky130_fd_sc_hd__clkbuf_16)
                  0.05    0.10   10.24 ^ clkbuf_2_3__f_clk/X (sky130_fd_sc_hd__clkbuf_16)
    12    0.04                           clknet_2_3__leaf_clk (net)
                  0.05    0.00   10.24 ^ _420_/CLK (sky130_fd_sc_hd__dfrtp_1)
                         -0.25    9.99   clock uncertainty
                          0.00    9.99   clock reconvergence pessimism
                          0.15   10.13   library recovery time
                                 10.13   data required time
-----------------------------------------------------------------------------
                                 10.13   data required time
                                 -2.40   data arrival time
-----------------------------------------------------------------------------
                                  7.74   slack (MET)


Startpoint: rst (input port clocked by clk)
Endpoint: _411_ (recovery check against rising-edge clock clk)
Path Group: asynchronous
Path Type: max
Corner: Fastest

Fanout     Cap    Slew   Delay    Time   Description
-----------------------------------------------------------------------------
                          0.00    0.00   clock clk (rise edge)
                          0.00    0.00   clock network delay (propagated)
                          2.00    2.00 v input external delay
                  0.00    0.00    2.00 v rst (in)
     1    0.00                           rst (net)
                  0.00    0.00    2.00 v input2/A (sky130_fd_sc_hd__buf_1)
                  0.04    0.07    2.07 v input2/X (sky130_fd_sc_hd__buf_1)
     3    0.01                           net2 (net)
                  0.04    0.00    2.07 v _355_/A (sky130_fd_sc_hd__buf_4)
                  0.06    0.13    2.20 v _355_/X (sky130_fd_sc_hd__buf_4)
    10    0.05                           _199_ (net)
                  0.06    0.00    2.20 v _356_/A (sky130_fd_sc_hd__buf_4)
                  0.06    0.14    2.35 v _356_/X (sky130_fd_sc_hd__buf_4)
    10    0.06                           _200_ (net)
                  0.06    0.00    2.35 v _360_/A (sky130_fd_sc_hd__inv_2)
                  0.03    0.04    2.39 ^ _360_/Y (sky130_fd_sc_hd__inv_2)
     1    0.00                           _005_ (net)
                  0.03    0.00    2.39 ^ _411_/RESET_B (sky130_fd_sc_hd__dfrtp_1)
                                  2.39   data arrival time

                         10.00   10.00   clock clk (rise edge)
                          0.00   10.00   clock source latency
                  0.06    0.04   10.04 ^ clk (in)
     1    0.02                           clk (net)
                  0.06    0.00   10.04 ^ clkbuf_0_clk/A (sky130_fd_sc_hd__clkbuf_16)
                  0.05    0.10   10.14 ^ clkbuf_0_clk/X (sky130_fd_sc_hd__clkbuf_16)
     4    0.04                           clknet_0_clk (net)
                  0.05    0.00   10.14 ^ clkbuf_2_0__f_clk/A (sky130_fd_sc_hd__clkbuf_16)
                  0.05    0.10   10.24 ^ clkbuf_2_0__f_clk/X (sky130_fd_sc_hd__clkbuf_16)
    14    0.04                           clknet_2_0__leaf_clk (net)
                  0.05    0.00   10.24 ^ _411_/CLK (sky130_fd_sc_hd__dfrtp_1)
                         -0.25    9.99   clock uncertainty
                          0.00    9.99   clock reconvergence pessimism
                          0.15   10.14   library recovery time
                                 10.14   data required time
-----------------------------------------------------------------------------
                                 10.14   data required time
                                 -2.39   data arrival time
-----------------------------------------------------------------------------
                                  7.74   slack (MET)


Startpoint: _421_ (rising edge-triggered flip-flop clocked by clk)
Endpoint: _427_ (rising edge-triggered flip-flop clocked by clk)
Path Group: clk
Path Type: max
Corner: Fastest

Fanout     Cap    Slew   Delay    Time   Description
-----------------------------------------------------------------------------
                          0.00    0.00   clock clk (rise edge)
                          0.00    0.00   clock source latency
                  0.06    0.04    0.04 ^ clk (in)
     1    0.02                           clk (net)
                  0.06    0.00    0.04 ^ clkbuf_0_clk/A (sky130_fd_sc_hd__clkbuf_16)
                  0.05    0.11    0.15 ^ clkbuf_0_clk/X (sky130_fd_sc_hd__clkbuf_16)
     4    0.04                           clknet_0_clk (net)
                  0.05    0.00    0.15 ^ clkbuf_2_3__f_clk/A (sky130_fd_sc_hd__clkbuf_16)
                  0.05    0.11    0.26 ^ clkbuf_2_3__f_clk/X (sky130_fd_sc_hd__clkbuf_16)
    12    0.04                           clknet_2_3__leaf_clk (net)
                  0.05    0.00    0.26 ^ _421_/CLK (sky130_fd_sc_hd__dfrtp_1)
                  0.06    0.27    0.53 v _421_/Q (sky130_fd_sc_hd__dfrtp_1)
     3    0.01                           clk_count[13] (net)
                  0.06    0.00    0.53 v _205_/A (sky130_fd_sc_hd__or4_1)
                  0.06    0.32    0.86 v _205_/X (sky130_fd_sc_hd__or4_1)
     1    0.00                           _097_ (net)
                  0.06    0.00    0.86 v _209_/A (sky130_fd_sc_hd__nor4_1)
                  0.29    0.30    1.16 ^ _209_/Y (sky130_fd_sc_hd__nor4_1)
     2    0.01                           _101_ (net)
                  0.29    0.00    1.16 ^ max_cap25/A (sky130_fd_sc_hd__buf_1)
                  0.11    0.12    1.28 ^ max_cap25/X (sky130_fd_sc_hd__buf_1)
     3    0.01                           net25 (net)
                  0.11    0.00    1.28 ^ _217_/C (sky130_fd_sc_hd__nand4_1)
                  0.08    0.09    1.37 v _217_/Y (sky130_fd_sc_hd__nand4_1)
     3    0.01                           _109_ (net)
                  0.08    0.00    1.37 v _218_/A (sky130_fd_sc_hd__buf_4)
                  0.07    0.16    1.53 v _218_/X (sky130_fd_sc_hd__buf_4)
    10    0.06                           _110_ (net)
                  0.07    0.00    1.53 v _291_/S (sky130_fd_sc_hd__mux2_1)
                  0.04    0.20    1.73 v _291_/X (sky130_fd_sc_hd__mux2_1)
     1    0.00                           _154_ (net)
                  0.04    0.00    1.73 v hold36/A (sky130_fd_sc_hd__dlygate4sd3_1)
                  0.04    0.38    2.12 v hold36/X (sky130_fd_sc_hd__dlygate4sd3_1)
     1    0.00                           net61 (net)
                  0.04    0.00    2.12 v _292_/A (sky130_fd_sc_hd__clkbuf_1)
                  0.02    0.07    2.18 v _292_/X (sky130_fd_sc_hd__clkbuf_1)
     1    0.00                           _067_ (net)
                  0.02    0.00    2.18 v _427_/D (sky130_fd_sc_hd__dfrtp_1)
                                  2.18   data arrival time

                         10.00   10.00   clock clk (rise edge)
                          0.00   10.00   clock source latency
                  0.06    0.04   10.04 ^ clk (in)
     1    0.02                           clk (net)
                  0.06    0.00   10.04 ^ clkbuf_0_clk/A (sky130_fd_sc_hd__clkbuf_16)
                  0.05    0.10   10.14 ^ clkbuf_0_clk/X (sky130_fd_sc_hd__clkbuf_16)
     4    0.04                           clknet_0_clk (net)
                  0.05    0.00   10.14 ^ clkbuf_2_1__f_clk/A (sky130_fd_sc_hd__clkbuf_16)
                  0.04    0.10   10.24 ^ clkbuf_2_1__f_clk/X (sky130_fd_sc_hd__clkbuf_16)
    12    0.04                           clknet_2_1__leaf_clk (net)
                  0.04    0.00   10.24 ^ _427_/CLK (sky130_fd_sc_hd__dfrtp_1)
                         -0.25    9.99   clock uncertainty
                          0.01   10.00   clock reconvergence pessimism
                         -0.07    9.93   library setup time
                                  9.93   data required time
-----------------------------------------------------------------------------
                                  9.93   data required time
                                 -2.18   data arrival time
-----------------------------------------------------------------------------
                                  7.75   slack (MET)


Startpoint: _421_ (rising edge-triggered flip-flop clocked by clk)
Endpoint: _426_ (rising edge-triggered flip-flop clocked by clk)
Path Group: clk
Path Type: max
Corner: Fastest

Fanout     Cap    Slew   Delay    Time   Description
-----------------------------------------------------------------------------
                          0.00    0.00   clock clk (rise edge)
                          0.00    0.00   clock source latency
                  0.06    0.04    0.04 ^ clk (in)
     1    0.02                           clk (net)
                  0.06    0.00    0.04 ^ clkbuf_0_clk/A (sky130_fd_sc_hd__clkbuf_16)
                  0.05    0.11    0.15 ^ clkbuf_0_clk/X (sky130_fd_sc_hd__clkbuf_16)
     4    0.04                           clknet_0_clk (net)
                  0.05    0.00    0.15 ^ clkbuf_2_3__f_clk/A (sky130_fd_sc_hd__clkbuf_16)
                  0.05    0.11    0.26 ^ clkbuf_2_3__f_clk/X (sky130_fd_sc_hd__clkbuf_16)
    12    0.04                           clknet_2_3__leaf_clk (net)
                  0.05    0.00    0.26 ^ _421_/CLK (sky130_fd_sc_hd__dfrtp_1)
                  0.06    0.27    0.53 v _421_/Q (sky130_fd_sc_hd__dfrtp_1)
     3    0.01                           clk_count[13] (net)
                  0.06    0.00    0.53 v _205_/A (sky130_fd_sc_hd__or4_1)
                  0.06    0.32    0.86 v _205_/X (sky130_fd_sc_hd__or4_1)
     1    0.00                           _097_ (net)
                  0.06    0.00    0.86 v _209_/A (sky130_fd_sc_hd__nor4_1)
                  0.29    0.30    1.16 ^ _209_/Y (sky130_fd_sc_hd__nor4_1)
     2    0.01                           _101_ (net)
                  0.29    0.00    1.16 ^ max_cap25/A (sky130_fd_sc_hd__buf_1)
                  0.11    0.12    1.28 ^ max_cap25/X (sky130_fd_sc_hd__buf_1)
     3    0.01                           net25 (net)
                  0.11    0.00    1.28 ^ _217_/C (sky130_fd_sc_hd__nand4_1)
                  0.08    0.09    1.37 v _217_/Y (sky130_fd_sc_hd__nand4_1)
     3    0.01                           _109_ (net)
                  0.08    0.00    1.37 v _218_/A (sky130_fd_sc_hd__buf_4)
                  0.07    0.16    1.53 v _218_/X (sky130_fd_sc_hd__buf_4)
    10    0.06                           _110_ (net)
                  0.07    0.00    1.53 v _293_/S (sky130_fd_sc_hd__mux2_1)
                  0.04    0.20    1.73 v _293_/X (sky130_fd_sc_hd__mux2_1)
     1    0.00                           _155_ (net)
                  0.04    0.00    1.73 v hold34/A (sky130_fd_sc_hd__dlygate4sd3_1)
                  0.04    0.38    2.11 v hold34/X (sky130_fd_sc_hd__dlygate4sd3_1)
     1    0.00                           net59 (net)
                  0.04    0.00    2.11 v _294_/A (sky130_fd_sc_hd__clkbuf_1)
                  0.02    0.06    2.17 v _294_/X (sky130_fd_sc_hd__clkbuf_1)
     1    0.00                           _066_ (net)
                  0.02    0.00    2.17 v _426_/D (sky130_fd_sc_hd__dfrtp_1)
                                  2.17   data arrival time

                         10.00   10.00   clock clk (rise edge)
                          0.00   10.00   clock source latency
                  0.06    0.04   10.04 ^ clk (in)
     1    0.02                           clk (net)
                  0.06    0.00   10.04 ^ clkbuf_0_clk/A (sky130_fd_sc_hd__clkbuf_16)
                  0.05    0.10   10.14 ^ clkbuf_0_clk/X (sky130_fd_sc_hd__clkbuf_16)
     4    0.04                           clknet_0_clk (net)
                  0.05    0.00   10.14 ^ clkbuf_2_3__f_clk/A (sky130_fd_sc_hd__clkbuf_16)
                  0.05    0.10   10.24 ^ clkbuf_2_3__f_clk/X (sky130_fd_sc_hd__clkbuf_16)
    12    0.04                           clknet_2_3__leaf_clk (net)
                  0.05    0.00   10.24 ^ _426_/CLK (sky130_fd_sc_hd__dfrtp_1)
                         -0.25    9.99   clock uncertainty
                          0.02   10.01   clock reconvergence pessimism
                         -0.07    9.95   library setup time
                                  9.95   data required time
-----------------------------------------------------------------------------
                                  9.95   data required time
                                 -2.17   data arrival time
-----------------------------------------------------------------------------
                                  7.77   slack (MET)


Startpoint: rst (input port clocked by clk)
Endpoint: _436_ (recovery check against rising-edge clock clk)
Path Group: asynchronous
Path Type: max
Corner: Fastest

Fanout     Cap    Slew   Delay    Time   Description
-----------------------------------------------------------------------------
                          0.00    0.00   clock clk (rise edge)
                          0.00    0.00   clock network delay (propagated)
                          2.00    2.00 v input external delay
                  0.00    0.00    2.00 v rst (in)
     1    0.00                           rst (net)
                  0.00    0.00    2.00 v input2/A (sky130_fd_sc_hd__buf_1)
                  0.04    0.07    2.07 v input2/X (sky130_fd_sc_hd__buf_1)
     3    0.01                           net2 (net)
                  0.04    0.00    2.07 v _378_/A (sky130_fd_sc_hd__buf_4)
                  0.07    0.14    2.21 v _378_/X (sky130_fd_sc_hd__buf_4)
    10    0.07                           _202_ (net)
                  0.07    0.00    2.22 v _387_/A (sky130_fd_sc_hd__inv_2)
                  0.03    0.05    2.26 ^ _387_/Y (sky130_fd_sc_hd__inv_2)
     1    0.00                           _030_ (net)
                  0.03    0.00    2.26 ^ _436_/SET_B (sky130_fd_sc_hd__dfstp_1)
                                  2.26   data arrival time

                         10.00   10.00   clock clk (rise edge)
                          0.00   10.00   clock source latency
                  0.06    0.04   10.04 ^ clk (in)
     1    0.02                           clk (net)
                  0.06    0.00   10.04 ^ clkbuf_0_clk/A (sky130_fd_sc_hd__clkbuf_16)
                  0.05    0.10   10.14 ^ clkbuf_0_clk/X (sky130_fd_sc_hd__clkbuf_16)
     4    0.04                           clknet_0_clk (net)
                  0.05    0.00   10.14 ^ clkbuf_2_3__f_clk/A (sky130_fd_sc_hd__clkbuf_16)
                  0.05    0.10   10.24 ^ clkbuf_2_3__f_clk/X (sky130_fd_sc_hd__clkbuf_16)
    12    0.04                           clknet_2_3__leaf_clk (net)
                  0.05    0.00   10.24 ^ _436_/CLK (sky130_fd_sc_hd__dfstp_1)
                         -0.25    9.99   clock uncertainty
                          0.00    9.99   clock reconvergence pessimism
                          0.09   10.07   library recovery time
                                 10.07   data required time
-----------------------------------------------------------------------------
                                 10.07   data required time
                                 -2.26   data arrival time
-----------------------------------------------------------------------------
                                  7.81   slack (MET)


Startpoint: rst (input port clocked by clk)
Endpoint: _435_ (recovery check against rising-edge clock clk)
Path Group: asynchronous
Path Type: max
Corner: Fastest

Fanout     Cap    Slew   Delay    Time   Description
-----------------------------------------------------------------------------
                          0.00    0.00   clock clk (rise edge)
                          0.00    0.00   clock network delay (propagated)
                          2.00    2.00 v input external delay
                  0.00    0.00    2.00 v rst (in)
     1    0.00                           rst (net)
                  0.00    0.00    2.00 v input2/A (sky130_fd_sc_hd__buf_1)
                  0.04    0.07    2.07 v input2/X (sky130_fd_sc_hd__buf_1)
     3    0.01                           net2 (net)
                  0.04    0.00    2.07 v _378_/A (sky130_fd_sc_hd__buf_4)
                  0.07    0.14    2.21 v _378_/X (sky130_fd_sc_hd__buf_4)
    10    0.07                           _202_ (net)
                  0.07    0.00    2.22 v _386_/A (sky130_fd_sc_hd__inv_2)
                  0.03    0.04    2.26 ^ _386_/Y (sky130_fd_sc_hd__inv_2)
     1    0.00                           _029_ (net)
                  0.03    0.00    2.26 ^ _435_/RESET_B (sky130_fd_sc_hd__dfrtp_2)
                                  2.26   data arrival time

                         10.00   10.00   clock clk (rise edge)
                          0.00   10.00   clock source latency
                  0.06    0.04   10.04 ^ clk (in)
     1    0.02                           clk (net)
                  0.06    0.00   10.04 ^ clkbuf_0_clk/A (sky130_fd_sc_hd__clkbuf_16)
                  0.05    0.10   10.14 ^ clkbuf_0_clk/X (sky130_fd_sc_hd__clkbuf_16)
     4    0.04                           clknet_0_clk (net)
                  0.05    0.00   10.14 ^ clkbuf_2_0__f_clk/A (sky130_fd_sc_hd__clkbuf_16)
                  0.05    0.10   10.24 ^ clkbuf_2_0__f_clk/X (sky130_fd_sc_hd__clkbuf_16)
    14    0.04                           clknet_2_0__leaf_clk (net)
                  0.05    0.00   10.24 ^ _435_/CLK (sky130_fd_sc_hd__dfrtp_2)
                         -0.25    9.99   clock uncertainty
                          0.00    9.99   clock reconvergence pessimism
                          0.14   10.13   library recovery time
                                 10.13   data required time
-----------------------------------------------------------------------------
                                 10.13   data required time
                                 -2.26   data arrival time
-----------------------------------------------------------------------------
                                  7.87   slack (MET)


Startpoint: rst (input port clocked by clk)
Endpoint: _433_ (recovery check against rising-edge clock clk)
Path Group: asynchronous
Path Type: max
Corner: Fastest

Fanout     Cap    Slew   Delay    Time   Description
-----------------------------------------------------------------------------
                          0.00    0.00   clock clk (rise edge)
                          0.00    0.00   clock network delay (propagated)
                          2.00    2.00 v input external delay
                  0.00    0.00    2.00 v rst (in)
     1    0.00                           rst (net)
                  0.00    0.00    2.00 v input2/A (sky130_fd_sc_hd__buf_1)
                  0.04    0.07    2.07 v input2/X (sky130_fd_sc_hd__buf_1)
     3    0.01                           net2 (net)
                  0.04    0.00    2.07 v _378_/A (sky130_fd_sc_hd__buf_4)
                  0.07    0.14    2.21 v _378_/X (sky130_fd_sc_hd__buf_4)
    10    0.07                           _202_ (net)
                  0.07    0.00    2.22 v _384_/A (sky130_fd_sc_hd__inv_2)
                  0.03    0.05    2.26 ^ _384_/Y (sky130_fd_sc_hd__inv_2)
     1    0.00                           _027_ (net)
                  0.03    0.00    2.26 ^ _433_/RESET_B (sky130_fd_sc_hd__dfrtp_1)
                                  2.26   data arrival time

                         10.00   10.00   clock clk (rise edge)
                          0.00   10.00   clock source latency
                  0.06    0.04   10.04 ^ clk (in)
     1    0.02                           clk (net)
                  0.06    0.00   10.04 ^ clkbuf_0_clk/A (sky130_fd_sc_hd__clkbuf_16)
                  0.05    0.10   10.14 ^ clkbuf_0_clk/X (sky130_fd_sc_hd__clkbuf_16)
     4    0.04                           clknet_0_clk (net)
                  0.05    0.00   10.14 ^ clkbuf_2_1__f_clk/A (sky130_fd_sc_hd__clkbuf_16)
                  0.04    0.10   10.24 ^ clkbuf_2_1__f_clk/X (sky130_fd_sc_hd__clkbuf_16)
    12    0.04                           clknet_2_1__leaf_clk (net)
                  0.04    0.00   10.24 ^ _433_/CLK (sky130_fd_sc_hd__dfrtp_1)
                         -0.25    9.99   clock uncertainty
                          0.00    9.99   clock reconvergence pessimism
                          0.15   10.13   library recovery time
                                 10.13   data required time
-----------------------------------------------------------------------------
                                 10.13   data required time
                                 -2.26   data arrival time
-----------------------------------------------------------------------------
                                  7.87   slack (MET)


Startpoint: rst (input port clocked by clk)
Endpoint: _434_ (recovery check against rising-edge clock clk)
Path Group: asynchronous
Path Type: max
Corner: Fastest

Fanout     Cap    Slew   Delay    Time   Description
-----------------------------------------------------------------------------
                          0.00    0.00   clock clk (rise edge)
                          0.00    0.00   clock network delay (propagated)
                          2.00    2.00 v input external delay
                  0.00    0.00    2.00 v rst (in)
     1    0.00                           rst (net)
                  0.00    0.00    2.00 v input2/A (sky130_fd_sc_hd__buf_1)
                  0.04    0.07    2.07 v input2/X (sky130_fd_sc_hd__buf_1)
     3    0.01                           net2 (net)
                  0.04    0.00    2.07 v _378_/A (sky130_fd_sc_hd__buf_4)
                  0.07    0.14    2.21 v _378_/X (sky130_fd_sc_hd__buf_4)
    10    0.07                           _202_ (net)
                  0.07    0.00    2.22 v _385_/A (sky130_fd_sc_hd__inv_2)
                  0.03    0.05    2.26 ^ _385_/Y (sky130_fd_sc_hd__inv_2)
     1    0.00                           _028_ (net)
                  0.03    0.00    2.26 ^ _434_/RESET_B (sky130_fd_sc_hd__dfrtp_1)
                                  2.26   data arrival time

                         10.00   10.00   clock clk (rise edge)
                          0.00   10.00   clock source latency
                  0.06    0.04   10.04 ^ clk (in)
     1    0.02                           clk (net)
                  0.06    0.00   10.04 ^ clkbuf_0_clk/A (sky130_fd_sc_hd__clkbuf_16)
                  0.05    0.10   10.14 ^ clkbuf_0_clk/X (sky130_fd_sc_hd__clkbuf_16)
     4    0.04                           clknet_0_clk (net)
                  0.05    0.00   10.14 ^ clkbuf_2_1__f_clk/A (sky130_fd_sc_hd__clkbuf_16)
                  0.04    0.10   10.24 ^ clkbuf_2_1__f_clk/X (sky130_fd_sc_hd__clkbuf_16)
    12    0.04                           clknet_2_1__leaf_clk (net)
                  0.04    0.00   10.24 ^ _434_/CLK (sky130_fd_sc_hd__dfrtp_1)
                         -0.25    9.99   clock uncertainty
                          0.00    9.99   clock reconvergence pessimism
                          0.15   10.13   library recovery time
                                 10.13   data required time
-----------------------------------------------------------------------------
                                 10.13   data required time
                                 -2.26   data arrival time
-----------------------------------------------------------------------------
                                  7.87   slack (MET)


Startpoint: rst (input port clocked by clk)
Endpoint: _437_ (recovery check against rising-edge clock clk)
Path Group: asynchronous
Path Type: max
Corner: Fastest

Fanout     Cap    Slew   Delay    Time   Description
-----------------------------------------------------------------------------
                          0.00    0.00   clock clk (rise edge)
                          0.00    0.00   clock network delay (propagated)
                          2.00    2.00 v input external delay
                  0.00    0.00    2.00 v rst (in)
     1    0.00                           rst (net)
                  0.00    0.00    2.00 v input2/A (sky130_fd_sc_hd__buf_1)
                  0.04    0.07    2.07 v input2/X (sky130_fd_sc_hd__buf_1)
     3    0.01                           net2 (net)
                  0.04    0.00    2.07 v _378_/A (sky130_fd_sc_hd__buf_4)
                  0.07    0.14    2.21 v _378_/X (sky130_fd_sc_hd__buf_4)
    10    0.07                           _202_ (net)
                  0.07    0.00    2.22 v _388_/A (sky130_fd_sc_hd__inv_2)
                  0.03    0.05    2.26 ^ _388_/Y (sky130_fd_sc_hd__inv_2)
     1    0.00                           _031_ (net)
                  0.03    0.00    2.26 ^ _437_/RESET_B (sky130_fd_sc_hd__dfrtp_1)
                                  2.26   data arrival time

                         10.00   10.00   clock clk (rise edge)
                          0.00   10.00   clock source latency
                  0.06    0.04   10.04 ^ clk (in)
     1    0.02                           clk (net)
                  0.06    0.00   10.04 ^ clkbuf_0_clk/A (sky130_fd_sc_hd__clkbuf_16)
                  0.05    0.10   10.14 ^ clkbuf_0_clk/X (sky130_fd_sc_hd__clkbuf_16)
     4    0.04                           clknet_0_clk (net)
                  0.05    0.00   10.14 ^ clkbuf_2_3__f_clk/A (sky130_fd_sc_hd__clkbuf_16)
                  0.05    0.10   10.24 ^ clkbuf_2_3__f_clk/X (sky130_fd_sc_hd__clkbuf_16)
    12    0.04                           clknet_2_3__leaf_clk (net)
                  0.05    0.00   10.24 ^ _437_/CLK (sky130_fd_sc_hd__dfrtp_1)
                         -0.25    9.99   clock uncertainty
                          0.00    9.99   clock reconvergence pessimism
                          0.15   10.13   library recovery time
                                 10.13   data required time
-----------------------------------------------------------------------------
                                 10.13   data required time
                                 -2.26   data arrival time
-----------------------------------------------------------------------------
                                  7.87   slack (MET)


Startpoint: rst (input port clocked by clk)
Endpoint: _429_ (recovery check against rising-edge clock clk)
Path Group: asynchronous
Path Type: max
Corner: Fastest

Fanout     Cap    Slew   Delay    Time   Description
-----------------------------------------------------------------------------
                          0.00    0.00   clock clk (rise edge)
                          0.00    0.00   clock network delay (propagated)
                          2.00    2.00 v input external delay
                  0.00    0.00    2.00 v rst (in)
     1    0.00                           rst (net)
                  0.00    0.00    2.00 v input2/A (sky130_fd_sc_hd__buf_1)
                  0.04    0.07    2.07 v input2/X (sky130_fd_sc_hd__buf_1)
     3    0.01                           net2 (net)
                  0.04    0.00    2.07 v _378_/A (sky130_fd_sc_hd__buf_4)
                  0.07    0.14    2.21 v _378_/X (sky130_fd_sc_hd__buf_4)
    10    0.07                           _202_ (net)
                  0.07    0.00    2.22 v _380_/A (sky130_fd_sc_hd__inv_2)
                  0.03    0.05    2.26 ^ _380_/Y (sky130_fd_sc_hd__inv_2)
     1    0.00                           _023_ (net)
                  0.03    0.00    2.26 ^ _429_/RESET_B (sky130_fd_sc_hd__dfrtp_1)
                                  2.26   data arrival time

                         10.00   10.00   clock clk (rise edge)
                          0.00   10.00   clock source latency
                  0.06    0.04   10.04 ^ clk (in)
     1    0.02                           clk (net)
                  0.06    0.00   10.04 ^ clkbuf_0_clk/A (sky130_fd_sc_hd__clkbuf_16)
                  0.05    0.10   10.14 ^ clkbuf_0_clk/X (sky130_fd_sc_hd__clkbuf_16)
     4    0.04                           clknet_0_clk (net)
                  0.05    0.00   10.14 ^ clkbuf_2_0__f_clk/A (sky130_fd_sc_hd__clkbuf_16)
                  0.05    0.10   10.24 ^ clkbuf_2_0__f_clk/X (sky130_fd_sc_hd__clkbuf_16)
    14    0.04                           clknet_2_0__leaf_clk (net)
                  0.05    0.00   10.24 ^ _429_/CLK (sky130_fd_sc_hd__dfrtp_1)
                         -0.25    9.99   clock uncertainty
                          0.00    9.99   clock reconvergence pessimism
                          0.15   10.14   library recovery time
                                 10.14   data required time
-----------------------------------------------------------------------------
                                 10.14   data required time
                                 -2.26   data arrival time
-----------------------------------------------------------------------------
                                  7.87   slack (MET)


Startpoint: rst (input port clocked by clk)
Endpoint: _431_ (recovery check against rising-edge clock clk)
Path Group: asynchronous
Path Type: max
Corner: Fastest

Fanout     Cap    Slew   Delay    Time   Description
-----------------------------------------------------------------------------
                          0.00    0.00   clock clk (rise edge)
                          0.00    0.00   clock network delay (propagated)
                          2.00    2.00 v input external delay
                  0.00    0.00    2.00 v rst (in)
     1    0.00                           rst (net)
                  0.00    0.00    2.00 v input2/A (sky130_fd_sc_hd__buf_1)
                  0.04    0.07    2.07 v input2/X (sky130_fd_sc_hd__buf_1)
     3    0.01                           net2 (net)
                  0.04    0.00    2.07 v _378_/A (sky130_fd_sc_hd__buf_4)
                  0.07    0.14    2.21 v _378_/X (sky130_fd_sc_hd__buf_4)
    10    0.07                           _202_ (net)
                  0.07    0.00    2.22 v _382_/A (sky130_fd_sc_hd__inv_2)
                  0.03    0.05    2.26 ^ _382_/Y (sky130_fd_sc_hd__inv_2)
     1    0.00                           _025_ (net)
                  0.03    0.00    2.26 ^ _431_/RESET_B (sky130_fd_sc_hd__dfrtp_1)
                                  2.26   data arrival time

                         10.00   10.00   clock clk (rise edge)
                          0.00   10.00   clock source latency
                  0.06    0.04   10.04 ^ clk (in)
     1    0.02                           clk (net)
                  0.06    0.00   10.04 ^ clkbuf_0_clk/A (sky130_fd_sc_hd__clkbuf_16)
                  0.05    0.10   10.14 ^ clkbuf_0_clk/X (sky130_fd_sc_hd__clkbuf_16)
     4    0.04                           clknet_0_clk (net)
                  0.05    0.00   10.14 ^ clkbuf_2_0__f_clk/A (sky130_fd_sc_hd__clkbuf_16)
                  0.05    0.10   10.24 ^ clkbuf_2_0__f_clk/X (sky130_fd_sc_hd__clkbuf_16)
    14    0.04                           clknet_2_0__leaf_clk (net)
                  0.05    0.00   10.24 ^ _431_/CLK (sky130_fd_sc_hd__dfrtp_1)
                         -0.25    9.99   clock uncertainty
                          0.00    9.99   clock reconvergence pessimism
                          0.15   10.14   library recovery time
                                 10.14   data required time
-----------------------------------------------------------------------------
                                 10.14   data required time
                                 -2.26   data arrival time
-----------------------------------------------------------------------------
                                  7.87   slack (MET)


Startpoint: rst (input port clocked by clk)
Endpoint: _432_ (recovery check against rising-edge clock clk)
Path Group: asynchronous
Path Type: max
Corner: Fastest

Fanout     Cap    Slew   Delay    Time   Description
-----------------------------------------------------------------------------
                          0.00    0.00   clock clk (rise edge)
                          0.00    0.00   clock network delay (propagated)
                          2.00    2.00 v input external delay
                  0.00    0.00    2.00 v rst (in)
     1    0.00                           rst (net)
                  0.00    0.00    2.00 v input2/A (sky130_fd_sc_hd__buf_1)
                  0.04    0.07    2.07 v input2/X (sky130_fd_sc_hd__buf_1)
     3    0.01                           net2 (net)
                  0.04    0.00    2.07 v _378_/A (sky130_fd_sc_hd__buf_4)
                  0.07    0.14    2.21 v _378_/X (sky130_fd_sc_hd__buf_4)
    10    0.07                           _202_ (net)
                  0.07    0.00    2.22 v _383_/A (sky130_fd_sc_hd__inv_2)
                  0.03    0.05    2.26 ^ _383_/Y (sky130_fd_sc_hd__inv_2)
     1    0.00                           _026_ (net)
                  0.03    0.00    2.26 ^ _432_/RESET_B (sky130_fd_sc_hd__dfrtp_1)
                                  2.26   data arrival time

                         10.00   10.00   clock clk (rise edge)
                          0.00   10.00   clock source latency
                  0.06    0.04   10.04 ^ clk (in)
     1    0.02                           clk (net)
                  0.06    0.00   10.04 ^ clkbuf_0_clk/A (sky130_fd_sc_hd__clkbuf_16)
                  0.05    0.10   10.14 ^ clkbuf_0_clk/X (sky130_fd_sc_hd__clkbuf_16)
     4    0.04                           clknet_0_clk (net)
                  0.05    0.00   10.14 ^ clkbuf_2_0__f_clk/A (sky130_fd_sc_hd__clkbuf_16)
                  0.05    0.10   10.24 ^ clkbuf_2_0__f_clk/X (sky130_fd_sc_hd__clkbuf_16)
    14    0.04                           clknet_2_0__leaf_clk (net)
                  0.05    0.00   10.24 ^ _432_/CLK (sky130_fd_sc_hd__dfrtp_1)
                         -0.25    9.99   clock uncertainty
                          0.00    9.99   clock reconvergence pessimism
                          0.15   10.14   library recovery time
                                 10.14   data required time
-----------------------------------------------------------------------------
                                 10.14   data required time
                                 -2.26   data arrival time
-----------------------------------------------------------------------------
                                  7.88   slack (MET)


Startpoint: rst (input port clocked by clk)
Endpoint: _430_ (recovery check against rising-edge clock clk)
Path Group: asynchronous
Path Type: max
Corner: Fastest

Fanout     Cap    Slew   Delay    Time   Description
-----------------------------------------------------------------------------
                          0.00    0.00   clock clk (rise edge)
                          0.00    0.00   clock network delay (propagated)
                          2.00    2.00 v input external delay
                  0.00    0.00    2.00 v rst (in)
     1    0.00                           rst (net)
                  0.00    0.00    2.00 v input2/A (sky130_fd_sc_hd__buf_1)
                  0.04    0.07    2.07 v input2/X (sky130_fd_sc_hd__buf_1)
     3    0.01                           net2 (net)
                  0.04    0.00    2.07 v _378_/A (sky130_fd_sc_hd__buf_4)
                  0.07    0.14    2.21 v _378_/X (sky130_fd_sc_hd__buf_4)
    10    0.07                           _202_ (net)
                  0.07    0.00    2.22 v _381_/A (sky130_fd_sc_hd__inv_2)
                  0.03    0.04    2.26 ^ _381_/Y (sky130_fd_sc_hd__inv_2)
     1    0.00                           _024_ (net)
                  0.03    0.00    2.26 ^ _430_/RESET_B (sky130_fd_sc_hd__dfrtp_1)
                                  2.26   data arrival time

                         10.00   10.00   clock clk (rise edge)
                          0.00   10.00   clock source latency
                  0.06    0.04   10.04 ^ clk (in)
     1    0.02                           clk (net)
                  0.06    0.00   10.04 ^ clkbuf_0_clk/A (sky130_fd_sc_hd__clkbuf_16)
                  0.05    0.10   10.14 ^ clkbuf_0_clk/X (sky130_fd_sc_hd__clkbuf_16)
     4    0.04                           clknet_0_clk (net)
                  0.05    0.00   10.14 ^ clkbuf_2_0__f_clk/A (sky130_fd_sc_hd__clkbuf_16)
                  0.05    0.10   10.24 ^ clkbuf_2_0__f_clk/X (sky130_fd_sc_hd__clkbuf_16)
    14    0.04                           clknet_2_0__leaf_clk (net)
                  0.05    0.00   10.24 ^ _430_/CLK (sky130_fd_sc_hd__dfrtp_1)
                         -0.25    9.99   clock uncertainty
                          0.00    9.99   clock reconvergence pessimism
                          0.15   10.14   library recovery time
                                 10.14   data required time
-----------------------------------------------------------------------------
                                 10.14   data required time
                                 -2.26   data arrival time
-----------------------------------------------------------------------------
                                  7.88   slack (MET)


Startpoint: rst (input port clocked by clk)
Endpoint: _428_ (recovery check against rising-edge clock clk)
Path Group: asynchronous
Path Type: max
Corner: Fastest

Fanout     Cap    Slew   Delay    Time   Description
-----------------------------------------------------------------------------
                          0.00    0.00   clock clk (rise edge)
                          0.00    0.00   clock network delay (propagated)
                          2.00    2.00 v input external delay
                  0.00    0.00    2.00 v rst (in)
     1    0.00                           rst (net)
                  0.00    0.00    2.00 v input2/A (sky130_fd_sc_hd__buf_1)
                  0.04    0.07    2.07 v input2/X (sky130_fd_sc_hd__buf_1)
     3    0.01                           net2 (net)
                  0.04    0.00    2.07 v _378_/A (sky130_fd_sc_hd__buf_4)
                  0.07    0.14    2.21 v _378_/X (sky130_fd_sc_hd__buf_4)
    10    0.07                           _202_ (net)
                  0.07    0.00    2.22 v _379_/A (sky130_fd_sc_hd__inv_2)
                  0.03    0.04    2.26 ^ _379_/Y (sky130_fd_sc_hd__inv_2)
     1    0.00                           _022_ (net)
                  0.03    0.00    2.26 ^ _428_/RESET_B (sky130_fd_sc_hd__dfrtp_1)
                                  2.26   data arrival time

                         10.00   10.00   clock clk (rise edge)
                          0.00   10.00   clock source latency
                  0.06    0.04   10.04 ^ clk (in)
     1    0.02                           clk (net)
                  0.06    0.00   10.04 ^ clkbuf_0_clk/A (sky130_fd_sc_hd__clkbuf_16)
                  0.05    0.10   10.14 ^ clkbuf_0_clk/X (sky130_fd_sc_hd__clkbuf_16)
     4    0.04                           clknet_0_clk (net)
                  0.05    0.00   10.14 ^ clkbuf_2_0__f_clk/A (sky130_fd_sc_hd__clkbuf_16)
                  0.05    0.10   10.24 ^ clkbuf_2_0__f_clk/X (sky130_fd_sc_hd__clkbuf_16)
    14    0.04                           clknet_2_0__leaf_clk (net)
                  0.05    0.00   10.24 ^ _428_/CLK (sky130_fd_sc_hd__dfrtp_1)
                         -0.25    9.99   clock uncertainty
                          0.00    9.99   clock reconvergence pessimism
                          0.15   10.14   library recovery time
                                 10.14   data required time
-----------------------------------------------------------------------------
                                 10.14   data required time
                                 -2.26   data arrival time
-----------------------------------------------------------------------------
                                  7.88   slack (MET)


Startpoint: rst (input port clocked by clk)
Endpoint: _443_ (recovery check against rising-edge clock clk)
Path Group: asynchronous
Path Type: max
Corner: Fastest

Fanout     Cap    Slew   Delay    Time   Description
-----------------------------------------------------------------------------
                          0.00    0.00   clock clk (rise edge)
                          0.00    0.00   clock network delay (propagated)
                          2.00    2.00 v input external delay
                  0.00    0.00    2.00 v rst (in)
     1    0.00                           rst (net)
                  0.00    0.00    2.00 v input2/A (sky130_fd_sc_hd__buf_1)
                  0.04    0.07    2.07 v input2/X (sky130_fd_sc_hd__buf_1)
     3    0.01                           net2 (net)
                  0.04    0.00    2.07 v _389_/A (sky130_fd_sc_hd__buf_4)
                  0.06    0.14    2.21 v _389_/X (sky130_fd_sc_hd__buf_4)
    10    0.06                           _203_ (net)
                  0.06    0.00    2.21 v _395_/A (sky130_fd_sc_hd__inv_2)
                  0.03    0.04    2.25 ^ _395_/Y (sky130_fd_sc_hd__inv_2)
     1    0.00                           _037_ (net)
                  0.03    0.00    2.25 ^ _443_/RESET_B (sky130_fd_sc_hd__dfrtp_1)
                                  2.25   data arrival time

                         10.00   10.00   clock clk (rise edge)
                          0.00   10.00   clock source latency
                  0.06    0.04   10.04 ^ clk (in)
     1    0.02                           clk (net)
                  0.06    0.00   10.04 ^ clkbuf_0_clk/A (sky130_fd_sc_hd__clkbuf_16)
                  0.05    0.10   10.14 ^ clkbuf_0_clk/X (sky130_fd_sc_hd__clkbuf_16)
     4    0.04                           clknet_0_clk (net)
                  0.05    0.00   10.14 ^ clkbuf_2_1__f_clk/A (sky130_fd_sc_hd__clkbuf_16)
                  0.04    0.10   10.24 ^ clkbuf_2_1__f_clk/X (sky130_fd_sc_hd__clkbuf_16)
    12    0.04                           clknet_2_1__leaf_clk (net)
                  0.04    0.00   10.24 ^ _443_/CLK (sky130_fd_sc_hd__dfrtp_1)
                         -0.25    9.99   clock uncertainty
                          0.00    9.99   clock reconvergence pessimism
                          0.15   10.13   library recovery time
                                 10.13   data required time
-----------------------------------------------------------------------------
                                 10.13   data required time
                                 -2.25   data arrival time
-----------------------------------------------------------------------------
                                  7.88   slack (MET)


Startpoint: rst (input port clocked by clk)
Endpoint: _440_ (recovery check against rising-edge clock clk)
Path Group: asynchronous
Path Type: max
Corner: Fastest

Fanout     Cap    Slew   Delay    Time   Description
-----------------------------------------------------------------------------
                          0.00    0.00   clock clk (rise edge)
                          0.00    0.00   clock network delay (propagated)
                          2.00    2.00 v input external delay
                  0.00    0.00    2.00 v rst (in)
     1    0.00                           rst (net)
                  0.00    0.00    2.00 v input2/A (sky130_fd_sc_hd__buf_1)
                  0.04    0.07    2.07 v input2/X (sky130_fd_sc_hd__buf_1)
     3    0.01                           net2 (net)
                  0.04    0.00    2.07 v _389_/A (sky130_fd_sc_hd__buf_4)
                  0.06    0.14    2.21 v _389_/X (sky130_fd_sc_hd__buf_4)
    10    0.06                           _203_ (net)
                  0.06    0.00    2.21 v _392_/A (sky130_fd_sc_hd__inv_2)
                  0.03    0.04    2.26 ^ _392_/Y (sky130_fd_sc_hd__inv_2)
     1    0.00                           _034_ (net)
                  0.03    0.00    2.26 ^ _440_/RESET_B (sky130_fd_sc_hd__dfrtp_1)
                                  2.26   data arrival time

                         10.00   10.00   clock clk (rise edge)
                          0.00   10.00   clock source latency
                  0.06    0.04   10.04 ^ clk (in)
     1    0.02                           clk (net)
                  0.06    0.00   10.04 ^ clkbuf_0_clk/A (sky130_fd_sc_hd__clkbuf_16)
                  0.05    0.10   10.14 ^ clkbuf_0_clk/X (sky130_fd_sc_hd__clkbuf_16)
     4    0.04                           clknet_0_clk (net)
                  0.05    0.00   10.14 ^ clkbuf_2_3__f_clk/A (sky130_fd_sc_hd__clkbuf_16)
                  0.05    0.10   10.24 ^ clkbuf_2_3__f_clk/X (sky130_fd_sc_hd__clkbuf_16)
    12    0.04                           clknet_2_3__leaf_clk (net)
                  0.05    0.00   10.24 ^ _440_/CLK (sky130_fd_sc_hd__dfrtp_1)
                         -0.25    9.99   clock uncertainty
                          0.00    9.99   clock reconvergence pessimism
                          0.15   10.13   library recovery time
                                 10.13   data required time
-----------------------------------------------------------------------------
                                 10.13   data required time
                                 -2.26   data arrival time
-----------------------------------------------------------------------------
                                  7.88   slack (MET)


Startpoint: rst (input port clocked by clk)
Endpoint: _441_ (recovery check against rising-edge clock clk)
Path Group: asynchronous
Path Type: max
Corner: Fastest

Fanout     Cap    Slew   Delay    Time   Description
-----------------------------------------------------------------------------
                          0.00    0.00   clock clk (rise edge)
                          0.00    0.00   clock network delay (propagated)
                          2.00    2.00 v input external delay
                  0.00    0.00    2.00 v rst (in)
     1    0.00                           rst (net)
                  0.00    0.00    2.00 v input2/A (sky130_fd_sc_hd__buf_1)
                  0.04    0.07    2.07 v input2/X (sky130_fd_sc_hd__buf_1)
     3    0.01                           net2 (net)
                  0.04    0.00    2.07 v _389_/A (sky130_fd_sc_hd__buf_4)
                  0.06    0.14    2.21 v _389_/X (sky130_fd_sc_hd__buf_4)
    10    0.06                           _203_ (net)
                  0.06    0.00    2.21 v _393_/A (sky130_fd_sc_hd__inv_2)
                  0.03    0.04    2.25 ^ _393_/Y (sky130_fd_sc_hd__inv_2)
     1    0.00                           _035_ (net)
                  0.03    0.00    2.25 ^ _441_/RESET_B (sky130_fd_sc_hd__dfrtp_1)
                                  2.25   data arrival time

                         10.00   10.00   clock clk (rise edge)
                          0.00   10.00   clock source latency
                  0.06    0.04   10.04 ^ clk (in)
     1    0.02                           clk (net)
                  0.06    0.00   10.04 ^ clkbuf_0_clk/A (sky130_fd_sc_hd__clkbuf_16)
                  0.05    0.10   10.14 ^ clkbuf_0_clk/X (sky130_fd_sc_hd__clkbuf_16)
     4    0.04                           clknet_0_clk (net)
                  0.05    0.00   10.14 ^ clkbuf_2_1__f_clk/A (sky130_fd_sc_hd__clkbuf_16)
                  0.04    0.10   10.24 ^ clkbuf_2_1__f_clk/X (sky130_fd_sc_hd__clkbuf_16)
    12    0.04                           clknet_2_1__leaf_clk (net)
                  0.04    0.00   10.24 ^ _441_/CLK (sky130_fd_sc_hd__dfrtp_1)
                         -0.25    9.99   clock uncertainty
                          0.00    9.99   clock reconvergence pessimism
                          0.15   10.13   library recovery time
                                 10.13   data required time
-----------------------------------------------------------------------------
                                 10.13   data required time
                                 -2.25   data arrival time
-----------------------------------------------------------------------------
                                  7.88   slack (MET)


Startpoint: rst (input port clocked by clk)
Endpoint: _444_ (recovery check against rising-edge clock clk)
Path Group: asynchronous
Path Type: max
Corner: Fastest

Fanout     Cap    Slew   Delay    Time   Description
-----------------------------------------------------------------------------
                          0.00    0.00   clock clk (rise edge)
                          0.00    0.00   clock network delay (propagated)
                          2.00    2.00 v input external delay
                  0.00    0.00    2.00 v rst (in)
     1    0.00                           rst (net)
                  0.00    0.00    2.00 v input2/A (sky130_fd_sc_hd__buf_1)
                  0.04    0.07    2.07 v input2/X (sky130_fd_sc_hd__buf_1)
     3    0.01                           net2 (net)
                  0.04    0.00    2.07 v _389_/A (sky130_fd_sc_hd__buf_4)
                  0.06    0.14    2.21 v _389_/X (sky130_fd_sc_hd__buf_4)
    10    0.06                           _203_ (net)
                  0.06    0.00    2.21 v _396_/A (sky130_fd_sc_hd__inv_2)
                  0.03    0.04    2.25 ^ _396_/Y (sky130_fd_sc_hd__inv_2)
     1    0.00                           _038_ (net)
                  0.03    0.00    2.25 ^ _444_/RESET_B (sky130_fd_sc_hd__dfrtp_1)
                                  2.25   data arrival time

                         10.00   10.00   clock clk (rise edge)
                          0.00   10.00   clock source latency
                  0.06    0.04   10.04 ^ clk (in)
     1    0.02                           clk (net)
                  0.06    0.00   10.04 ^ clkbuf_0_clk/A (sky130_fd_sc_hd__clkbuf_16)
                  0.05    0.10   10.14 ^ clkbuf_0_clk/X (sky130_fd_sc_hd__clkbuf_16)
     4    0.04                           clknet_0_clk (net)
                  0.05    0.00   10.14 ^ clkbuf_2_3__f_clk/A (sky130_fd_sc_hd__clkbuf_16)
                  0.05    0.10   10.24 ^ clkbuf_2_3__f_clk/X (sky130_fd_sc_hd__clkbuf_16)
    12    0.04                           clknet_2_3__leaf_clk (net)
                  0.05    0.00   10.24 ^ _444_/CLK (sky130_fd_sc_hd__dfrtp_1)
                         -0.25    9.99   clock uncertainty
                          0.00    9.99   clock reconvergence pessimism
                          0.15   10.13   library recovery time
                                 10.13   data required time
-----------------------------------------------------------------------------
                                 10.13   data required time
                                 -2.25   data arrival time
-----------------------------------------------------------------------------
                                  7.88   slack (MET)


Startpoint: rst (input port clocked by clk)
Endpoint: _439_ (recovery check against rising-edge clock clk)
Path Group: asynchronous
Path Type: max
Corner: Fastest

Fanout     Cap    Slew   Delay    Time   Description
-----------------------------------------------------------------------------
                          0.00    0.00   clock clk (rise edge)
                          0.00    0.00   clock network delay (propagated)
                          2.00    2.00 v input external delay
                  0.00    0.00    2.00 v rst (in)
     1    0.00                           rst (net)
                  0.00    0.00    2.00 v input2/A (sky130_fd_sc_hd__buf_1)
                  0.04    0.07    2.07 v input2/X (sky130_fd_sc_hd__buf_1)
     3    0.01                           net2 (net)
                  0.04    0.00    2.07 v _389_/A (sky130_fd_sc_hd__buf_4)
                  0.06    0.14    2.21 v _389_/X (sky130_fd_sc_hd__buf_4)
    10    0.06                           _203_ (net)
                  0.06    0.00    2.21 v _391_/A (sky130_fd_sc_hd__inv_2)
                  0.03    0.04    2.25 ^ _391_/Y (sky130_fd_sc_hd__inv_2)
     1    0.00                           _033_ (net)
                  0.03    0.00    2.25 ^ _439_/RESET_B (sky130_fd_sc_hd__dfrtp_1)
                                  2.25   data arrival time

                         10.00   10.00   clock clk (rise edge)
                          0.00   10.00   clock source latency
                  0.06    0.04   10.04 ^ clk (in)
     1    0.02                           clk (net)
                  0.06    0.00   10.04 ^ clkbuf_0_clk/A (sky130_fd_sc_hd__clkbuf_16)
                  0.05    0.10   10.14 ^ clkbuf_0_clk/X (sky130_fd_sc_hd__clkbuf_16)
     4    0.04                           clknet_0_clk (net)
                  0.05    0.00   10.14 ^ clkbuf_2_3__f_clk/A (sky130_fd_sc_hd__clkbuf_16)
                  0.05    0.10   10.24 ^ clkbuf_2_3__f_clk/X (sky130_fd_sc_hd__clkbuf_16)
    12    0.04                           clknet_2_3__leaf_clk (net)
                  0.05    0.00   10.24 ^ _439_/CLK (sky130_fd_sc_hd__dfrtp_1)
                         -0.25    9.99   clock uncertainty
                          0.00    9.99   clock reconvergence pessimism
                          0.15   10.13   library recovery time
                                 10.13   data required time
-----------------------------------------------------------------------------
                                 10.13   data required time
                                 -2.25   data arrival time
-----------------------------------------------------------------------------
                                  7.88   slack (MET)


Startpoint: rst (input port clocked by clk)
Endpoint: _438_ (recovery check against rising-edge clock clk)
Path Group: asynchronous
Path Type: max
Corner: Fastest

Fanout     Cap    Slew   Delay    Time   Description
-----------------------------------------------------------------------------
                          0.00    0.00   clock clk (rise edge)
                          0.00    0.00   clock network delay (propagated)
                          2.00    2.00 v input external delay
                  0.00    0.00    2.00 v rst (in)
     1    0.00                           rst (net)
                  0.00    0.00    2.00 v input2/A (sky130_fd_sc_hd__buf_1)
                  0.04    0.07    2.07 v input2/X (sky130_fd_sc_hd__buf_1)
     3    0.01                           net2 (net)
                  0.04    0.00    2.07 v _389_/A (sky130_fd_sc_hd__buf_4)
                  0.06    0.14    2.21 v _389_/X (sky130_fd_sc_hd__buf_4)
    10    0.06                           _203_ (net)
                  0.06    0.00    2.21 v _390_/A (sky130_fd_sc_hd__inv_2)
                  0.03    0.04    2.25 ^ _390_/Y (sky130_fd_sc_hd__inv_2)
     1    0.00                           _032_ (net)
                  0.03    0.00    2.25 ^ _438_/RESET_B (sky130_fd_sc_hd__dfrtp_1)
                                  2.25   data arrival time

                         10.00   10.00   clock clk (rise edge)
                          0.00   10.00   clock source latency
                  0.06    0.04   10.04 ^ clk (in)
     1    0.02                           clk (net)
                  0.06    0.00   10.04 ^ clkbuf_0_clk/A (sky130_fd_sc_hd__clkbuf_16)
                  0.05    0.10   10.14 ^ clkbuf_0_clk/X (sky130_fd_sc_hd__clkbuf_16)
     4    0.04                           clknet_0_clk (net)
                  0.05    0.00   10.14 ^ clkbuf_2_3__f_clk/A (sky130_fd_sc_hd__clkbuf_16)
                  0.05    0.10   10.24 ^ clkbuf_2_3__f_clk/X (sky130_fd_sc_hd__clkbuf_16)
    12    0.04                           clknet_2_3__leaf_clk (net)
                  0.05    0.00   10.24 ^ _438_/CLK (sky130_fd_sc_hd__dfrtp_1)
                         -0.25    9.99   clock uncertainty
                          0.00    9.99   clock reconvergence pessimism
                          0.15   10.13   library recovery time
                                 10.13   data required time
-----------------------------------------------------------------------------
                                 10.13   data required time
                                 -2.25   data arrival time
-----------------------------------------------------------------------------
                                  7.88   slack (MET)


Startpoint: rst (input port clocked by clk)
Endpoint: _442_ (recovery check against rising-edge clock clk)
Path Group: asynchronous
Path Type: max
Corner: Fastest

Fanout     Cap    Slew   Delay    Time   Description
-----------------------------------------------------------------------------
                          0.00    0.00   clock clk (rise edge)
                          0.00    0.00   clock network delay (propagated)
                          2.00    2.00 v input external delay
                  0.00    0.00    2.00 v rst (in)
     1    0.00                           rst (net)
                  0.00    0.00    2.00 v input2/A (sky130_fd_sc_hd__buf_1)
                  0.04    0.07    2.07 v input2/X (sky130_fd_sc_hd__buf_1)
     3    0.01                           net2 (net)
                  0.04    0.00    2.07 v _389_/A (sky130_fd_sc_hd__buf_4)
                  0.06    0.14    2.21 v _389_/X (sky130_fd_sc_hd__buf_4)
    10    0.06                           _203_ (net)
                  0.06    0.00    2.21 v _394_/A (sky130_fd_sc_hd__inv_2)
                  0.03    0.04    2.25 ^ _394_/Y (sky130_fd_sc_hd__inv_2)
     1    0.00                           _036_ (net)
                  0.03    0.00    2.25 ^ _442_/RESET_B (sky130_fd_sc_hd__dfrtp_1)
                                  2.25   data arrival time

                         10.00   10.00   clock clk (rise edge)
                          0.00   10.00   clock source latency
                  0.06    0.04   10.04 ^ clk (in)
     1    0.02                           clk (net)
                  0.06    0.00   10.04 ^ clkbuf_0_clk/A (sky130_fd_sc_hd__clkbuf_16)
                  0.05    0.10   10.14 ^ clkbuf_0_clk/X (sky130_fd_sc_hd__clkbuf_16)
     4    0.04                           clknet_0_clk (net)
                  0.05    0.00   10.14 ^ clkbuf_2_1__f_clk/A (sky130_fd_sc_hd__clkbuf_16)
                  0.04    0.10   10.24 ^ clkbuf_2_1__f_clk/X (sky130_fd_sc_hd__clkbuf_16)
    12    0.04                           clknet_2_1__leaf_clk (net)
                  0.04    0.00   10.24 ^ _442_/CLK (sky130_fd_sc_hd__dfrtp_1)
                         -0.25    9.99   clock uncertainty
                          0.00    9.99   clock reconvergence pessimism
                          0.15   10.13   library recovery time
                                 10.13   data required time
-----------------------------------------------------------------------------
                                 10.13   data required time
                                 -2.25   data arrival time
-----------------------------------------------------------------------------
                                  7.88   slack (MET)


Startpoint: rst (input port clocked by clk)
Endpoint: _445_ (recovery check against rising-edge clock clk)
Path Group: asynchronous
Path Type: max
Corner: Fastest

Fanout     Cap    Slew   Delay    Time   Description
-----------------------------------------------------------------------------
                          0.00    0.00   clock clk (rise edge)
                          0.00    0.00   clock network delay (propagated)
                          2.00    2.00 v input external delay
                  0.00    0.00    2.00 v rst (in)
     1    0.00                           rst (net)
                  0.00    0.00    2.00 v input2/A (sky130_fd_sc_hd__buf_1)
                  0.04    0.07    2.07 v input2/X (sky130_fd_sc_hd__buf_1)
     3    0.01                           net2 (net)
                  0.04    0.00    2.07 v _389_/A (sky130_fd_sc_hd__buf_4)
                  0.06    0.14    2.21 v _389_/X (sky130_fd_sc_hd__buf_4)
    10    0.06                           _203_ (net)
                  0.06    0.00    2.21 v _397_/A (sky130_fd_sc_hd__inv_2)
                  0.03    0.04    2.25 ^ _397_/Y (sky130_fd_sc_hd__inv_2)
     1    0.00                           _039_ (net)
                  0.03    0.00    2.25 ^ _445_/RESET_B (sky130_fd_sc_hd__dfrtp_1)
                                  2.25   data arrival time

                         10.00   10.00   clock clk (rise edge)
                          0.00   10.00   clock source latency
                  0.06    0.04   10.04 ^ clk (in)
     1    0.02                           clk (net)
                  0.06    0.00   10.04 ^ clkbuf_0_clk/A (sky130_fd_sc_hd__clkbuf_16)
                  0.05    0.10   10.14 ^ clkbuf_0_clk/X (sky130_fd_sc_hd__clkbuf_16)
     4    0.04                           clknet_0_clk (net)
                  0.05    0.00   10.14 ^ clkbuf_2_1__f_clk/A (sky130_fd_sc_hd__clkbuf_16)
                  0.04    0.10   10.24 ^ clkbuf_2_1__f_clk/X (sky130_fd_sc_hd__clkbuf_16)
    12    0.04                           clknet_2_1__leaf_clk (net)
                  0.04    0.00   10.24 ^ _445_/CLK (sky130_fd_sc_hd__dfrtp_1)
                         -0.25    9.99   clock uncertainty
                          0.00    9.99   clock reconvergence pessimism
                          0.15   10.13   library recovery time
                                 10.13   data required time
-----------------------------------------------------------------------------
                                 10.13   data required time
                                 -2.25   data arrival time
-----------------------------------------------------------------------------
                                  7.88   slack (MET)


Startpoint: rst (input port clocked by clk)
Endpoint: _447_ (recovery check against rising-edge clock clk)
Path Group: asynchronous
Path Type: max
Corner: Fastest

Fanout     Cap    Slew   Delay    Time   Description
-----------------------------------------------------------------------------
                          0.00    0.00   clock clk (rise edge)
                          0.00    0.00   clock network delay (propagated)
                          2.00    2.00 v input external delay
                  0.00    0.00    2.00 v rst (in)
     1    0.00                           rst (net)
                  0.00    0.00    2.00 v input2/A (sky130_fd_sc_hd__buf_1)
                  0.04    0.07    2.07 v input2/X (sky130_fd_sc_hd__buf_1)
     3    0.01                           net2 (net)
                  0.04    0.00    2.07 v _389_/A (sky130_fd_sc_hd__buf_4)
                  0.06    0.14    2.21 v _389_/X (sky130_fd_sc_hd__buf_4)
    10    0.06                           _203_ (net)
                  0.06    0.00    2.21 v _399_/A (sky130_fd_sc_hd__inv_2)
                  0.03    0.05    2.25 ^ _399_/Y (sky130_fd_sc_hd__inv_2)
     1    0.00                           _041_ (net)
                  0.03    0.00    2.25 ^ _447_/RESET_B (sky130_fd_sc_hd__dfrtp_1)
                                  2.25   data arrival time

                         10.00   10.00   clock clk (rise edge)
                          0.00   10.00   clock source latency
                  0.06    0.04   10.04 ^ clk (in)
     1    0.02                           clk (net)
                  0.06    0.00   10.04 ^ clkbuf_0_clk/A (sky130_fd_sc_hd__clkbuf_16)
                  0.05    0.10   10.14 ^ clkbuf_0_clk/X (sky130_fd_sc_hd__clkbuf_16)
     4    0.04                           clknet_0_clk (net)
                  0.05    0.00   10.14 ^ clkbuf_2_0__f_clk/A (sky130_fd_sc_hd__clkbuf_16)
                  0.05    0.10   10.24 ^ clkbuf_2_0__f_clk/X (sky130_fd_sc_hd__clkbuf_16)
    14    0.04                           clknet_2_0__leaf_clk (net)
                  0.05    0.00   10.24 ^ _447_/CLK (sky130_fd_sc_hd__dfrtp_1)
                         -0.25    9.99   clock uncertainty
                          0.00    9.99   clock reconvergence pessimism
                          0.15   10.14   library recovery time
                                 10.14   data required time
-----------------------------------------------------------------------------
                                 10.14   data required time
                                 -2.25   data arrival time
-----------------------------------------------------------------------------
                                  7.88   slack (MET)


Startpoint: rst (input port clocked by clk)
Endpoint: _446_ (recovery check against rising-edge clock clk)
Path Group: asynchronous
Path Type: max
Corner: Fastest

Fanout     Cap    Slew   Delay    Time   Description
-----------------------------------------------------------------------------
                          0.00    0.00   clock clk (rise edge)
                          0.00    0.00   clock network delay (propagated)
                          2.00    2.00 v input external delay
                  0.00    0.00    2.00 v rst (in)
     1    0.00                           rst (net)
                  0.00    0.00    2.00 v input2/A (sky130_fd_sc_hd__buf_1)
                  0.04    0.07    2.07 v input2/X (sky130_fd_sc_hd__buf_1)
     3    0.01                           net2 (net)
                  0.04    0.00    2.07 v _389_/A (sky130_fd_sc_hd__buf_4)
                  0.06    0.14    2.21 v _389_/X (sky130_fd_sc_hd__buf_4)
    10    0.06                           _203_ (net)
                  0.06    0.00    2.21 v _398_/A (sky130_fd_sc_hd__inv_2)
                  0.03    0.04    2.25 ^ _398_/Y (sky130_fd_sc_hd__inv_2)
     1    0.00                           _040_ (net)
                  0.03    0.00    2.25 ^ _446_/RESET_B (sky130_fd_sc_hd__dfrtp_1)
                                  2.25   data arrival time

                         10.00   10.00   clock clk (rise edge)
                          0.00   10.00   clock source latency
                  0.06    0.04   10.04 ^ clk (in)
     1    0.02                           clk (net)
                  0.06    0.00   10.04 ^ clkbuf_0_clk/A (sky130_fd_sc_hd__clkbuf_16)
                  0.05    0.10   10.14 ^ clkbuf_0_clk/X (sky130_fd_sc_hd__clkbuf_16)
     4    0.04                           clknet_0_clk (net)
                  0.05    0.00   10.14 ^ clkbuf_2_1__f_clk/A (sky130_fd_sc_hd__clkbuf_16)
                  0.04    0.10   10.24 ^ clkbuf_2_1__f_clk/X (sky130_fd_sc_hd__clkbuf_16)
    12    0.04                           clknet_2_1__leaf_clk (net)
                  0.04    0.00   10.24 ^ _446_/CLK (sky130_fd_sc_hd__dfrtp_1)
                         -0.25    9.99   clock uncertainty
                          0.00    9.99   clock reconvergence pessimism
                          0.15   10.13   library recovery time
                                 10.13   data required time
-----------------------------------------------------------------------------
                                 10.13   data required time
                                 -2.25   data arrival time
-----------------------------------------------------------------------------
                                  7.88   slack (MET)


Startpoint: rst (input port clocked by clk)
Endpoint: _450_ (recovery check against rising-edge clock clk)
Path Group: asynchronous
Path Type: max
Corner: Fastest

Fanout     Cap    Slew   Delay    Time   Description
-----------------------------------------------------------------------------
                          0.00    0.00   clock clk (rise edge)
                          0.00    0.00   clock network delay (propagated)
                          2.00    2.00 v input external delay
                  0.00    0.00    2.00 v rst (in)
     1    0.00                           rst (net)
                  0.00    0.00    2.00 v input2/A (sky130_fd_sc_hd__buf_1)
                  0.04    0.07    2.07 v input2/X (sky130_fd_sc_hd__buf_1)
     3    0.01                           net2 (net)
                  0.04    0.00    2.07 v _355_/A (sky130_fd_sc_hd__buf_4)
                  0.06    0.13    2.20 v _355_/X (sky130_fd_sc_hd__buf_4)
    10    0.05                           _199_ (net)
                  0.06    0.00    2.20 v _402_/A (sky130_fd_sc_hd__inv_2)
                  0.03    0.05    2.25 ^ _402_/Y (sky130_fd_sc_hd__inv_2)
     1    0.01                           _044_ (net)
                  0.03    0.00    2.25 ^ _450_/RESET_B (sky130_fd_sc_hd__dfrtp_1)
                                  2.25   data arrival time

                         10.00   10.00   clock clk (rise edge)
                          0.00   10.00   clock source latency
                  0.06    0.04   10.04 ^ clk (in)
     1    0.02                           clk (net)
                  0.06    0.00   10.04 ^ clkbuf_0_clk/A (sky130_fd_sc_hd__clkbuf_16)
                  0.05    0.10   10.14 ^ clkbuf_0_clk/X (sky130_fd_sc_hd__clkbuf_16)
     4    0.04                           clknet_0_clk (net)
                  0.05    0.00   10.14 ^ clkbuf_2_0__f_clk/A (sky130_fd_sc_hd__clkbuf_16)
                  0.05    0.10   10.24 ^ clkbuf_2_0__f_clk/X (sky130_fd_sc_hd__clkbuf_16)
    14    0.04                           clknet_2_0__leaf_clk (net)
                  0.05    0.00   10.24 ^ _450_/CLK (sky130_fd_sc_hd__dfrtp_1)
                         -0.25    9.99   clock uncertainty
                          0.00    9.99   clock reconvergence pessimism
                          0.15   10.14   library recovery time
                                 10.14   data required time
-----------------------------------------------------------------------------
                                 10.14   data required time
                                 -2.25   data arrival time
-----------------------------------------------------------------------------
                                  7.88   slack (MET)


Startpoint: rst (input port clocked by clk)
Endpoint: _454_ (recovery check against rising-edge clock clk)
Path Group: asynchronous
Path Type: max
Corner: Fastest

Fanout     Cap    Slew   Delay    Time   Description
-----------------------------------------------------------------------------
                          0.00    0.00   clock clk (rise edge)
                          0.00    0.00   clock network delay (propagated)
                          2.00    2.00 v input external delay
                  0.00    0.00    2.00 v rst (in)
     1    0.00                           rst (net)
                  0.00    0.00    2.00 v input2/A (sky130_fd_sc_hd__buf_1)
                  0.04    0.07    2.07 v input2/X (sky130_fd_sc_hd__buf_1)
     3    0.01                           net2 (net)
                  0.04    0.00    2.07 v _355_/A (sky130_fd_sc_hd__buf_4)
                  0.06    0.13    2.20 v _355_/X (sky130_fd_sc_hd__buf_4)
    10    0.05                           _199_ (net)
                  0.06    0.00    2.20 v _406_/A (sky130_fd_sc_hd__inv_2)
                  0.03    0.04    2.25 ^ _406_/Y (sky130_fd_sc_hd__inv_2)
     1    0.00                           _048_ (net)
                  0.03    0.00    2.25 ^ _454_/RESET_B (sky130_fd_sc_hd__dfrtp_1)
                                  2.25   data arrival time

                         10.00   10.00   clock clk (rise edge)
                          0.00   10.00   clock source latency
                  0.06    0.04   10.04 ^ clk (in)
     1    0.02                           clk (net)
                  0.06    0.00   10.04 ^ clkbuf_0_clk/A (sky130_fd_sc_hd__clkbuf_16)
                  0.05    0.10   10.14 ^ clkbuf_0_clk/X (sky130_fd_sc_hd__clkbuf_16)
     4    0.04                           clknet_0_clk (net)
                  0.05    0.00   10.14 ^ clkbuf_2_1__f_clk/A (sky130_fd_sc_hd__clkbuf_16)
                  0.04    0.10   10.24 ^ clkbuf_2_1__f_clk/X (sky130_fd_sc_hd__clkbuf_16)
    12    0.04                           clknet_2_1__leaf_clk (net)
                  0.04    0.00   10.24 ^ _454_/CLK (sky130_fd_sc_hd__dfrtp_1)
                         -0.25    9.99   clock uncertainty
                          0.00    9.99   clock reconvergence pessimism
                          0.15   10.13   library recovery time
                                 10.13   data required time
-----------------------------------------------------------------------------
                                 10.13   data required time
                                 -2.25   data arrival time
-----------------------------------------------------------------------------
                                  7.89   slack (MET)


Startpoint: rst (input port clocked by clk)
Endpoint: _455_ (recovery check against rising-edge clock clk)
Path Group: asynchronous
Path Type: max
Corner: Fastest

Fanout     Cap    Slew   Delay    Time   Description
-----------------------------------------------------------------------------
                          0.00    0.00   clock clk (rise edge)
                          0.00    0.00   clock network delay (propagated)
                          2.00    2.00 v input external delay
                  0.00    0.00    2.00 v rst (in)
     1    0.00                           rst (net)
                  0.00    0.00    2.00 v input2/A (sky130_fd_sc_hd__buf_1)
                  0.04    0.07    2.07 v input2/X (sky130_fd_sc_hd__buf_1)
     3    0.01                           net2 (net)
                  0.04    0.00    2.07 v _355_/A (sky130_fd_sc_hd__buf_4)
                  0.06    0.13    2.20 v _355_/X (sky130_fd_sc_hd__buf_4)
    10    0.05                           _199_ (net)
                  0.06    0.00    2.20 v _407_/A (sky130_fd_sc_hd__inv_2)
                  0.02    0.04    2.25 ^ _407_/Y (sky130_fd_sc_hd__inv_2)
     1    0.00                           _049_ (net)
                  0.02    0.00    2.25 ^ _455_/RESET_B (sky130_fd_sc_hd__dfrtp_1)
                                  2.25   data arrival time

                         10.00   10.00   clock clk (rise edge)
                          0.00   10.00   clock source latency
                  0.06    0.04   10.04 ^ clk (in)
     1    0.02                           clk (net)
                  0.06    0.00   10.04 ^ clkbuf_0_clk/A (sky130_fd_sc_hd__clkbuf_16)
                  0.05    0.10   10.14 ^ clkbuf_0_clk/X (sky130_fd_sc_hd__clkbuf_16)
     4    0.04                           clknet_0_clk (net)
                  0.05    0.00   10.14 ^ clkbuf_2_1__f_clk/A (sky130_fd_sc_hd__clkbuf_16)
                  0.04    0.10   10.24 ^ clkbuf_2_1__f_clk/X (sky130_fd_sc_hd__clkbuf_16)
    12    0.04                           clknet_2_1__leaf_clk (net)
                  0.04    0.00   10.24 ^ _455_/CLK (sky130_fd_sc_hd__dfrtp_1)
                         -0.25    9.99   clock uncertainty
                          0.00    9.99   clock reconvergence pessimism
                          0.15   10.13   library recovery time
                                 10.13   data required time
-----------------------------------------------------------------------------
                                 10.13   data required time
                                 -2.25   data arrival time
-----------------------------------------------------------------------------
                                  7.89   slack (MET)


Startpoint: rst (input port clocked by clk)
Endpoint: _452_ (recovery check against rising-edge clock clk)
Path Group: asynchronous
Path Type: max
Corner: Fastest

Fanout     Cap    Slew   Delay    Time   Description
-----------------------------------------------------------------------------
                          0.00    0.00   clock clk (rise edge)
                          0.00    0.00   clock network delay (propagated)
                          2.00    2.00 v input external delay
                  0.00    0.00    2.00 v rst (in)
     1    0.00                           rst (net)
                  0.00    0.00    2.00 v input2/A (sky130_fd_sc_hd__buf_1)
                  0.04    0.07    2.07 v input2/X (sky130_fd_sc_hd__buf_1)
     3    0.01                           net2 (net)
                  0.04    0.00    2.07 v _355_/A (sky130_fd_sc_hd__buf_4)
                  0.06    0.13    2.20 v _355_/X (sky130_fd_sc_hd__buf_4)
    10    0.05                           _199_ (net)
                  0.06    0.00    2.20 v _404_/A (sky130_fd_sc_hd__inv_2)
                  0.02    0.04    2.25 ^ _404_/Y (sky130_fd_sc_hd__inv_2)
     1    0.00                           _046_ (net)
                  0.02    0.00    2.25 ^ _452_/RESET_B (sky130_fd_sc_hd__dfrtp_1)
                                  2.25   data arrival time

                         10.00   10.00   clock clk (rise edge)
                          0.00   10.00   clock source latency
                  0.06    0.04   10.04 ^ clk (in)
     1    0.02                           clk (net)
                  0.06    0.00   10.04 ^ clkbuf_0_clk/A (sky130_fd_sc_hd__clkbuf_16)
                  0.05    0.10   10.14 ^ clkbuf_0_clk/X (sky130_fd_sc_hd__clkbuf_16)
     4    0.04                           clknet_0_clk (net)
                  0.05    0.00   10.14 ^ clkbuf_2_1__f_clk/A (sky130_fd_sc_hd__clkbuf_16)
                  0.04    0.10   10.24 ^ clkbuf_2_1__f_clk/X (sky130_fd_sc_hd__clkbuf_16)
    12    0.04                           clknet_2_1__leaf_clk (net)
                  0.04    0.00   10.24 ^ _452_/CLK (sky130_fd_sc_hd__dfrtp_1)
                         -0.25    9.99   clock uncertainty
                          0.00    9.99   clock reconvergence pessimism
                          0.15   10.13   library recovery time
                                 10.13   data required time
-----------------------------------------------------------------------------
                                 10.13   data required time
                                 -2.25   data arrival time
-----------------------------------------------------------------------------
                                  7.89   slack (MET)


Startpoint: rst (input port clocked by clk)
Endpoint: _451_ (recovery check against rising-edge clock clk)
Path Group: asynchronous
Path Type: max
Corner: Fastest

Fanout     Cap    Slew   Delay    Time   Description
-----------------------------------------------------------------------------
                          0.00    0.00   clock clk (rise edge)
                          0.00    0.00   clock network delay (propagated)
                          2.00    2.00 v input external delay
                  0.00    0.00    2.00 v rst (in)
     1    0.00                           rst (net)
                  0.00    0.00    2.00 v input2/A (sky130_fd_sc_hd__buf_1)
                  0.04    0.07    2.07 v input2/X (sky130_fd_sc_hd__buf_1)
     3    0.01                           net2 (net)
                  0.04    0.00    2.07 v _355_/A (sky130_fd_sc_hd__buf_4)
                  0.06    0.13    2.20 v _355_/X (sky130_fd_sc_hd__buf_4)
    10    0.05                           _199_ (net)
                  0.06    0.00    2.20 v _403_/A (sky130_fd_sc_hd__inv_2)
                  0.03    0.04    2.25 ^ _403_/Y (sky130_fd_sc_hd__inv_2)
     1    0.00                           _045_ (net)
                  0.03    0.00    2.25 ^ _451_/RESET_B (sky130_fd_sc_hd__dfrtp_1)
                                  2.25   data arrival time

                         10.00   10.00   clock clk (rise edge)
                          0.00   10.00   clock source latency
                  0.06    0.04   10.04 ^ clk (in)
     1    0.02                           clk (net)
                  0.06    0.00   10.04 ^ clkbuf_0_clk/A (sky130_fd_sc_hd__clkbuf_16)
                  0.05    0.10   10.14 ^ clkbuf_0_clk/X (sky130_fd_sc_hd__clkbuf_16)
     4    0.04                           clknet_0_clk (net)
                  0.05    0.00   10.14 ^ clkbuf_2_0__f_clk/A (sky130_fd_sc_hd__clkbuf_16)
                  0.05    0.10   10.24 ^ clkbuf_2_0__f_clk/X (sky130_fd_sc_hd__clkbuf_16)
    14    0.04                           clknet_2_0__leaf_clk (net)
                  0.05    0.00   10.24 ^ _451_/CLK (sky130_fd_sc_hd__dfrtp_1)
                         -0.25    9.99   clock uncertainty
                          0.00    9.99   clock reconvergence pessimism
                          0.15   10.14   library recovery time
                                 10.14   data required time
-----------------------------------------------------------------------------
                                 10.14   data required time
                                 -2.25   data arrival time
-----------------------------------------------------------------------------
                                  7.89   slack (MET)


Startpoint: rst (input port clocked by clk)
Endpoint: _453_ (recovery check against rising-edge clock clk)
Path Group: asynchronous
Path Type: max
Corner: Fastest

Fanout     Cap    Slew   Delay    Time   Description
-----------------------------------------------------------------------------
                          0.00    0.00   clock clk (rise edge)
                          0.00    0.00   clock network delay (propagated)
                          2.00    2.00 v input external delay
                  0.00    0.00    2.00 v rst (in)
     1    0.00                           rst (net)
                  0.00    0.00    2.00 v input2/A (sky130_fd_sc_hd__buf_1)
                  0.04    0.07    2.07 v input2/X (sky130_fd_sc_hd__buf_1)
     3    0.01                           net2 (net)
                  0.04    0.00    2.07 v _355_/A (sky130_fd_sc_hd__buf_4)
                  0.06    0.13    2.20 v _355_/X (sky130_fd_sc_hd__buf_4)
    10    0.05                           _199_ (net)
                  0.06    0.00    2.20 v _405_/A (sky130_fd_sc_hd__inv_2)
                  0.02    0.04    2.25 ^ _405_/Y (sky130_fd_sc_hd__inv_2)
     1    0.00                           _047_ (net)
                  0.02    0.00    2.25 ^ _453_/RESET_B (sky130_fd_sc_hd__dfrtp_1)
                                  2.25   data arrival time

                         10.00   10.00   clock clk (rise edge)
                          0.00   10.00   clock source latency
                  0.06    0.04   10.04 ^ clk (in)
     1    0.02                           clk (net)
                  0.06    0.00   10.04 ^ clkbuf_0_clk/A (sky130_fd_sc_hd__clkbuf_16)
                  0.05    0.10   10.14 ^ clkbuf_0_clk/X (sky130_fd_sc_hd__clkbuf_16)
     4    0.04                           clknet_0_clk (net)
                  0.05    0.00   10.14 ^ clkbuf_2_1__f_clk/A (sky130_fd_sc_hd__clkbuf_16)
                  0.04    0.10   10.24 ^ clkbuf_2_1__f_clk/X (sky130_fd_sc_hd__clkbuf_16)
    12    0.04                           clknet_2_1__leaf_clk (net)
                  0.04    0.00   10.24 ^ _453_/CLK (sky130_fd_sc_hd__dfrtp_1)
                         -0.25    9.99   clock uncertainty
                          0.00    9.99   clock reconvergence pessimism
                          0.15   10.13   library recovery time
                                 10.13   data required time
-----------------------------------------------------------------------------
                                 10.13   data required time
                                 -2.25   data arrival time
-----------------------------------------------------------------------------
                                  7.89   slack (MET)


Startpoint: rst (input port clocked by clk)
Endpoint: _449_ (recovery check against rising-edge clock clk)
Path Group: asynchronous
Path Type: max
Corner: Fastest

Fanout     Cap    Slew   Delay    Time   Description
-----------------------------------------------------------------------------
                          0.00    0.00   clock clk (rise edge)
                          0.00    0.00   clock network delay (propagated)
                          2.00    2.00 v input external delay
                  0.00    0.00    2.00 v rst (in)
     1    0.00                           rst (net)
                  0.00    0.00    2.00 v input2/A (sky130_fd_sc_hd__buf_1)
                  0.04    0.07    2.07 v input2/X (sky130_fd_sc_hd__buf_1)
     3    0.01                           net2 (net)
                  0.04    0.00    2.07 v _355_/A (sky130_fd_sc_hd__buf_4)
                  0.06    0.13    2.20 v _355_/X (sky130_fd_sc_hd__buf_4)
    10    0.05                           _199_ (net)
                  0.06    0.00    2.20 v _401_/A (sky130_fd_sc_hd__inv_2)
                  0.03    0.04    2.25 ^ _401_/Y (sky130_fd_sc_hd__inv_2)
     1    0.00                           _043_ (net)
                  0.03    0.00    2.25 ^ _449_/RESET_B (sky130_fd_sc_hd__dfrtp_1)
                                  2.25   data arrival time

                         10.00   10.00   clock clk (rise edge)
                          0.00   10.00   clock source latency
                  0.06    0.04   10.04 ^ clk (in)
     1    0.02                           clk (net)
                  0.06    0.00   10.04 ^ clkbuf_0_clk/A (sky130_fd_sc_hd__clkbuf_16)
                  0.05    0.10   10.14 ^ clkbuf_0_clk/X (sky130_fd_sc_hd__clkbuf_16)
     4    0.04                           clknet_0_clk (net)
                  0.05    0.00   10.14 ^ clkbuf_2_0__f_clk/A (sky130_fd_sc_hd__clkbuf_16)
                  0.05    0.10   10.24 ^ clkbuf_2_0__f_clk/X (sky130_fd_sc_hd__clkbuf_16)
    14    0.04                           clknet_2_0__leaf_clk (net)
                  0.05    0.00   10.24 ^ _449_/CLK (sky130_fd_sc_hd__dfrtp_1)
                         -0.25    9.99   clock uncertainty
                          0.00    9.99   clock reconvergence pessimism
                          0.15   10.14   library recovery time
                                 10.14   data required time
-----------------------------------------------------------------------------
                                 10.14   data required time
                                 -2.25   data arrival time
-----------------------------------------------------------------------------
                                  7.89   slack (MET)


Startpoint: rst (input port clocked by clk)
Endpoint: _448_ (recovery check against rising-edge clock clk)
Path Group: asynchronous
Path Type: max
Corner: Fastest

Fanout     Cap    Slew   Delay    Time   Description
-----------------------------------------------------------------------------
                          0.00    0.00   clock clk (rise edge)
                          0.00    0.00   clock network delay (propagated)
                          2.00    2.00 v input external delay
                  0.00    0.00    2.00 v rst (in)
     1    0.00                           rst (net)
                  0.00    0.00    2.00 v input2/A (sky130_fd_sc_hd__buf_1)
                  0.04    0.07    2.07 v input2/X (sky130_fd_sc_hd__buf_1)
     3    0.01                           net2 (net)
                  0.04    0.00    2.07 v _355_/A (sky130_fd_sc_hd__buf_4)
                  0.06    0.13    2.20 v _355_/X (sky130_fd_sc_hd__buf_4)
    10    0.05                           _199_ (net)
                  0.06    0.00    2.20 v _400_/A (sky130_fd_sc_hd__inv_2)
                  0.03    0.04    2.25 ^ _400_/Y (sky130_fd_sc_hd__inv_2)
     1    0.00                           _042_ (net)
                  0.03    0.00    2.25 ^ _448_/RESET_B (sky130_fd_sc_hd__dfrtp_1)
                                  2.25   data arrival time

                         10.00   10.00   clock clk (rise edge)
                          0.00   10.00   clock source latency
                  0.06    0.04   10.04 ^ clk (in)
     1    0.02                           clk (net)
                  0.06    0.00   10.04 ^ clkbuf_0_clk/A (sky130_fd_sc_hd__clkbuf_16)
                  0.05    0.10   10.14 ^ clkbuf_0_clk/X (sky130_fd_sc_hd__clkbuf_16)
     4    0.04                           clknet_0_clk (net)
                  0.05    0.00   10.14 ^ clkbuf_2_0__f_clk/A (sky130_fd_sc_hd__clkbuf_16)
                  0.05    0.10   10.24 ^ clkbuf_2_0__f_clk/X (sky130_fd_sc_hd__clkbuf_16)
    14    0.04                           clknet_2_0__leaf_clk (net)
                  0.05    0.00   10.24 ^ _448_/CLK (sky130_fd_sc_hd__dfrtp_1)
                         -0.25    9.99   clock uncertainty
                          0.00    9.99   clock reconvergence pessimism
                          0.15   10.14   library recovery time
                                 10.14   data required time
-----------------------------------------------------------------------------
                                 10.14   data required time
                                 -2.25   data arrival time
-----------------------------------------------------------------------------
                                  7.89   slack (MET)


Startpoint: _421_ (rising edge-triggered flip-flop clocked by clk)
Endpoint: _433_ (rising edge-triggered flip-flop clocked by clk)
Path Group: clk
Path Type: max
Corner: Fastest

Fanout     Cap    Slew   Delay    Time   Description
-----------------------------------------------------------------------------
                          0.00    0.00   clock clk (rise edge)
                          0.00    0.00   clock source latency
                  0.06    0.04    0.04 ^ clk (in)
     1    0.02                           clk (net)
                  0.06    0.00    0.04 ^ clkbuf_0_clk/A (sky130_fd_sc_hd__clkbuf_16)
                  0.05    0.11    0.15 ^ clkbuf_0_clk/X (sky130_fd_sc_hd__clkbuf_16)
     4    0.04                           clknet_0_clk (net)
                  0.05    0.00    0.15 ^ clkbuf_2_3__f_clk/A (sky130_fd_sc_hd__clkbuf_16)
                  0.05    0.11    0.26 ^ clkbuf_2_3__f_clk/X (sky130_fd_sc_hd__clkbuf_16)
    12    0.04                           clknet_2_3__leaf_clk (net)
                  0.05    0.00    0.26 ^ _421_/CLK (sky130_fd_sc_hd__dfrtp_1)
                  0.06    0.27    0.53 v _421_/Q (sky130_fd_sc_hd__dfrtp_1)
     3    0.01                           clk_count[13] (net)
                  0.06    0.00    0.53 v _205_/A (sky130_fd_sc_hd__or4_1)
                  0.06    0.32    0.86 v _205_/X (sky130_fd_sc_hd__or4_1)
     1    0.00                           _097_ (net)
                  0.06    0.00    0.86 v _209_/A (sky130_fd_sc_hd__nor4_1)
                  0.29    0.30    1.16 ^ _209_/Y (sky130_fd_sc_hd__nor4_1)
     2    0.01                           _101_ (net)
                  0.29    0.00    1.16 ^ max_cap25/A (sky130_fd_sc_hd__buf_1)
                  0.11    0.12    1.28 ^ max_cap25/X (sky130_fd_sc_hd__buf_1)
     3    0.01                           net25 (net)
                  0.11    0.00    1.28 ^ _217_/C (sky130_fd_sc_hd__nand4_1)
                  0.08    0.09    1.37 v _217_/Y (sky130_fd_sc_hd__nand4_1)
     3    0.01                           _109_ (net)
                  0.08    0.00    1.37 v _218_/A (sky130_fd_sc_hd__buf_4)
                  0.07    0.16    1.53 v _218_/X (sky130_fd_sc_hd__buf_4)
    10    0.06                           _110_ (net)
                  0.07    0.00    1.53 v _279_/S (sky130_fd_sc_hd__mux2_1)
                  0.04    0.20    1.73 v _279_/X (sky130_fd_sc_hd__mux2_1)
     1    0.00                           _148_ (net)
                  0.04    0.00    1.73 v _280_/A (sky130_fd_sc_hd__clkbuf_1)
                  0.02    0.06    1.79 v _280_/X (sky130_fd_sc_hd__clkbuf_1)
     1    0.00                           _073_ (net)
                  0.02    0.00    1.79 v _433_/D (sky130_fd_sc_hd__dfrtp_1)
                                  1.79   data arrival time

                         10.00   10.00   clock clk (rise edge)
                          0.00   10.00   clock source latency
                  0.06    0.04   10.04 ^ clk (in)
     1    0.02                           clk (net)
                  0.06    0.00   10.04 ^ clkbuf_0_clk/A (sky130_fd_sc_hd__clkbuf_16)
                  0.05    0.10   10.14 ^ clkbuf_0_clk/X (sky130_fd_sc_hd__clkbuf_16)
     4    0.04                           clknet_0_clk (net)
                  0.05    0.00   10.14 ^ clkbuf_2_1__f_clk/A (sky130_fd_sc_hd__clkbuf_16)
                  0.04    0.10   10.24 ^ clkbuf_2_1__f_clk/X (sky130_fd_sc_hd__clkbuf_16)
    12    0.04                           clknet_2_1__leaf_clk (net)
                  0.04    0.00   10.24 ^ _433_/CLK (sky130_fd_sc_hd__dfrtp_1)
                         -0.25    9.99   clock uncertainty
                          0.01   10.00   clock reconvergence pessimism
                         -0.07    9.93   library setup time
                                  9.93   data required time
-----------------------------------------------------------------------------
                                  9.93   data required time
                                 -1.79   data arrival time
-----------------------------------------------------------------------------
                                  8.14   slack (MET)


Startpoint: _421_ (rising edge-triggered flip-flop clocked by clk)
Endpoint: _432_ (rising edge-triggered flip-flop clocked by clk)
Path Group: clk
Path Type: max
Corner: Fastest

Fanout     Cap    Slew   Delay    Time   Description
-----------------------------------------------------------------------------
                          0.00    0.00   clock clk (rise edge)
                          0.00    0.00   clock source latency
                  0.06    0.04    0.04 ^ clk (in)
     1    0.02                           clk (net)
                  0.06    0.00    0.04 ^ clkbuf_0_clk/A (sky130_fd_sc_hd__clkbuf_16)
                  0.05    0.11    0.15 ^ clkbuf_0_clk/X (sky130_fd_sc_hd__clkbuf_16)
     4    0.04                           clknet_0_clk (net)
                  0.05    0.00    0.15 ^ clkbuf_2_3__f_clk/A (sky130_fd_sc_hd__clkbuf_16)
                  0.05    0.11    0.26 ^ clkbuf_2_3__f_clk/X (sky130_fd_sc_hd__clkbuf_16)
    12    0.04                           clknet_2_3__leaf_clk (net)
                  0.05    0.00    0.26 ^ _421_/CLK (sky130_fd_sc_hd__dfrtp_1)
                  0.06    0.27    0.53 v _421_/Q (sky130_fd_sc_hd__dfrtp_1)
     3    0.01                           clk_count[13] (net)
                  0.06    0.00    0.53 v _205_/A (sky130_fd_sc_hd__or4_1)
                  0.06    0.32    0.86 v _205_/X (sky130_fd_sc_hd__or4_1)
     1    0.00                           _097_ (net)
                  0.06    0.00    0.86 v _209_/A (sky130_fd_sc_hd__nor4_1)
                  0.29    0.30    1.16 ^ _209_/Y (sky130_fd_sc_hd__nor4_1)
     2    0.01                           _101_ (net)
                  0.29    0.00    1.16 ^ max_cap25/A (sky130_fd_sc_hd__buf_1)
                  0.11    0.12    1.28 ^ max_cap25/X (sky130_fd_sc_hd__buf_1)
     3    0.01                           net25 (net)
                  0.11    0.00    1.28 ^ _217_/C (sky130_fd_sc_hd__nand4_1)
                  0.08    0.09    1.37 v _217_/Y (sky130_fd_sc_hd__nand4_1)
     3    0.01                           _109_ (net)
                  0.08    0.00    1.37 v _218_/A (sky130_fd_sc_hd__buf_4)
                  0.07    0.16    1.53 v _218_/X (sky130_fd_sc_hd__buf_4)
    10    0.06                           _110_ (net)
                  0.07    0.00    1.54 v _281_/S (sky130_fd_sc_hd__mux2_1)
                  0.04    0.20    1.73 v _281_/X (sky130_fd_sc_hd__mux2_1)
     1    0.00                           _149_ (net)
                  0.04    0.00    1.73 v _282_/A (sky130_fd_sc_hd__clkbuf_1)
                  0.02    0.06    1.80 v _282_/X (sky130_fd_sc_hd__clkbuf_1)
     1    0.00                           _072_ (net)
                  0.02    0.00    1.80 v _432_/D (sky130_fd_sc_hd__dfrtp_1)
                                  1.80   data arrival time

                         10.00   10.00   clock clk (rise edge)
                          0.00   10.00   clock source latency
                  0.06    0.04   10.04 ^ clk (in)
     1    0.02                           clk (net)
                  0.06    0.00   10.04 ^ clkbuf_0_clk/A (sky130_fd_sc_hd__clkbuf_16)
                  0.05    0.10   10.14 ^ clkbuf_0_clk/X (sky130_fd_sc_hd__clkbuf_16)
     4    0.04                           clknet_0_clk (net)
                  0.05    0.00   10.14 ^ clkbuf_2_0__f_clk/A (sky130_fd_sc_hd__clkbuf_16)
                  0.05    0.10   10.24 ^ clkbuf_2_0__f_clk/X (sky130_fd_sc_hd__clkbuf_16)
    14    0.04                           clknet_2_0__leaf_clk (net)
                  0.05    0.00   10.24 ^ _432_/CLK (sky130_fd_sc_hd__dfrtp_1)
                         -0.25    9.99   clock uncertainty
                          0.01   10.00   clock reconvergence pessimism
                         -0.07    9.94   library setup time
                                  9.94   data required time
-----------------------------------------------------------------------------
                                  9.94   data required time
                                 -1.80   data arrival time
-----------------------------------------------------------------------------
                                  8.14   slack (MET)


Startpoint: _421_ (rising edge-triggered flip-flop clocked by clk)
Endpoint: _431_ (rising edge-triggered flip-flop clocked by clk)
Path Group: clk
Path Type: max
Corner: Fastest

Fanout     Cap    Slew   Delay    Time   Description
-----------------------------------------------------------------------------
                          0.00    0.00   clock clk (rise edge)
                          0.00    0.00   clock source latency
                  0.06    0.04    0.04 ^ clk (in)
     1    0.02                           clk (net)
                  0.06    0.00    0.04 ^ clkbuf_0_clk/A (sky130_fd_sc_hd__clkbuf_16)
                  0.05    0.11    0.15 ^ clkbuf_0_clk/X (sky130_fd_sc_hd__clkbuf_16)
     4    0.04                           clknet_0_clk (net)
                  0.05    0.00    0.15 ^ clkbuf_2_3__f_clk/A (sky130_fd_sc_hd__clkbuf_16)
                  0.05    0.11    0.26 ^ clkbuf_2_3__f_clk/X (sky130_fd_sc_hd__clkbuf_16)
    12    0.04                           clknet_2_3__leaf_clk (net)
                  0.05    0.00    0.26 ^ _421_/CLK (sky130_fd_sc_hd__dfrtp_1)
                  0.06    0.27    0.53 v _421_/Q (sky130_fd_sc_hd__dfrtp_1)
     3    0.01                           clk_count[13] (net)
                  0.06    0.00    0.53 v _205_/A (sky130_fd_sc_hd__or4_1)
                  0.06    0.32    0.86 v _205_/X (sky130_fd_sc_hd__or4_1)
     1    0.00                           _097_ (net)
                  0.06    0.00    0.86 v _209_/A (sky130_fd_sc_hd__nor4_1)
                  0.29    0.30    1.16 ^ _209_/Y (sky130_fd_sc_hd__nor4_1)
     2    0.01                           _101_ (net)
                  0.29    0.00    1.16 ^ max_cap25/A (sky130_fd_sc_hd__buf_1)
                  0.11    0.12    1.28 ^ max_cap25/X (sky130_fd_sc_hd__buf_1)
     3    0.01                           net25 (net)
                  0.11    0.00    1.28 ^ _217_/C (sky130_fd_sc_hd__nand4_1)
                  0.08    0.09    1.37 v _217_/Y (sky130_fd_sc_hd__nand4_1)
     3    0.01                           _109_ (net)
                  0.08    0.00    1.37 v _218_/A (sky130_fd_sc_hd__buf_4)
                  0.07    0.16    1.53 v _218_/X (sky130_fd_sc_hd__buf_4)
    10    0.06                           _110_ (net)
                  0.07    0.00    1.54 v _283_/S (sky130_fd_sc_hd__mux2_1)
                  0.04    0.20    1.73 v _283_/X (sky130_fd_sc_hd__mux2_1)
     1    0.00                           _150_ (net)
                  0.04    0.00    1.74 v _284_/A (sky130_fd_sc_hd__clkbuf_1)
                  0.02    0.06    1.80 v _284_/X (sky130_fd_sc_hd__clkbuf_1)
     1    0.00                           _071_ (net)
                  0.02    0.00    1.80 v _431_/D (sky130_fd_sc_hd__dfrtp_1)
                                  1.80   data arrival time

                         10.00   10.00   clock clk (rise edge)
                          0.00   10.00   clock source latency
                  0.06    0.04   10.04 ^ clk (in)
     1    0.02                           clk (net)
                  0.06    0.00   10.04 ^ clkbuf_0_clk/A (sky130_fd_sc_hd__clkbuf_16)
                  0.05    0.10   10.14 ^ clkbuf_0_clk/X (sky130_fd_sc_hd__clkbuf_16)
     4    0.04                           clknet_0_clk (net)
                  0.05    0.00   10.14 ^ clkbuf_2_0__f_clk/A (sky130_fd_sc_hd__clkbuf_16)
                  0.05    0.10   10.24 ^ clkbuf_2_0__f_clk/X (sky130_fd_sc_hd__clkbuf_16)
    14    0.04                           clknet_2_0__leaf_clk (net)
                  0.05    0.00   10.24 ^ _431_/CLK (sky130_fd_sc_hd__dfrtp_1)
                         -0.25    9.99   clock uncertainty
                          0.01   10.00   clock reconvergence pessimism
                         -0.07    9.94   library setup time
                                  9.94   data required time
-----------------------------------------------------------------------------
                                  9.94   data required time
                                 -1.80   data arrival time
-----------------------------------------------------------------------------
                                  8.14   slack (MET)


Startpoint: _421_ (rising edge-triggered flip-flop clocked by clk)
Endpoint: _428_ (rising edge-triggered flip-flop clocked by clk)
Path Group: clk
Path Type: max
Corner: Fastest

Fanout     Cap    Slew   Delay    Time   Description
-----------------------------------------------------------------------------
                          0.00    0.00   clock clk (rise edge)
                          0.00    0.00   clock source latency
                  0.06    0.04    0.04 ^ clk (in)
     1    0.02                           clk (net)
                  0.06    0.00    0.04 ^ clkbuf_0_clk/A (sky130_fd_sc_hd__clkbuf_16)
                  0.05    0.11    0.15 ^ clkbuf_0_clk/X (sky130_fd_sc_hd__clkbuf_16)
     4    0.04                           clknet_0_clk (net)
                  0.05    0.00    0.15 ^ clkbuf_2_3__f_clk/A (sky130_fd_sc_hd__clkbuf_16)
                  0.05    0.11    0.26 ^ clkbuf_2_3__f_clk/X (sky130_fd_sc_hd__clkbuf_16)
    12    0.04                           clknet_2_3__leaf_clk (net)
                  0.05    0.00    0.26 ^ _421_/CLK (sky130_fd_sc_hd__dfrtp_1)
                  0.06    0.27    0.53 v _421_/Q (sky130_fd_sc_hd__dfrtp_1)
     3    0.01                           clk_count[13] (net)
                  0.06    0.00    0.53 v _205_/A (sky130_fd_sc_hd__or4_1)
                  0.06    0.32    0.86 v _205_/X (sky130_fd_sc_hd__or4_1)
     1    0.00                           _097_ (net)
                  0.06    0.00    0.86 v _209_/A (sky130_fd_sc_hd__nor4_1)
                  0.29    0.30    1.16 ^ _209_/Y (sky130_fd_sc_hd__nor4_1)
     2    0.01                           _101_ (net)
                  0.29    0.00    1.16 ^ max_cap25/A (sky130_fd_sc_hd__buf_1)
                  0.11    0.12    1.28 ^ max_cap25/X (sky130_fd_sc_hd__buf_1)
     3    0.01                           net25 (net)
                  0.11    0.00    1.28 ^ _217_/C (sky130_fd_sc_hd__nand4_1)
                  0.08    0.09    1.37 v _217_/Y (sky130_fd_sc_hd__nand4_1)
     3    0.01                           _109_ (net)
                  0.08    0.00    1.37 v _218_/A (sky130_fd_sc_hd__buf_4)
                  0.07    0.16    1.53 v _218_/X (sky130_fd_sc_hd__buf_4)
    10    0.06                           _110_ (net)
                  0.07    0.00    1.54 v _289_/S (sky130_fd_sc_hd__mux2_1)
                  0.04    0.20    1.73 v _289_/X (sky130_fd_sc_hd__mux2_1)
     1    0.00                           _153_ (net)
                  0.04    0.00    1.73 v _290_/A (sky130_fd_sc_hd__clkbuf_1)
                  0.02    0.06    1.79 v _290_/X (sky130_fd_sc_hd__clkbuf_1)
     1    0.00                           _068_ (net)
                  0.02    0.00    1.79 v _428_/D (sky130_fd_sc_hd__dfrtp_1)
                                  1.79   data arrival time

                         10.00   10.00   clock clk (rise edge)
                          0.00   10.00   clock source latency
                  0.06    0.04   10.04 ^ clk (in)
     1    0.02                           clk (net)
                  0.06    0.00   10.04 ^ clkbuf_0_clk/A (sky130_fd_sc_hd__clkbuf_16)
                  0.05    0.10   10.14 ^ clkbuf_0_clk/X (sky130_fd_sc_hd__clkbuf_16)
     4    0.04                           clknet_0_clk (net)
                  0.05    0.00   10.14 ^ clkbuf_2_0__f_clk/A (sky130_fd_sc_hd__clkbuf_16)
                  0.05    0.10   10.24 ^ clkbuf_2_0__f_clk/X (sky130_fd_sc_hd__clkbuf_16)
    14    0.04                           clknet_2_0__leaf_clk (net)
                  0.05    0.00   10.24 ^ _428_/CLK (sky130_fd_sc_hd__dfrtp_1)
                         -0.25    9.99   clock uncertainty
                          0.01   10.00   clock reconvergence pessimism
                         -0.07    9.94   library setup time
                                  9.94   data required time
-----------------------------------------------------------------------------
                                  9.94   data required time
                                 -1.79   data arrival time
-----------------------------------------------------------------------------
                                  8.14   slack (MET)


Startpoint: _421_ (rising edge-triggered flip-flop clocked by clk)
Endpoint: _430_ (rising edge-triggered flip-flop clocked by clk)
Path Group: clk
Path Type: max
Corner: Fastest

Fanout     Cap    Slew   Delay    Time   Description
-----------------------------------------------------------------------------
                          0.00    0.00   clock clk (rise edge)
                          0.00    0.00   clock source latency
                  0.06    0.04    0.04 ^ clk (in)
     1    0.02                           clk (net)
                  0.06    0.00    0.04 ^ clkbuf_0_clk/A (sky130_fd_sc_hd__clkbuf_16)
                  0.05    0.11    0.15 ^ clkbuf_0_clk/X (sky130_fd_sc_hd__clkbuf_16)
     4    0.04                           clknet_0_clk (net)
                  0.05    0.00    0.15 ^ clkbuf_2_3__f_clk/A (sky130_fd_sc_hd__clkbuf_16)
                  0.05    0.11    0.26 ^ clkbuf_2_3__f_clk/X (sky130_fd_sc_hd__clkbuf_16)
    12    0.04                           clknet_2_3__leaf_clk (net)
                  0.05    0.00    0.26 ^ _421_/CLK (sky130_fd_sc_hd__dfrtp_1)
                  0.06    0.27    0.53 v _421_/Q (sky130_fd_sc_hd__dfrtp_1)
     3    0.01                           clk_count[13] (net)
                  0.06    0.00    0.53 v _205_/A (sky130_fd_sc_hd__or4_1)
                  0.06    0.32    0.86 v _205_/X (sky130_fd_sc_hd__or4_1)
     1    0.00                           _097_ (net)
                  0.06    0.00    0.86 v _209_/A (sky130_fd_sc_hd__nor4_1)
                  0.29    0.30    1.16 ^ _209_/Y (sky130_fd_sc_hd__nor4_1)
     2    0.01                           _101_ (net)
                  0.29    0.00    1.16 ^ max_cap25/A (sky130_fd_sc_hd__buf_1)
                  0.11    0.12    1.28 ^ max_cap25/X (sky130_fd_sc_hd__buf_1)
     3    0.01                           net25 (net)
                  0.11    0.00    1.28 ^ _217_/C (sky130_fd_sc_hd__nand4_1)
                  0.08    0.09    1.37 v _217_/Y (sky130_fd_sc_hd__nand4_1)
     3    0.01                           _109_ (net)
                  0.08    0.00    1.37 v _218_/A (sky130_fd_sc_hd__buf_4)
                  0.07    0.16    1.53 v _218_/X (sky130_fd_sc_hd__buf_4)
    10    0.06                           _110_ (net)
                  0.07    0.00    1.54 v _285_/S (sky130_fd_sc_hd__mux2_1)
                  0.04    0.20    1.73 v _285_/X (sky130_fd_sc_hd__mux2_1)
     1    0.00                           _151_ (net)
                  0.04    0.00    1.73 v _286_/A (sky130_fd_sc_hd__clkbuf_1)
                  0.02    0.06    1.79 v _286_/X (sky130_fd_sc_hd__clkbuf_1)
     1    0.00                           _070_ (net)
                  0.02    0.00    1.79 v _430_/D (sky130_fd_sc_hd__dfrtp_1)
                                  1.79   data arrival time

                         10.00   10.00   clock clk (rise edge)
                          0.00   10.00   clock source latency
                  0.06    0.04   10.04 ^ clk (in)
     1    0.02                           clk (net)
                  0.06    0.00   10.04 ^ clkbuf_0_clk/A (sky130_fd_sc_hd__clkbuf_16)
                  0.05    0.10   10.14 ^ clkbuf_0_clk/X (sky130_fd_sc_hd__clkbuf_16)
     4    0.04                           clknet_0_clk (net)
                  0.05    0.00   10.14 ^ clkbuf_2_0__f_clk/A (sky130_fd_sc_hd__clkbuf_16)
                  0.05    0.10   10.24 ^ clkbuf_2_0__f_clk/X (sky130_fd_sc_hd__clkbuf_16)
    14    0.04                           clknet_2_0__leaf_clk (net)
                  0.05    0.00   10.24 ^ _430_/CLK (sky130_fd_sc_hd__dfrtp_1)
                         -0.25    9.99   clock uncertainty
                          0.01   10.00   clock reconvergence pessimism
                         -0.07    9.94   library setup time
                                  9.94   data required time
-----------------------------------------------------------------------------
                                  9.94   data required time
                                 -1.79   data arrival time
-----------------------------------------------------------------------------
                                  8.15   slack (MET)


Startpoint: _421_ (rising edge-triggered flip-flop clocked by clk)
Endpoint: _429_ (rising edge-triggered flip-flop clocked by clk)
Path Group: clk
Path Type: max
Corner: Fastest

Fanout     Cap    Slew   Delay    Time   Description
-----------------------------------------------------------------------------
                          0.00    0.00   clock clk (rise edge)
                          0.00    0.00   clock source latency
                  0.06    0.04    0.04 ^ clk (in)
     1    0.02                           clk (net)
                  0.06    0.00    0.04 ^ clkbuf_0_clk/A (sky130_fd_sc_hd__clkbuf_16)
                  0.05    0.11    0.15 ^ clkbuf_0_clk/X (sky130_fd_sc_hd__clkbuf_16)
     4    0.04                           clknet_0_clk (net)
                  0.05    0.00    0.15 ^ clkbuf_2_3__f_clk/A (sky130_fd_sc_hd__clkbuf_16)
                  0.05    0.11    0.26 ^ clkbuf_2_3__f_clk/X (sky130_fd_sc_hd__clkbuf_16)
    12    0.04                           clknet_2_3__leaf_clk (net)
                  0.05    0.00    0.26 ^ _421_/CLK (sky130_fd_sc_hd__dfrtp_1)
                  0.06    0.27    0.53 v _421_/Q (sky130_fd_sc_hd__dfrtp_1)
     3    0.01                           clk_count[13] (net)
                  0.06    0.00    0.53 v _205_/A (sky130_fd_sc_hd__or4_1)
                  0.06    0.32    0.86 v _205_/X (sky130_fd_sc_hd__or4_1)
     1    0.00                           _097_ (net)
                  0.06    0.00    0.86 v _209_/A (sky130_fd_sc_hd__nor4_1)
                  0.29    0.30    1.16 ^ _209_/Y (sky130_fd_sc_hd__nor4_1)
     2    0.01                           _101_ (net)
                  0.29    0.00    1.16 ^ max_cap25/A (sky130_fd_sc_hd__buf_1)
                  0.11    0.12    1.28 ^ max_cap25/X (sky130_fd_sc_hd__buf_1)
     3    0.01                           net25 (net)
                  0.11    0.00    1.28 ^ _217_/C (sky130_fd_sc_hd__nand4_1)
                  0.08    0.09    1.37 v _217_/Y (sky130_fd_sc_hd__nand4_1)
     3    0.01                           _109_ (net)
                  0.08    0.00    1.37 v _218_/A (sky130_fd_sc_hd__buf_4)
                  0.07    0.16    1.53 v _218_/X (sky130_fd_sc_hd__buf_4)
    10    0.06                           _110_ (net)
                  0.07    0.00    1.54 v _287_/S (sky130_fd_sc_hd__mux2_1)
                  0.04    0.20    1.73 v _287_/X (sky130_fd_sc_hd__mux2_1)
     1    0.00                           _152_ (net)
                  0.04    0.00    1.73 v _288_/A (sky130_fd_sc_hd__clkbuf_1)
                  0.02    0.06    1.79 v _288_/X (sky130_fd_sc_hd__clkbuf_1)
     1    0.00                           _069_ (net)
                  0.02    0.00    1.79 v _429_/D (sky130_fd_sc_hd__dfrtp_1)
                                  1.79   data arrival time

                         10.00   10.00   clock clk (rise edge)
                          0.00   10.00   clock source latency
                  0.06    0.04   10.04 ^ clk (in)
     1    0.02                           clk (net)
                  0.06    0.00   10.04 ^ clkbuf_0_clk/A (sky130_fd_sc_hd__clkbuf_16)
                  0.05    0.10   10.14 ^ clkbuf_0_clk/X (sky130_fd_sc_hd__clkbuf_16)
     4    0.04                           clknet_0_clk (net)
                  0.05    0.00   10.14 ^ clkbuf_2_0__f_clk/A (sky130_fd_sc_hd__clkbuf_16)
                  0.05    0.10   10.24 ^ clkbuf_2_0__f_clk/X (sky130_fd_sc_hd__clkbuf_16)
    14    0.04                           clknet_2_0__leaf_clk (net)
                  0.05    0.00   10.24 ^ _429_/CLK (sky130_fd_sc_hd__dfrtp_1)
                         -0.25    9.99   clock uncertainty
                          0.01   10.00   clock reconvergence pessimism
                         -0.07    9.94   library setup time
                                  9.94   data required time
-----------------------------------------------------------------------------
                                  9.94   data required time
                                 -1.79   data arrival time
-----------------------------------------------------------------------------
                                  8.15   slack (MET)


Startpoint: _421_ (rising edge-triggered flip-flop clocked by clk)
Endpoint: _425_ (rising edge-triggered flip-flop clocked by clk)
Path Group: clk
Path Type: max
Corner: Fastest

Fanout     Cap    Slew   Delay    Time   Description
-----------------------------------------------------------------------------
                          0.00    0.00   clock clk (rise edge)
                          0.00    0.00   clock source latency
                  0.06    0.04    0.04 ^ clk (in)
     1    0.02                           clk (net)
                  0.06    0.00    0.04 ^ clkbuf_0_clk/A (sky130_fd_sc_hd__clkbuf_16)
                  0.05    0.11    0.15 ^ clkbuf_0_clk/X (sky130_fd_sc_hd__clkbuf_16)
     4    0.04                           clknet_0_clk (net)
                  0.05    0.00    0.15 ^ clkbuf_2_3__f_clk/A (sky130_fd_sc_hd__clkbuf_16)
                  0.05    0.11    0.26 ^ clkbuf_2_3__f_clk/X (sky130_fd_sc_hd__clkbuf_16)
    12    0.04                           clknet_2_3__leaf_clk (net)
                  0.05    0.00    0.26 ^ _421_/CLK (sky130_fd_sc_hd__dfrtp_1)
                  0.06    0.27    0.53 v _421_/Q (sky130_fd_sc_hd__dfrtp_1)
     3    0.01                           clk_count[13] (net)
                  0.06    0.00    0.53 v _205_/A (sky130_fd_sc_hd__or4_1)
                  0.06    0.32    0.86 v _205_/X (sky130_fd_sc_hd__or4_1)
     1    0.00                           _097_ (net)
                  0.06    0.00    0.86 v _209_/A (sky130_fd_sc_hd__nor4_1)
                  0.29    0.30    1.16 ^ _209_/Y (sky130_fd_sc_hd__nor4_1)
     2    0.01                           _101_ (net)
                  0.29    0.00    1.16 ^ max_cap25/A (sky130_fd_sc_hd__buf_1)
                  0.11    0.12    1.28 ^ max_cap25/X (sky130_fd_sc_hd__buf_1)
     3    0.01                           net25 (net)
                  0.11    0.00    1.28 ^ _217_/C (sky130_fd_sc_hd__nand4_1)
                  0.08    0.09    1.37 v _217_/Y (sky130_fd_sc_hd__nand4_1)
     3    0.01                           _109_ (net)
                  0.08    0.00    1.37 v _218_/A (sky130_fd_sc_hd__buf_4)
                  0.07    0.16    1.53 v _218_/X (sky130_fd_sc_hd__buf_4)
    10    0.06                           _110_ (net)
                  0.07    0.00    1.53 v _354_/A (sky130_fd_sc_hd__inv_2)
                  0.02    0.04    1.57 ^ _354_/Y (sky130_fd_sc_hd__inv_2)
     1    0.00                           _001_ (net)
                  0.02    0.00    1.57 ^ _425_/D (sky130_fd_sc_hd__dfrtp_1)
                                  1.57   data arrival time

                         10.00   10.00   clock clk (rise edge)
                          0.00   10.00   clock source latency
                  0.06    0.04   10.04 ^ clk (in)
     1    0.02                           clk (net)
                  0.06    0.00   10.04 ^ clkbuf_0_clk/A (sky130_fd_sc_hd__clkbuf_16)
                  0.05    0.10   10.14 ^ clkbuf_0_clk/X (sky130_fd_sc_hd__clkbuf_16)
     4    0.04                           clknet_0_clk (net)
                  0.05    0.00   10.14 ^ clkbuf_2_2__f_clk/A (sky130_fd_sc_hd__clkbuf_16)
                  0.04    0.09   10.23 ^ clkbuf_2_2__f_clk/X (sky130_fd_sc_hd__clkbuf_16)
    10    0.04                           clknet_2_2__leaf_clk (net)
                  0.04    0.00   10.23 ^ _425_/CLK (sky130_fd_sc_hd__dfrtp_1)
                         -0.25    9.98   clock uncertainty
                          0.01   10.00   clock reconvergence pessimism
                         -0.03    9.97   library setup time
                                  9.97   data required time
-----------------------------------------------------------------------------
                                  9.97   data required time
                                 -1.57   data arrival time
-----------------------------------------------------------------------------
                                  8.39   slack (MET)


Startpoint: _421_ (rising edge-triggered flip-flop clocked by clk)
Endpoint: _435_ (rising edge-triggered flip-flop clocked by clk)
Path Group: clk
Path Type: max
Corner: Fastest

Fanout     Cap    Slew   Delay    Time   Description
-----------------------------------------------------------------------------
                          0.00    0.00   clock clk (rise edge)
                          0.00    0.00   clock source latency
                  0.06    0.04    0.04 ^ clk (in)
     1    0.02                           clk (net)
                  0.06    0.00    0.04 ^ clkbuf_0_clk/A (sky130_fd_sc_hd__clkbuf_16)
                  0.05    0.11    0.15 ^ clkbuf_0_clk/X (sky130_fd_sc_hd__clkbuf_16)
     4    0.04                           clknet_0_clk (net)
                  0.05    0.00    0.15 ^ clkbuf_2_3__f_clk/A (sky130_fd_sc_hd__clkbuf_16)
                  0.05    0.11    0.26 ^ clkbuf_2_3__f_clk/X (sky130_fd_sc_hd__clkbuf_16)
    12    0.04                           clknet_2_3__leaf_clk (net)
                  0.05    0.00    0.26 ^ _421_/CLK (sky130_fd_sc_hd__dfrtp_1)
                  0.06    0.27    0.53 v _421_/Q (sky130_fd_sc_hd__dfrtp_1)
     3    0.01                           clk_count[13] (net)
                  0.06    0.00    0.53 v _205_/A (sky130_fd_sc_hd__or4_1)
                  0.06    0.32    0.86 v _205_/X (sky130_fd_sc_hd__or4_1)
     1    0.00                           _097_ (net)
                  0.06    0.00    0.86 v _209_/A (sky130_fd_sc_hd__nor4_1)
                  0.29    0.30    1.16 ^ _209_/Y (sky130_fd_sc_hd__nor4_1)
     2    0.01                           _101_ (net)
                  0.29    0.00    1.16 ^ max_cap25/A (sky130_fd_sc_hd__buf_1)
                  0.11    0.12    1.28 ^ max_cap25/X (sky130_fd_sc_hd__buf_1)
     3    0.01                           net25 (net)
                  0.11    0.00    1.28 ^ _273_/A (sky130_fd_sc_hd__inv_2)
                  0.03    0.02    1.31 v _273_/Y (sky130_fd_sc_hd__inv_2)
     2    0.01                           _144_ (net)
                  0.03    0.00    1.31 v _274_/A2 (sky130_fd_sc_hd__a21oi_1)
                  0.08    0.10    1.41 ^ _274_/Y (sky130_fd_sc_hd__a21oi_1)
     1    0.00                           _075_ (net)
                  0.08    0.00    1.41 ^ _435_/D (sky130_fd_sc_hd__dfrtp_2)
                                  1.41   data arrival time

                         10.00   10.00   clock clk (rise edge)
                          0.00   10.00   clock source latency
                  0.06    0.04   10.04 ^ clk (in)
     1    0.02                           clk (net)
                  0.06    0.00   10.04 ^ clkbuf_0_clk/A (sky130_fd_sc_hd__clkbuf_16)
                  0.05    0.10   10.14 ^ clkbuf_0_clk/X (sky130_fd_sc_hd__clkbuf_16)
     4    0.04                           clknet_0_clk (net)
                  0.05    0.00   10.14 ^ clkbuf_2_0__f_clk/A (sky130_fd_sc_hd__clkbuf_16)
                  0.05    0.10   10.24 ^ clkbuf_2_0__f_clk/X (sky130_fd_sc_hd__clkbuf_16)
    14    0.04                           clknet_2_0__leaf_clk (net)
                  0.05    0.00   10.24 ^ _435_/CLK (sky130_fd_sc_hd__dfrtp_2)
                         -0.25    9.99   clock uncertainty
                          0.01   10.00   clock reconvergence pessimism
                         -0.04    9.96   library setup time
                                  9.96   data required time
-----------------------------------------------------------------------------
                                  9.96   data required time
                                 -1.41   data arrival time
-----------------------------------------------------------------------------
                                  8.56   slack (MET)



======================= Slowest Corner ===================================

Startpoint: _421_ (rising edge-triggered flip-flop clocked by clk)
Endpoint: _427_ (rising edge-triggered flip-flop clocked by clk)
Path Group: clk
Path Type: max
Corner: Slowest

Fanout     Cap    Slew   Delay    Time   Description
-----------------------------------------------------------------------------
                          0.00    0.00   clock clk (rise edge)
                          0.00    0.00   clock source latency
                  0.12    0.09    0.09 ^ clk (in)
     1    0.02                           clk (net)
                  0.12    0.00    0.09 ^ clkbuf_0_clk/A (sky130_fd_sc_hd__clkbuf_16)
                  0.10    0.29    0.38 ^ clkbuf_0_clk/X (sky130_fd_sc_hd__clkbuf_16)
     4    0.04                           clknet_0_clk (net)
                  0.10    0.00    0.38 ^ clkbuf_2_3__f_clk/A (sky130_fd_sc_hd__clkbuf_16)
                  0.09    0.27    0.65 ^ clkbuf_2_3__f_clk/X (sky130_fd_sc_hd__clkbuf_16)
    12    0.04                           clknet_2_3__leaf_clk (net)
                  0.09    0.00    0.65 ^ _421_/CLK (sky130_fd_sc_hd__dfrtp_1)
                  0.15    0.87    1.52 v _421_/Q (sky130_fd_sc_hd__dfrtp_1)
     3    0.01                           clk_count[13] (net)
                  0.15    0.00    1.52 v _205_/A (sky130_fd_sc_hd__or4_1)
                  0.20    1.34    2.86 v _205_/X (sky130_fd_sc_hd__or4_1)
     1    0.00                           _097_ (net)
                  0.20    0.00    2.86 v _209_/A (sky130_fd_sc_hd__nor4_1)
                  0.72    0.84    3.70 ^ _209_/Y (sky130_fd_sc_hd__nor4_1)
     2    0.01                           _101_ (net)
                  0.72    0.00    3.70 ^ max_cap25/A (sky130_fd_sc_hd__buf_1)
                  0.24    0.49    4.18 ^ max_cap25/X (sky130_fd_sc_hd__buf_1)
     3    0.01                           net25 (net)
                  0.24    0.00    4.18 ^ _217_/C (sky130_fd_sc_hd__nand4_1)
                  0.33    0.42    4.60 v _217_/Y (sky130_fd_sc_hd__nand4_1)
     3    0.01                           _109_ (net)
                  0.33    0.00    4.60 v _218_/A (sky130_fd_sc_hd__buf_4)
                  0.16    0.50    5.10 v _218_/X (sky130_fd_sc_hd__buf_4)
    10    0.06                           _110_ (net)
                  0.16    0.00    5.10 v _291_/S (sky130_fd_sc_hd__mux2_1)
                  0.10    0.75    5.85 v _291_/X (sky130_fd_sc_hd__mux2_1)
     1    0.00                           _154_ (net)
                  0.10    0.00    5.85 v hold36/A (sky130_fd_sc_hd__dlygate4sd3_1)
                  0.11    1.21    7.05 v hold36/X (sky130_fd_sc_hd__dlygate4sd3_1)
     1    0.00                           net61 (net)
                  0.11    0.00    7.05 v _292_/A (sky130_fd_sc_hd__clkbuf_1)
                  0.05    0.19    7.24 v _292_/X (sky130_fd_sc_hd__clkbuf_1)
     1    0.00                           _067_ (net)
                  0.05    0.00    7.24 v _427_/D (sky130_fd_sc_hd__dfrtp_1)
                                  7.24   data arrival time

                         10.00   10.00   clock clk (rise edge)
                          0.00   10.00   clock source latency
                  0.12    0.08   10.08 ^ clk (in)
     1    0.02                           clk (net)
                  0.12    0.00   10.08 ^ clkbuf_0_clk/A (sky130_fd_sc_hd__clkbuf_16)
                  0.10    0.26   10.34 ^ clkbuf_0_clk/X (sky130_fd_sc_hd__clkbuf_16)
     4    0.04                           clknet_0_clk (net)
                  0.10    0.00   10.34 ^ clkbuf_2_1__f_clk/A (sky130_fd_sc_hd__clkbuf_16)
                  0.09    0.24   10.59 ^ clkbuf_2_1__f_clk/X (sky130_fd_sc_hd__clkbuf_16)
    12    0.04                           clknet_2_1__leaf_clk (net)
                  0.09    0.00   10.59 ^ _427_/CLK (sky130_fd_sc_hd__dfrtp_1)
                         -0.25   10.34   clock uncertainty
                          0.04   10.37   clock reconvergence pessimism
                         -0.26   10.11   library setup time
                                 10.11   data required time
-----------------------------------------------------------------------------
                                 10.11   data required time
                                 -7.24   data arrival time
-----------------------------------------------------------------------------
                                  2.87   slack (MET)


Startpoint: _421_ (rising edge-triggered flip-flop clocked by clk)
Endpoint: _426_ (rising edge-triggered flip-flop clocked by clk)
Path Group: clk
Path Type: max
Corner: Slowest

Fanout     Cap    Slew   Delay    Time   Description
-----------------------------------------------------------------------------
                          0.00    0.00   clock clk (rise edge)
                          0.00    0.00   clock source latency
                  0.12    0.09    0.09 ^ clk (in)
     1    0.02                           clk (net)
                  0.12    0.00    0.09 ^ clkbuf_0_clk/A (sky130_fd_sc_hd__clkbuf_16)
                  0.10    0.29    0.38 ^ clkbuf_0_clk/X (sky130_fd_sc_hd__clkbuf_16)
     4    0.04                           clknet_0_clk (net)
                  0.10    0.00    0.38 ^ clkbuf_2_3__f_clk/A (sky130_fd_sc_hd__clkbuf_16)
                  0.09    0.27    0.65 ^ clkbuf_2_3__f_clk/X (sky130_fd_sc_hd__clkbuf_16)
    12    0.04                           clknet_2_3__leaf_clk (net)
                  0.09    0.00    0.65 ^ _421_/CLK (sky130_fd_sc_hd__dfrtp_1)
                  0.15    0.87    1.52 v _421_/Q (sky130_fd_sc_hd__dfrtp_1)
     3    0.01                           clk_count[13] (net)
                  0.15    0.00    1.52 v _205_/A (sky130_fd_sc_hd__or4_1)
                  0.20    1.34    2.86 v _205_/X (sky130_fd_sc_hd__or4_1)
     1    0.00                           _097_ (net)
                  0.20    0.00    2.86 v _209_/A (sky130_fd_sc_hd__nor4_1)
                  0.72    0.84    3.70 ^ _209_/Y (sky130_fd_sc_hd__nor4_1)
     2    0.01                           _101_ (net)
                  0.72    0.00    3.70 ^ max_cap25/A (sky130_fd_sc_hd__buf_1)
                  0.24    0.49    4.18 ^ max_cap25/X (sky130_fd_sc_hd__buf_1)
     3    0.01                           net25 (net)
                  0.24    0.00    4.18 ^ _217_/C (sky130_fd_sc_hd__nand4_1)
                  0.33    0.42    4.60 v _217_/Y (sky130_fd_sc_hd__nand4_1)
     3    0.01                           _109_ (net)
                  0.33    0.00    4.60 v _218_/A (sky130_fd_sc_hd__buf_4)
                  0.16    0.50    5.10 v _218_/X (sky130_fd_sc_hd__buf_4)
    10    0.06                           _110_ (net)
                  0.16    0.00    5.10 v _293_/S (sky130_fd_sc_hd__mux2_1)
                  0.10    0.75    5.84 v _293_/X (sky130_fd_sc_hd__mux2_1)
     1    0.00                           _155_ (net)
                  0.10    0.00    5.84 v hold34/A (sky130_fd_sc_hd__dlygate4sd3_1)
                  0.11    1.20    7.05 v hold34/X (sky130_fd_sc_hd__dlygate4sd3_1)
     1    0.00                           net59 (net)
                  0.11    0.00    7.05 v _294_/A (sky130_fd_sc_hd__clkbuf_1)
                  0.05    0.18    7.23 v _294_/X (sky130_fd_sc_hd__clkbuf_1)
     1    0.00                           _066_ (net)
                  0.05    0.00    7.23 v _426_/D (sky130_fd_sc_hd__dfrtp_1)
                                  7.23   data arrival time

                         10.00   10.00   clock clk (rise edge)
                          0.00   10.00   clock source latency
                  0.12    0.08   10.08 ^ clk (in)
     1    0.02                           clk (net)
                  0.12    0.00   10.08 ^ clkbuf_0_clk/A (sky130_fd_sc_hd__clkbuf_16)
                  0.10    0.26   10.34 ^ clkbuf_0_clk/X (sky130_fd_sc_hd__clkbuf_16)
     4    0.04                           clknet_0_clk (net)
                  0.10    0.00   10.34 ^ clkbuf_2_3__f_clk/A (sky130_fd_sc_hd__clkbuf_16)
                  0.09    0.25   10.59 ^ clkbuf_2_3__f_clk/X (sky130_fd_sc_hd__clkbuf_16)
    12    0.04                           clknet_2_3__leaf_clk (net)
                  0.09    0.00   10.59 ^ _426_/CLK (sky130_fd_sc_hd__dfrtp_1)
                         -0.25   10.34   clock uncertainty
                          0.06   10.40   clock reconvergence pessimism
                         -0.26   10.14   library setup time
                                 10.14   data required time
-----------------------------------------------------------------------------
                                 10.14   data required time
                                 -7.23   data arrival time
-----------------------------------------------------------------------------
                                  2.91   slack (MET)


Startpoint: _421_ (rising edge-triggered flip-flop clocked by clk)
Endpoint: _450_ (rising edge-triggered flip-flop clocked by clk)
Path Group: clk
Path Type: max
Corner: Slowest

Fanout     Cap    Slew   Delay    Time   Description
-----------------------------------------------------------------------------
                          0.00    0.00   clock clk (rise edge)
                          0.00    0.00   clock source latency
                  0.12    0.09    0.09 ^ clk (in)
     1    0.02                           clk (net)
                  0.12    0.00    0.09 ^ clkbuf_0_clk/A (sky130_fd_sc_hd__clkbuf_16)
                  0.10    0.29    0.38 ^ clkbuf_0_clk/X (sky130_fd_sc_hd__clkbuf_16)
     4    0.04                           clknet_0_clk (net)
                  0.10    0.00    0.38 ^ clkbuf_2_3__f_clk/A (sky130_fd_sc_hd__clkbuf_16)
                  0.09    0.27    0.65 ^ clkbuf_2_3__f_clk/X (sky130_fd_sc_hd__clkbuf_16)
    12    0.04                           clknet_2_3__leaf_clk (net)
                  0.09    0.00    0.65 ^ _421_/CLK (sky130_fd_sc_hd__dfrtp_1)
                  0.15    0.87    1.52 v _421_/Q (sky130_fd_sc_hd__dfrtp_1)
     3    0.01                           clk_count[13] (net)
                  0.15    0.00    1.52 v _205_/A (sky130_fd_sc_hd__or4_1)
                  0.20    1.34    2.86 v _205_/X (sky130_fd_sc_hd__or4_1)
     1    0.00                           _097_ (net)
                  0.20    0.00    2.86 v _209_/A (sky130_fd_sc_hd__nor4_1)
                  0.72    0.84    3.70 ^ _209_/Y (sky130_fd_sc_hd__nor4_1)
     2    0.01                           _101_ (net)
                  0.72    0.00    3.70 ^ max_cap25/A (sky130_fd_sc_hd__buf_1)
                  0.24    0.49    4.18 ^ max_cap25/X (sky130_fd_sc_hd__buf_1)
     3    0.01                           net25 (net)
                  0.24    0.00    4.18 ^ _236_/B (sky130_fd_sc_hd__nand2_1)
                  0.15    0.24    4.42 v _236_/Y (sky130_fd_sc_hd__nand2_1)
     2    0.01                           _124_ (net)
                  0.15    0.00    4.42 v _238_/A2 (sky130_fd_sc_hd__a21o_2)
                  0.19    0.58    5.00 v _238_/X (sky130_fd_sc_hd__a21o_2)
     8    0.04                           _126_ (net)
                  0.19    0.00    5.00 v _241_/A2 (sky130_fd_sc_hd__a22o_1)
                  0.07    0.48    5.48 v _241_/X (sky130_fd_sc_hd__a22o_1)
     1    0.00                           _090_ (net)
                  0.07    0.00    5.48 v hold10/A (sky130_fd_sc_hd__dlygate4sd3_1)
                  0.11    1.18    6.66 v hold10/X (sky130_fd_sc_hd__dlygate4sd3_1)
     1    0.00                           net35 (net)
                  0.11    0.00    6.66 v _450_/D (sky130_fd_sc_hd__dfrtp_1)
                                  6.66   data arrival time

                         10.00   10.00   clock clk (rise edge)
                          0.00   10.00   clock source latency
                  0.12    0.08   10.08 ^ clk (in)
     1    0.02                           clk (net)
                  0.12    0.00   10.08 ^ clkbuf_0_clk/A (sky130_fd_sc_hd__clkbuf_16)
                  0.10    0.26   10.34 ^ clkbuf_0_clk/X (sky130_fd_sc_hd__clkbuf_16)
     4    0.04                           clknet_0_clk (net)
                  0.10    0.00   10.34 ^ clkbuf_2_0__f_clk/A (sky130_fd_sc_hd__clkbuf_16)
                  0.10    0.25   10.59 ^ clkbuf_2_0__f_clk/X (sky130_fd_sc_hd__clkbuf_16)
    14    0.04                           clknet_2_0__leaf_clk (net)
                  0.10    0.00   10.59 ^ _450_/CLK (sky130_fd_sc_hd__dfrtp_1)
                         -0.25   10.34   clock uncertainty
                          0.04   10.38   clock reconvergence pessimism
                         -0.28   10.10   library setup time
                                 10.10   data required time
-----------------------------------------------------------------------------
                                 10.10   data required time
                                 -6.66   data arrival time
-----------------------------------------------------------------------------
                                  3.43   slack (MET)


Startpoint: _421_ (rising edge-triggered flip-flop clocked by clk)
Endpoint: _449_ (rising edge-triggered flip-flop clocked by clk)
Path Group: clk
Path Type: max
Corner: Slowest

Fanout     Cap    Slew   Delay    Time   Description
-----------------------------------------------------------------------------
                          0.00    0.00   clock clk (rise edge)
                          0.00    0.00   clock source latency
                  0.12    0.09    0.09 ^ clk (in)
     1    0.02                           clk (net)
                  0.12    0.00    0.09 ^ clkbuf_0_clk/A (sky130_fd_sc_hd__clkbuf_16)
                  0.10    0.29    0.38 ^ clkbuf_0_clk/X (sky130_fd_sc_hd__clkbuf_16)
     4    0.04                           clknet_0_clk (net)
                  0.10    0.00    0.38 ^ clkbuf_2_3__f_clk/A (sky130_fd_sc_hd__clkbuf_16)
                  0.09    0.27    0.65 ^ clkbuf_2_3__f_clk/X (sky130_fd_sc_hd__clkbuf_16)
    12    0.04                           clknet_2_3__leaf_clk (net)
                  0.09    0.00    0.65 ^ _421_/CLK (sky130_fd_sc_hd__dfrtp_1)
                  0.15    0.87    1.52 v _421_/Q (sky130_fd_sc_hd__dfrtp_1)
     3    0.01                           clk_count[13] (net)
                  0.15    0.00    1.52 v _205_/A (sky130_fd_sc_hd__or4_1)
                  0.20    1.34    2.86 v _205_/X (sky130_fd_sc_hd__or4_1)
     1    0.00                           _097_ (net)
                  0.20    0.00    2.86 v _209_/A (sky130_fd_sc_hd__nor4_1)
                  0.72    0.84    3.70 ^ _209_/Y (sky130_fd_sc_hd__nor4_1)
     2    0.01                           _101_ (net)
                  0.72    0.00    3.70 ^ max_cap25/A (sky130_fd_sc_hd__buf_1)
                  0.24    0.49    4.18 ^ max_cap25/X (sky130_fd_sc_hd__buf_1)
     3    0.01                           net25 (net)
                  0.24    0.00    4.18 ^ _236_/B (sky130_fd_sc_hd__nand2_1)
                  0.15    0.24    4.42 v _236_/Y (sky130_fd_sc_hd__nand2_1)
     2    0.01                           _124_ (net)
                  0.15    0.00    4.42 v _238_/A2 (sky130_fd_sc_hd__a21o_2)
                  0.19    0.58    5.00 v _238_/X (sky130_fd_sc_hd__a21o_2)
     8    0.04                           _126_ (net)
                  0.19    0.00    5.00 v _242_/A2 (sky130_fd_sc_hd__a22o_1)
                  0.07    0.48    5.48 v _242_/X (sky130_fd_sc_hd__a22o_1)
     1    0.00                           _089_ (net)
                  0.07    0.00    5.48 v hold8/A (sky130_fd_sc_hd__dlygate4sd3_1)
                  0.10    1.17    6.65 v hold8/X (sky130_fd_sc_hd__dlygate4sd3_1)
     1    0.00                           net33 (net)
                  0.10    0.00    6.65 v _449_/D (sky130_fd_sc_hd__dfrtp_1)
                                  6.65   data arrival time

                         10.00   10.00   clock clk (rise edge)
                          0.00   10.00   clock source latency
                  0.12    0.08   10.08 ^ clk (in)
     1    0.02                           clk (net)
                  0.12    0.00   10.08 ^ clkbuf_0_clk/A (sky130_fd_sc_hd__clkbuf_16)
                  0.10    0.26   10.34 ^ clkbuf_0_clk/X (sky130_fd_sc_hd__clkbuf_16)
     4    0.04                           clknet_0_clk (net)
                  0.10    0.00   10.34 ^ clkbuf_2_0__f_clk/A (sky130_fd_sc_hd__clkbuf_16)
                  0.10    0.25   10.59 ^ clkbuf_2_0__f_clk/X (sky130_fd_sc_hd__clkbuf_16)
    14    0.04                           clknet_2_0__leaf_clk (net)
                  0.10    0.00   10.59 ^ _449_/CLK (sky130_fd_sc_hd__dfrtp_1)
                         -0.25   10.34   clock uncertainty
                          0.04   10.38   clock reconvergence pessimism
                         -0.28   10.10   library setup time
                                 10.10   data required time
-----------------------------------------------------------------------------
                                 10.10   data required time
                                 -6.65   data arrival time
-----------------------------------------------------------------------------
                                  3.45   slack (MET)


Startpoint: _421_ (rising edge-triggered flip-flop clocked by clk)
Endpoint: _447_ (rising edge-triggered flip-flop clocked by clk)
Path Group: clk
Path Type: max
Corner: Slowest

Fanout     Cap    Slew   Delay    Time   Description
-----------------------------------------------------------------------------
                          0.00    0.00   clock clk (rise edge)
                          0.00    0.00   clock source latency
                  0.12    0.09    0.09 ^ clk (in)
     1    0.02                           clk (net)
                  0.12    0.00    0.09 ^ clkbuf_0_clk/A (sky130_fd_sc_hd__clkbuf_16)
                  0.10    0.29    0.38 ^ clkbuf_0_clk/X (sky130_fd_sc_hd__clkbuf_16)
     4    0.04                           clknet_0_clk (net)
                  0.10    0.00    0.38 ^ clkbuf_2_3__f_clk/A (sky130_fd_sc_hd__clkbuf_16)
                  0.09    0.27    0.65 ^ clkbuf_2_3__f_clk/X (sky130_fd_sc_hd__clkbuf_16)
    12    0.04                           clknet_2_3__leaf_clk (net)
                  0.09    0.00    0.65 ^ _421_/CLK (sky130_fd_sc_hd__dfrtp_1)
                  0.15    0.87    1.52 v _421_/Q (sky130_fd_sc_hd__dfrtp_1)
     3    0.01                           clk_count[13] (net)
                  0.15    0.00    1.52 v _205_/A (sky130_fd_sc_hd__or4_1)
                  0.20    1.34    2.86 v _205_/X (sky130_fd_sc_hd__or4_1)
     1    0.00                           _097_ (net)
                  0.20    0.00    2.86 v _209_/A (sky130_fd_sc_hd__nor4_1)
                  0.72    0.84    3.70 ^ _209_/Y (sky130_fd_sc_hd__nor4_1)
     2    0.01                           _101_ (net)
                  0.72    0.00    3.70 ^ max_cap25/A (sky130_fd_sc_hd__buf_1)
                  0.24    0.49    4.18 ^ max_cap25/X (sky130_fd_sc_hd__buf_1)
     3    0.01                           net25 (net)
                  0.24    0.00    4.18 ^ _236_/B (sky130_fd_sc_hd__nand2_1)
                  0.15    0.24    4.42 v _236_/Y (sky130_fd_sc_hd__nand2_1)
     2    0.01                           _124_ (net)
                  0.15    0.00    4.42 v _238_/A2 (sky130_fd_sc_hd__a21o_2)
                  0.19    0.58    5.00 v _238_/X (sky130_fd_sc_hd__a21o_2)
     8    0.04                           _126_ (net)
                  0.19    0.00    5.00 v _244_/A2 (sky130_fd_sc_hd__a22o_1)
                  0.06    0.47    5.46 v _244_/X (sky130_fd_sc_hd__a22o_1)
     1    0.00                           _087_ (net)
                  0.06    0.00    5.46 v hold3/A (sky130_fd_sc_hd__dlygate4sd3_1)
                  0.10    1.17    6.63 v hold3/X (sky130_fd_sc_hd__dlygate4sd3_1)
     1    0.00                           net28 (net)
                  0.10    0.00    6.63 v _447_/D (sky130_fd_sc_hd__dfrtp_1)
                                  6.63   data arrival time

                         10.00   10.00   clock clk (rise edge)
                          0.00   10.00   clock source latency
                  0.12    0.08   10.08 ^ clk (in)
     1    0.02                           clk (net)
                  0.12    0.00   10.08 ^ clkbuf_0_clk/A (sky130_fd_sc_hd__clkbuf_16)
                  0.10    0.26   10.34 ^ clkbuf_0_clk/X (sky130_fd_sc_hd__clkbuf_16)
     4    0.04                           clknet_0_clk (net)
                  0.10    0.00   10.34 ^ clkbuf_2_0__f_clk/A (sky130_fd_sc_hd__clkbuf_16)
                  0.10    0.25   10.59 ^ clkbuf_2_0__f_clk/X (sky130_fd_sc_hd__clkbuf_16)
    14    0.04                           clknet_2_0__leaf_clk (net)
                  0.10    0.00   10.59 ^ _447_/CLK (sky130_fd_sc_hd__dfrtp_1)
                         -0.25   10.34   clock uncertainty
                          0.04   10.38   clock reconvergence pessimism
                         -0.28   10.10   library setup time
                                 10.10   data required time
-----------------------------------------------------------------------------
                                 10.10   data required time
                                 -6.63   data arrival time
-----------------------------------------------------------------------------
                                  3.46   slack (MET)


Startpoint: _421_ (rising edge-triggered flip-flop clocked by clk)
Endpoint: _451_ (rising edge-triggered flip-flop clocked by clk)
Path Group: clk
Path Type: max
Corner: Slowest

Fanout     Cap    Slew   Delay    Time   Description
-----------------------------------------------------------------------------
                          0.00    0.00   clock clk (rise edge)
                          0.00    0.00   clock source latency
                  0.12    0.09    0.09 ^ clk (in)
     1    0.02                           clk (net)
                  0.12    0.00    0.09 ^ clkbuf_0_clk/A (sky130_fd_sc_hd__clkbuf_16)
                  0.10    0.29    0.38 ^ clkbuf_0_clk/X (sky130_fd_sc_hd__clkbuf_16)
     4    0.04                           clknet_0_clk (net)
                  0.10    0.00    0.38 ^ clkbuf_2_3__f_clk/A (sky130_fd_sc_hd__clkbuf_16)
                  0.09    0.27    0.65 ^ clkbuf_2_3__f_clk/X (sky130_fd_sc_hd__clkbuf_16)
    12    0.04                           clknet_2_3__leaf_clk (net)
                  0.09    0.00    0.65 ^ _421_/CLK (sky130_fd_sc_hd__dfrtp_1)
                  0.15    0.87    1.52 v _421_/Q (sky130_fd_sc_hd__dfrtp_1)
     3    0.01                           clk_count[13] (net)
                  0.15    0.00    1.52 v _205_/A (sky130_fd_sc_hd__or4_1)
                  0.20    1.34    2.86 v _205_/X (sky130_fd_sc_hd__or4_1)
     1    0.00                           _097_ (net)
                  0.20    0.00    2.86 v _209_/A (sky130_fd_sc_hd__nor4_1)
                  0.72    0.84    3.70 ^ _209_/Y (sky130_fd_sc_hd__nor4_1)
     2    0.01                           _101_ (net)
                  0.72    0.00    3.70 ^ max_cap25/A (sky130_fd_sc_hd__buf_1)
                  0.24    0.49    4.18 ^ max_cap25/X (sky130_fd_sc_hd__buf_1)
     3    0.01                           net25 (net)
                  0.24    0.00    4.18 ^ _236_/B (sky130_fd_sc_hd__nand2_1)
                  0.15    0.24    4.42 v _236_/Y (sky130_fd_sc_hd__nand2_1)
     2    0.01                           _124_ (net)
                  0.15    0.00    4.42 v _238_/A2 (sky130_fd_sc_hd__a21o_2)
                  0.19    0.58    5.00 v _238_/X (sky130_fd_sc_hd__a21o_2)
     8    0.04                           _126_ (net)
                  0.19    0.00    5.00 v _240_/A2 (sky130_fd_sc_hd__a22o_1)
                  0.06    0.47    5.46 v _240_/X (sky130_fd_sc_hd__a22o_1)
     1    0.00                           _091_ (net)
                  0.06    0.00    5.46 v hold5/A (sky130_fd_sc_hd__dlygate4sd3_1)
                  0.10    1.17    6.63 v hold5/X (sky130_fd_sc_hd__dlygate4sd3_1)
     1    0.00                           net30 (net)
                  0.10    0.00    6.63 v _451_/D (sky130_fd_sc_hd__dfrtp_1)
                                  6.63   data arrival time

                         10.00   10.00   clock clk (rise edge)
                          0.00   10.00   clock source latency
                  0.12    0.08   10.08 ^ clk (in)
     1    0.02                           clk (net)
                  0.12    0.00   10.08 ^ clkbuf_0_clk/A (sky130_fd_sc_hd__clkbuf_16)
                  0.10    0.26   10.34 ^ clkbuf_0_clk/X (sky130_fd_sc_hd__clkbuf_16)
     4    0.04                           clknet_0_clk (net)
                  0.10    0.00   10.34 ^ clkbuf_2_0__f_clk/A (sky130_fd_sc_hd__clkbuf_16)
                  0.10    0.25   10.59 ^ clkbuf_2_0__f_clk/X (sky130_fd_sc_hd__clkbuf_16)
    14    0.04                           clknet_2_0__leaf_clk (net)
                  0.10    0.00   10.59 ^ _451_/CLK (sky130_fd_sc_hd__dfrtp_1)
                         -0.25   10.34   clock uncertainty
                          0.04   10.38   clock reconvergence pessimism
                         -0.28   10.10   library setup time
                                 10.10   data required time
-----------------------------------------------------------------------------
                                 10.10   data required time
                                 -6.63   data arrival time
-----------------------------------------------------------------------------
                                  3.47   slack (MET)


Startpoint: _421_ (rising edge-triggered flip-flop clocked by clk)
Endpoint: _453_ (rising edge-triggered flip-flop clocked by clk)
Path Group: clk
Path Type: max
Corner: Slowest

Fanout     Cap    Slew   Delay    Time   Description
-----------------------------------------------------------------------------
                          0.00    0.00   clock clk (rise edge)
                          0.00    0.00   clock source latency
                  0.12    0.09    0.09 ^ clk (in)
     1    0.02                           clk (net)
                  0.12    0.00    0.09 ^ clkbuf_0_clk/A (sky130_fd_sc_hd__clkbuf_16)
                  0.10    0.29    0.38 ^ clkbuf_0_clk/X (sky130_fd_sc_hd__clkbuf_16)
     4    0.04                           clknet_0_clk (net)
                  0.10    0.00    0.38 ^ clkbuf_2_3__f_clk/A (sky130_fd_sc_hd__clkbuf_16)
                  0.09    0.27    0.65 ^ clkbuf_2_3__f_clk/X (sky130_fd_sc_hd__clkbuf_16)
    12    0.04                           clknet_2_3__leaf_clk (net)
                  0.09    0.00    0.65 ^ _421_/CLK (sky130_fd_sc_hd__dfrtp_1)
                  0.15    0.87    1.52 v _421_/Q (sky130_fd_sc_hd__dfrtp_1)
     3    0.01                           clk_count[13] (net)
                  0.15    0.00    1.52 v _205_/A (sky130_fd_sc_hd__or4_1)
                  0.20    1.34    2.86 v _205_/X (sky130_fd_sc_hd__or4_1)
     1    0.00                           _097_ (net)
                  0.20    0.00    2.86 v _209_/A (sky130_fd_sc_hd__nor4_1)
                  0.72    0.84    3.70 ^ _209_/Y (sky130_fd_sc_hd__nor4_1)
     2    0.01                           _101_ (net)
                  0.72    0.00    3.70 ^ max_cap25/A (sky130_fd_sc_hd__buf_1)
                  0.24    0.49    4.18 ^ max_cap25/X (sky130_fd_sc_hd__buf_1)
     3    0.01                           net25 (net)
                  0.24    0.00    4.18 ^ _217_/C (sky130_fd_sc_hd__nand4_1)
                  0.33    0.42    4.60 v _217_/Y (sky130_fd_sc_hd__nand4_1)
     3    0.01                           _109_ (net)
                  0.33    0.00    4.60 v _222_/C (sky130_fd_sc_hd__and3_1)
                  0.07    0.51    5.11 v _222_/X (sky130_fd_sc_hd__and3_1)
     1    0.00                           _113_ (net)
                  0.07    0.00    5.11 v _223_/A (sky130_fd_sc_hd__clkbuf_4)
                  0.17    0.37    5.48 v _223_/X (sky130_fd_sc_hd__clkbuf_4)
    10    0.04                           _114_ (net)
                  0.17    0.00    5.48 v _229_/S (sky130_fd_sc_hd__mux2_1)
                  0.11    0.77    6.25 v _229_/X (sky130_fd_sc_hd__mux2_1)
     1    0.00                           _119_ (net)
                  0.11    0.00    6.25 v _230_/A (sky130_fd_sc_hd__clkbuf_1)
                  0.05    0.19    6.43 v _230_/X (sky130_fd_sc_hd__clkbuf_1)
     1    0.00                           _093_ (net)
                  0.05    0.00    6.43 v _453_/D (sky130_fd_sc_hd__dfrtp_1)
                                  6.43   data arrival time

                         10.00   10.00   clock clk (rise edge)
                          0.00   10.00   clock source latency
                  0.12    0.08   10.08 ^ clk (in)
     1    0.02                           clk (net)
                  0.12    0.00   10.08 ^ clkbuf_0_clk/A (sky130_fd_sc_hd__clkbuf_16)
                  0.10    0.26   10.34 ^ clkbuf_0_clk/X (sky130_fd_sc_hd__clkbuf_16)
     4    0.04                           clknet_0_clk (net)
                  0.10    0.00   10.34 ^ clkbuf_2_1__f_clk/A (sky130_fd_sc_hd__clkbuf_16)
                  0.09    0.24   10.59 ^ clkbuf_2_1__f_clk/X (sky130_fd_sc_hd__clkbuf_16)
    12    0.04                           clknet_2_1__leaf_clk (net)
                  0.09    0.00   10.59 ^ _453_/CLK (sky130_fd_sc_hd__dfrtp_1)
                         -0.25   10.34   clock uncertainty
                          0.04   10.37   clock reconvergence pessimism
                         -0.26   10.11   library setup time
                                 10.11   data required time
-----------------------------------------------------------------------------
                                 10.11   data required time
                                 -6.43   data arrival time
-----------------------------------------------------------------------------
                                  3.68   slack (MET)


Startpoint: _421_ (rising edge-triggered flip-flop clocked by clk)
Endpoint: _442_ (rising edge-triggered flip-flop clocked by clk)
Path Group: clk
Path Type: max
Corner: Slowest

Fanout     Cap    Slew   Delay    Time   Description
-----------------------------------------------------------------------------
                          0.00    0.00   clock clk (rise edge)
                          0.00    0.00   clock source latency
                  0.12    0.09    0.09 ^ clk (in)
     1    0.02                           clk (net)
                  0.12    0.00    0.09 ^ clkbuf_0_clk/A (sky130_fd_sc_hd__clkbuf_16)
                  0.10    0.29    0.38 ^ clkbuf_0_clk/X (sky130_fd_sc_hd__clkbuf_16)
     4    0.04                           clknet_0_clk (net)
                  0.10    0.00    0.38 ^ clkbuf_2_3__f_clk/A (sky130_fd_sc_hd__clkbuf_16)
                  0.09    0.27    0.65 ^ clkbuf_2_3__f_clk/X (sky130_fd_sc_hd__clkbuf_16)
    12    0.04                           clknet_2_3__leaf_clk (net)
                  0.09    0.00    0.65 ^ _421_/CLK (sky130_fd_sc_hd__dfrtp_1)
                  0.15    0.87    1.52 v _421_/Q (sky130_fd_sc_hd__dfrtp_1)
     3    0.01                           clk_count[13] (net)
                  0.15    0.00    1.52 v _205_/A (sky130_fd_sc_hd__or4_1)
                  0.20    1.34    2.86 v _205_/X (sky130_fd_sc_hd__or4_1)
     1    0.00                           _097_ (net)
                  0.20    0.00    2.86 v _209_/A (sky130_fd_sc_hd__nor4_1)
                  0.72    0.84    3.70 ^ _209_/Y (sky130_fd_sc_hd__nor4_1)
     2    0.01                           _101_ (net)
                  0.72    0.00    3.70 ^ max_cap25/A (sky130_fd_sc_hd__buf_1)
                  0.24    0.49    4.18 ^ max_cap25/X (sky130_fd_sc_hd__buf_1)
     3    0.01                           net25 (net)
                  0.24    0.00    4.18 ^ _217_/C (sky130_fd_sc_hd__nand4_1)
                  0.33    0.42    4.60 v _217_/Y (sky130_fd_sc_hd__nand4_1)
     3    0.01                           _109_ (net)
                  0.33    0.00    4.60 v _222_/C (sky130_fd_sc_hd__and3_1)
                  0.07    0.51    5.11 v _222_/X (sky130_fd_sc_hd__and3_1)
     1    0.00                           _113_ (net)
                  0.07    0.00    5.11 v _223_/A (sky130_fd_sc_hd__clkbuf_4)
                  0.17    0.37    5.48 v _223_/X (sky130_fd_sc_hd__clkbuf_4)
    10    0.04                           _114_ (net)
                  0.17    0.00    5.48 v _252_/S (sky130_fd_sc_hd__mux2_1)
                  0.11    0.77    6.25 v _252_/X (sky130_fd_sc_hd__mux2_1)
     1    0.00                           _131_ (net)
                  0.11    0.00    6.25 v _253_/A (sky130_fd_sc_hd__clkbuf_1)
                  0.05    0.18    6.43 v _253_/X (sky130_fd_sc_hd__clkbuf_1)
     1    0.00                           _082_ (net)
                  0.05    0.00    6.43 v _442_/D (sky130_fd_sc_hd__dfrtp_1)
                                  6.43   data arrival time

                         10.00   10.00   clock clk (rise edge)
                          0.00   10.00   clock source latency
                  0.12    0.08   10.08 ^ clk (in)
     1    0.02                           clk (net)
                  0.12    0.00   10.08 ^ clkbuf_0_clk/A (sky130_fd_sc_hd__clkbuf_16)
                  0.10    0.26   10.34 ^ clkbuf_0_clk/X (sky130_fd_sc_hd__clkbuf_16)
     4    0.04                           clknet_0_clk (net)
                  0.10    0.00   10.34 ^ clkbuf_2_1__f_clk/A (sky130_fd_sc_hd__clkbuf_16)
                  0.09    0.24   10.59 ^ clkbuf_2_1__f_clk/X (sky130_fd_sc_hd__clkbuf_16)
    12    0.04                           clknet_2_1__leaf_clk (net)
                  0.09    0.00   10.59 ^ _442_/CLK (sky130_fd_sc_hd__dfrtp_1)
                         -0.25   10.34   clock uncertainty
                          0.04   10.37   clock reconvergence pessimism
                         -0.26   10.11   library setup time
                                 10.11   data required time
-----------------------------------------------------------------------------
                                 10.11   data required time
                                 -6.43   data arrival time
-----------------------------------------------------------------------------
                                  3.68   slack (MET)


Startpoint: _421_ (rising edge-triggered flip-flop clocked by clk)
Endpoint: _452_ (rising edge-triggered flip-flop clocked by clk)
Path Group: clk
Path Type: max
Corner: Slowest

Fanout     Cap    Slew   Delay    Time   Description
-----------------------------------------------------------------------------
                          0.00    0.00   clock clk (rise edge)
                          0.00    0.00   clock source latency
                  0.12    0.09    0.09 ^ clk (in)
     1    0.02                           clk (net)
                  0.12    0.00    0.09 ^ clkbuf_0_clk/A (sky130_fd_sc_hd__clkbuf_16)
                  0.10    0.29    0.38 ^ clkbuf_0_clk/X (sky130_fd_sc_hd__clkbuf_16)
     4    0.04                           clknet_0_clk (net)
                  0.10    0.00    0.38 ^ clkbuf_2_3__f_clk/A (sky130_fd_sc_hd__clkbuf_16)
                  0.09    0.27    0.65 ^ clkbuf_2_3__f_clk/X (sky130_fd_sc_hd__clkbuf_16)
    12    0.04                           clknet_2_3__leaf_clk (net)
                  0.09    0.00    0.65 ^ _421_/CLK (sky130_fd_sc_hd__dfrtp_1)
                  0.15    0.87    1.52 v _421_/Q (sky130_fd_sc_hd__dfrtp_1)
     3    0.01                           clk_count[13] (net)
                  0.15    0.00    1.52 v _205_/A (sky130_fd_sc_hd__or4_1)
                  0.20    1.34    2.86 v _205_/X (sky130_fd_sc_hd__or4_1)
     1    0.00                           _097_ (net)
                  0.20    0.00    2.86 v _209_/A (sky130_fd_sc_hd__nor4_1)
                  0.72    0.84    3.70 ^ _209_/Y (sky130_fd_sc_hd__nor4_1)
     2    0.01                           _101_ (net)
                  0.72    0.00    3.70 ^ max_cap25/A (sky130_fd_sc_hd__buf_1)
                  0.24    0.49    4.18 ^ max_cap25/X (sky130_fd_sc_hd__buf_1)
     3    0.01                           net25 (net)
                  0.24    0.00    4.18 ^ _217_/C (sky130_fd_sc_hd__nand4_1)
                  0.33    0.42    4.60 v _217_/Y (sky130_fd_sc_hd__nand4_1)
     3    0.01                           _109_ (net)
                  0.33    0.00    4.60 v _222_/C (sky130_fd_sc_hd__and3_1)
                  0.07    0.51    5.11 v _222_/X (sky130_fd_sc_hd__and3_1)
     1    0.00                           _113_ (net)
                  0.07    0.00    5.11 v _223_/A (sky130_fd_sc_hd__clkbuf_4)
                  0.17    0.37    5.48 v _223_/X (sky130_fd_sc_hd__clkbuf_4)
    10    0.04                           _114_ (net)
                  0.17    0.00    5.48 v _233_/S (sky130_fd_sc_hd__mux2_1)
                  0.11    0.77    6.24 v _233_/X (sky130_fd_sc_hd__mux2_1)
     1    0.00                           _122_ (net)
                  0.11    0.00    6.24 v _234_/A (sky130_fd_sc_hd__clkbuf_1)
                  0.05    0.18    6.42 v _234_/X (sky130_fd_sc_hd__clkbuf_1)
     1    0.00                           _092_ (net)
                  0.05    0.00    6.42 v _452_/D (sky130_fd_sc_hd__dfrtp_1)
                                  6.42   data arrival time

                         10.00   10.00   clock clk (rise edge)
                          0.00   10.00   clock source latency
                  0.12    0.08   10.08 ^ clk (in)
     1    0.02                           clk (net)
                  0.12    0.00   10.08 ^ clkbuf_0_clk/A (sky130_fd_sc_hd__clkbuf_16)
                  0.10    0.26   10.34 ^ clkbuf_0_clk/X (sky130_fd_sc_hd__clkbuf_16)
     4    0.04                           clknet_0_clk (net)
                  0.10    0.00   10.34 ^ clkbuf_2_1__f_clk/A (sky130_fd_sc_hd__clkbuf_16)
                  0.09    0.24   10.59 ^ clkbuf_2_1__f_clk/X (sky130_fd_sc_hd__clkbuf_16)
    12    0.04                           clknet_2_1__leaf_clk (net)
                  0.09    0.00   10.59 ^ _452_/CLK (sky130_fd_sc_hd__dfrtp_1)
                         -0.25   10.34   clock uncertainty
                          0.04   10.37   clock reconvergence pessimism
                         -0.26   10.11   library setup time
                                 10.11   data required time
-----------------------------------------------------------------------------
                                 10.11   data required time
                                 -6.42   data arrival time
-----------------------------------------------------------------------------
                                  3.69   slack (MET)


Startpoint: _421_ (rising edge-triggered flip-flop clocked by clk)
Endpoint: _443_ (rising edge-triggered flip-flop clocked by clk)
Path Group: clk
Path Type: max
Corner: Slowest

Fanout     Cap    Slew   Delay    Time   Description
-----------------------------------------------------------------------------
                          0.00    0.00   clock clk (rise edge)
                          0.00    0.00   clock source latency
                  0.12    0.09    0.09 ^ clk (in)
     1    0.02                           clk (net)
                  0.12    0.00    0.09 ^ clkbuf_0_clk/A (sky130_fd_sc_hd__clkbuf_16)
                  0.10    0.29    0.38 ^ clkbuf_0_clk/X (sky130_fd_sc_hd__clkbuf_16)
     4    0.04                           clknet_0_clk (net)
                  0.10    0.00    0.38 ^ clkbuf_2_3__f_clk/A (sky130_fd_sc_hd__clkbuf_16)
                  0.09    0.27    0.65 ^ clkbuf_2_3__f_clk/X (sky130_fd_sc_hd__clkbuf_16)
    12    0.04                           clknet_2_3__leaf_clk (net)
                  0.09    0.00    0.65 ^ _421_/CLK (sky130_fd_sc_hd__dfrtp_1)
                  0.15    0.87    1.52 v _421_/Q (sky130_fd_sc_hd__dfrtp_1)
     3    0.01                           clk_count[13] (net)
                  0.15    0.00    1.52 v _205_/A (sky130_fd_sc_hd__or4_1)
                  0.20    1.34    2.86 v _205_/X (sky130_fd_sc_hd__or4_1)
     1    0.00                           _097_ (net)
                  0.20    0.00    2.86 v _209_/A (sky130_fd_sc_hd__nor4_1)
                  0.72    0.84    3.70 ^ _209_/Y (sky130_fd_sc_hd__nor4_1)
     2    0.01                           _101_ (net)
                  0.72    0.00    3.70 ^ max_cap25/A (sky130_fd_sc_hd__buf_1)
                  0.24    0.49    4.18 ^ max_cap25/X (sky130_fd_sc_hd__buf_1)
     3    0.01                           net25 (net)
                  0.24    0.00    4.18 ^ _217_/C (sky130_fd_sc_hd__nand4_1)
                  0.33    0.42    4.60 v _217_/Y (sky130_fd_sc_hd__nand4_1)
     3    0.01                           _109_ (net)
                  0.33    0.00    4.60 v _222_/C (sky130_fd_sc_hd__and3_1)
                  0.07    0.51    5.11 v _222_/X (sky130_fd_sc_hd__and3_1)
     1    0.00                           _113_ (net)
                  0.07    0.00    5.11 v _223_/A (sky130_fd_sc_hd__clkbuf_4)
                  0.17    0.37    5.48 v _223_/X (sky130_fd_sc_hd__clkbuf_4)
    10    0.04                           _114_ (net)
                  0.17    0.00    5.48 v _249_/S (sky130_fd_sc_hd__mux2_1)
                  0.11    0.76    6.24 v _249_/X (sky130_fd_sc_hd__mux2_1)
     1    0.00                           _129_ (net)
                  0.11    0.00    6.24 v _250_/A (sky130_fd_sc_hd__clkbuf_1)
                  0.05    0.19    6.42 v _250_/X (sky130_fd_sc_hd__clkbuf_1)
     1    0.00                           _083_ (net)
                  0.05    0.00    6.42 v _443_/D (sky130_fd_sc_hd__dfrtp_1)
                                  6.42   data arrival time

                         10.00   10.00   clock clk (rise edge)
                          0.00   10.00   clock source latency
                  0.12    0.08   10.08 ^ clk (in)
     1    0.02                           clk (net)
                  0.12    0.00   10.08 ^ clkbuf_0_clk/A (sky130_fd_sc_hd__clkbuf_16)
                  0.10    0.26   10.34 ^ clkbuf_0_clk/X (sky130_fd_sc_hd__clkbuf_16)
     4    0.04                           clknet_0_clk (net)
                  0.10    0.00   10.34 ^ clkbuf_2_1__f_clk/A (sky130_fd_sc_hd__clkbuf_16)
                  0.09    0.24   10.59 ^ clkbuf_2_1__f_clk/X (sky130_fd_sc_hd__clkbuf_16)
    12    0.04                           clknet_2_1__leaf_clk (net)
                  0.09    0.00   10.59 ^ _443_/CLK (sky130_fd_sc_hd__dfrtp_1)
                         -0.25   10.34   clock uncertainty
                          0.04   10.37   clock reconvergence pessimism
                         -0.26   10.11   library setup time
                                 10.11   data required time
-----------------------------------------------------------------------------
                                 10.11   data required time
                                 -6.42   data arrival time
-----------------------------------------------------------------------------
                                  3.69   slack (MET)


Startpoint: _421_ (rising edge-triggered flip-flop clocked by clk)
Endpoint: _441_ (rising edge-triggered flip-flop clocked by clk)
Path Group: clk
Path Type: max
Corner: Slowest

Fanout     Cap    Slew   Delay    Time   Description
-----------------------------------------------------------------------------
                          0.00    0.00   clock clk (rise edge)
                          0.00    0.00   clock source latency
                  0.12    0.09    0.09 ^ clk (in)
     1    0.02                           clk (net)
                  0.12    0.00    0.09 ^ clkbuf_0_clk/A (sky130_fd_sc_hd__clkbuf_16)
                  0.10    0.29    0.38 ^ clkbuf_0_clk/X (sky130_fd_sc_hd__clkbuf_16)
     4    0.04                           clknet_0_clk (net)
                  0.10    0.00    0.38 ^ clkbuf_2_3__f_clk/A (sky130_fd_sc_hd__clkbuf_16)
                  0.09    0.27    0.65 ^ clkbuf_2_3__f_clk/X (sky130_fd_sc_hd__clkbuf_16)
    12    0.04                           clknet_2_3__leaf_clk (net)
                  0.09    0.00    0.65 ^ _421_/CLK (sky130_fd_sc_hd__dfrtp_1)
                  0.15    0.87    1.52 v _421_/Q (sky130_fd_sc_hd__dfrtp_1)
     3    0.01                           clk_count[13] (net)
                  0.15    0.00    1.52 v _205_/A (sky130_fd_sc_hd__or4_1)
                  0.20    1.34    2.86 v _205_/X (sky130_fd_sc_hd__or4_1)
     1    0.00                           _097_ (net)
                  0.20    0.00    2.86 v _209_/A (sky130_fd_sc_hd__nor4_1)
                  0.72    0.84    3.70 ^ _209_/Y (sky130_fd_sc_hd__nor4_1)
     2    0.01                           _101_ (net)
                  0.72    0.00    3.70 ^ max_cap25/A (sky130_fd_sc_hd__buf_1)
                  0.24    0.49    4.18 ^ max_cap25/X (sky130_fd_sc_hd__buf_1)
     3    0.01                           net25 (net)
                  0.24    0.00    4.18 ^ _217_/C (sky130_fd_sc_hd__nand4_1)
                  0.33    0.42    4.60 v _217_/Y (sky130_fd_sc_hd__nand4_1)
     3    0.01                           _109_ (net)
                  0.33    0.00    4.60 v _222_/C (sky130_fd_sc_hd__and3_1)
                  0.07    0.51    5.11 v _222_/X (sky130_fd_sc_hd__and3_1)
     1    0.00                           _113_ (net)
                  0.07    0.00    5.11 v _223_/A (sky130_fd_sc_hd__clkbuf_4)
                  0.17    0.37    5.48 v _223_/X (sky130_fd_sc_hd__clkbuf_4)
    10    0.04                           _114_ (net)
                  0.17    0.00    5.48 v _255_/S (sky130_fd_sc_hd__mux2_1)
                  0.11    0.76    6.23 v _255_/X (sky130_fd_sc_hd__mux2_1)
     1    0.00                           _133_ (net)
                  0.11    0.00    6.23 v _256_/A (sky130_fd_sc_hd__clkbuf_1)
                  0.04    0.18    6.41 v _256_/X (sky130_fd_sc_hd__clkbuf_1)
     1    0.00                           _081_ (net)
                  0.04    0.00    6.41 v _441_/D (sky130_fd_sc_hd__dfrtp_1)
                                  6.41   data arrival time

                         10.00   10.00   clock clk (rise edge)
                          0.00   10.00   clock source latency
                  0.12    0.08   10.08 ^ clk (in)
     1    0.02                           clk (net)
                  0.12    0.00   10.08 ^ clkbuf_0_clk/A (sky130_fd_sc_hd__clkbuf_16)
                  0.10    0.26   10.34 ^ clkbuf_0_clk/X (sky130_fd_sc_hd__clkbuf_16)
     4    0.04                           clknet_0_clk (net)
                  0.10    0.00   10.34 ^ clkbuf_2_1__f_clk/A (sky130_fd_sc_hd__clkbuf_16)
                  0.09    0.24   10.59 ^ clkbuf_2_1__f_clk/X (sky130_fd_sc_hd__clkbuf_16)
    12    0.04                           clknet_2_1__leaf_clk (net)
                  0.09    0.00   10.59 ^ _441_/CLK (sky130_fd_sc_hd__dfrtp_1)
                         -0.25   10.34   clock uncertainty
                          0.04   10.37   clock reconvergence pessimism
                         -0.26   10.11   library setup time
                                 10.11   data required time
-----------------------------------------------------------------------------
                                 10.11   data required time
                                 -6.41   data arrival time
-----------------------------------------------------------------------------
                                  3.70   slack (MET)


Startpoint: _421_ (rising edge-triggered flip-flop clocked by clk)
Endpoint: _440_ (rising edge-triggered flip-flop clocked by clk)
Path Group: clk
Path Type: max
Corner: Slowest

Fanout     Cap    Slew   Delay    Time   Description
-----------------------------------------------------------------------------
                          0.00    0.00   clock clk (rise edge)
                          0.00    0.00   clock source latency
                  0.12    0.09    0.09 ^ clk (in)
     1    0.02                           clk (net)
                  0.12    0.00    0.09 ^ clkbuf_0_clk/A (sky130_fd_sc_hd__clkbuf_16)
                  0.10    0.29    0.38 ^ clkbuf_0_clk/X (sky130_fd_sc_hd__clkbuf_16)
     4    0.04                           clknet_0_clk (net)
                  0.10    0.00    0.38 ^ clkbuf_2_3__f_clk/A (sky130_fd_sc_hd__clkbuf_16)
                  0.09    0.27    0.65 ^ clkbuf_2_3__f_clk/X (sky130_fd_sc_hd__clkbuf_16)
    12    0.04                           clknet_2_3__leaf_clk (net)
                  0.09    0.00    0.65 ^ _421_/CLK (sky130_fd_sc_hd__dfrtp_1)
                  0.15    0.87    1.52 v _421_/Q (sky130_fd_sc_hd__dfrtp_1)
     3    0.01                           clk_count[13] (net)
                  0.15    0.00    1.52 v _205_/A (sky130_fd_sc_hd__or4_1)
                  0.20    1.34    2.86 v _205_/X (sky130_fd_sc_hd__or4_1)
     1    0.00                           _097_ (net)
                  0.20    0.00    2.86 v _209_/A (sky130_fd_sc_hd__nor4_1)
                  0.72    0.84    3.70 ^ _209_/Y (sky130_fd_sc_hd__nor4_1)
     2    0.01                           _101_ (net)
                  0.72    0.00    3.70 ^ max_cap25/A (sky130_fd_sc_hd__buf_1)
                  0.24    0.49    4.18 ^ max_cap25/X (sky130_fd_sc_hd__buf_1)
     3    0.01                           net25 (net)
                  0.24    0.00    4.18 ^ _217_/C (sky130_fd_sc_hd__nand4_1)
                  0.33    0.42    4.60 v _217_/Y (sky130_fd_sc_hd__nand4_1)
     3    0.01                           _109_ (net)
                  0.33    0.00    4.60 v _222_/C (sky130_fd_sc_hd__and3_1)
                  0.07    0.51    5.11 v _222_/X (sky130_fd_sc_hd__and3_1)
     1    0.00                           _113_ (net)
                  0.07    0.00    5.11 v _223_/A (sky130_fd_sc_hd__clkbuf_4)
                  0.17    0.37    5.48 v _223_/X (sky130_fd_sc_hd__clkbuf_4)
    10    0.04                           _114_ (net)
                  0.17    0.00    5.48 v _258_/S (sky130_fd_sc_hd__mux2_1)
                  0.11    0.76    6.24 v _258_/X (sky130_fd_sc_hd__mux2_1)
     1    0.00                           _135_ (net)
                  0.11    0.00    6.24 v _259_/A (sky130_fd_sc_hd__clkbuf_1)
                  0.05    0.19    6.42 v _259_/X (sky130_fd_sc_hd__clkbuf_1)
     1    0.00                           _080_ (net)
                  0.05    0.00    6.42 v _440_/D (sky130_fd_sc_hd__dfrtp_1)
                                  6.42   data arrival time

                         10.00   10.00   clock clk (rise edge)
                          0.00   10.00   clock source latency
                  0.12    0.08   10.08 ^ clk (in)
     1    0.02                           clk (net)
                  0.12    0.00   10.08 ^ clkbuf_0_clk/A (sky130_fd_sc_hd__clkbuf_16)
                  0.10    0.26   10.34 ^ clkbuf_0_clk/X (sky130_fd_sc_hd__clkbuf_16)
     4    0.04                           clknet_0_clk (net)
                  0.10    0.00   10.34 ^ clkbuf_2_3__f_clk/A (sky130_fd_sc_hd__clkbuf_16)
                  0.09    0.25   10.59 ^ clkbuf_2_3__f_clk/X (sky130_fd_sc_hd__clkbuf_16)
    12    0.04                           clknet_2_3__leaf_clk (net)
                  0.09    0.00   10.59 ^ _440_/CLK (sky130_fd_sc_hd__dfrtp_1)
                         -0.25   10.34   clock uncertainty
                          0.06   10.40   clock reconvergence pessimism
                         -0.26   10.14   library setup time
                                 10.14   data required time
-----------------------------------------------------------------------------
                                 10.14   data required time
                                 -6.42   data arrival time
-----------------------------------------------------------------------------
                                  3.72   slack (MET)


Startpoint: _421_ (rising edge-triggered flip-flop clocked by clk)
Endpoint: _438_ (rising edge-triggered flip-flop clocked by clk)
Path Group: clk
Path Type: max
Corner: Slowest

Fanout     Cap    Slew   Delay    Time   Description
-----------------------------------------------------------------------------
                          0.00    0.00   clock clk (rise edge)
                          0.00    0.00   clock source latency
                  0.12    0.09    0.09 ^ clk (in)
     1    0.02                           clk (net)
                  0.12    0.00    0.09 ^ clkbuf_0_clk/A (sky130_fd_sc_hd__clkbuf_16)
                  0.10    0.29    0.38 ^ clkbuf_0_clk/X (sky130_fd_sc_hd__clkbuf_16)
     4    0.04                           clknet_0_clk (net)
                  0.10    0.00    0.38 ^ clkbuf_2_3__f_clk/A (sky130_fd_sc_hd__clkbuf_16)
                  0.09    0.27    0.65 ^ clkbuf_2_3__f_clk/X (sky130_fd_sc_hd__clkbuf_16)
    12    0.04                           clknet_2_3__leaf_clk (net)
                  0.09    0.00    0.65 ^ _421_/CLK (sky130_fd_sc_hd__dfrtp_1)
                  0.15    0.87    1.52 v _421_/Q (sky130_fd_sc_hd__dfrtp_1)
     3    0.01                           clk_count[13] (net)
                  0.15    0.00    1.52 v _205_/A (sky130_fd_sc_hd__or4_1)
                  0.20    1.34    2.86 v _205_/X (sky130_fd_sc_hd__or4_1)
     1    0.00                           _097_ (net)
                  0.20    0.00    2.86 v _209_/A (sky130_fd_sc_hd__nor4_1)
                  0.72    0.84    3.70 ^ _209_/Y (sky130_fd_sc_hd__nor4_1)
     2    0.01                           _101_ (net)
                  0.72    0.00    3.70 ^ max_cap25/A (sky130_fd_sc_hd__buf_1)
                  0.24    0.49    4.18 ^ max_cap25/X (sky130_fd_sc_hd__buf_1)
     3    0.01                           net25 (net)
                  0.24    0.00    4.18 ^ _217_/C (sky130_fd_sc_hd__nand4_1)
                  0.33    0.42    4.60 v _217_/Y (sky130_fd_sc_hd__nand4_1)
     3    0.01                           _109_ (net)
                  0.33    0.00    4.60 v _222_/C (sky130_fd_sc_hd__and3_1)
                  0.07    0.51    5.11 v _222_/X (sky130_fd_sc_hd__and3_1)
     1    0.00                           _113_ (net)
                  0.07    0.00    5.11 v _223_/A (sky130_fd_sc_hd__clkbuf_4)
                  0.17    0.37    5.48 v _223_/X (sky130_fd_sc_hd__clkbuf_4)
    10    0.04                           _114_ (net)
                  0.17    0.00    5.48 v _264_/S (sky130_fd_sc_hd__mux2_1)
                  0.11    0.77    6.24 v _264_/X (sky130_fd_sc_hd__mux2_1)
     1    0.00                           _139_ (net)
                  0.11    0.00    6.24 v _265_/A (sky130_fd_sc_hd__clkbuf_1)
                  0.04    0.18    6.42 v _265_/X (sky130_fd_sc_hd__clkbuf_1)
     1    0.00                           _078_ (net)
                  0.04    0.00    6.42 v _438_/D (sky130_fd_sc_hd__dfrtp_1)
                                  6.42   data arrival time

                         10.00   10.00   clock clk (rise edge)
                          0.00   10.00   clock source latency
                  0.12    0.08   10.08 ^ clk (in)
     1    0.02                           clk (net)
                  0.12    0.00   10.08 ^ clkbuf_0_clk/A (sky130_fd_sc_hd__clkbuf_16)
                  0.10    0.26   10.34 ^ clkbuf_0_clk/X (sky130_fd_sc_hd__clkbuf_16)
     4    0.04                           clknet_0_clk (net)
                  0.10    0.00   10.34 ^ clkbuf_2_3__f_clk/A (sky130_fd_sc_hd__clkbuf_16)
                  0.09    0.25   10.59 ^ clkbuf_2_3__f_clk/X (sky130_fd_sc_hd__clkbuf_16)
    12    0.04                           clknet_2_3__leaf_clk (net)
                  0.09    0.00   10.59 ^ _438_/CLK (sky130_fd_sc_hd__dfrtp_1)
                         -0.25   10.34   clock uncertainty
                          0.06   10.40   clock reconvergence pessimism
                         -0.26   10.14   library setup time
                                 10.14   data required time
-----------------------------------------------------------------------------
                                 10.14   data required time
                                 -6.42   data arrival time
-----------------------------------------------------------------------------
                                  3.72   slack (MET)


Startpoint: _421_ (rising edge-triggered flip-flop clocked by clk)
Endpoint: _439_ (rising edge-triggered flip-flop clocked by clk)
Path Group: clk
Path Type: max
Corner: Slowest

Fanout     Cap    Slew   Delay    Time   Description
-----------------------------------------------------------------------------
                          0.00    0.00   clock clk (rise edge)
                          0.00    0.00   clock source latency
                  0.12    0.09    0.09 ^ clk (in)
     1    0.02                           clk (net)
                  0.12    0.00    0.09 ^ clkbuf_0_clk/A (sky130_fd_sc_hd__clkbuf_16)
                  0.10    0.29    0.38 ^ clkbuf_0_clk/X (sky130_fd_sc_hd__clkbuf_16)
     4    0.04                           clknet_0_clk (net)
                  0.10    0.00    0.38 ^ clkbuf_2_3__f_clk/A (sky130_fd_sc_hd__clkbuf_16)
                  0.09    0.27    0.65 ^ clkbuf_2_3__f_clk/X (sky130_fd_sc_hd__clkbuf_16)
    12    0.04                           clknet_2_3__leaf_clk (net)
                  0.09    0.00    0.65 ^ _421_/CLK (sky130_fd_sc_hd__dfrtp_1)
                  0.15    0.87    1.52 v _421_/Q (sky130_fd_sc_hd__dfrtp_1)
     3    0.01                           clk_count[13] (net)
                  0.15    0.00    1.52 v _205_/A (sky130_fd_sc_hd__or4_1)
                  0.20    1.34    2.86 v _205_/X (sky130_fd_sc_hd__or4_1)
     1    0.00                           _097_ (net)
                  0.20    0.00    2.86 v _209_/A (sky130_fd_sc_hd__nor4_1)
                  0.72    0.84    3.70 ^ _209_/Y (sky130_fd_sc_hd__nor4_1)
     2    0.01                           _101_ (net)
                  0.72    0.00    3.70 ^ max_cap25/A (sky130_fd_sc_hd__buf_1)
                  0.24    0.49    4.18 ^ max_cap25/X (sky130_fd_sc_hd__buf_1)
     3    0.01                           net25 (net)
                  0.24    0.00    4.18 ^ _217_/C (sky130_fd_sc_hd__nand4_1)
                  0.33    0.42    4.60 v _217_/Y (sky130_fd_sc_hd__nand4_1)
     3    0.01                           _109_ (net)
                  0.33    0.00    4.60 v _222_/C (sky130_fd_sc_hd__and3_1)
                  0.07    0.51    5.11 v _222_/X (sky130_fd_sc_hd__and3_1)
     1    0.00                           _113_ (net)
                  0.07    0.00    5.11 v _223_/A (sky130_fd_sc_hd__clkbuf_4)
                  0.17    0.37    5.48 v _223_/X (sky130_fd_sc_hd__clkbuf_4)
    10    0.04                           _114_ (net)
                  0.17    0.00    5.48 v _261_/S (sky130_fd_sc_hd__mux2_1)
                  0.11    0.76    6.24 v _261_/X (sky130_fd_sc_hd__mux2_1)
     1    0.00                           _137_ (net)
                  0.11    0.00    6.24 v _262_/A (sky130_fd_sc_hd__clkbuf_1)
                  0.04    0.18    6.42 v _262_/X (sky130_fd_sc_hd__clkbuf_1)
     1    0.00                           _079_ (net)
                  0.04    0.00    6.42 v _439_/D (sky130_fd_sc_hd__dfrtp_1)
                                  6.42   data arrival time

                         10.00   10.00   clock clk (rise edge)
                          0.00   10.00   clock source latency
                  0.12    0.08   10.08 ^ clk (in)
     1    0.02                           clk (net)
                  0.12    0.00   10.08 ^ clkbuf_0_clk/A (sky130_fd_sc_hd__clkbuf_16)
                  0.10    0.26   10.34 ^ clkbuf_0_clk/X (sky130_fd_sc_hd__clkbuf_16)
     4    0.04                           clknet_0_clk (net)
                  0.10    0.00   10.34 ^ clkbuf_2_3__f_clk/A (sky130_fd_sc_hd__clkbuf_16)
                  0.09    0.25   10.59 ^ clkbuf_2_3__f_clk/X (sky130_fd_sc_hd__clkbuf_16)
    12    0.04                           clknet_2_3__leaf_clk (net)
                  0.09    0.00   10.59 ^ _439_/CLK (sky130_fd_sc_hd__dfrtp_1)
                         -0.25   10.34   clock uncertainty
                          0.06   10.40   clock reconvergence pessimism
                         -0.26   10.14   library setup time
                                 10.14   data required time
-----------------------------------------------------------------------------
                                 10.14   data required time
                                 -6.42   data arrival time
-----------------------------------------------------------------------------
                                  3.72   slack (MET)


Startpoint: _421_ (rising edge-triggered flip-flop clocked by clk)
Endpoint: _437_ (rising edge-triggered flip-flop clocked by clk)
Path Group: clk
Path Type: max
Corner: Slowest

Fanout     Cap    Slew   Delay    Time   Description
-----------------------------------------------------------------------------
                          0.00    0.00   clock clk (rise edge)
                          0.00    0.00   clock source latency
                  0.12    0.09    0.09 ^ clk (in)
     1    0.02                           clk (net)
                  0.12    0.00    0.09 ^ clkbuf_0_clk/A (sky130_fd_sc_hd__clkbuf_16)
                  0.10    0.29    0.38 ^ clkbuf_0_clk/X (sky130_fd_sc_hd__clkbuf_16)
     4    0.04                           clknet_0_clk (net)
                  0.10    0.00    0.38 ^ clkbuf_2_3__f_clk/A (sky130_fd_sc_hd__clkbuf_16)
                  0.09    0.27    0.65 ^ clkbuf_2_3__f_clk/X (sky130_fd_sc_hd__clkbuf_16)
    12    0.04                           clknet_2_3__leaf_clk (net)
                  0.09    0.00    0.65 ^ _421_/CLK (sky130_fd_sc_hd__dfrtp_1)
                  0.15    0.87    1.52 v _421_/Q (sky130_fd_sc_hd__dfrtp_1)
     3    0.01                           clk_count[13] (net)
                  0.15    0.00    1.52 v _205_/A (sky130_fd_sc_hd__or4_1)
                  0.20    1.34    2.86 v _205_/X (sky130_fd_sc_hd__or4_1)
     1    0.00                           _097_ (net)
                  0.20    0.00    2.86 v _209_/A (sky130_fd_sc_hd__nor4_1)
                  0.72    0.84    3.70 ^ _209_/Y (sky130_fd_sc_hd__nor4_1)
     2    0.01                           _101_ (net)
                  0.72    0.00    3.70 ^ max_cap25/A (sky130_fd_sc_hd__buf_1)
                  0.24    0.49    4.18 ^ max_cap25/X (sky130_fd_sc_hd__buf_1)
     3    0.01                           net25 (net)
                  0.24    0.00    4.18 ^ _217_/C (sky130_fd_sc_hd__nand4_1)
                  0.33    0.42    4.60 v _217_/Y (sky130_fd_sc_hd__nand4_1)
     3    0.01                           _109_ (net)
                  0.33    0.00    4.60 v _222_/C (sky130_fd_sc_hd__and3_1)
                  0.07    0.51    5.11 v _222_/X (sky130_fd_sc_hd__and3_1)
     1    0.00                           _113_ (net)
                  0.07    0.00    5.11 v _223_/A (sky130_fd_sc_hd__clkbuf_4)
                  0.17    0.37    5.48 v _223_/X (sky130_fd_sc_hd__clkbuf_4)
    10    0.04                           _114_ (net)
                  0.17    0.00    5.48 v _267_/S (sky130_fd_sc_hd__mux2_1)
                  0.11    0.76    6.24 v _267_/X (sky130_fd_sc_hd__mux2_1)
     1    0.00                           _141_ (net)
                  0.11    0.00    6.24 v _268_/A (sky130_fd_sc_hd__clkbuf_1)
                  0.04    0.18    6.42 v _268_/X (sky130_fd_sc_hd__clkbuf_1)
     1    0.00                           _077_ (net)
                  0.04    0.00    6.42 v _437_/D (sky130_fd_sc_hd__dfrtp_1)
                                  6.42   data arrival time

                         10.00   10.00   clock clk (rise edge)
                          0.00   10.00   clock source latency
                  0.12    0.08   10.08 ^ clk (in)
     1    0.02                           clk (net)
                  0.12    0.00   10.08 ^ clkbuf_0_clk/A (sky130_fd_sc_hd__clkbuf_16)
                  0.10    0.26   10.34 ^ clkbuf_0_clk/X (sky130_fd_sc_hd__clkbuf_16)
     4    0.04                           clknet_0_clk (net)
                  0.10    0.00   10.34 ^ clkbuf_2_3__f_clk/A (sky130_fd_sc_hd__clkbuf_16)
                  0.09    0.25   10.59 ^ clkbuf_2_3__f_clk/X (sky130_fd_sc_hd__clkbuf_16)
    12    0.04                           clknet_2_3__leaf_clk (net)
                  0.09    0.00   10.59 ^ _437_/CLK (sky130_fd_sc_hd__dfrtp_1)
                         -0.25   10.34   clock uncertainty
                          0.06   10.40   clock reconvergence pessimism
                         -0.26   10.14   library setup time
                                 10.14   data required time
-----------------------------------------------------------------------------
                                 10.14   data required time
                                 -6.42   data arrival time
-----------------------------------------------------------------------------
                                  3.73   slack (MET)


Startpoint: _421_ (rising edge-triggered flip-flop clocked by clk)
Endpoint: _454_ (rising edge-triggered flip-flop clocked by clk)
Path Group: clk
Path Type: max
Corner: Slowest

Fanout     Cap    Slew   Delay    Time   Description
-----------------------------------------------------------------------------
                          0.00    0.00   clock clk (rise edge)
                          0.00    0.00   clock source latency
                  0.12    0.09    0.09 ^ clk (in)
     1    0.02                           clk (net)
                  0.12    0.00    0.09 ^ clkbuf_0_clk/A (sky130_fd_sc_hd__clkbuf_16)
                  0.10    0.29    0.38 ^ clkbuf_0_clk/X (sky130_fd_sc_hd__clkbuf_16)
     4    0.04                           clknet_0_clk (net)
                  0.10    0.00    0.38 ^ clkbuf_2_3__f_clk/A (sky130_fd_sc_hd__clkbuf_16)
                  0.09    0.27    0.65 ^ clkbuf_2_3__f_clk/X (sky130_fd_sc_hd__clkbuf_16)
    12    0.04                           clknet_2_3__leaf_clk (net)
                  0.09    0.00    0.65 ^ _421_/CLK (sky130_fd_sc_hd__dfrtp_1)
                  0.15    0.87    1.52 v _421_/Q (sky130_fd_sc_hd__dfrtp_1)
     3    0.01                           clk_count[13] (net)
                  0.15    0.00    1.52 v _205_/A (sky130_fd_sc_hd__or4_1)
                  0.20    1.34    2.86 v _205_/X (sky130_fd_sc_hd__or4_1)
     1    0.00                           _097_ (net)
                  0.20    0.00    2.86 v _209_/A (sky130_fd_sc_hd__nor4_1)
                  0.72    0.84    3.70 ^ _209_/Y (sky130_fd_sc_hd__nor4_1)
     2    0.01                           _101_ (net)
                  0.72    0.00    3.70 ^ max_cap25/A (sky130_fd_sc_hd__buf_1)
                  0.24    0.49    4.18 ^ max_cap25/X (sky130_fd_sc_hd__buf_1)
     3    0.01                           net25 (net)
                  0.24    0.00    4.18 ^ _217_/C (sky130_fd_sc_hd__nand4_1)
                  0.33    0.42    4.60 v _217_/Y (sky130_fd_sc_hd__nand4_1)
     3    0.01                           _109_ (net)
                  0.33    0.00    4.60 v _218_/A (sky130_fd_sc_hd__buf_4)
                  0.16    0.50    5.10 v _218_/X (sky130_fd_sc_hd__buf_4)
    10    0.06                           _110_ (net)
                  0.16    0.00    5.10 v _219_/D (sky130_fd_sc_hd__and4_1)
                  0.09    0.48    5.58 v _219_/X (sky130_fd_sc_hd__and4_1)
     2    0.00                           _111_ (net)
                  0.09    0.00    5.58 v _226_/B1 (sky130_fd_sc_hd__a2bb2o_1)
                  0.10    0.61    6.19 v _226_/X (sky130_fd_sc_hd__a2bb2o_1)
     1    0.00                           _094_ (net)
                  0.10    0.00    6.19 v _454_/D (sky130_fd_sc_hd__dfrtp_1)
                                  6.19   data arrival time

                         10.00   10.00   clock clk (rise edge)
                          0.00   10.00   clock source latency
                  0.12    0.08   10.08 ^ clk (in)
     1    0.02                           clk (net)
                  0.12    0.00   10.08 ^ clkbuf_0_clk/A (sky130_fd_sc_hd__clkbuf_16)
                  0.10    0.26   10.34 ^ clkbuf_0_clk/X (sky130_fd_sc_hd__clkbuf_16)
     4    0.04                           clknet_0_clk (net)
                  0.10    0.00   10.34 ^ clkbuf_2_1__f_clk/A (sky130_fd_sc_hd__clkbuf_16)
                  0.09    0.24   10.59 ^ clkbuf_2_1__f_clk/X (sky130_fd_sc_hd__clkbuf_16)
    12    0.04                           clknet_2_1__leaf_clk (net)
                  0.09    0.00   10.59 ^ _454_/CLK (sky130_fd_sc_hd__dfrtp_1)
                         -0.25   10.34   clock uncertainty
                          0.04   10.37   clock reconvergence pessimism
                         -0.28   10.09   library setup time
                                 10.09   data required time
-----------------------------------------------------------------------------
                                 10.09   data required time
                                 -6.19   data arrival time
-----------------------------------------------------------------------------
                                  3.90   slack (MET)


Startpoint: _421_ (rising edge-triggered flip-flop clocked by clk)
Endpoint: _432_ (rising edge-triggered flip-flop clocked by clk)
Path Group: clk
Path Type: max
Corner: Slowest

Fanout     Cap    Slew   Delay    Time   Description
-----------------------------------------------------------------------------
                          0.00    0.00   clock clk (rise edge)
                          0.00    0.00   clock source latency
                  0.12    0.09    0.09 ^ clk (in)
     1    0.02                           clk (net)
                  0.12    0.00    0.09 ^ clkbuf_0_clk/A (sky130_fd_sc_hd__clkbuf_16)
                  0.10    0.29    0.38 ^ clkbuf_0_clk/X (sky130_fd_sc_hd__clkbuf_16)
     4    0.04                           clknet_0_clk (net)
                  0.10    0.00    0.38 ^ clkbuf_2_3__f_clk/A (sky130_fd_sc_hd__clkbuf_16)
                  0.09    0.27    0.65 ^ clkbuf_2_3__f_clk/X (sky130_fd_sc_hd__clkbuf_16)
    12    0.04                           clknet_2_3__leaf_clk (net)
                  0.09    0.00    0.65 ^ _421_/CLK (sky130_fd_sc_hd__dfrtp_1)
                  0.15    0.87    1.52 v _421_/Q (sky130_fd_sc_hd__dfrtp_1)
     3    0.01                           clk_count[13] (net)
                  0.15    0.00    1.52 v _205_/A (sky130_fd_sc_hd__or4_1)
                  0.20    1.34    2.86 v _205_/X (sky130_fd_sc_hd__or4_1)
     1    0.00                           _097_ (net)
                  0.20    0.00    2.86 v _209_/A (sky130_fd_sc_hd__nor4_1)
                  0.72    0.84    3.70 ^ _209_/Y (sky130_fd_sc_hd__nor4_1)
     2    0.01                           _101_ (net)
                  0.72    0.00    3.70 ^ max_cap25/A (sky130_fd_sc_hd__buf_1)
                  0.24    0.49    4.18 ^ max_cap25/X (sky130_fd_sc_hd__buf_1)
     3    0.01                           net25 (net)
                  0.24    0.00    4.18 ^ _217_/C (sky130_fd_sc_hd__nand4_1)
                  0.33    0.42    4.60 v _217_/Y (sky130_fd_sc_hd__nand4_1)
     3    0.01                           _109_ (net)
                  0.33    0.00    4.60 v _218_/A (sky130_fd_sc_hd__buf_4)
                  0.16    0.50    5.10 v _218_/X (sky130_fd_sc_hd__buf_4)
    10    0.06                           _110_ (net)
                  0.16    0.00    5.10 v _281_/S (sky130_fd_sc_hd__mux2_1)
                  0.11    0.76    5.86 v _281_/X (sky130_fd_sc_hd__mux2_1)
     1    0.00                           _149_ (net)
                  0.11    0.00    5.86 v _282_/A (sky130_fd_sc_hd__clkbuf_1)
                  0.04    0.18    6.04 v _282_/X (sky130_fd_sc_hd__clkbuf_1)
     1    0.00                           _072_ (net)
                  0.04    0.00    6.04 v _432_/D (sky130_fd_sc_hd__dfrtp_1)
                                  6.04   data arrival time

                         10.00   10.00   clock clk (rise edge)
                          0.00   10.00   clock source latency
                  0.12    0.08   10.08 ^ clk (in)
     1    0.02                           clk (net)
                  0.12    0.00   10.08 ^ clkbuf_0_clk/A (sky130_fd_sc_hd__clkbuf_16)
                  0.10    0.26   10.34 ^ clkbuf_0_clk/X (sky130_fd_sc_hd__clkbuf_16)
     4    0.04                           clknet_0_clk (net)
                  0.10    0.00   10.34 ^ clkbuf_2_0__f_clk/A (sky130_fd_sc_hd__clkbuf_16)
                  0.10    0.25   10.59 ^ clkbuf_2_0__f_clk/X (sky130_fd_sc_hd__clkbuf_16)
    14    0.04                           clknet_2_0__leaf_clk (net)
                  0.10    0.00   10.60 ^ _432_/CLK (sky130_fd_sc_hd__dfrtp_1)
                         -0.25   10.35   clock uncertainty
                          0.04   10.38   clock reconvergence pessimism
                         -0.26   10.12   library setup time
                                 10.12   data required time
-----------------------------------------------------------------------------
                                 10.12   data required time
                                 -6.04   data arrival time
-----------------------------------------------------------------------------
                                  4.08   slack (MET)


Startpoint: _421_ (rising edge-triggered flip-flop clocked by clk)
Endpoint: _433_ (rising edge-triggered flip-flop clocked by clk)
Path Group: clk
Path Type: max
Corner: Slowest

Fanout     Cap    Slew   Delay    Time   Description
-----------------------------------------------------------------------------
                          0.00    0.00   clock clk (rise edge)
                          0.00    0.00   clock source latency
                  0.12    0.09    0.09 ^ clk (in)
     1    0.02                           clk (net)
                  0.12    0.00    0.09 ^ clkbuf_0_clk/A (sky130_fd_sc_hd__clkbuf_16)
                  0.10    0.29    0.38 ^ clkbuf_0_clk/X (sky130_fd_sc_hd__clkbuf_16)
     4    0.04                           clknet_0_clk (net)
                  0.10    0.00    0.38 ^ clkbuf_2_3__f_clk/A (sky130_fd_sc_hd__clkbuf_16)
                  0.09    0.27    0.65 ^ clkbuf_2_3__f_clk/X (sky130_fd_sc_hd__clkbuf_16)
    12    0.04                           clknet_2_3__leaf_clk (net)
                  0.09    0.00    0.65 ^ _421_/CLK (sky130_fd_sc_hd__dfrtp_1)
                  0.15    0.87    1.52 v _421_/Q (sky130_fd_sc_hd__dfrtp_1)
     3    0.01                           clk_count[13] (net)
                  0.15    0.00    1.52 v _205_/A (sky130_fd_sc_hd__or4_1)
                  0.20    1.34    2.86 v _205_/X (sky130_fd_sc_hd__or4_1)
     1    0.00                           _097_ (net)
                  0.20    0.00    2.86 v _209_/A (sky130_fd_sc_hd__nor4_1)
                  0.72    0.84    3.70 ^ _209_/Y (sky130_fd_sc_hd__nor4_1)
     2    0.01                           _101_ (net)
                  0.72    0.00    3.70 ^ max_cap25/A (sky130_fd_sc_hd__buf_1)
                  0.24    0.49    4.18 ^ max_cap25/X (sky130_fd_sc_hd__buf_1)
     3    0.01                           net25 (net)
                  0.24    0.00    4.18 ^ _217_/C (sky130_fd_sc_hd__nand4_1)
                  0.33    0.42    4.60 v _217_/Y (sky130_fd_sc_hd__nand4_1)
     3    0.01                           _109_ (net)
                  0.33    0.00    4.60 v _218_/A (sky130_fd_sc_hd__buf_4)
                  0.16    0.50    5.10 v _218_/X (sky130_fd_sc_hd__buf_4)
    10    0.06                           _110_ (net)
                  0.16    0.00    5.10 v _279_/S (sky130_fd_sc_hd__mux2_1)
                  0.10    0.75    5.84 v _279_/X (sky130_fd_sc_hd__mux2_1)
     1    0.00                           _148_ (net)
                  0.10    0.00    5.84 v _280_/A (sky130_fd_sc_hd__clkbuf_1)
                  0.05    0.18    6.03 v _280_/X (sky130_fd_sc_hd__clkbuf_1)
     1    0.00                           _073_ (net)
                  0.05    0.00    6.03 v _433_/D (sky130_fd_sc_hd__dfrtp_1)
                                  6.03   data arrival time

                         10.00   10.00   clock clk (rise edge)
                          0.00   10.00   clock source latency
                  0.12    0.08   10.08 ^ clk (in)
     1    0.02                           clk (net)
                  0.12    0.00   10.08 ^ clkbuf_0_clk/A (sky130_fd_sc_hd__clkbuf_16)
                  0.10    0.26   10.34 ^ clkbuf_0_clk/X (sky130_fd_sc_hd__clkbuf_16)
     4    0.04                           clknet_0_clk (net)
                  0.10    0.00   10.34 ^ clkbuf_2_1__f_clk/A (sky130_fd_sc_hd__clkbuf_16)
                  0.09    0.24   10.59 ^ clkbuf_2_1__f_clk/X (sky130_fd_sc_hd__clkbuf_16)
    12    0.04                           clknet_2_1__leaf_clk (net)
                  0.09    0.00   10.59 ^ _433_/CLK (sky130_fd_sc_hd__dfrtp_1)
                         -0.25   10.34   clock uncertainty
                          0.04   10.37   clock reconvergence pessimism
                         -0.26   10.11   library setup time
                                 10.11   data required time
-----------------------------------------------------------------------------
                                 10.11   data required time
                                 -6.03   data arrival time
-----------------------------------------------------------------------------
                                  4.09   slack (MET)


Startpoint: _421_ (rising edge-triggered flip-flop clocked by clk)
Endpoint: _431_ (rising edge-triggered flip-flop clocked by clk)
Path Group: clk
Path Type: max
Corner: Slowest

Fanout     Cap    Slew   Delay    Time   Description
-----------------------------------------------------------------------------
                          0.00    0.00   clock clk (rise edge)
                          0.00    0.00   clock source latency
                  0.12    0.09    0.09 ^ clk (in)
     1    0.02                           clk (net)
                  0.12    0.00    0.09 ^ clkbuf_0_clk/A (sky130_fd_sc_hd__clkbuf_16)
                  0.10    0.29    0.38 ^ clkbuf_0_clk/X (sky130_fd_sc_hd__clkbuf_16)
     4    0.04                           clknet_0_clk (net)
                  0.10    0.00    0.38 ^ clkbuf_2_3__f_clk/A (sky130_fd_sc_hd__clkbuf_16)
                  0.09    0.27    0.65 ^ clkbuf_2_3__f_clk/X (sky130_fd_sc_hd__clkbuf_16)
    12    0.04                           clknet_2_3__leaf_clk (net)
                  0.09    0.00    0.65 ^ _421_/CLK (sky130_fd_sc_hd__dfrtp_1)
                  0.15    0.87    1.52 v _421_/Q (sky130_fd_sc_hd__dfrtp_1)
     3    0.01                           clk_count[13] (net)
                  0.15    0.00    1.52 v _205_/A (sky130_fd_sc_hd__or4_1)
                  0.20    1.34    2.86 v _205_/X (sky130_fd_sc_hd__or4_1)
     1    0.00                           _097_ (net)
                  0.20    0.00    2.86 v _209_/A (sky130_fd_sc_hd__nor4_1)
                  0.72    0.84    3.70 ^ _209_/Y (sky130_fd_sc_hd__nor4_1)
     2    0.01                           _101_ (net)
                  0.72    0.00    3.70 ^ max_cap25/A (sky130_fd_sc_hd__buf_1)
                  0.24    0.49    4.18 ^ max_cap25/X (sky130_fd_sc_hd__buf_1)
     3    0.01                           net25 (net)
                  0.24    0.00    4.18 ^ _217_/C (sky130_fd_sc_hd__nand4_1)
                  0.33    0.42    4.60 v _217_/Y (sky130_fd_sc_hd__nand4_1)
     3    0.01                           _109_ (net)
                  0.33    0.00    4.60 v _218_/A (sky130_fd_sc_hd__buf_4)
                  0.16    0.50    5.10 v _218_/X (sky130_fd_sc_hd__buf_4)
    10    0.06                           _110_ (net)
                  0.16    0.00    5.10 v _283_/S (sky130_fd_sc_hd__mux2_1)
                  0.11    0.76    5.86 v _283_/X (sky130_fd_sc_hd__mux2_1)
     1    0.00                           _150_ (net)
                  0.11    0.00    5.86 v _284_/A (sky130_fd_sc_hd__clkbuf_1)
                  0.04    0.18    6.04 v _284_/X (sky130_fd_sc_hd__clkbuf_1)
     1    0.00                           _071_ (net)
                  0.04    0.00    6.04 v _431_/D (sky130_fd_sc_hd__dfrtp_1)
                                  6.04   data arrival time

                         10.00   10.00   clock clk (rise edge)
                          0.00   10.00   clock source latency
                  0.12    0.08   10.08 ^ clk (in)
     1    0.02                           clk (net)
                  0.12    0.00   10.08 ^ clkbuf_0_clk/A (sky130_fd_sc_hd__clkbuf_16)
                  0.10    0.26   10.34 ^ clkbuf_0_clk/X (sky130_fd_sc_hd__clkbuf_16)
     4    0.04                           clknet_0_clk (net)
                  0.10    0.00   10.34 ^ clkbuf_2_0__f_clk/A (sky130_fd_sc_hd__clkbuf_16)
                  0.10    0.25   10.59 ^ clkbuf_2_0__f_clk/X (sky130_fd_sc_hd__clkbuf_16)
    14    0.04                           clknet_2_0__leaf_clk (net)
                  0.10    0.00   10.60 ^ _431_/CLK (sky130_fd_sc_hd__dfrtp_1)
                         -0.25   10.35   clock uncertainty
                          0.04   10.38   clock reconvergence pessimism
                         -0.26   10.12   library setup time
                                 10.12   data required time
-----------------------------------------------------------------------------
                                 10.12   data required time
                                 -6.04   data arrival time
-----------------------------------------------------------------------------
                                  4.09   slack (MET)


Startpoint: _421_ (rising edge-triggered flip-flop clocked by clk)
Endpoint: _428_ (rising edge-triggered flip-flop clocked by clk)
Path Group: clk
Path Type: max
Corner: Slowest

Fanout     Cap    Slew   Delay    Time   Description
-----------------------------------------------------------------------------
                          0.00    0.00   clock clk (rise edge)
                          0.00    0.00   clock source latency
                  0.12    0.09    0.09 ^ clk (in)
     1    0.02                           clk (net)
                  0.12    0.00    0.09 ^ clkbuf_0_clk/A (sky130_fd_sc_hd__clkbuf_16)
                  0.10    0.29    0.38 ^ clkbuf_0_clk/X (sky130_fd_sc_hd__clkbuf_16)
     4    0.04                           clknet_0_clk (net)
                  0.10    0.00    0.38 ^ clkbuf_2_3__f_clk/A (sky130_fd_sc_hd__clkbuf_16)
                  0.09    0.27    0.65 ^ clkbuf_2_3__f_clk/X (sky130_fd_sc_hd__clkbuf_16)
    12    0.04                           clknet_2_3__leaf_clk (net)
                  0.09    0.00    0.65 ^ _421_/CLK (sky130_fd_sc_hd__dfrtp_1)
                  0.15    0.87    1.52 v _421_/Q (sky130_fd_sc_hd__dfrtp_1)
     3    0.01                           clk_count[13] (net)
                  0.15    0.00    1.52 v _205_/A (sky130_fd_sc_hd__or4_1)
                  0.20    1.34    2.86 v _205_/X (sky130_fd_sc_hd__or4_1)
     1    0.00                           _097_ (net)
                  0.20    0.00    2.86 v _209_/A (sky130_fd_sc_hd__nor4_1)
                  0.72    0.84    3.70 ^ _209_/Y (sky130_fd_sc_hd__nor4_1)
     2    0.01                           _101_ (net)
                  0.72    0.00    3.70 ^ max_cap25/A (sky130_fd_sc_hd__buf_1)
                  0.24    0.49    4.18 ^ max_cap25/X (sky130_fd_sc_hd__buf_1)
     3    0.01                           net25 (net)
                  0.24    0.00    4.18 ^ _217_/C (sky130_fd_sc_hd__nand4_1)
                  0.33    0.42    4.60 v _217_/Y (sky130_fd_sc_hd__nand4_1)
     3    0.01                           _109_ (net)
                  0.33    0.00    4.60 v _218_/A (sky130_fd_sc_hd__buf_4)
                  0.16    0.50    5.10 v _218_/X (sky130_fd_sc_hd__buf_4)
    10    0.06                           _110_ (net)
                  0.16    0.00    5.10 v _289_/S (sky130_fd_sc_hd__mux2_1)
                  0.11    0.75    5.85 v _289_/X (sky130_fd_sc_hd__mux2_1)
     1    0.00                           _153_ (net)
                  0.11    0.00    5.85 v _290_/A (sky130_fd_sc_hd__clkbuf_1)
                  0.05    0.18    6.04 v _290_/X (sky130_fd_sc_hd__clkbuf_1)
     1    0.00                           _068_ (net)
                  0.05    0.00    6.04 v _428_/D (sky130_fd_sc_hd__dfrtp_1)
                                  6.04   data arrival time

                         10.00   10.00   clock clk (rise edge)
                          0.00   10.00   clock source latency
                  0.12    0.08   10.08 ^ clk (in)
     1    0.02                           clk (net)
                  0.12    0.00   10.08 ^ clkbuf_0_clk/A (sky130_fd_sc_hd__clkbuf_16)
                  0.10    0.26   10.34 ^ clkbuf_0_clk/X (sky130_fd_sc_hd__clkbuf_16)
     4    0.04                           clknet_0_clk (net)
                  0.10    0.00   10.34 ^ clkbuf_2_0__f_clk/A (sky130_fd_sc_hd__clkbuf_16)
                  0.10    0.25   10.59 ^ clkbuf_2_0__f_clk/X (sky130_fd_sc_hd__clkbuf_16)
    14    0.04                           clknet_2_0__leaf_clk (net)
                  0.10    0.00   10.60 ^ _428_/CLK (sky130_fd_sc_hd__dfrtp_1)
                         -0.25   10.35   clock uncertainty
                          0.04   10.38   clock reconvergence pessimism
                         -0.26   10.12   library setup time
                                 10.12   data required time
-----------------------------------------------------------------------------
                                 10.12   data required time
                                 -6.04   data arrival time
-----------------------------------------------------------------------------
                                  4.09   slack (MET)


Startpoint: _421_ (rising edge-triggered flip-flop clocked by clk)
Endpoint: _430_ (rising edge-triggered flip-flop clocked by clk)
Path Group: clk
Path Type: max
Corner: Slowest

Fanout     Cap    Slew   Delay    Time   Description
-----------------------------------------------------------------------------
                          0.00    0.00   clock clk (rise edge)
                          0.00    0.00   clock source latency
                  0.12    0.09    0.09 ^ clk (in)
     1    0.02                           clk (net)
                  0.12    0.00    0.09 ^ clkbuf_0_clk/A (sky130_fd_sc_hd__clkbuf_16)
                  0.10    0.29    0.38 ^ clkbuf_0_clk/X (sky130_fd_sc_hd__clkbuf_16)
     4    0.04                           clknet_0_clk (net)
                  0.10    0.00    0.38 ^ clkbuf_2_3__f_clk/A (sky130_fd_sc_hd__clkbuf_16)
                  0.09    0.27    0.65 ^ clkbuf_2_3__f_clk/X (sky130_fd_sc_hd__clkbuf_16)
    12    0.04                           clknet_2_3__leaf_clk (net)
                  0.09    0.00    0.65 ^ _421_/CLK (sky130_fd_sc_hd__dfrtp_1)
                  0.15    0.87    1.52 v _421_/Q (sky130_fd_sc_hd__dfrtp_1)
     3    0.01                           clk_count[13] (net)
                  0.15    0.00    1.52 v _205_/A (sky130_fd_sc_hd__or4_1)
                  0.20    1.34    2.86 v _205_/X (sky130_fd_sc_hd__or4_1)
     1    0.00                           _097_ (net)
                  0.20    0.00    2.86 v _209_/A (sky130_fd_sc_hd__nor4_1)
                  0.72    0.84    3.70 ^ _209_/Y (sky130_fd_sc_hd__nor4_1)
     2    0.01                           _101_ (net)
                  0.72    0.00    3.70 ^ max_cap25/A (sky130_fd_sc_hd__buf_1)
                  0.24    0.49    4.18 ^ max_cap25/X (sky130_fd_sc_hd__buf_1)
     3    0.01                           net25 (net)
                  0.24    0.00    4.18 ^ _217_/C (sky130_fd_sc_hd__nand4_1)
                  0.33    0.42    4.60 v _217_/Y (sky130_fd_sc_hd__nand4_1)
     3    0.01                           _109_ (net)
                  0.33    0.00    4.60 v _218_/A (sky130_fd_sc_hd__buf_4)
                  0.16    0.50    5.10 v _218_/X (sky130_fd_sc_hd__buf_4)
    10    0.06                           _110_ (net)
                  0.16    0.00    5.10 v _285_/S (sky130_fd_sc_hd__mux2_1)
                  0.11    0.75    5.85 v _285_/X (sky130_fd_sc_hd__mux2_1)
     1    0.00                           _151_ (net)
                  0.11    0.00    5.85 v _286_/A (sky130_fd_sc_hd__clkbuf_1)
                  0.04    0.18    6.03 v _286_/X (sky130_fd_sc_hd__clkbuf_1)
     1    0.00                           _070_ (net)
                  0.04    0.00    6.03 v _430_/D (sky130_fd_sc_hd__dfrtp_1)
                                  6.03   data arrival time

                         10.00   10.00   clock clk (rise edge)
                          0.00   10.00   clock source latency
                  0.12    0.08   10.08 ^ clk (in)
     1    0.02                           clk (net)
                  0.12    0.00   10.08 ^ clkbuf_0_clk/A (sky130_fd_sc_hd__clkbuf_16)
                  0.10    0.26   10.34 ^ clkbuf_0_clk/X (sky130_fd_sc_hd__clkbuf_16)
     4    0.04                           clknet_0_clk (net)
                  0.10    0.00   10.34 ^ clkbuf_2_0__f_clk/A (sky130_fd_sc_hd__clkbuf_16)
                  0.10    0.25   10.59 ^ clkbuf_2_0__f_clk/X (sky130_fd_sc_hd__clkbuf_16)
    14    0.04                           clknet_2_0__leaf_clk (net)
                  0.10    0.00   10.60 ^ _430_/CLK (sky130_fd_sc_hd__dfrtp_1)
                         -0.25   10.35   clock uncertainty
                          0.04   10.38   clock reconvergence pessimism
                         -0.26   10.12   library setup time
                                 10.12   data required time
-----------------------------------------------------------------------------
                                 10.12   data required time
                                 -6.03   data arrival time
-----------------------------------------------------------------------------
                                  4.09   slack (MET)


Startpoint: _421_ (rising edge-triggered flip-flop clocked by clk)
Endpoint: _429_ (rising edge-triggered flip-flop clocked by clk)
Path Group: clk
Path Type: max
Corner: Slowest

Fanout     Cap    Slew   Delay    Time   Description
-----------------------------------------------------------------------------
                          0.00    0.00   clock clk (rise edge)
                          0.00    0.00   clock source latency
                  0.12    0.09    0.09 ^ clk (in)
     1    0.02                           clk (net)
                  0.12    0.00    0.09 ^ clkbuf_0_clk/A (sky130_fd_sc_hd__clkbuf_16)
                  0.10    0.29    0.38 ^ clkbuf_0_clk/X (sky130_fd_sc_hd__clkbuf_16)
     4    0.04                           clknet_0_clk (net)
                  0.10    0.00    0.38 ^ clkbuf_2_3__f_clk/A (sky130_fd_sc_hd__clkbuf_16)
                  0.09    0.27    0.65 ^ clkbuf_2_3__f_clk/X (sky130_fd_sc_hd__clkbuf_16)
    12    0.04                           clknet_2_3__leaf_clk (net)
                  0.09    0.00    0.65 ^ _421_/CLK (sky130_fd_sc_hd__dfrtp_1)
                  0.15    0.87    1.52 v _421_/Q (sky130_fd_sc_hd__dfrtp_1)
     3    0.01                           clk_count[13] (net)
                  0.15    0.00    1.52 v _205_/A (sky130_fd_sc_hd__or4_1)
                  0.20    1.34    2.86 v _205_/X (sky130_fd_sc_hd__or4_1)
     1    0.00                           _097_ (net)
                  0.20    0.00    2.86 v _209_/A (sky130_fd_sc_hd__nor4_1)
                  0.72    0.84    3.70 ^ _209_/Y (sky130_fd_sc_hd__nor4_1)
     2    0.01                           _101_ (net)
                  0.72    0.00    3.70 ^ max_cap25/A (sky130_fd_sc_hd__buf_1)
                  0.24    0.49    4.18 ^ max_cap25/X (sky130_fd_sc_hd__buf_1)
     3    0.01                           net25 (net)
                  0.24    0.00    4.18 ^ _217_/C (sky130_fd_sc_hd__nand4_1)
                  0.33    0.42    4.60 v _217_/Y (sky130_fd_sc_hd__nand4_1)
     3    0.01                           _109_ (net)
                  0.33    0.00    4.60 v _218_/A (sky130_fd_sc_hd__buf_4)
                  0.16    0.50    5.10 v _218_/X (sky130_fd_sc_hd__buf_4)
    10    0.06                           _110_ (net)
                  0.16    0.00    5.10 v _287_/S (sky130_fd_sc_hd__mux2_1)
                  0.10    0.75    5.85 v _287_/X (sky130_fd_sc_hd__mux2_1)
     1    0.00                           _152_ (net)
                  0.10    0.00    5.85 v _288_/A (sky130_fd_sc_hd__clkbuf_1)
                  0.04    0.18    6.02 v _288_/X (sky130_fd_sc_hd__clkbuf_1)
     1    0.00                           _069_ (net)
                  0.04    0.00    6.02 v _429_/D (sky130_fd_sc_hd__dfrtp_1)
                                  6.02   data arrival time

                         10.00   10.00   clock clk (rise edge)
                          0.00   10.00   clock source latency
                  0.12    0.08   10.08 ^ clk (in)
     1    0.02                           clk (net)
                  0.12    0.00   10.08 ^ clkbuf_0_clk/A (sky130_fd_sc_hd__clkbuf_16)
                  0.10    0.26   10.34 ^ clkbuf_0_clk/X (sky130_fd_sc_hd__clkbuf_16)
     4    0.04                           clknet_0_clk (net)
                  0.10    0.00   10.34 ^ clkbuf_2_0__f_clk/A (sky130_fd_sc_hd__clkbuf_16)
                  0.10    0.25   10.59 ^ clkbuf_2_0__f_clk/X (sky130_fd_sc_hd__clkbuf_16)
    14    0.04                           clknet_2_0__leaf_clk (net)
                  0.10    0.00   10.59 ^ _429_/CLK (sky130_fd_sc_hd__dfrtp_1)
                         -0.25   10.34   clock uncertainty
                          0.04   10.38   clock reconvergence pessimism
                         -0.26   10.12   library setup time
                                 10.12   data required time
-----------------------------------------------------------------------------
                                 10.12   data required time
                                 -6.02   data arrival time
-----------------------------------------------------------------------------
                                  4.10   slack (MET)


Startpoint: _421_ (rising edge-triggered flip-flop clocked by clk)
Endpoint: _455_ (rising edge-triggered flip-flop clocked by clk)
Path Group: clk
Path Type: max
Corner: Slowest

Fanout     Cap    Slew   Delay    Time   Description
-----------------------------------------------------------------------------
                          0.00    0.00   clock clk (rise edge)
                          0.00    0.00   clock source latency
                  0.12    0.09    0.09 ^ clk (in)
     1    0.02                           clk (net)
                  0.12    0.00    0.09 ^ clkbuf_0_clk/A (sky130_fd_sc_hd__clkbuf_16)
                  0.10    0.29    0.38 ^ clkbuf_0_clk/X (sky130_fd_sc_hd__clkbuf_16)
     4    0.04                           clknet_0_clk (net)
                  0.10    0.00    0.38 ^ clkbuf_2_3__f_clk/A (sky130_fd_sc_hd__clkbuf_16)
                  0.09    0.27    0.65 ^ clkbuf_2_3__f_clk/X (sky130_fd_sc_hd__clkbuf_16)
    12    0.04                           clknet_2_3__leaf_clk (net)
                  0.09    0.00    0.65 ^ _421_/CLK (sky130_fd_sc_hd__dfrtp_1)
                  0.15    0.87    1.52 v _421_/Q (sky130_fd_sc_hd__dfrtp_1)
     3    0.01                           clk_count[13] (net)
                  0.15    0.00    1.52 v _205_/A (sky130_fd_sc_hd__or4_1)
                  0.20    1.34    2.86 v _205_/X (sky130_fd_sc_hd__or4_1)
     1    0.00                           _097_ (net)
                  0.20    0.00    2.86 v _209_/A (sky130_fd_sc_hd__nor4_1)
                  0.72    0.84    3.70 ^ _209_/Y (sky130_fd_sc_hd__nor4_1)
     2    0.01                           _101_ (net)
                  0.72    0.00    3.70 ^ max_cap25/A (sky130_fd_sc_hd__buf_1)
                  0.24    0.49    4.18 ^ max_cap25/X (sky130_fd_sc_hd__buf_1)
     3    0.01                           net25 (net)
                  0.24    0.00    4.18 ^ _217_/C (sky130_fd_sc_hd__nand4_1)
                  0.33    0.42    4.60 v _217_/Y (sky130_fd_sc_hd__nand4_1)
     3    0.01                           _109_ (net)
                  0.33    0.00    4.60 v _218_/A (sky130_fd_sc_hd__buf_4)
                  0.16    0.50    5.10 v _218_/X (sky130_fd_sc_hd__buf_4)
    10    0.06                           _110_ (net)
                  0.16    0.00    5.10 v _219_/D (sky130_fd_sc_hd__and4_1)
                  0.09    0.48    5.58 v _219_/X (sky130_fd_sc_hd__and4_1)
     2    0.00                           _111_ (net)
                  0.09    0.00    5.58 v _220_/A2 (sky130_fd_sc_hd__o21a_1)
                  0.07    0.33    5.91 v _220_/X (sky130_fd_sc_hd__o21a_1)
     1    0.00                           _095_ (net)
                  0.07    0.00    5.91 v _455_/D (sky130_fd_sc_hd__dfrtp_1)
                                  5.91   data arrival time

                         10.00   10.00   clock clk (rise edge)
                          0.00   10.00   clock source latency
                  0.12    0.08   10.08 ^ clk (in)
     1    0.02                           clk (net)
                  0.12    0.00   10.08 ^ clkbuf_0_clk/A (sky130_fd_sc_hd__clkbuf_16)
                  0.10    0.26   10.34 ^ clkbuf_0_clk/X (sky130_fd_sc_hd__clkbuf_16)
     4    0.04                           clknet_0_clk (net)
                  0.10    0.00   10.34 ^ clkbuf_2_1__f_clk/A (sky130_fd_sc_hd__clkbuf_16)
                  0.09    0.24   10.59 ^ clkbuf_2_1__f_clk/X (sky130_fd_sc_hd__clkbuf_16)
    12    0.04                           clknet_2_1__leaf_clk (net)
                  0.09    0.00   10.59 ^ _455_/CLK (sky130_fd_sc_hd__dfrtp_1)
                         -0.25   10.34   clock uncertainty
                          0.04   10.37   clock reconvergence pessimism
                         -0.27   10.10   library setup time
                                 10.10   data required time
-----------------------------------------------------------------------------
                                 10.10   data required time
                                 -5.91   data arrival time
-----------------------------------------------------------------------------
                                  4.19   slack (MET)


Startpoint: _421_ (rising edge-triggered flip-flop clocked by clk)
Endpoint: _446_ (rising edge-triggered flip-flop clocked by clk)
Path Group: clk
Path Type: max
Corner: Slowest

Fanout     Cap    Slew   Delay    Time   Description
-----------------------------------------------------------------------------
                          0.00    0.00   clock clk (rise edge)
                          0.00    0.00   clock source latency
                  0.12    0.09    0.09 ^ clk (in)
     1    0.02                           clk (net)
                  0.12    0.00    0.09 ^ clkbuf_0_clk/A (sky130_fd_sc_hd__clkbuf_16)
                  0.10    0.29    0.38 ^ clkbuf_0_clk/X (sky130_fd_sc_hd__clkbuf_16)
     4    0.04                           clknet_0_clk (net)
                  0.10    0.00    0.38 ^ clkbuf_2_3__f_clk/A (sky130_fd_sc_hd__clkbuf_16)
                  0.09    0.27    0.65 ^ clkbuf_2_3__f_clk/X (sky130_fd_sc_hd__clkbuf_16)
    12    0.04                           clknet_2_3__leaf_clk (net)
                  0.09    0.00    0.65 ^ _421_/CLK (sky130_fd_sc_hd__dfrtp_1)
                  0.15    0.87    1.52 v _421_/Q (sky130_fd_sc_hd__dfrtp_1)
     3    0.01                           clk_count[13] (net)
                  0.15    0.00    1.52 v _205_/A (sky130_fd_sc_hd__or4_1)
                  0.20    1.34    2.86 v _205_/X (sky130_fd_sc_hd__or4_1)
     1    0.00                           _097_ (net)
                  0.20    0.00    2.86 v _209_/A (sky130_fd_sc_hd__nor4_1)
                  0.72    0.84    3.70 ^ _209_/Y (sky130_fd_sc_hd__nor4_1)
     2    0.01                           _101_ (net)
                  0.72    0.00    3.70 ^ max_cap25/A (sky130_fd_sc_hd__buf_1)
                  0.24    0.49    4.18 ^ max_cap25/X (sky130_fd_sc_hd__buf_1)
     3    0.01                           net25 (net)
                  0.24    0.00    4.18 ^ _236_/B (sky130_fd_sc_hd__nand2_1)
                  0.15    0.24    4.42 v _236_/Y (sky130_fd_sc_hd__nand2_1)
     2    0.01                           _124_ (net)
                  0.15    0.00    4.42 v _238_/A2 (sky130_fd_sc_hd__a21o_2)
                  0.19    0.58    5.00 v _238_/X (sky130_fd_sc_hd__a21o_2)
     8    0.04                           _126_ (net)
                  0.19    0.00    5.00 v _245_/A2 (sky130_fd_sc_hd__a22o_1)
                  0.07    0.49    5.48 v _245_/X (sky130_fd_sc_hd__a22o_1)
     1    0.00                           _086_ (net)
                  0.07    0.00    5.49 v _446_/D (sky130_fd_sc_hd__dfrtp_1)
                                  5.49   data arrival time

                         10.00   10.00   clock clk (rise edge)
                          0.00   10.00   clock source latency
                  0.12    0.08   10.08 ^ clk (in)
     1    0.02                           clk (net)
                  0.12    0.00   10.08 ^ clkbuf_0_clk/A (sky130_fd_sc_hd__clkbuf_16)
                  0.10    0.26   10.34 ^ clkbuf_0_clk/X (sky130_fd_sc_hd__clkbuf_16)
     4    0.04                           clknet_0_clk (net)
                  0.10    0.00   10.34 ^ clkbuf_2_1__f_clk/A (sky130_fd_sc_hd__clkbuf_16)
                  0.09    0.24   10.59 ^ clkbuf_2_1__f_clk/X (sky130_fd_sc_hd__clkbuf_16)
    12    0.04                           clknet_2_1__leaf_clk (net)
                  0.09    0.00   10.59 ^ _446_/CLK (sky130_fd_sc_hd__dfrtp_1)
                         -0.25   10.34   clock uncertainty
                          0.04   10.37   clock reconvergence pessimism
                         -0.27   10.10   library setup time
                                 10.10   data required time
-----------------------------------------------------------------------------
                                 10.10   data required time
                                 -5.49   data arrival time
-----------------------------------------------------------------------------
                                  4.62   slack (MET)


Startpoint: _421_ (rising edge-triggered flip-flop clocked by clk)
Endpoint: _445_ (rising edge-triggered flip-flop clocked by clk)
Path Group: clk
Path Type: max
Corner: Slowest

Fanout     Cap    Slew   Delay    Time   Description
-----------------------------------------------------------------------------
                          0.00    0.00   clock clk (rise edge)
                          0.00    0.00   clock source latency
                  0.12    0.09    0.09 ^ clk (in)
     1    0.02                           clk (net)
                  0.12    0.00    0.09 ^ clkbuf_0_clk/A (sky130_fd_sc_hd__clkbuf_16)
                  0.10    0.29    0.38 ^ clkbuf_0_clk/X (sky130_fd_sc_hd__clkbuf_16)
     4    0.04                           clknet_0_clk (net)
                  0.10    0.00    0.38 ^ clkbuf_2_3__f_clk/A (sky130_fd_sc_hd__clkbuf_16)
                  0.09    0.27    0.65 ^ clkbuf_2_3__f_clk/X (sky130_fd_sc_hd__clkbuf_16)
    12    0.04                           clknet_2_3__leaf_clk (net)
                  0.09    0.00    0.65 ^ _421_/CLK (sky130_fd_sc_hd__dfrtp_1)
                  0.15    0.87    1.52 v _421_/Q (sky130_fd_sc_hd__dfrtp_1)
     3    0.01                           clk_count[13] (net)
                  0.15    0.00    1.52 v _205_/A (sky130_fd_sc_hd__or4_1)
                  0.20    1.34    2.86 v _205_/X (sky130_fd_sc_hd__or4_1)
     1    0.00                           _097_ (net)
                  0.20    0.00    2.86 v _209_/A (sky130_fd_sc_hd__nor4_1)
                  0.72    0.84    3.70 ^ _209_/Y (sky130_fd_sc_hd__nor4_1)
     2    0.01                           _101_ (net)
                  0.72    0.00    3.70 ^ max_cap25/A (sky130_fd_sc_hd__buf_1)
                  0.24    0.49    4.18 ^ max_cap25/X (sky130_fd_sc_hd__buf_1)
     3    0.01                           net25 (net)
                  0.24    0.00    4.18 ^ _236_/B (sky130_fd_sc_hd__nand2_1)
                  0.15    0.24    4.42 v _236_/Y (sky130_fd_sc_hd__nand2_1)
     2    0.01                           _124_ (net)
                  0.15    0.00    4.42 v _238_/A2 (sky130_fd_sc_hd__a21o_2)
                  0.19    0.58    5.00 v _238_/X (sky130_fd_sc_hd__a21o_2)
     8    0.04                           _126_ (net)
                  0.19    0.00    5.00 v _246_/A2 (sky130_fd_sc_hd__a22o_1)
                  0.07    0.48    5.48 v _246_/X (sky130_fd_sc_hd__a22o_1)
     1    0.00                           _085_ (net)
                  0.07    0.00    5.48 v _445_/D (sky130_fd_sc_hd__dfrtp_1)
                                  5.48   data arrival time

                         10.00   10.00   clock clk (rise edge)
                          0.00   10.00   clock source latency
                  0.12    0.08   10.08 ^ clk (in)
     1    0.02                           clk (net)
                  0.12    0.00   10.08 ^ clkbuf_0_clk/A (sky130_fd_sc_hd__clkbuf_16)
                  0.10    0.26   10.34 ^ clkbuf_0_clk/X (sky130_fd_sc_hd__clkbuf_16)
     4    0.04                           clknet_0_clk (net)
                  0.10    0.00   10.34 ^ clkbuf_2_1__f_clk/A (sky130_fd_sc_hd__clkbuf_16)
                  0.09    0.24   10.59 ^ clkbuf_2_1__f_clk/X (sky130_fd_sc_hd__clkbuf_16)
    12    0.04                           clknet_2_1__leaf_clk (net)
                  0.09    0.00   10.59 ^ _445_/CLK (sky130_fd_sc_hd__dfrtp_1)
                         -0.25   10.34   clock uncertainty
                          0.04   10.37   clock reconvergence pessimism
                         -0.27   10.10   library setup time
                                 10.10   data required time
-----------------------------------------------------------------------------
                                 10.10   data required time
                                 -5.48   data arrival time
-----------------------------------------------------------------------------
                                  4.62   slack (MET)


Startpoint: _421_ (rising edge-triggered flip-flop clocked by clk)
Endpoint: _448_ (rising edge-triggered flip-flop clocked by clk)
Path Group: clk
Path Type: max
Corner: Slowest

Fanout     Cap    Slew   Delay    Time   Description
-----------------------------------------------------------------------------
                          0.00    0.00   clock clk (rise edge)
                          0.00    0.00   clock source latency
                  0.12    0.09    0.09 ^ clk (in)
     1    0.02                           clk (net)
                  0.12    0.00    0.09 ^ clkbuf_0_clk/A (sky130_fd_sc_hd__clkbuf_16)
                  0.10    0.29    0.38 ^ clkbuf_0_clk/X (sky130_fd_sc_hd__clkbuf_16)
     4    0.04                           clknet_0_clk (net)
                  0.10    0.00    0.38 ^ clkbuf_2_3__f_clk/A (sky130_fd_sc_hd__clkbuf_16)
                  0.09    0.27    0.65 ^ clkbuf_2_3__f_clk/X (sky130_fd_sc_hd__clkbuf_16)
    12    0.04                           clknet_2_3__leaf_clk (net)
                  0.09    0.00    0.65 ^ _421_/CLK (sky130_fd_sc_hd__dfrtp_1)
                  0.15    0.87    1.52 v _421_/Q (sky130_fd_sc_hd__dfrtp_1)
     3    0.01                           clk_count[13] (net)
                  0.15    0.00    1.52 v _205_/A (sky130_fd_sc_hd__or4_1)
                  0.20    1.34    2.86 v _205_/X (sky130_fd_sc_hd__or4_1)
     1    0.00                           _097_ (net)
                  0.20    0.00    2.86 v _209_/A (sky130_fd_sc_hd__nor4_1)
                  0.72    0.84    3.70 ^ _209_/Y (sky130_fd_sc_hd__nor4_1)
     2    0.01                           _101_ (net)
                  0.72    0.00    3.70 ^ max_cap25/A (sky130_fd_sc_hd__buf_1)
                  0.24    0.49    4.18 ^ max_cap25/X (sky130_fd_sc_hd__buf_1)
     3    0.01                           net25 (net)
                  0.24    0.00    4.18 ^ _236_/B (sky130_fd_sc_hd__nand2_1)
                  0.15    0.24    4.42 v _236_/Y (sky130_fd_sc_hd__nand2_1)
     2    0.01                           _124_ (net)
                  0.15    0.00    4.42 v _238_/A2 (sky130_fd_sc_hd__a21o_2)
                  0.19    0.58    5.00 v _238_/X (sky130_fd_sc_hd__a21o_2)
     8    0.04                           _126_ (net)
                  0.19    0.00    5.00 v _243_/A2 (sky130_fd_sc_hd__a22o_1)
                  0.07    0.48    5.47 v _243_/X (sky130_fd_sc_hd__a22o_1)
     1    0.00                           _088_ (net)
                  0.07    0.00    5.48 v _448_/D (sky130_fd_sc_hd__dfrtp_1)
                                  5.48   data arrival time

                         10.00   10.00   clock clk (rise edge)
                          0.00   10.00   clock source latency
                  0.12    0.08   10.08 ^ clk (in)
     1    0.02                           clk (net)
                  0.12    0.00   10.08 ^ clkbuf_0_clk/A (sky130_fd_sc_hd__clkbuf_16)
                  0.10    0.26   10.34 ^ clkbuf_0_clk/X (sky130_fd_sc_hd__clkbuf_16)
     4    0.04                           clknet_0_clk (net)
                  0.10    0.00   10.34 ^ clkbuf_2_0__f_clk/A (sky130_fd_sc_hd__clkbuf_16)
                  0.10    0.25   10.59 ^ clkbuf_2_0__f_clk/X (sky130_fd_sc_hd__clkbuf_16)
    14    0.04                           clknet_2_0__leaf_clk (net)
                  0.10    0.00   10.59 ^ _448_/CLK (sky130_fd_sc_hd__dfrtp_1)
                         -0.25   10.34   clock uncertainty
                          0.04   10.38   clock reconvergence pessimism
                         -0.27   10.11   library setup time
                                 10.11   data required time
-----------------------------------------------------------------------------
                                 10.11   data required time
                                 -5.48   data arrival time
-----------------------------------------------------------------------------
                                  4.64   slack (MET)


Startpoint: _421_ (rising edge-triggered flip-flop clocked by clk)
Endpoint: _444_ (rising edge-triggered flip-flop clocked by clk)
Path Group: clk
Path Type: max
Corner: Slowest

Fanout     Cap    Slew   Delay    Time   Description
-----------------------------------------------------------------------------
                          0.00    0.00   clock clk (rise edge)
                          0.00    0.00   clock source latency
                  0.12    0.09    0.09 ^ clk (in)
     1    0.02                           clk (net)
                  0.12    0.00    0.09 ^ clkbuf_0_clk/A (sky130_fd_sc_hd__clkbuf_16)
                  0.10    0.29    0.38 ^ clkbuf_0_clk/X (sky130_fd_sc_hd__clkbuf_16)
     4    0.04                           clknet_0_clk (net)
                  0.10    0.00    0.38 ^ clkbuf_2_3__f_clk/A (sky130_fd_sc_hd__clkbuf_16)
                  0.09    0.27    0.65 ^ clkbuf_2_3__f_clk/X (sky130_fd_sc_hd__clkbuf_16)
    12    0.04                           clknet_2_3__leaf_clk (net)
                  0.09    0.00    0.65 ^ _421_/CLK (sky130_fd_sc_hd__dfrtp_1)
                  0.15    0.87    1.52 v _421_/Q (sky130_fd_sc_hd__dfrtp_1)
     3    0.01                           clk_count[13] (net)
                  0.15    0.00    1.52 v _205_/A (sky130_fd_sc_hd__or4_1)
                  0.20    1.34    2.86 v _205_/X (sky130_fd_sc_hd__or4_1)
     1    0.00                           _097_ (net)
                  0.20    0.00    2.86 v _209_/A (sky130_fd_sc_hd__nor4_1)
                  0.72    0.84    3.70 ^ _209_/Y (sky130_fd_sc_hd__nor4_1)
     2    0.01                           _101_ (net)
                  0.72    0.00    3.70 ^ max_cap25/A (sky130_fd_sc_hd__buf_1)
                  0.24    0.49    4.18 ^ max_cap25/X (sky130_fd_sc_hd__buf_1)
     3    0.01                           net25 (net)
                  0.24    0.00    4.18 ^ _236_/B (sky130_fd_sc_hd__nand2_1)
                  0.15    0.24    4.42 v _236_/Y (sky130_fd_sc_hd__nand2_1)
     2    0.01                           _124_ (net)
                  0.15    0.00    4.42 v _238_/A2 (sky130_fd_sc_hd__a21o_2)
                  0.19    0.58    5.00 v _238_/X (sky130_fd_sc_hd__a21o_2)
     8    0.04                           _126_ (net)
                  0.19    0.00    5.00 v _247_/A2 (sky130_fd_sc_hd__a22o_1)
                  0.07    0.47    5.47 v _247_/X (sky130_fd_sc_hd__a22o_1)
     1    0.00                           _084_ (net)
                  0.07    0.00    5.47 v _444_/D (sky130_fd_sc_hd__dfrtp_1)
                                  5.47   data arrival time

                         10.00   10.00   clock clk (rise edge)
                          0.00   10.00   clock source latency
                  0.12    0.08   10.08 ^ clk (in)
     1    0.02                           clk (net)
                  0.12    0.00   10.08 ^ clkbuf_0_clk/A (sky130_fd_sc_hd__clkbuf_16)
                  0.10    0.26   10.34 ^ clkbuf_0_clk/X (sky130_fd_sc_hd__clkbuf_16)
     4    0.04                           clknet_0_clk (net)
                  0.10    0.00   10.34 ^ clkbuf_2_3__f_clk/A (sky130_fd_sc_hd__clkbuf_16)
                  0.09    0.25   10.59 ^ clkbuf_2_3__f_clk/X (sky130_fd_sc_hd__clkbuf_16)
    12    0.04                           clknet_2_3__leaf_clk (net)
                  0.09    0.00   10.59 ^ _444_/CLK (sky130_fd_sc_hd__dfrtp_1)
                         -0.25   10.34   clock uncertainty
                          0.06   10.40   clock reconvergence pessimism
                         -0.27   10.13   library setup time
                                 10.13   data required time
-----------------------------------------------------------------------------
                                 10.13   data required time
                                 -5.47   data arrival time
-----------------------------------------------------------------------------
                                  4.66   slack (MET)


Startpoint: _421_ (rising edge-triggered flip-flop clocked by clk)
Endpoint: _434_ (rising edge-triggered flip-flop clocked by clk)
Path Group: clk
Path Type: max
Corner: Slowest

Fanout     Cap    Slew   Delay    Time   Description
-----------------------------------------------------------------------------
                          0.00    0.00   clock clk (rise edge)
                          0.00    0.00   clock source latency
                  0.12    0.09    0.09 ^ clk (in)
     1    0.02                           clk (net)
                  0.12    0.00    0.09 ^ clkbuf_0_clk/A (sky130_fd_sc_hd__clkbuf_16)
                  0.10    0.29    0.38 ^ clkbuf_0_clk/X (sky130_fd_sc_hd__clkbuf_16)
     4    0.04                           clknet_0_clk (net)
                  0.10    0.00    0.38 ^ clkbuf_2_3__f_clk/A (sky130_fd_sc_hd__clkbuf_16)
                  0.09    0.27    0.65 ^ clkbuf_2_3__f_clk/X (sky130_fd_sc_hd__clkbuf_16)
    12    0.04                           clknet_2_3__leaf_clk (net)
                  0.09    0.00    0.65 ^ _421_/CLK (sky130_fd_sc_hd__dfrtp_1)
                  0.15    0.87    1.52 v _421_/Q (sky130_fd_sc_hd__dfrtp_1)
     3    0.01                           clk_count[13] (net)
                  0.15    0.00    1.52 v _205_/A (sky130_fd_sc_hd__or4_1)
                  0.20    1.34    2.86 v _205_/X (sky130_fd_sc_hd__or4_1)
     1    0.00                           _097_ (net)
                  0.20    0.00    2.86 v _209_/A (sky130_fd_sc_hd__nor4_1)
                  0.72    0.84    3.70 ^ _209_/Y (sky130_fd_sc_hd__nor4_1)
     2    0.01                           _101_ (net)
                  0.72    0.00    3.70 ^ _211_/A2 (sky130_fd_sc_hd__a21o_1)
                  0.19    0.55    4.25 ^ _211_/X (sky130_fd_sc_hd__a21o_1)
     4    0.01                           _103_ (net)
                  0.19    0.00    4.25 ^ _212_/B (sky130_fd_sc_hd__nand2_1)
                  0.14    0.22    4.47 v _212_/Y (sky130_fd_sc_hd__nand2_1)
     2    0.01                           _104_ (net)
                  0.14    0.00    4.47 v _277_/S (sky130_fd_sc_hd__mux2_1)
                  0.12    0.78    5.24 v _277_/X (sky130_fd_sc_hd__mux2_1)
     1    0.00                           _147_ (net)
                  0.12    0.00    5.24 v _278_/A (sky130_fd_sc_hd__clkbuf_1)
                  0.05    0.20    5.44 v _278_/X (sky130_fd_sc_hd__clkbuf_1)
     1    0.00                           _074_ (net)
                  0.05    0.00    5.44 v _434_/D (sky130_fd_sc_hd__dfrtp_1)
                                  5.44   data arrival time

                         10.00   10.00   clock clk (rise edge)
                          0.00   10.00   clock source latency
                  0.12    0.08   10.08 ^ clk (in)
     1    0.02                           clk (net)
                  0.12    0.00   10.08 ^ clkbuf_0_clk/A (sky130_fd_sc_hd__clkbuf_16)
                  0.10    0.26   10.34 ^ clkbuf_0_clk/X (sky130_fd_sc_hd__clkbuf_16)
     4    0.04                           clknet_0_clk (net)
                  0.10    0.00   10.34 ^ clkbuf_2_1__f_clk/A (sky130_fd_sc_hd__clkbuf_16)
                  0.09    0.24   10.59 ^ clkbuf_2_1__f_clk/X (sky130_fd_sc_hd__clkbuf_16)
    12    0.04                           clknet_2_1__leaf_clk (net)
                  0.09    0.00   10.59 ^ _434_/CLK (sky130_fd_sc_hd__dfrtp_1)
                         -0.25   10.34   clock uncertainty
                          0.04   10.37   clock reconvergence pessimism
                         -0.26   10.11   library setup time
                                 10.11   data required time
-----------------------------------------------------------------------------
                                 10.11   data required time
                                 -5.44   data arrival time
-----------------------------------------------------------------------------
                                  4.67   slack (MET)


Startpoint: _421_ (rising edge-triggered flip-flop clocked by clk)
Endpoint: _436_ (rising edge-triggered flip-flop clocked by clk)
Path Group: clk
Path Type: max
Corner: Slowest

Fanout     Cap    Slew   Delay    Time   Description
-----------------------------------------------------------------------------
                          0.00    0.00   clock clk (rise edge)
                          0.00    0.00   clock source latency
                  0.12    0.09    0.09 ^ clk (in)
     1    0.02                           clk (net)
                  0.12    0.00    0.09 ^ clkbuf_0_clk/A (sky130_fd_sc_hd__clkbuf_16)
                  0.10    0.29    0.38 ^ clkbuf_0_clk/X (sky130_fd_sc_hd__clkbuf_16)
     4    0.04                           clknet_0_clk (net)
                  0.10    0.00    0.38 ^ clkbuf_2_3__f_clk/A (sky130_fd_sc_hd__clkbuf_16)
                  0.09    0.27    0.65 ^ clkbuf_2_3__f_clk/X (sky130_fd_sc_hd__clkbuf_16)
    12    0.04                           clknet_2_3__leaf_clk (net)
                  0.09    0.00    0.65 ^ _421_/CLK (sky130_fd_sc_hd__dfrtp_1)
                  0.15    0.87    1.52 v _421_/Q (sky130_fd_sc_hd__dfrtp_1)
     3    0.01                           clk_count[13] (net)
                  0.15    0.00    1.52 v _205_/A (sky130_fd_sc_hd__or4_1)
                  0.20    1.34    2.86 v _205_/X (sky130_fd_sc_hd__or4_1)
     1    0.00                           _097_ (net)
                  0.20    0.00    2.86 v _209_/A (sky130_fd_sc_hd__nor4_1)
                  0.72    0.84    3.70 ^ _209_/Y (sky130_fd_sc_hd__nor4_1)
     2    0.01                           _101_ (net)
                  0.72    0.00    3.70 ^ max_cap25/A (sky130_fd_sc_hd__buf_1)
                  0.24    0.49    4.18 ^ max_cap25/X (sky130_fd_sc_hd__buf_1)
     3    0.01                           net25 (net)
                  0.24    0.00    4.18 ^ _217_/C (sky130_fd_sc_hd__nand4_1)
                  0.33    0.42    4.60 v _217_/Y (sky130_fd_sc_hd__nand4_1)
     3    0.01                           _109_ (net)
                  0.33    0.00    4.60 v _270_/B (sky130_fd_sc_hd__and2_1)
                  0.07    0.46    5.06 v _270_/X (sky130_fd_sc_hd__and2_1)
     1    0.00                           _143_ (net)
                  0.07    0.00    5.06 v _271_/A (sky130_fd_sc_hd__clkbuf_1)
                  0.07    0.19    5.25 v _271_/X (sky130_fd_sc_hd__clkbuf_1)
     2    0.01                           _000_ (net)
                  0.07    0.00    5.25 v _272_/B1_N (sky130_fd_sc_hd__a21bo_1)
                  0.07    0.35    5.60 ^ _272_/X (sky130_fd_sc_hd__a21bo_1)
     1    0.00                           _076_ (net)
                  0.07    0.00    5.60 ^ _436_/D (sky130_fd_sc_hd__dfstp_1)
                                  5.60   data arrival time

                         10.00   10.00   clock clk (rise edge)
                          0.00   10.00   clock source latency
                  0.12    0.08   10.08 ^ clk (in)
     1    0.02                           clk (net)
                  0.12    0.00   10.08 ^ clkbuf_0_clk/A (sky130_fd_sc_hd__clkbuf_16)
                  0.10    0.26   10.34 ^ clkbuf_0_clk/X (sky130_fd_sc_hd__clkbuf_16)
     4    0.04                           clknet_0_clk (net)
                  0.10    0.00   10.34 ^ clkbuf_2_3__f_clk/A (sky130_fd_sc_hd__clkbuf_16)
                  0.09    0.25   10.59 ^ clkbuf_2_3__f_clk/X (sky130_fd_sc_hd__clkbuf_16)
    12    0.04                           clknet_2_3__leaf_clk (net)
                  0.09    0.00   10.59 ^ _436_/CLK (sky130_fd_sc_hd__dfstp_1)
                         -0.25   10.34   clock uncertainty
                          0.06   10.40   clock reconvergence pessimism
                         -0.12   10.29   library setup time
                                 10.29   data required time
-----------------------------------------------------------------------------
                                 10.29   data required time
                                 -5.60   data arrival time
-----------------------------------------------------------------------------
                                  4.68   slack (MET)


Startpoint: _421_ (rising edge-triggered flip-flop clocked by clk)
Endpoint: _424_ (rising edge-triggered flip-flop clocked by clk)
Path Group: clk
Path Type: max
Corner: Slowest

Fanout     Cap    Slew   Delay    Time   Description
-----------------------------------------------------------------------------
                          0.00    0.00   clock clk (rise edge)
                          0.00    0.00   clock source latency
                  0.12    0.09    0.09 ^ clk (in)
     1    0.02                           clk (net)
                  0.12    0.00    0.09 ^ clkbuf_0_clk/A (sky130_fd_sc_hd__clkbuf_16)
                  0.10    0.29    0.38 ^ clkbuf_0_clk/X (sky130_fd_sc_hd__clkbuf_16)
     4    0.04                           clknet_0_clk (net)
                  0.10    0.00    0.38 ^ clkbuf_2_3__f_clk/A (sky130_fd_sc_hd__clkbuf_16)
                  0.09    0.27    0.65 ^ clkbuf_2_3__f_clk/X (sky130_fd_sc_hd__clkbuf_16)
    12    0.04                           clknet_2_3__leaf_clk (net)
                  0.09    0.00    0.65 ^ _421_/CLK (sky130_fd_sc_hd__dfrtp_1)
                  0.15    0.87    1.52 v _421_/Q (sky130_fd_sc_hd__dfrtp_1)
     3    0.01                           clk_count[13] (net)
                  0.15    0.00    1.52 v _205_/A (sky130_fd_sc_hd__or4_1)
                  0.20    1.34    2.86 v _205_/X (sky130_fd_sc_hd__or4_1)
     1    0.00                           _097_ (net)
                  0.20    0.00    2.86 v _209_/A (sky130_fd_sc_hd__nor4_1)
                  0.72    0.84    3.70 ^ _209_/Y (sky130_fd_sc_hd__nor4_1)
     2    0.01                           _101_ (net)
                  0.72    0.00    3.70 ^ max_cap25/A (sky130_fd_sc_hd__buf_1)
                  0.24    0.49    4.18 ^ max_cap25/X (sky130_fd_sc_hd__buf_1)
     3    0.01                           net25 (net)
                  0.24    0.00    4.18 ^ _217_/C (sky130_fd_sc_hd__nand4_1)
                  0.33    0.42    4.60 v _217_/Y (sky130_fd_sc_hd__nand4_1)
     3    0.01                           _109_ (net)
                  0.33    0.00    4.60 v _270_/B (sky130_fd_sc_hd__and2_1)
                  0.07    0.46    5.06 v _270_/X (sky130_fd_sc_hd__and2_1)
     1    0.00                           _143_ (net)
                  0.07    0.00    5.06 v _271_/A (sky130_fd_sc_hd__clkbuf_1)
                  0.07    0.19    5.25 v _271_/X (sky130_fd_sc_hd__clkbuf_1)
     2    0.01                           _000_ (net)
                  0.07    0.00    5.25 v _424_/D (sky130_fd_sc_hd__dfrtp_2)
                                  5.25   data arrival time

                         10.00   10.00   clock clk (rise edge)
                          0.00   10.00   clock source latency
                  0.12    0.08   10.08 ^ clk (in)
     1    0.02                           clk (net)
                  0.12    0.00   10.08 ^ clkbuf_0_clk/A (sky130_fd_sc_hd__clkbuf_16)
                  0.10    0.26   10.34 ^ clkbuf_0_clk/X (sky130_fd_sc_hd__clkbuf_16)
     4    0.04                           clknet_0_clk (net)
                  0.10    0.00   10.34 ^ clkbuf_2_3__f_clk/A (sky130_fd_sc_hd__clkbuf_16)
                  0.09    0.25   10.59 ^ clkbuf_2_3__f_clk/X (sky130_fd_sc_hd__clkbuf_16)
    12    0.04                           clknet_2_3__leaf_clk (net)
                  0.09    0.00   10.59 ^ _424_/CLK (sky130_fd_sc_hd__dfrtp_2)
                         -0.25   10.34   clock uncertainty
                          0.06   10.40   clock reconvergence pessimism
                         -0.27   10.13   library setup time
                                 10.13   data required time
-----------------------------------------------------------------------------
                                 10.13   data required time
                                 -5.25   data arrival time
-----------------------------------------------------------------------------
                                  4.88   slack (MET)


Startpoint: _421_ (rising edge-triggered flip-flop clocked by clk)
Endpoint: _425_ (rising edge-triggered flip-flop clocked by clk)
Path Group: clk
Path Type: max
Corner: Slowest

Fanout     Cap    Slew   Delay    Time   Description
-----------------------------------------------------------------------------
                          0.00    0.00   clock clk (rise edge)
                          0.00    0.00   clock source latency
                  0.12    0.09    0.09 ^ clk (in)
     1    0.02                           clk (net)
                  0.12    0.00    0.09 ^ clkbuf_0_clk/A (sky130_fd_sc_hd__clkbuf_16)
                  0.10    0.29    0.38 ^ clkbuf_0_clk/X (sky130_fd_sc_hd__clkbuf_16)
     4    0.04                           clknet_0_clk (net)
                  0.10    0.00    0.38 ^ clkbuf_2_3__f_clk/A (sky130_fd_sc_hd__clkbuf_16)
                  0.09    0.27    0.65 ^ clkbuf_2_3__f_clk/X (sky130_fd_sc_hd__clkbuf_16)
    12    0.04                           clknet_2_3__leaf_clk (net)
                  0.09    0.00    0.65 ^ _421_/CLK (sky130_fd_sc_hd__dfrtp_1)
                  0.15    0.87    1.52 v _421_/Q (sky130_fd_sc_hd__dfrtp_1)
     3    0.01                           clk_count[13] (net)
                  0.15    0.00    1.52 v _205_/A (sky130_fd_sc_hd__or4_1)
                  0.20    1.34    2.86 v _205_/X (sky130_fd_sc_hd__or4_1)
     1    0.00                           _097_ (net)
                  0.20    0.00    2.86 v _209_/A (sky130_fd_sc_hd__nor4_1)
                  0.72    0.84    3.70 ^ _209_/Y (sky130_fd_sc_hd__nor4_1)
     2    0.01                           _101_ (net)
                  0.72    0.00    3.70 ^ max_cap25/A (sky130_fd_sc_hd__buf_1)
                  0.24    0.49    4.18 ^ max_cap25/X (sky130_fd_sc_hd__buf_1)
     3    0.01                           net25 (net)
                  0.24    0.00    4.18 ^ _217_/C (sky130_fd_sc_hd__nand4_1)
                  0.33    0.42    4.60 v _217_/Y (sky130_fd_sc_hd__nand4_1)
     3    0.01                           _109_ (net)
                  0.33    0.00    4.60 v _218_/A (sky130_fd_sc_hd__buf_4)
                  0.16    0.50    5.10 v _218_/X (sky130_fd_sc_hd__buf_4)
    10    0.06                           _110_ (net)
                  0.16    0.00    5.10 v _354_/A (sky130_fd_sc_hd__inv_2)
                  0.05    0.10    5.19 ^ _354_/Y (sky130_fd_sc_hd__inv_2)
     1    0.00                           _001_ (net)
                  0.05    0.00    5.19 ^ _425_/D (sky130_fd_sc_hd__dfrtp_1)
                                  5.19   data arrival time

                         10.00   10.00   clock clk (rise edge)
                          0.00   10.00   clock source latency
                  0.12    0.08   10.08 ^ clk (in)
     1    0.02                           clk (net)
                  0.12    0.00   10.08 ^ clkbuf_0_clk/A (sky130_fd_sc_hd__clkbuf_16)
                  0.10    0.26   10.34 ^ clkbuf_0_clk/X (sky130_fd_sc_hd__clkbuf_16)
     4    0.04                           clknet_0_clk (net)
                  0.10    0.00   10.34 ^ clkbuf_2_2__f_clk/A (sky130_fd_sc_hd__clkbuf_16)
                  0.08    0.24   10.58 ^ clkbuf_2_2__f_clk/X (sky130_fd_sc_hd__clkbuf_16)
    10    0.03                           clknet_2_2__leaf_clk (net)
                  0.09    0.00   10.58 ^ _425_/CLK (sky130_fd_sc_hd__dfrtp_1)
                         -0.25   10.33   clock uncertainty
                          0.04   10.37   clock reconvergence pessimism
                         -0.13   10.24   library setup time
                                 10.24   data required time
-----------------------------------------------------------------------------
                                 10.24   data required time
                                 -5.19   data arrival time
-----------------------------------------------------------------------------
                                  5.05   slack (MET)


Startpoint: _421_ (rising edge-triggered flip-flop clocked by clk)
Endpoint: _410_ (rising edge-triggered flip-flop clocked by clk)
Path Group: clk
Path Type: max
Corner: Slowest

Fanout     Cap    Slew   Delay    Time   Description
-----------------------------------------------------------------------------
                          0.00    0.00   clock clk (rise edge)
                          0.00    0.00   clock source latency
                  0.12    0.09    0.09 ^ clk (in)
     1    0.02                           clk (net)
                  0.12    0.00    0.09 ^ clkbuf_0_clk/A (sky130_fd_sc_hd__clkbuf_16)
                  0.10    0.29    0.38 ^ clkbuf_0_clk/X (sky130_fd_sc_hd__clkbuf_16)
     4    0.04                           clknet_0_clk (net)
                  0.10    0.00    0.38 ^ clkbuf_2_3__f_clk/A (sky130_fd_sc_hd__clkbuf_16)
                  0.09    0.27    0.65 ^ clkbuf_2_3__f_clk/X (sky130_fd_sc_hd__clkbuf_16)
    12    0.04                           clknet_2_3__leaf_clk (net)
                  0.09    0.00    0.65 ^ _421_/CLK (sky130_fd_sc_hd__dfrtp_1)
                  0.15    0.87    1.52 v _421_/Q (sky130_fd_sc_hd__dfrtp_1)
     3    0.01                           clk_count[13] (net)
                  0.15    0.00    1.52 v _205_/A (sky130_fd_sc_hd__or4_1)
                  0.20    1.34    2.86 v _205_/X (sky130_fd_sc_hd__or4_1)
     1    0.00                           _097_ (net)
                  0.20    0.00    2.86 v _209_/A (sky130_fd_sc_hd__nor4_1)
                  0.72    0.84    3.70 ^ _209_/Y (sky130_fd_sc_hd__nor4_1)
     2    0.01                           _101_ (net)
                  0.72    0.00    3.70 ^ max_cap25/A (sky130_fd_sc_hd__buf_1)
                  0.24    0.49    4.18 ^ max_cap25/X (sky130_fd_sc_hd__buf_1)
     3    0.01                           net25 (net)
                  0.24    0.00    4.18 ^ _273_/A (sky130_fd_sc_hd__inv_2)
                  0.06    0.13    4.31 v _273_/Y (sky130_fd_sc_hd__inv_2)
     2    0.01                           _144_ (net)
                  0.06    0.00    4.32 v _348_/A1 (sky130_fd_sc_hd__a32o_1)
                  0.07    0.41    4.72 v _348_/X (sky130_fd_sc_hd__a32o_1)
     1    0.00                           _052_ (net)
                  0.07    0.00    4.72 v _410_/D (sky130_fd_sc_hd__dfrtp_2)
                                  4.72   data arrival time

                         10.00   10.00   clock clk (rise edge)
                          0.00   10.00   clock source latency
                  0.12    0.08   10.08 ^ clk (in)
     1    0.02                           clk (net)
                  0.12    0.00   10.08 ^ clkbuf_0_clk/A (sky130_fd_sc_hd__clkbuf_16)
                  0.10    0.26   10.34 ^ clkbuf_0_clk/X (sky130_fd_sc_hd__clkbuf_16)
     4    0.04                           clknet_0_clk (net)
                  0.10    0.00   10.34 ^ clkbuf_2_0__f_clk/A (sky130_fd_sc_hd__clkbuf_16)
                  0.10    0.25   10.59 ^ clkbuf_2_0__f_clk/X (sky130_fd_sc_hd__clkbuf_16)
    14    0.04                           clknet_2_0__leaf_clk (net)
                  0.10    0.00   10.59 ^ _410_/CLK (sky130_fd_sc_hd__dfrtp_2)
                         -0.25   10.34   clock uncertainty
                          0.04   10.38   clock reconvergence pessimism
                         -0.27   10.11   library setup time
                                 10.11   data required time
-----------------------------------------------------------------------------
                                 10.11   data required time
                                 -4.72   data arrival time
-----------------------------------------------------------------------------
                                  5.39   slack (MET)


Startpoint: _436_ (rising edge-triggered flip-flop clocked by clk)
Endpoint: cs (output port clocked by clk)
Path Group: clk
Path Type: max
Corner: Slowest

Fanout     Cap    Slew   Delay    Time   Description
-----------------------------------------------------------------------------
                          0.00    0.00   clock clk (rise edge)
                          0.00    0.00   clock source latency
                  0.12    0.09    0.09 ^ clk (in)
     1    0.02                           clk (net)
                  0.12    0.00    0.09 ^ clkbuf_0_clk/A (sky130_fd_sc_hd__clkbuf_16)
                  0.10    0.29    0.38 ^ clkbuf_0_clk/X (sky130_fd_sc_hd__clkbuf_16)
     4    0.04                           clknet_0_clk (net)
                  0.10    0.00    0.38 ^ clkbuf_2_3__f_clk/A (sky130_fd_sc_hd__clkbuf_16)
                  0.09    0.27    0.65 ^ clkbuf_2_3__f_clk/X (sky130_fd_sc_hd__clkbuf_16)
    12    0.04                           clknet_2_3__leaf_clk (net)
                  0.09    0.00    0.65 ^ _436_/CLK (sky130_fd_sc_hd__dfstp_1)
                  0.14    1.18    1.84 ^ _436_/Q (sky130_fd_sc_hd__dfstp_1)
     2    0.01                           net13 (net)
                  0.14    0.00    1.84 ^ output13/A (sky130_fd_sc_hd__clkbuf_4)
                  0.18    0.38    2.22 ^ output13/X (sky130_fd_sc_hd__clkbuf_4)
     1    0.03                           cs (net)
                  0.18    0.00    2.22 ^ cs (out)
                                  2.22   data arrival time

                         10.00   10.00   clock clk (rise edge)
                          0.00   10.00   clock network delay (propagated)
                         -0.25    9.75   clock uncertainty
                          0.00    9.75   clock reconvergence pessimism
                         -2.00    7.75   output external delay
                                  7.75   data required time
-----------------------------------------------------------------------------
                                  7.75   data required time
                                 -2.22   data arrival time
-----------------------------------------------------------------------------
                                  5.53   slack (MET)


Startpoint: _421_ (rising edge-triggered flip-flop clocked by clk)
Endpoint: _435_ (rising edge-triggered flip-flop clocked by clk)
Path Group: clk
Path Type: max
Corner: Slowest

Fanout     Cap    Slew   Delay    Time   Description
-----------------------------------------------------------------------------
                          0.00    0.00   clock clk (rise edge)
                          0.00    0.00   clock source latency
                  0.12    0.09    0.09 ^ clk (in)
     1    0.02                           clk (net)
                  0.12    0.00    0.09 ^ clkbuf_0_clk/A (sky130_fd_sc_hd__clkbuf_16)
                  0.10    0.29    0.38 ^ clkbuf_0_clk/X (sky130_fd_sc_hd__clkbuf_16)
     4    0.04                           clknet_0_clk (net)
                  0.10    0.00    0.38 ^ clkbuf_2_3__f_clk/A (sky130_fd_sc_hd__clkbuf_16)
                  0.09    0.27    0.65 ^ clkbuf_2_3__f_clk/X (sky130_fd_sc_hd__clkbuf_16)
    12    0.04                           clknet_2_3__leaf_clk (net)
                  0.09    0.00    0.65 ^ _421_/CLK (sky130_fd_sc_hd__dfrtp_1)
                  0.15    0.87    1.52 v _421_/Q (sky130_fd_sc_hd__dfrtp_1)
     3    0.01                           clk_count[13] (net)
                  0.15    0.00    1.52 v _205_/A (sky130_fd_sc_hd__or4_1)
                  0.20    1.34    2.86 v _205_/X (sky130_fd_sc_hd__or4_1)
     1    0.00                           _097_ (net)
                  0.20    0.00    2.86 v _209_/A (sky130_fd_sc_hd__nor4_1)
                  0.72    0.84    3.70 ^ _209_/Y (sky130_fd_sc_hd__nor4_1)
     2    0.01                           _101_ (net)
                  0.72    0.00    3.70 ^ max_cap25/A (sky130_fd_sc_hd__buf_1)
                  0.24    0.49    4.18 ^ max_cap25/X (sky130_fd_sc_hd__buf_1)
     3    0.01                           net25 (net)
                  0.24    0.00    4.18 ^ _273_/A (sky130_fd_sc_hd__inv_2)
                  0.06    0.13    4.31 v _273_/Y (sky130_fd_sc_hd__inv_2)
     2    0.01                           _144_ (net)
                  0.06    0.00    4.32 v _274_/A2 (sky130_fd_sc_hd__a21oi_1)
                  0.17    0.24    4.55 ^ _274_/Y (sky130_fd_sc_hd__a21oi_1)
     1    0.00                           _075_ (net)
                  0.17    0.00    4.55 ^ _435_/D (sky130_fd_sc_hd__dfrtp_2)
                                  4.55   data arrival time

                         10.00   10.00   clock clk (rise edge)
                          0.00   10.00   clock source latency
                  0.12    0.08   10.08 ^ clk (in)
     1    0.02                           clk (net)
                  0.12    0.00   10.08 ^ clkbuf_0_clk/A (sky130_fd_sc_hd__clkbuf_16)
                  0.10    0.26   10.34 ^ clkbuf_0_clk/X (sky130_fd_sc_hd__clkbuf_16)
     4    0.04                           clknet_0_clk (net)
                  0.10    0.00   10.34 ^ clkbuf_2_0__f_clk/A (sky130_fd_sc_hd__clkbuf_16)
                  0.10    0.25   10.59 ^ clkbuf_2_0__f_clk/X (sky130_fd_sc_hd__clkbuf_16)
    14    0.04                           clknet_2_0__leaf_clk (net)
                  0.10    0.00   10.60 ^ _435_/CLK (sky130_fd_sc_hd__dfrtp_2)
                         -0.25   10.35   clock uncertainty
                          0.04   10.38   clock reconvergence pessimism
                         -0.16   10.22   library setup time
                                 10.22   data required time
-----------------------------------------------------------------------------
                                 10.22   data required time
                                 -4.55   data arrival time
-----------------------------------------------------------------------------
                                  5.67   slack (MET)


Startpoint: _435_ (rising edge-triggered flip-flop clocked by clk)
Endpoint: sclk (output port clocked by clk)
Path Group: clk
Path Type: max
Corner: Slowest

Fanout     Cap    Slew   Delay    Time   Description
-----------------------------------------------------------------------------
                          0.00    0.00   clock clk (rise edge)
                          0.00    0.00   clock source latency
                  0.12    0.09    0.09 ^ clk (in)
     1    0.02                           clk (net)
                  0.12    0.00    0.09 ^ clkbuf_0_clk/A (sky130_fd_sc_hd__clkbuf_16)
                  0.10    0.29    0.38 ^ clkbuf_0_clk/X (sky130_fd_sc_hd__clkbuf_16)
     4    0.04                           clknet_0_clk (net)
                  0.10    0.00    0.38 ^ clkbuf_2_0__f_clk/A (sky130_fd_sc_hd__clkbuf_16)
                  0.10    0.28    0.66 ^ clkbuf_2_0__f_clk/X (sky130_fd_sc_hd__clkbuf_16)
    14    0.04                           clknet_2_0__leaf_clk (net)
                  0.10    0.00    0.66 ^ _435_/CLK (sky130_fd_sc_hd__dfrtp_2)
                  0.16    0.97    1.63 v _435_/Q (sky130_fd_sc_hd__dfrtp_2)
     4    0.02                           net24 (net)
                  0.16    0.00    1.63 v output24/A (sky130_fd_sc_hd__buf_2)
                  0.16    0.41    2.04 v output24/X (sky130_fd_sc_hd__buf_2)
     1    0.03                           sclk (net)
                  0.16    0.00    2.04 v sclk (out)
                                  2.04   data arrival time

                         10.00   10.00   clock clk (rise edge)
                          0.00   10.00   clock network delay (propagated)
                         -0.25    9.75   clock uncertainty
                          0.00    9.75   clock reconvergence pessimism
                         -2.00    7.75   output external delay
                                  7.75   data required time
-----------------------------------------------------------------------------
                                  7.75   data required time
                                 -2.04   data arrival time
-----------------------------------------------------------------------------
                                  5.71   slack (MET)


Startpoint: _424_ (rising edge-triggered flip-flop clocked by clk)
Endpoint: busy (output port clocked by clk)
Path Group: clk
Path Type: max
Corner: Slowest

Fanout     Cap    Slew   Delay    Time   Description
-----------------------------------------------------------------------------
                          0.00    0.00   clock clk (rise edge)
                          0.00    0.00   clock source latency
                  0.12    0.09    0.09 ^ clk (in)
     1    0.02                           clk (net)
                  0.12    0.00    0.09 ^ clkbuf_0_clk/A (sky130_fd_sc_hd__clkbuf_16)
                  0.10    0.29    0.38 ^ clkbuf_0_clk/X (sky130_fd_sc_hd__clkbuf_16)
     4    0.04                           clknet_0_clk (net)
                  0.10    0.00    0.38 ^ clkbuf_2_3__f_clk/A (sky130_fd_sc_hd__clkbuf_16)
                  0.09    0.27    0.65 ^ clkbuf_2_3__f_clk/X (sky130_fd_sc_hd__clkbuf_16)
    12    0.04                           clknet_2_3__leaf_clk (net)
                  0.09    0.00    0.65 ^ _424_/CLK (sky130_fd_sc_hd__dfrtp_2)
                  0.15    0.96    1.61 v _424_/Q (sky130_fd_sc_hd__dfrtp_2)
     4    0.02                           net12 (net)
                  0.15    0.00    1.61 v output12/A (sky130_fd_sc_hd__buf_2)
                  0.16    0.40    2.02 v output12/X (sky130_fd_sc_hd__buf_2)
     1    0.03                           busy (net)
                  0.16    0.00    2.02 v busy (out)
                                  2.02   data arrival time

                         10.00   10.00   clock clk (rise edge)
                          0.00   10.00   clock network delay (propagated)
                         -0.25    9.75   clock uncertainty
                          0.00    9.75   clock reconvergence pessimism
                         -2.00    7.75   output external delay
                                  7.75   data required time
-----------------------------------------------------------------------------
                                  7.75   data required time
                                 -2.02   data arrival time
-----------------------------------------------------------------------------
                                  5.73   slack (MET)


Startpoint: _430_ (rising edge-triggered flip-flop clocked by clk)
Endpoint: rx_data[4] (output port clocked by clk)
Path Group: clk
Path Type: max
Corner: Slowest

Fanout     Cap    Slew   Delay    Time   Description
-----------------------------------------------------------------------------
                          0.00    0.00   clock clk (rise edge)
                          0.00    0.00   clock source latency
                  0.12    0.09    0.09 ^ clk (in)
     1    0.02                           clk (net)
                  0.12    0.00    0.09 ^ clkbuf_0_clk/A (sky130_fd_sc_hd__clkbuf_16)
                  0.10    0.29    0.38 ^ clkbuf_0_clk/X (sky130_fd_sc_hd__clkbuf_16)
     4    0.04                           clknet_0_clk (net)
                  0.10    0.00    0.38 ^ clkbuf_2_0__f_clk/A (sky130_fd_sc_hd__clkbuf_16)
                  0.10    0.28    0.66 ^ clkbuf_2_0__f_clk/X (sky130_fd_sc_hd__clkbuf_16)
    14    0.04                           clknet_2_0__leaf_clk (net)
                  0.10    0.00    0.66 ^ _430_/CLK (sky130_fd_sc_hd__dfrtp_1)
                  0.16    0.88    1.54 v _430_/Q (sky130_fd_sc_hd__dfrtp_1)
     2    0.01                           net20 (net)
                  0.16    0.00    1.54 v output20/A (sky130_fd_sc_hd__clkbuf_4)
                  0.14    0.39    1.93 v output20/X (sky130_fd_sc_hd__clkbuf_4)
     1    0.03                           rx_data[4] (net)
                  0.14    0.00    1.93 v rx_data[4] (out)
                                  1.93   data arrival time

                         10.00   10.00   clock clk (rise edge)
                          0.00   10.00   clock network delay (propagated)
                         -0.25    9.75   clock uncertainty
                          0.00    9.75   clock reconvergence pessimism
                         -2.00    7.75   output external delay
                                  7.75   data required time
-----------------------------------------------------------------------------
                                  7.75   data required time
                                 -1.93   data arrival time
-----------------------------------------------------------------------------
                                  5.82   slack (MET)


Startpoint: _434_ (rising edge-triggered flip-flop clocked by clk)
Endpoint: mosi (output port clocked by clk)
Path Group: clk
Path Type: max
Corner: Slowest

Fanout     Cap    Slew   Delay    Time   Description
-----------------------------------------------------------------------------
                          0.00    0.00   clock clk (rise edge)
                          0.00    0.00   clock source latency
                  0.12    0.09    0.09 ^ clk (in)
     1    0.02                           clk (net)
                  0.12    0.00    0.09 ^ clkbuf_0_clk/A (sky130_fd_sc_hd__clkbuf_16)
                  0.10    0.29    0.38 ^ clkbuf_0_clk/X (sky130_fd_sc_hd__clkbuf_16)
     4    0.04                           clknet_0_clk (net)
                  0.10    0.00    0.38 ^ clkbuf_2_1__f_clk/A (sky130_fd_sc_hd__clkbuf_16)
                  0.09    0.27    0.65 ^ clkbuf_2_1__f_clk/X (sky130_fd_sc_hd__clkbuf_16)
    12    0.04                           clknet_2_1__leaf_clk (net)
                  0.09    0.00    0.65 ^ _434_/CLK (sky130_fd_sc_hd__dfrtp_1)
                  0.15    0.86    1.51 v _434_/Q (sky130_fd_sc_hd__dfrtp_1)
     2    0.01                           net15 (net)
                  0.15    0.00    1.51 v output15/A (sky130_fd_sc_hd__clkbuf_4)
                  0.14    0.38    1.90 v output15/X (sky130_fd_sc_hd__clkbuf_4)
     1    0.03                           mosi (net)
                  0.14    0.00    1.90 v mosi (out)
                                  1.90   data arrival time

                         10.00   10.00   clock clk (rise edge)
                          0.00   10.00   clock network delay (propagated)
                         -0.25    9.75   clock uncertainty
                          0.00    9.75   clock reconvergence pessimism
                         -2.00    7.75   output external delay
                                  7.75   data required time
-----------------------------------------------------------------------------
                                  7.75   data required time
                                 -1.90   data arrival time
-----------------------------------------------------------------------------
                                  5.85   slack (MET)


Startpoint: _428_ (rising edge-triggered flip-flop clocked by clk)
Endpoint: rx_data[2] (output port clocked by clk)
Path Group: clk
Path Type: max
Corner: Slowest

Fanout     Cap    Slew   Delay    Time   Description
-----------------------------------------------------------------------------
                          0.00    0.00   clock clk (rise edge)
                          0.00    0.00   clock source latency
                  0.12    0.09    0.09 ^ clk (in)
     1    0.02                           clk (net)
                  0.12    0.00    0.09 ^ clkbuf_0_clk/A (sky130_fd_sc_hd__clkbuf_16)
                  0.10    0.29    0.38 ^ clkbuf_0_clk/X (sky130_fd_sc_hd__clkbuf_16)
     4    0.04                           clknet_0_clk (net)
                  0.10    0.00    0.38 ^ clkbuf_2_0__f_clk/A (sky130_fd_sc_hd__clkbuf_16)
                  0.10    0.28    0.66 ^ clkbuf_2_0__f_clk/X (sky130_fd_sc_hd__clkbuf_16)
    14    0.04                           clknet_2_0__leaf_clk (net)
                  0.10    0.00    0.66 ^ _428_/CLK (sky130_fd_sc_hd__dfrtp_1)
                  0.13    0.85    1.51 v _428_/Q (sky130_fd_sc_hd__dfrtp_1)
     2    0.01                           net18 (net)
                  0.13    0.00    1.51 v output18/A (sky130_fd_sc_hd__clkbuf_4)
                  0.14    0.37    1.88 v output18/X (sky130_fd_sc_hd__clkbuf_4)
     1    0.03                           rx_data[2] (net)
                  0.14    0.00    1.88 v rx_data[2] (out)
                                  1.88   data arrival time

                         10.00   10.00   clock clk (rise edge)
                          0.00   10.00   clock network delay (propagated)
                         -0.25    9.75   clock uncertainty
                          0.00    9.75   clock reconvergence pessimism
                         -2.00    7.75   output external delay
                                  7.75   data required time
-----------------------------------------------------------------------------
                                  7.75   data required time
                                 -1.88   data arrival time
-----------------------------------------------------------------------------
                                  5.87   slack (MET)


Startpoint: _408_ (rising edge-triggered flip-flop clocked by clk)
Endpoint: _419_ (rising edge-triggered flip-flop clocked by clk)
Path Group: clk
Path Type: max
Corner: Slowest

Fanout     Cap    Slew   Delay    Time   Description
-----------------------------------------------------------------------------
                          0.00    0.00   clock clk (rise edge)
                          0.00    0.00   clock source latency
                  0.12    0.09    0.09 ^ clk (in)
     1    0.02                           clk (net)
                  0.12    0.00    0.09 ^ clkbuf_0_clk/A (sky130_fd_sc_hd__clkbuf_16)
                  0.10    0.29    0.38 ^ clkbuf_0_clk/X (sky130_fd_sc_hd__clkbuf_16)
     4    0.04                           clknet_0_clk (net)
                  0.10    0.00    0.38 ^ clkbuf_2_0__f_clk/A (sky130_fd_sc_hd__clkbuf_16)
                  0.10    0.28    0.66 ^ clkbuf_2_0__f_clk/X (sky130_fd_sc_hd__clkbuf_16)
    14    0.04                           clknet_2_0__leaf_clk (net)
                  0.10    0.00    0.66 ^ _408_/CLK (sky130_fd_sc_hd__dfrtp_4)
                  0.19    0.97    1.62 ^ _408_/Q (sky130_fd_sc_hd__dfrtp_4)
     8    0.03                           clk_count[0] (net)
                  0.19    0.00    1.62 ^ _296_/D (sky130_fd_sc_hd__and4_2)
                  0.24    0.70    2.32 ^ _296_/X (sky130_fd_sc_hd__and4_2)
     7    0.02                           _157_ (net)
                  0.24    0.00    2.32 ^ _313_/C (sky130_fd_sc_hd__and4_1)
                  0.14    0.51    2.83 ^ _313_/X (sky130_fd_sc_hd__and4_1)
     2    0.01                           _170_ (net)
                  0.14    0.00    2.83 ^ _314_/B (sky130_fd_sc_hd__nand2_1)
                  0.12    0.18    3.01 v _314_/Y (sky130_fd_sc_hd__nand2_1)
     2    0.01                           _171_ (net)
                  0.12    0.00    3.01 v _316_/A2 (sky130_fd_sc_hd__a21o_1)
                  0.08    0.37    3.39 v _316_/X (sky130_fd_sc_hd__a21o_1)
     2    0.00                           _173_ (net)
                  0.08    0.00    3.39 v _317_/A1 (sky130_fd_sc_hd__mux2_1)
                  0.10    0.67    4.06 v _317_/X (sky130_fd_sc_hd__mux2_1)
     1    0.00                           _174_ (net)
                  0.10    0.00    4.06 v _318_/A (sky130_fd_sc_hd__clkbuf_1)
                  0.05    0.18    4.24 v _318_/X (sky130_fd_sc_hd__clkbuf_1)
     1    0.00                           _061_ (net)
                  0.05    0.00    4.24 v _419_/D (sky130_fd_sc_hd__dfrtp_1)
                                  4.24   data arrival time

                         10.00   10.00   clock clk (rise edge)
                          0.00   10.00   clock source latency
                  0.12    0.08   10.08 ^ clk (in)
     1    0.02                           clk (net)
                  0.12    0.00   10.08 ^ clkbuf_0_clk/A (sky130_fd_sc_hd__clkbuf_16)
                  0.10    0.26   10.34 ^ clkbuf_0_clk/X (sky130_fd_sc_hd__clkbuf_16)
     4    0.04                           clknet_0_clk (net)
                  0.10    0.00   10.34 ^ clkbuf_2_3__f_clk/A (sky130_fd_sc_hd__clkbuf_16)
                  0.09    0.25   10.59 ^ clkbuf_2_3__f_clk/X (sky130_fd_sc_hd__clkbuf_16)
    12    0.04                           clknet_2_3__leaf_clk (net)
                  0.09    0.00   10.59 ^ _419_/CLK (sky130_fd_sc_hd__dfrtp_1)
                         -0.25   10.34   clock uncertainty
                          0.04   10.38   clock reconvergence pessimism
                         -0.26   10.12   library setup time
                                 10.12   data required time
-----------------------------------------------------------------------------
                                 10.12   data required time
                                 -4.24   data arrival time
-----------------------------------------------------------------------------
                                  5.87   slack (MET)


Startpoint: _431_ (rising edge-triggered flip-flop clocked by clk)
Endpoint: rx_data[5] (output port clocked by clk)
Path Group: clk
Path Type: max
Corner: Slowest

Fanout     Cap    Slew   Delay    Time   Description
-----------------------------------------------------------------------------
                          0.00    0.00   clock clk (rise edge)
                          0.00    0.00   clock source latency
                  0.12    0.09    0.09 ^ clk (in)
     1    0.02                           clk (net)
                  0.12    0.00    0.09 ^ clkbuf_0_clk/A (sky130_fd_sc_hd__clkbuf_16)
                  0.10    0.29    0.38 ^ clkbuf_0_clk/X (sky130_fd_sc_hd__clkbuf_16)
     4    0.04                           clknet_0_clk (net)
                  0.10    0.00    0.38 ^ clkbuf_2_0__f_clk/A (sky130_fd_sc_hd__clkbuf_16)
                  0.10    0.28    0.66 ^ clkbuf_2_0__f_clk/X (sky130_fd_sc_hd__clkbuf_16)
    14    0.04                           clknet_2_0__leaf_clk (net)
                  0.10    0.00    0.66 ^ _431_/CLK (sky130_fd_sc_hd__dfrtp_1)
                  0.12    0.83    1.49 v _431_/Q (sky130_fd_sc_hd__dfrtp_1)
     2    0.01                           net21 (net)
                  0.12    0.00    1.49 v output21/A (sky130_fd_sc_hd__clkbuf_4)
                  0.14    0.37    1.86 v output21/X (sky130_fd_sc_hd__clkbuf_4)
     1    0.03                           rx_data[5] (net)
                  0.14    0.00    1.86 v rx_data[5] (out)
                                  1.86   data arrival time

                         10.00   10.00   clock clk (rise edge)
                          0.00   10.00   clock network delay (propagated)
                         -0.25    9.75   clock uncertainty
                          0.00    9.75   clock reconvergence pessimism
                         -2.00    7.75   output external delay
                                  7.75   data required time
-----------------------------------------------------------------------------
                                  7.75   data required time
                                 -1.86   data arrival time
-----------------------------------------------------------------------------
                                  5.89   slack (MET)


Startpoint: _429_ (rising edge-triggered flip-flop clocked by clk)
Endpoint: rx_data[3] (output port clocked by clk)
Path Group: clk
Path Type: max
Corner: Slowest

Fanout     Cap    Slew   Delay    Time   Description
-----------------------------------------------------------------------------
                          0.00    0.00   clock clk (rise edge)
                          0.00    0.00   clock source latency
                  0.12    0.09    0.09 ^ clk (in)
     1    0.02                           clk (net)
                  0.12    0.00    0.09 ^ clkbuf_0_clk/A (sky130_fd_sc_hd__clkbuf_16)
                  0.10    0.29    0.38 ^ clkbuf_0_clk/X (sky130_fd_sc_hd__clkbuf_16)
     4    0.04                           clknet_0_clk (net)
                  0.10    0.00    0.38 ^ clkbuf_2_0__f_clk/A (sky130_fd_sc_hd__clkbuf_16)
                  0.10    0.28    0.66 ^ clkbuf_2_0__f_clk/X (sky130_fd_sc_hd__clkbuf_16)
    14    0.04                           clknet_2_0__leaf_clk (net)
                  0.10    0.00    0.66 ^ _429_/CLK (sky130_fd_sc_hd__dfrtp_1)
                  0.12    0.83    1.49 v _429_/Q (sky130_fd_sc_hd__dfrtp_1)
     2    0.01                           net19 (net)
                  0.12    0.00    1.49 v output19/A (sky130_fd_sc_hd__clkbuf_4)
                  0.14    0.36    1.86 v output19/X (sky130_fd_sc_hd__clkbuf_4)
     1    0.03                           rx_data[3] (net)
                  0.14    0.00    1.86 v rx_data[3] (out)
                                  1.86   data arrival time

                         10.00   10.00   clock clk (rise edge)
                          0.00   10.00   clock network delay (propagated)
                         -0.25    9.75   clock uncertainty
                          0.00    9.75   clock reconvergence pessimism
                         -2.00    7.75   output external delay
                                  7.75   data required time
-----------------------------------------------------------------------------
                                  7.75   data required time
                                 -1.86   data arrival time
-----------------------------------------------------------------------------
                                  5.89   slack (MET)


Startpoint: _427_ (rising edge-triggered flip-flop clocked by clk)
Endpoint: rx_data[1] (output port clocked by clk)
Path Group: clk
Path Type: max
Corner: Slowest

Fanout     Cap    Slew   Delay    Time   Description
-----------------------------------------------------------------------------
                          0.00    0.00   clock clk (rise edge)
                          0.00    0.00   clock source latency
                  0.12    0.09    0.09 ^ clk (in)
     1    0.02                           clk (net)
                  0.12    0.00    0.09 ^ clkbuf_0_clk/A (sky130_fd_sc_hd__clkbuf_16)
                  0.10    0.29    0.38 ^ clkbuf_0_clk/X (sky130_fd_sc_hd__clkbuf_16)
     4    0.04                           clknet_0_clk (net)
                  0.10    0.00    0.38 ^ clkbuf_2_1__f_clk/A (sky130_fd_sc_hd__clkbuf_16)
                  0.09    0.27    0.65 ^ clkbuf_2_1__f_clk/X (sky130_fd_sc_hd__clkbuf_16)
    12    0.04                           clknet_2_1__leaf_clk (net)
                  0.09    0.00    0.65 ^ _427_/CLK (sky130_fd_sc_hd__dfrtp_1)
                  0.12    0.83    1.48 v _427_/Q (sky130_fd_sc_hd__dfrtp_1)
     2    0.01                           net17 (net)
                  0.12    0.00    1.48 v output17/A (sky130_fd_sc_hd__clkbuf_4)
                  0.14    0.37    1.85 v output17/X (sky130_fd_sc_hd__clkbuf_4)
     1    0.03                           rx_data[1] (net)
                  0.14    0.00    1.85 v rx_data[1] (out)
                                  1.85   data arrival time

                         10.00   10.00   clock clk (rise edge)
                          0.00   10.00   clock network delay (propagated)
                         -0.25    9.75   clock uncertainty
                          0.00    9.75   clock reconvergence pessimism
                         -2.00    7.75   output external delay
                                  7.75   data required time
-----------------------------------------------------------------------------
                                  7.75   data required time
                                 -1.85   data arrival time
-----------------------------------------------------------------------------
                                  5.90   slack (MET)


Startpoint: _432_ (rising edge-triggered flip-flop clocked by clk)
Endpoint: rx_data[6] (output port clocked by clk)
Path Group: clk
Path Type: max
Corner: Slowest

Fanout     Cap    Slew   Delay    Time   Description
-----------------------------------------------------------------------------
                          0.00    0.00   clock clk (rise edge)
                          0.00    0.00   clock source latency
                  0.12    0.09    0.09 ^ clk (in)
     1    0.02                           clk (net)
                  0.12    0.00    0.09 ^ clkbuf_0_clk/A (sky130_fd_sc_hd__clkbuf_16)
                  0.10    0.29    0.38 ^ clkbuf_0_clk/X (sky130_fd_sc_hd__clkbuf_16)
     4    0.04                           clknet_0_clk (net)
                  0.10    0.00    0.38 ^ clkbuf_2_0__f_clk/A (sky130_fd_sc_hd__clkbuf_16)
                  0.10    0.28    0.66 ^ clkbuf_2_0__f_clk/X (sky130_fd_sc_hd__clkbuf_16)
    14    0.04                           clknet_2_0__leaf_clk (net)
                  0.10    0.00    0.66 ^ _432_/CLK (sky130_fd_sc_hd__dfrtp_1)
                  0.11    0.82    1.48 v _432_/Q (sky130_fd_sc_hd__dfrtp_1)
     2    0.01                           net22 (net)
                  0.11    0.00    1.48 v output22/A (sky130_fd_sc_hd__clkbuf_4)
                  0.14    0.36    1.84 v output22/X (sky130_fd_sc_hd__clkbuf_4)
     1    0.03                           rx_data[6] (net)
                  0.14    0.00    1.84 v rx_data[6] (out)
                                  1.84   data arrival time

                         10.00   10.00   clock clk (rise edge)
                          0.00   10.00   clock network delay (propagated)
                         -0.25    9.75   clock uncertainty
                          0.00    9.75   clock reconvergence pessimism
                         -2.00    7.75   output external delay
                                  7.75   data required time
-----------------------------------------------------------------------------
                                  7.75   data required time
                                 -1.84   data arrival time
-----------------------------------------------------------------------------
                                  5.91   slack (MET)


Startpoint: _433_ (rising edge-triggered flip-flop clocked by clk)
Endpoint: rx_data[7] (output port clocked by clk)
Path Group: clk
Path Type: max
Corner: Slowest

Fanout     Cap    Slew   Delay    Time   Description
-----------------------------------------------------------------------------
                          0.00    0.00   clock clk (rise edge)
                          0.00    0.00   clock source latency
                  0.12    0.09    0.09 ^ clk (in)
     1    0.02                           clk (net)
                  0.12    0.00    0.09 ^ clkbuf_0_clk/A (sky130_fd_sc_hd__clkbuf_16)
                  0.10    0.29    0.38 ^ clkbuf_0_clk/X (sky130_fd_sc_hd__clkbuf_16)
     4    0.04                           clknet_0_clk (net)
                  0.10    0.00    0.38 ^ clkbuf_2_1__f_clk/A (sky130_fd_sc_hd__clkbuf_16)
                  0.09    0.27    0.65 ^ clkbuf_2_1__f_clk/X (sky130_fd_sc_hd__clkbuf_16)
    12    0.04                           clknet_2_1__leaf_clk (net)
                  0.09    0.00    0.65 ^ _433_/CLK (sky130_fd_sc_hd__dfrtp_1)
                  0.11    0.83    1.48 v _433_/Q (sky130_fd_sc_hd__dfrtp_1)
     2    0.01                           net23 (net)
                  0.11    0.00    1.48 v output23/A (sky130_fd_sc_hd__clkbuf_4)
                  0.14    0.36    1.84 v output23/X (sky130_fd_sc_hd__clkbuf_4)
     1    0.03                           rx_data[7] (net)
                  0.14    0.00    1.84 v rx_data[7] (out)
                                  1.84   data arrival time

                         10.00   10.00   clock clk (rise edge)
                          0.00   10.00   clock network delay (propagated)
                         -0.25    9.75   clock uncertainty
                          0.00    9.75   clock reconvergence pessimism
                         -2.00    7.75   output external delay
                                  7.75   data required time
-----------------------------------------------------------------------------
                                  7.75   data required time
                                 -1.84   data arrival time
-----------------------------------------------------------------------------
                                  5.91   slack (MET)


Startpoint: _426_ (rising edge-triggered flip-flop clocked by clk)
Endpoint: rx_data[0] (output port clocked by clk)
Path Group: clk
Path Type: max
Corner: Slowest

Fanout     Cap    Slew   Delay    Time   Description
-----------------------------------------------------------------------------
                          0.00    0.00   clock clk (rise edge)
                          0.00    0.00   clock source latency
                  0.12    0.09    0.09 ^ clk (in)
     1    0.02                           clk (net)
                  0.12    0.00    0.09 ^ clkbuf_0_clk/A (sky130_fd_sc_hd__clkbuf_16)
                  0.10    0.29    0.38 ^ clkbuf_0_clk/X (sky130_fd_sc_hd__clkbuf_16)
     4    0.04                           clknet_0_clk (net)
                  0.10    0.00    0.38 ^ clkbuf_2_3__f_clk/A (sky130_fd_sc_hd__clkbuf_16)
                  0.09    0.27    0.65 ^ clkbuf_2_3__f_clk/X (sky130_fd_sc_hd__clkbuf_16)
    12    0.04                           clknet_2_3__leaf_clk (net)
                  0.09    0.00    0.65 ^ _426_/CLK (sky130_fd_sc_hd__dfrtp_1)
                  0.11    0.82    1.47 v _426_/Q (sky130_fd_sc_hd__dfrtp_1)
     2    0.01                           net16 (net)
                  0.11    0.00    1.47 v output16/A (sky130_fd_sc_hd__clkbuf_4)
                  0.14    0.36    1.83 v output16/X (sky130_fd_sc_hd__clkbuf_4)
     1    0.03                           rx_data[0] (net)
                  0.14    0.00    1.83 v rx_data[0] (out)
                                  1.83   data arrival time

                         10.00   10.00   clock clk (rise edge)
                          0.00   10.00   clock network delay (propagated)
                         -0.25    9.75   clock uncertainty
                          0.00    9.75   clock reconvergence pessimism
                         -2.00    7.75   output external delay
                                  7.75   data required time
-----------------------------------------------------------------------------
                                  7.75   data required time
                                 -1.83   data arrival time
-----------------------------------------------------------------------------
                                  5.92   slack (MET)


Startpoint: _425_ (rising edge-triggered flip-flop clocked by clk)
Endpoint: done (output port clocked by clk)
Path Group: clk
Path Type: max
Corner: Slowest

Fanout     Cap    Slew   Delay    Time   Description
-----------------------------------------------------------------------------
                          0.00    0.00   clock clk (rise edge)
                          0.00    0.00   clock source latency
                  0.12    0.09    0.09 ^ clk (in)
     1    0.02                           clk (net)
                  0.12    0.00    0.09 ^ clkbuf_0_clk/A (sky130_fd_sc_hd__clkbuf_16)
                  0.10    0.29    0.38 ^ clkbuf_0_clk/X (sky130_fd_sc_hd__clkbuf_16)
     4    0.04                           clknet_0_clk (net)
                  0.10    0.00    0.38 ^ clkbuf_2_2__f_clk/A (sky130_fd_sc_hd__clkbuf_16)
                  0.08    0.26    0.64 ^ clkbuf_2_2__f_clk/X (sky130_fd_sc_hd__clkbuf_16)
    10    0.03                           clknet_2_2__leaf_clk (net)
                  0.09    0.00    0.64 ^ _425_/CLK (sky130_fd_sc_hd__dfrtp_1)
                  0.09    0.79    1.43 v _425_/Q (sky130_fd_sc_hd__dfrtp_1)
     1    0.00                           net14 (net)
                  0.09    0.00    1.43 v output14/A (sky130_fd_sc_hd__clkbuf_4)
                  0.14    0.35    1.78 v output14/X (sky130_fd_sc_hd__clkbuf_4)
     1    0.04                           done (net)
                  0.14    0.00    1.78 v done (out)
                                  1.78   data arrival time

                         10.00   10.00   clock clk (rise edge)
                          0.00   10.00   clock network delay (propagated)
                         -0.25    9.75   clock uncertainty
                          0.00    9.75   clock reconvergence pessimism
                         -2.00    7.75   output external delay
                                  7.75   data required time
-----------------------------------------------------------------------------
                                  7.75   data required time
                                 -1.78   data arrival time
-----------------------------------------------------------------------------
                                  5.97   slack (MET)


Startpoint: _408_ (rising edge-triggered flip-flop clocked by clk)
Endpoint: _415_ (rising edge-triggered flip-flop clocked by clk)
Path Group: clk
Path Type: max
Corner: Slowest

Fanout     Cap    Slew   Delay    Time   Description
-----------------------------------------------------------------------------
                          0.00    0.00   clock clk (rise edge)
                          0.00    0.00   clock source latency
                  0.12    0.09    0.09 ^ clk (in)
     1    0.02                           clk (net)
                  0.12    0.00    0.09 ^ clkbuf_0_clk/A (sky130_fd_sc_hd__clkbuf_16)
                  0.10    0.29    0.38 ^ clkbuf_0_clk/X (sky130_fd_sc_hd__clkbuf_16)
     4    0.04                           clknet_0_clk (net)
                  0.10    0.00    0.38 ^ clkbuf_2_0__f_clk/A (sky130_fd_sc_hd__clkbuf_16)
                  0.10    0.28    0.66 ^ clkbuf_2_0__f_clk/X (sky130_fd_sc_hd__clkbuf_16)
    14    0.04                           clknet_2_0__leaf_clk (net)
                  0.10    0.00    0.66 ^ _408_/CLK (sky130_fd_sc_hd__dfrtp_4)
                  0.17    1.14    1.79 v _408_/Q (sky130_fd_sc_hd__dfrtp_4)
     8    0.03                           clk_count[0] (net)
                  0.17    0.00    1.80 v _296_/D (sky130_fd_sc_hd__and4_2)
                  0.15    0.67    2.46 v _296_/X (sky130_fd_sc_hd__and4_2)
     7    0.02                           _157_ (net)
                  0.15    0.00    2.46 v _328_/C (sky130_fd_sc_hd__and3_1)
                  0.11    0.46    2.93 v _328_/X (sky130_fd_sc_hd__and3_1)
     3    0.01                           _181_ (net)
                  0.11    0.00    2.93 v _329_/C (sky130_fd_sc_hd__and3_1)
                  0.06    0.38    3.31 v _329_/X (sky130_fd_sc_hd__and3_1)
     1    0.00                           _182_ (net)
                  0.06    0.00    3.31 v _332_/A0 (sky130_fd_sc_hd__mux2_1)
                  0.11    0.65    3.96 v _332_/X (sky130_fd_sc_hd__mux2_1)
     1    0.00                           _185_ (net)
                  0.11    0.00    3.96 v _333_/A (sky130_fd_sc_hd__clkbuf_1)
                  0.04    0.18    4.14 v _333_/X (sky130_fd_sc_hd__clkbuf_1)
     1    0.00                           _057_ (net)
                  0.04    0.00    4.14 v _415_/D (sky130_fd_sc_hd__dfrtp_1)
                                  4.14   data arrival time

                         10.00   10.00   clock clk (rise edge)
                          0.00   10.00   clock source latency
                  0.12    0.08   10.08 ^ clk (in)
     1    0.02                           clk (net)
                  0.12    0.00   10.08 ^ clkbuf_0_clk/A (sky130_fd_sc_hd__clkbuf_16)
                  0.10    0.26   10.34 ^ clkbuf_0_clk/X (sky130_fd_sc_hd__clkbuf_16)
     4    0.04                           clknet_0_clk (net)
                  0.10    0.00   10.34 ^ clkbuf_2_2__f_clk/A (sky130_fd_sc_hd__clkbuf_16)
                  0.08    0.24   10.58 ^ clkbuf_2_2__f_clk/X (sky130_fd_sc_hd__clkbuf_16)
    10    0.03                           clknet_2_2__leaf_clk (net)
                  0.09    0.00   10.58 ^ _415_/CLK (sky130_fd_sc_hd__dfrtp_1)
                         -0.25   10.33   clock uncertainty
                          0.04   10.37   clock reconvergence pessimism
                         -0.26   10.11   library setup time
                                 10.11   data required time
-----------------------------------------------------------------------------
                                 10.11   data required time
                                 -4.14   data arrival time
-----------------------------------------------------------------------------
                                  5.97   slack (MET)


Startpoint: _408_ (rising edge-triggered flip-flop clocked by clk)
Endpoint: _421_ (rising edge-triggered flip-flop clocked by clk)
Path Group: clk
Path Type: max
Corner: Slowest

Fanout     Cap    Slew   Delay    Time   Description
-----------------------------------------------------------------------------
                          0.00    0.00   clock clk (rise edge)
                          0.00    0.00   clock source latency
                  0.12    0.09    0.09 ^ clk (in)
     1    0.02                           clk (net)
                  0.12    0.00    0.09 ^ clkbuf_0_clk/A (sky130_fd_sc_hd__clkbuf_16)
                  0.10    0.29    0.38 ^ clkbuf_0_clk/X (sky130_fd_sc_hd__clkbuf_16)
     4    0.04                           clknet_0_clk (net)
                  0.10    0.00    0.38 ^ clkbuf_2_0__f_clk/A (sky130_fd_sc_hd__clkbuf_16)
                  0.10    0.28    0.66 ^ clkbuf_2_0__f_clk/X (sky130_fd_sc_hd__clkbuf_16)
    14    0.04                           clknet_2_0__leaf_clk (net)
                  0.10    0.00    0.66 ^ _408_/CLK (sky130_fd_sc_hd__dfrtp_4)
                  0.17    1.14    1.79 v _408_/Q (sky130_fd_sc_hd__dfrtp_4)
     8    0.03                           clk_count[0] (net)
                  0.17    0.00    1.80 v _296_/D (sky130_fd_sc_hd__and4_2)
                  0.15    0.67    2.46 v _296_/X (sky130_fd_sc_hd__and4_2)
     7    0.02                           _157_ (net)
                  0.15    0.00    2.46 v _299_/A (sky130_fd_sc_hd__and3_1)
                  0.13    0.42    2.88 v _299_/X (sky130_fd_sc_hd__and3_1)
     4    0.01                           _160_ (net)
                  0.13    0.00    2.88 v _306_/C (sky130_fd_sc_hd__and3_1)
                  0.07    0.40    3.28 v _306_/X (sky130_fd_sc_hd__and3_1)
     1    0.00                           _165_ (net)
                  0.07    0.00    3.28 v _309_/A0 (sky130_fd_sc_hd__mux2_1)
                  0.11    0.65    3.94 v _309_/X (sky130_fd_sc_hd__mux2_1)
     1    0.00                           _168_ (net)
                  0.11    0.00    3.94 v _310_/A (sky130_fd_sc_hd__clkbuf_1)
                  0.05    0.18    4.12 v _310_/X (sky130_fd_sc_hd__clkbuf_1)
     1    0.00                           _063_ (net)
                  0.05    0.00    4.12 v _421_/D (sky130_fd_sc_hd__dfrtp_1)
                                  4.12   data arrival time

                         10.00   10.00   clock clk (rise edge)
                          0.00   10.00   clock source latency
                  0.12    0.08   10.08 ^ clk (in)
     1    0.02                           clk (net)
                  0.12    0.00   10.08 ^ clkbuf_0_clk/A (sky130_fd_sc_hd__clkbuf_16)
                  0.10    0.26   10.34 ^ clkbuf_0_clk/X (sky130_fd_sc_hd__clkbuf_16)
     4    0.04                           clknet_0_clk (net)
                  0.10    0.00   10.34 ^ clkbuf_2_3__f_clk/A (sky130_fd_sc_hd__clkbuf_16)
                  0.09    0.25   10.59 ^ clkbuf_2_3__f_clk/X (sky130_fd_sc_hd__clkbuf_16)
    12    0.04                           clknet_2_3__leaf_clk (net)
                  0.09    0.00   10.59 ^ _421_/CLK (sky130_fd_sc_hd__dfrtp_1)
                         -0.25   10.34   clock uncertainty
                          0.04   10.38   clock reconvergence pessimism
                         -0.26   10.12   library setup time
                                 10.12   data required time
-----------------------------------------------------------------------------
                                 10.12   data required time
                                 -4.12   data arrival time
-----------------------------------------------------------------------------
                                  6.00   slack (MET)


Startpoint: _408_ (rising edge-triggered flip-flop clocked by clk)
Endpoint: _423_ (rising edge-triggered flip-flop clocked by clk)
Path Group: clk
Path Type: max
Corner: Slowest

Fanout     Cap    Slew   Delay    Time   Description
-----------------------------------------------------------------------------
                          0.00    0.00   clock clk (rise edge)
                          0.00    0.00   clock source latency
                  0.12    0.09    0.09 ^ clk (in)
     1    0.02                           clk (net)
                  0.12    0.00    0.09 ^ clkbuf_0_clk/A (sky130_fd_sc_hd__clkbuf_16)
                  0.10    0.29    0.38 ^ clkbuf_0_clk/X (sky130_fd_sc_hd__clkbuf_16)
     4    0.04                           clknet_0_clk (net)
                  0.10    0.00    0.38 ^ clkbuf_2_0__f_clk/A (sky130_fd_sc_hd__clkbuf_16)
                  0.10    0.28    0.66 ^ clkbuf_2_0__f_clk/X (sky130_fd_sc_hd__clkbuf_16)
    14    0.04                           clknet_2_0__leaf_clk (net)
                  0.10    0.00    0.66 ^ _408_/CLK (sky130_fd_sc_hd__dfrtp_4)
                  0.17    1.14    1.79 v _408_/Q (sky130_fd_sc_hd__dfrtp_4)
     8    0.03                           clk_count[0] (net)
                  0.17    0.00    1.80 v _296_/D (sky130_fd_sc_hd__and4_2)
                  0.15    0.67    2.46 v _296_/X (sky130_fd_sc_hd__and4_2)
     7    0.02                           _157_ (net)
                  0.15    0.00    2.46 v _299_/A (sky130_fd_sc_hd__and3_1)
                  0.13    0.42    2.88 v _299_/X (sky130_fd_sc_hd__and3_1)
     4    0.01                           _160_ (net)
                  0.13    0.00    2.88 v _300_/C (sky130_fd_sc_hd__and3_1)
                  0.13    0.48    3.36 v _300_/X (sky130_fd_sc_hd__and3_1)
     3    0.01                           _161_ (net)
                  0.13    0.00    3.36 v _302_/A3 (sky130_fd_sc_hd__a31o_1)
                  0.07    0.44    3.80 v _302_/X (sky130_fd_sc_hd__a31o_1)
     1    0.00                           _163_ (net)
                  0.07    0.00    3.80 v _303_/B1 (sky130_fd_sc_hd__o31a_1)
                  0.09    0.20    4.00 v _303_/X (sky130_fd_sc_hd__o31a_1)
     1    0.00                           _065_ (net)
                  0.09    0.00    4.00 v _423_/D (sky130_fd_sc_hd__dfrtp_1)
                                  4.00   data arrival time

                         10.00   10.00   clock clk (rise edge)
                          0.00   10.00   clock source latency
                  0.12    0.08   10.08 ^ clk (in)
     1    0.02                           clk (net)
                  0.12    0.00   10.08 ^ clkbuf_0_clk/A (sky130_fd_sc_hd__clkbuf_16)
                  0.10    0.26   10.34 ^ clkbuf_0_clk/X (sky130_fd_sc_hd__clkbuf_16)
     4    0.04                           clknet_0_clk (net)
                  0.10    0.00   10.34 ^ clkbuf_2_2__f_clk/A (sky130_fd_sc_hd__clkbuf_16)
                  0.08    0.24   10.58 ^ clkbuf_2_2__f_clk/X (sky130_fd_sc_hd__clkbuf_16)
    10    0.03                           clknet_2_2__leaf_clk (net)
                  0.09    0.00   10.58 ^ _423_/CLK (sky130_fd_sc_hd__dfrtp_1)
                         -0.25   10.33   clock uncertainty
                          0.04   10.37   clock reconvergence pessimism
                         -0.28   10.09   library setup time
                                 10.09   data required time
-----------------------------------------------------------------------------
                                 10.09   data required time
                                 -4.00   data arrival time
-----------------------------------------------------------------------------
                                  6.09   slack (MET)


Startpoint: _408_ (rising edge-triggered flip-flop clocked by clk)
Endpoint: _422_ (rising edge-triggered flip-flop clocked by clk)
Path Group: clk
Path Type: max
Corner: Slowest

Fanout     Cap    Slew   Delay    Time   Description
-----------------------------------------------------------------------------
                          0.00    0.00   clock clk (rise edge)
                          0.00    0.00   clock source latency
                  0.12    0.09    0.09 ^ clk (in)
     1    0.02                           clk (net)
                  0.12    0.00    0.09 ^ clkbuf_0_clk/A (sky130_fd_sc_hd__clkbuf_16)
                  0.10    0.29    0.38 ^ clkbuf_0_clk/X (sky130_fd_sc_hd__clkbuf_16)
     4    0.04                           clknet_0_clk (net)
                  0.10    0.00    0.38 ^ clkbuf_2_0__f_clk/A (sky130_fd_sc_hd__clkbuf_16)
                  0.10    0.28    0.66 ^ clkbuf_2_0__f_clk/X (sky130_fd_sc_hd__clkbuf_16)
    14    0.04                           clknet_2_0__leaf_clk (net)
                  0.10    0.00    0.66 ^ _408_/CLK (sky130_fd_sc_hd__dfrtp_4)
                  0.17    1.14    1.79 v _408_/Q (sky130_fd_sc_hd__dfrtp_4)
     8    0.03                           clk_count[0] (net)
                  0.17    0.00    1.80 v _296_/D (sky130_fd_sc_hd__and4_2)
                  0.15    0.67    2.46 v _296_/X (sky130_fd_sc_hd__and4_2)
     7    0.02                           _157_ (net)
                  0.15    0.00    2.46 v _299_/A (sky130_fd_sc_hd__and3_1)
                  0.13    0.42    2.88 v _299_/X (sky130_fd_sc_hd__and3_1)
     4    0.01                           _160_ (net)
                  0.13    0.00    2.88 v _300_/C (sky130_fd_sc_hd__and3_1)
                  0.13    0.48    3.36 v _300_/X (sky130_fd_sc_hd__and3_1)
     3    0.01                           _161_ (net)
                  0.13    0.00    3.36 v _304_/A2 (sky130_fd_sc_hd__a21o_1)
                  0.07    0.37    3.73 v _304_/X (sky130_fd_sc_hd__a21o_1)
     1    0.00                           _164_ (net)
                  0.07    0.00    3.73 v _305_/B1 (sky130_fd_sc_hd__o21a_1)
                  0.07    0.20    3.93 v _305_/X (sky130_fd_sc_hd__o21a_1)
     1    0.00                           _064_ (net)
                  0.07    0.00    3.93 v _422_/D (sky130_fd_sc_hd__dfrtp_1)
                                  3.93   data arrival time

                         10.00   10.00   clock clk (rise edge)
                          0.00   10.00   clock source latency
                  0.12    0.08   10.08 ^ clk (in)
     1    0.02                           clk (net)
                  0.12    0.00   10.08 ^ clkbuf_0_clk/A (sky130_fd_sc_hd__clkbuf_16)
                  0.10    0.26   10.34 ^ clkbuf_0_clk/X (sky130_fd_sc_hd__clkbuf_16)
     4    0.04                           clknet_0_clk (net)
                  0.10    0.00   10.34 ^ clkbuf_2_2__f_clk/A (sky130_fd_sc_hd__clkbuf_16)
                  0.08    0.24   10.58 ^ clkbuf_2_2__f_clk/X (sky130_fd_sc_hd__clkbuf_16)
    10    0.03                           clknet_2_2__leaf_clk (net)
                  0.09    0.00   10.58 ^ _422_/CLK (sky130_fd_sc_hd__dfrtp_1)
                         -0.25   10.33   clock uncertainty
                          0.04   10.37   clock reconvergence pessimism
                         -0.27   10.10   library setup time
                                 10.10   data required time
-----------------------------------------------------------------------------
                                 10.10   data required time
                                 -3.93   data arrival time
-----------------------------------------------------------------------------
                                  6.17   slack (MET)


Startpoint: _424_ (rising edge-triggered flip-flop clocked by clk)
Endpoint: _417_ (rising edge-triggered flip-flop clocked by clk)
Path Group: clk
Path Type: max
Corner: Slowest

Fanout     Cap    Slew   Delay    Time   Description
-----------------------------------------------------------------------------
                          0.00    0.00   clock clk (rise edge)
                          0.00    0.00   clock source latency
                  0.12    0.09    0.09 ^ clk (in)
     1    0.02                           clk (net)
                  0.12    0.00    0.09 ^ clkbuf_0_clk/A (sky130_fd_sc_hd__clkbuf_16)
                  0.10    0.29    0.38 ^ clkbuf_0_clk/X (sky130_fd_sc_hd__clkbuf_16)
     4    0.04                           clknet_0_clk (net)
                  0.10    0.00    0.38 ^ clkbuf_2_3__f_clk/A (sky130_fd_sc_hd__clkbuf_16)
                  0.09    0.27    0.65 ^ clkbuf_2_3__f_clk/X (sky130_fd_sc_hd__clkbuf_16)
    12    0.04                           clknet_2_3__leaf_clk (net)
                  0.09    0.00    0.65 ^ _424_/CLK (sky130_fd_sc_hd__dfrtp_2)
                  0.15    0.96    1.61 v _424_/Q (sky130_fd_sc_hd__dfrtp_2)
     4    0.02                           net12 (net)
                  0.15    0.00    1.61 v _213_/A (sky130_fd_sc_hd__buf_4)
                  0.13    0.39    2.00 v _213_/X (sky130_fd_sc_hd__buf_4)
    10    0.05                           _105_ (net)
                  0.13    0.00    2.00 v _214_/A (sky130_fd_sc_hd__buf_2)
                  0.19    0.41    2.42 v _214_/X (sky130_fd_sc_hd__buf_2)
    10    0.04                           _106_ (net)
                  0.19    0.00    2.42 v _269_/A (sky130_fd_sc_hd__buf_2)
                  0.18    0.43    2.85 v _269_/X (sky130_fd_sc_hd__buf_2)
    10    0.04                           _142_ (net)
                  0.18    0.00    2.85 v _324_/A1 (sky130_fd_sc_hd__a21o_1)
                  0.08    0.37    3.22 v _324_/X (sky130_fd_sc_hd__a21o_1)
     2    0.01                           _179_ (net)
                  0.08    0.00    3.22 v _325_/B1 (sky130_fd_sc_hd__a2bb2o_1)
                  0.09    0.60    3.82 v _325_/X (sky130_fd_sc_hd__a2bb2o_1)
     1    0.00                           _059_ (net)
                  0.09    0.00    3.82 v _417_/D (sky130_fd_sc_hd__dfrtp_1)
                                  3.82   data arrival time

                         10.00   10.00   clock clk (rise edge)
                          0.00   10.00   clock source latency
                  0.12    0.08   10.08 ^ clk (in)
     1    0.02                           clk (net)
                  0.12    0.00   10.08 ^ clkbuf_0_clk/A (sky130_fd_sc_hd__clkbuf_16)
                  0.10    0.26   10.34 ^ clkbuf_0_clk/X (sky130_fd_sc_hd__clkbuf_16)
     4    0.04                           clknet_0_clk (net)
                  0.10    0.00   10.34 ^ clkbuf_2_2__f_clk/A (sky130_fd_sc_hd__clkbuf_16)
                  0.08    0.24   10.58 ^ clkbuf_2_2__f_clk/X (sky130_fd_sc_hd__clkbuf_16)
    10    0.03                           clknet_2_2__leaf_clk (net)
                  0.09    0.00   10.58 ^ _417_/CLK (sky130_fd_sc_hd__dfrtp_1)
                         -0.25   10.33   clock uncertainty
                          0.04   10.37   clock reconvergence pessimism
                         -0.28   10.09   library setup time
                                 10.09   data required time
-----------------------------------------------------------------------------
                                 10.09   data required time
                                 -3.82   data arrival time
-----------------------------------------------------------------------------
                                  6.26   slack (MET)


Startpoint: _408_ (rising edge-triggered flip-flop clocked by clk)
Endpoint: _413_ (rising edge-triggered flip-flop clocked by clk)
Path Group: clk
Path Type: max
Corner: Slowest

Fanout     Cap    Slew   Delay    Time   Description
-----------------------------------------------------------------------------
                          0.00    0.00   clock clk (rise edge)
                          0.00    0.00   clock source latency
                  0.12    0.09    0.09 ^ clk (in)
     1    0.02                           clk (net)
                  0.12    0.00    0.09 ^ clkbuf_0_clk/A (sky130_fd_sc_hd__clkbuf_16)
                  0.10    0.29    0.38 ^ clkbuf_0_clk/X (sky130_fd_sc_hd__clkbuf_16)
     4    0.04                           clknet_0_clk (net)
                  0.10    0.00    0.38 ^ clkbuf_2_0__f_clk/A (sky130_fd_sc_hd__clkbuf_16)
                  0.10    0.28    0.66 ^ clkbuf_2_0__f_clk/X (sky130_fd_sc_hd__clkbuf_16)
    14    0.04                           clknet_2_0__leaf_clk (net)
                  0.10    0.00    0.66 ^ _408_/CLK (sky130_fd_sc_hd__dfrtp_4)
                  0.19    0.97    1.62 ^ _408_/Q (sky130_fd_sc_hd__dfrtp_4)
     8    0.03                           clk_count[0] (net)
                  0.19    0.00    1.62 ^ _296_/D (sky130_fd_sc_hd__and4_2)
                  0.24    0.70    2.32 ^ _296_/X (sky130_fd_sc_hd__and4_2)
     7    0.02                           _157_ (net)
                  0.24    0.00    2.32 ^ _336_/B (sky130_fd_sc_hd__nand2_1)
                  0.16    0.25    2.57 v _336_/Y (sky130_fd_sc_hd__nand2_1)
     3    0.01                           _187_ (net)
                  0.16    0.00    2.57 v _338_/A2 (sky130_fd_sc_hd__a21o_1)
                  0.08    0.39    2.97 v _338_/X (sky130_fd_sc_hd__a21o_1)
     2    0.01                           _189_ (net)
                  0.08    0.00    2.97 v _339_/A1 (sky130_fd_sc_hd__mux2_1)
                  0.11    0.68    3.64 v _339_/X (sky130_fd_sc_hd__mux2_1)
     1    0.00                           _190_ (net)
                  0.11    0.00    3.64 v _340_/A (sky130_fd_sc_hd__clkbuf_1)
                  0.05    0.18    3.83 v _340_/X (sky130_fd_sc_hd__clkbuf_1)
     1    0.00                           _055_ (net)
                  0.05    0.00    3.83 v _413_/D (sky130_fd_sc_hd__dfrtp_1)
                                  3.83   data arrival time

                         10.00   10.00   clock clk (rise edge)
                          0.00   10.00   clock source latency
                  0.12    0.08   10.08 ^ clk (in)
     1    0.02                           clk (net)
                  0.12    0.00   10.08 ^ clkbuf_0_clk/A (sky130_fd_sc_hd__clkbuf_16)
                  0.10    0.26   10.34 ^ clkbuf_0_clk/X (sky130_fd_sc_hd__clkbuf_16)
     4    0.04                           clknet_0_clk (net)
                  0.10    0.00   10.34 ^ clkbuf_2_2__f_clk/A (sky130_fd_sc_hd__clkbuf_16)
                  0.08    0.24   10.58 ^ clkbuf_2_2__f_clk/X (sky130_fd_sc_hd__clkbuf_16)
    10    0.03                           clknet_2_2__leaf_clk (net)
                  0.09    0.00   10.58 ^ _413_/CLK (sky130_fd_sc_hd__dfrtp_1)
                         -0.25   10.33   clock uncertainty
                          0.04   10.37   clock reconvergence pessimism
                         -0.26   10.10   library setup time
                                 10.10   data required time
-----------------------------------------------------------------------------
                                 10.10   data required time
                                 -3.83   data arrival time
-----------------------------------------------------------------------------
                                  6.27   slack (MET)


Startpoint: _408_ (rising edge-triggered flip-flop clocked by clk)
Endpoint: _418_ (rising edge-triggered flip-flop clocked by clk)
Path Group: clk
Path Type: max
Corner: Slowest

Fanout     Cap    Slew   Delay    Time   Description
-----------------------------------------------------------------------------
                          0.00    0.00   clock clk (rise edge)
                          0.00    0.00   clock source latency
                  0.12    0.09    0.09 ^ clk (in)
     1    0.02                           clk (net)
                  0.12    0.00    0.09 ^ clkbuf_0_clk/A (sky130_fd_sc_hd__clkbuf_16)
                  0.10    0.29    0.38 ^ clkbuf_0_clk/X (sky130_fd_sc_hd__clkbuf_16)
     4    0.04                           clknet_0_clk (net)
                  0.10    0.00    0.38 ^ clkbuf_2_0__f_clk/A (sky130_fd_sc_hd__clkbuf_16)
                  0.10    0.28    0.66 ^ clkbuf_2_0__f_clk/X (sky130_fd_sc_hd__clkbuf_16)
    14    0.04                           clknet_2_0__leaf_clk (net)
                  0.10    0.00    0.66 ^ _408_/CLK (sky130_fd_sc_hd__dfrtp_4)
                  0.19    0.97    1.62 ^ _408_/Q (sky130_fd_sc_hd__dfrtp_4)
     8    0.03                           clk_count[0] (net)
                  0.19    0.00    1.62 ^ _296_/D (sky130_fd_sc_hd__and4_2)
                  0.24    0.70    2.32 ^ _296_/X (sky130_fd_sc_hd__and4_2)
     7    0.02                           _157_ (net)
                  0.24    0.00    2.32 ^ _313_/C (sky130_fd_sc_hd__and4_1)
                  0.14    0.51    2.83 ^ _313_/X (sky130_fd_sc_hd__and4_1)
     2    0.01                           _170_ (net)
                  0.14    0.00    2.83 ^ _314_/B (sky130_fd_sc_hd__nand2_1)
                  0.12    0.18    3.01 v _314_/Y (sky130_fd_sc_hd__nand2_1)
     2    0.01                           _171_ (net)
                  0.12    0.00    3.01 v _316_/A2 (sky130_fd_sc_hd__a21o_1)
                  0.08    0.37    3.39 v _316_/X (sky130_fd_sc_hd__a21o_1)
     2    0.00                           _173_ (net)
                  0.08    0.00    3.39 v _320_/A (sky130_fd_sc_hd__and2_1)
                  0.07    0.29    3.67 v _320_/X (sky130_fd_sc_hd__and2_1)
     1    0.00                           _176_ (net)
                  0.07    0.00    3.67 v _321_/A (sky130_fd_sc_hd__clkbuf_1)
                  0.04    0.16    3.83 v _321_/X (sky130_fd_sc_hd__clkbuf_1)
     1    0.00                           _060_ (net)
                  0.04    0.00    3.83 v _418_/D (sky130_fd_sc_hd__dfrtp_1)
                                  3.83   data arrival time

                         10.00   10.00   clock clk (rise edge)
                          0.00   10.00   clock source latency
                  0.12    0.08   10.08 ^ clk (in)
     1    0.02                           clk (net)
                  0.12    0.00   10.08 ^ clkbuf_0_clk/A (sky130_fd_sc_hd__clkbuf_16)
                  0.10    0.26   10.34 ^ clkbuf_0_clk/X (sky130_fd_sc_hd__clkbuf_16)
     4    0.04                           clknet_0_clk (net)
                  0.10    0.00   10.34 ^ clkbuf_2_3__f_clk/A (sky130_fd_sc_hd__clkbuf_16)
                  0.09    0.25   10.59 ^ clkbuf_2_3__f_clk/X (sky130_fd_sc_hd__clkbuf_16)
    12    0.04                           clknet_2_3__leaf_clk (net)
                  0.09    0.00   10.59 ^ _418_/CLK (sky130_fd_sc_hd__dfrtp_1)
                         -0.25   10.34   clock uncertainty
                          0.04   10.38   clock reconvergence pessimism
                         -0.26   10.12   library setup time
                                 10.12   data required time
-----------------------------------------------------------------------------
                                 10.12   data required time
                                 -3.83   data arrival time
-----------------------------------------------------------------------------
                                  6.28   slack (MET)


Startpoint: _424_ (rising edge-triggered flip-flop clocked by clk)
Endpoint: _408_ (rising edge-triggered flip-flop clocked by clk)
Path Group: clk
Path Type: max
Corner: Slowest

Fanout     Cap    Slew   Delay    Time   Description
-----------------------------------------------------------------------------
                          0.00    0.00   clock clk (rise edge)
                          0.00    0.00   clock source latency
                  0.12    0.09    0.09 ^ clk (in)
     1    0.02                           clk (net)
                  0.12    0.00    0.09 ^ clkbuf_0_clk/A (sky130_fd_sc_hd__clkbuf_16)
                  0.10    0.29    0.38 ^ clkbuf_0_clk/X (sky130_fd_sc_hd__clkbuf_16)
     4    0.04                           clknet_0_clk (net)
                  0.10    0.00    0.38 ^ clkbuf_2_3__f_clk/A (sky130_fd_sc_hd__clkbuf_16)
                  0.09    0.27    0.65 ^ clkbuf_2_3__f_clk/X (sky130_fd_sc_hd__clkbuf_16)
    12    0.04                           clknet_2_3__leaf_clk (net)
                  0.09    0.00    0.65 ^ _424_/CLK (sky130_fd_sc_hd__dfrtp_2)
                  0.15    0.96    1.61 v _424_/Q (sky130_fd_sc_hd__dfrtp_2)
     4    0.02                           net12 (net)
                  0.15    0.00    1.61 v _213_/A (sky130_fd_sc_hd__buf_4)
                  0.13    0.39    2.00 v _213_/X (sky130_fd_sc_hd__buf_4)
    10    0.05                           _105_ (net)
                  0.13    0.00    2.00 v _214_/A (sky130_fd_sc_hd__buf_2)
                  0.19    0.41    2.42 v _214_/X (sky130_fd_sc_hd__buf_2)
    10    0.04                           _106_ (net)
                  0.19    0.00    2.42 v _269_/A (sky130_fd_sc_hd__buf_2)
                  0.18    0.43    2.85 v _269_/X (sky130_fd_sc_hd__buf_2)
    10    0.04                           _142_ (net)
                  0.18    0.00    2.85 v _352_/A0 (sky130_fd_sc_hd__mux2_1)
                  0.11    0.70    3.55 v _352_/X (sky130_fd_sc_hd__mux2_1)
     1    0.00                           _198_ (net)
                  0.11    0.00    3.55 v _353_/A (sky130_fd_sc_hd__clkbuf_1)
                  0.05    0.18    3.74 v _353_/X (sky130_fd_sc_hd__clkbuf_1)
     1    0.00                           _050_ (net)
                  0.05    0.00    3.74 v _408_/D (sky130_fd_sc_hd__dfrtp_4)
                                  3.74   data arrival time

                         10.00   10.00   clock clk (rise edge)
                          0.00   10.00   clock source latency
                  0.12    0.08   10.08 ^ clk (in)
     1    0.02                           clk (net)
                  0.12    0.00   10.08 ^ clkbuf_0_clk/A (sky130_fd_sc_hd__clkbuf_16)
                  0.10    0.26   10.34 ^ clkbuf_0_clk/X (sky130_fd_sc_hd__clkbuf_16)
     4    0.04                           clknet_0_clk (net)
                  0.10    0.00   10.34 ^ clkbuf_2_0__f_clk/A (sky130_fd_sc_hd__clkbuf_16)
                  0.10    0.25   10.59 ^ clkbuf_2_0__f_clk/X (sky130_fd_sc_hd__clkbuf_16)
    14    0.04                           clknet_2_0__leaf_clk (net)
                  0.10    0.00   10.60 ^ _408_/CLK (sky130_fd_sc_hd__dfrtp_4)
                         -0.25   10.35   clock uncertainty
                          0.04   10.38   clock reconvergence pessimism
                         -0.26   10.12   library setup time
                                 10.12   data required time
-----------------------------------------------------------------------------
                                 10.12   data required time
                                 -3.74   data arrival time
-----------------------------------------------------------------------------
                                  6.39   slack (MET)


Startpoint: _408_ (rising edge-triggered flip-flop clocked by clk)
Endpoint: _414_ (rising edge-triggered flip-flop clocked by clk)
Path Group: clk
Path Type: max
Corner: Slowest

Fanout     Cap    Slew   Delay    Time   Description
-----------------------------------------------------------------------------
                          0.00    0.00   clock clk (rise edge)
                          0.00    0.00   clock source latency
                  0.12    0.09    0.09 ^ clk (in)
     1    0.02                           clk (net)
                  0.12    0.00    0.09 ^ clkbuf_0_clk/A (sky130_fd_sc_hd__clkbuf_16)
                  0.10    0.29    0.38 ^ clkbuf_0_clk/X (sky130_fd_sc_hd__clkbuf_16)
     4    0.04                           clknet_0_clk (net)
                  0.10    0.00    0.38 ^ clkbuf_2_0__f_clk/A (sky130_fd_sc_hd__clkbuf_16)
                  0.10    0.28    0.66 ^ clkbuf_2_0__f_clk/X (sky130_fd_sc_hd__clkbuf_16)
    14    0.04                           clknet_2_0__leaf_clk (net)
                  0.10    0.00    0.66 ^ _408_/CLK (sky130_fd_sc_hd__dfrtp_4)
                  0.17    1.14    1.79 v _408_/Q (sky130_fd_sc_hd__dfrtp_4)
     8    0.03                           clk_count[0] (net)
                  0.17    0.00    1.80 v _296_/D (sky130_fd_sc_hd__and4_2)
                  0.15    0.67    2.46 v _296_/X (sky130_fd_sc_hd__and4_2)
     7    0.02                           _157_ (net)
                  0.15    0.00    2.46 v _328_/C (sky130_fd_sc_hd__and3_1)
                  0.11    0.46    2.93 v _328_/X (sky130_fd_sc_hd__and3_1)
     3    0.01                           _181_ (net)
                  0.11    0.00    2.93 v _334_/C (sky130_fd_sc_hd__and3b_1)
                  0.07    0.39    3.32 v _334_/X (sky130_fd_sc_hd__and3b_1)
     1    0.00                           _186_ (net)
                  0.07    0.00    3.32 v _335_/B1 (sky130_fd_sc_hd__a21o_1)
                  0.05    0.28    3.60 v _335_/X (sky130_fd_sc_hd__a21o_1)
     1    0.00                           _056_ (net)
                  0.05    0.00    3.60 v _414_/D (sky130_fd_sc_hd__dfrtp_1)
                                  3.60   data arrival time

                         10.00   10.00   clock clk (rise edge)
                          0.00   10.00   clock source latency
                  0.12    0.08   10.08 ^ clk (in)
     1    0.02                           clk (net)
                  0.12    0.00   10.08 ^ clkbuf_0_clk/A (sky130_fd_sc_hd__clkbuf_16)
                  0.10    0.26   10.34 ^ clkbuf_0_clk/X (sky130_fd_sc_hd__clkbuf_16)
     4    0.04                           clknet_0_clk (net)
                  0.10    0.00   10.34 ^ clkbuf_2_2__f_clk/A (sky130_fd_sc_hd__clkbuf_16)
                  0.08    0.24   10.58 ^ clkbuf_2_2__f_clk/X (sky130_fd_sc_hd__clkbuf_16)
    10    0.03                           clknet_2_2__leaf_clk (net)
                  0.09    0.00   10.58 ^ _414_/CLK (sky130_fd_sc_hd__dfrtp_1)
                         -0.25   10.33   clock uncertainty
                          0.04   10.37   clock reconvergence pessimism
                         -0.27   10.10   library setup time
                                 10.10   data required time
-----------------------------------------------------------------------------
                                 10.10   data required time
                                 -3.60   data arrival time
-----------------------------------------------------------------------------
                                  6.50   slack (MET)


Startpoint: _408_ (rising edge-triggered flip-flop clocked by clk)
Endpoint: _420_ (rising edge-triggered flip-flop clocked by clk)
Path Group: clk
Path Type: max
Corner: Slowest

Fanout     Cap    Slew   Delay    Time   Description
-----------------------------------------------------------------------------
                          0.00    0.00   clock clk (rise edge)
                          0.00    0.00   clock source latency
                  0.12    0.09    0.09 ^ clk (in)
     1    0.02                           clk (net)
                  0.12    0.00    0.09 ^ clkbuf_0_clk/A (sky130_fd_sc_hd__clkbuf_16)
                  0.10    0.29    0.38 ^ clkbuf_0_clk/X (sky130_fd_sc_hd__clkbuf_16)
     4    0.04                           clknet_0_clk (net)
                  0.10    0.00    0.38 ^ clkbuf_2_0__f_clk/A (sky130_fd_sc_hd__clkbuf_16)
                  0.10    0.28    0.66 ^ clkbuf_2_0__f_clk/X (sky130_fd_sc_hd__clkbuf_16)
    14    0.04                           clknet_2_0__leaf_clk (net)
                  0.10    0.00    0.66 ^ _408_/CLK (sky130_fd_sc_hd__dfrtp_4)
                  0.17    1.14    1.79 v _408_/Q (sky130_fd_sc_hd__dfrtp_4)
     8    0.03                           clk_count[0] (net)
                  0.17    0.00    1.80 v _296_/D (sky130_fd_sc_hd__and4_2)
                  0.15    0.67    2.46 v _296_/X (sky130_fd_sc_hd__and4_2)
     7    0.02                           _157_ (net)
                  0.15    0.00    2.46 v _299_/A (sky130_fd_sc_hd__and3_1)
                  0.13    0.42    2.88 v _299_/X (sky130_fd_sc_hd__and3_1)
     4    0.01                           _160_ (net)
                  0.13    0.00    2.88 v _311_/C (sky130_fd_sc_hd__and3b_1)
                  0.07    0.41    3.29 v _311_/X (sky130_fd_sc_hd__and3b_1)
     1    0.00                           _169_ (net)
                  0.07    0.00    3.29 v _312_/B1 (sky130_fd_sc_hd__a21o_1)
                  0.06    0.28    3.57 v _312_/X (sky130_fd_sc_hd__a21o_1)
     1    0.00                           _062_ (net)
                  0.06    0.00    3.57 v _420_/D (sky130_fd_sc_hd__dfrtp_1)
                                  3.57   data arrival time

                         10.00   10.00   clock clk (rise edge)
                          0.00   10.00   clock source latency
                  0.12    0.08   10.08 ^ clk (in)
     1    0.02                           clk (net)
                  0.12    0.00   10.08 ^ clkbuf_0_clk/A (sky130_fd_sc_hd__clkbuf_16)
                  0.10    0.26   10.34 ^ clkbuf_0_clk/X (sky130_fd_sc_hd__clkbuf_16)
     4    0.04                           clknet_0_clk (net)
                  0.10    0.00   10.34 ^ clkbuf_2_3__f_clk/A (sky130_fd_sc_hd__clkbuf_16)
                  0.09    0.25   10.59 ^ clkbuf_2_3__f_clk/X (sky130_fd_sc_hd__clkbuf_16)
    12    0.04                           clknet_2_3__leaf_clk (net)
                  0.09    0.00   10.59 ^ _420_/CLK (sky130_fd_sc_hd__dfrtp_1)
                         -0.25   10.34   clock uncertainty
                          0.04   10.38   clock reconvergence pessimism
                         -0.26   10.11   library setup time
                                 10.11   data required time
-----------------------------------------------------------------------------
                                 10.11   data required time
                                 -3.57   data arrival time
-----------------------------------------------------------------------------
                                  6.54   slack (MET)


Startpoint: _424_ (rising edge-triggered flip-flop clocked by clk)
Endpoint: _416_ (rising edge-triggered flip-flop clocked by clk)
Path Group: clk
Path Type: max
Corner: Slowest

Fanout     Cap    Slew   Delay    Time   Description
-----------------------------------------------------------------------------
                          0.00    0.00   clock clk (rise edge)
                          0.00    0.00   clock source latency
                  0.12    0.09    0.09 ^ clk (in)
     1    0.02                           clk (net)
                  0.12    0.00    0.09 ^ clkbuf_0_clk/A (sky130_fd_sc_hd__clkbuf_16)
                  0.10    0.29    0.38 ^ clkbuf_0_clk/X (sky130_fd_sc_hd__clkbuf_16)
     4    0.04                           clknet_0_clk (net)
                  0.10    0.00    0.38 ^ clkbuf_2_3__f_clk/A (sky130_fd_sc_hd__clkbuf_16)
                  0.09    0.27    0.65 ^ clkbuf_2_3__f_clk/X (sky130_fd_sc_hd__clkbuf_16)
    12    0.04                           clknet_2_3__leaf_clk (net)
                  0.09    0.00    0.65 ^ _424_/CLK (sky130_fd_sc_hd__dfrtp_2)
                  0.15    0.96    1.61 v _424_/Q (sky130_fd_sc_hd__dfrtp_2)
     4    0.02                           net12 (net)
                  0.15    0.00    1.61 v _213_/A (sky130_fd_sc_hd__buf_4)
                  0.13    0.39    2.00 v _213_/X (sky130_fd_sc_hd__buf_4)
    10    0.05                           _105_ (net)
                  0.13    0.00    2.00 v _214_/A (sky130_fd_sc_hd__buf_2)
                  0.19    0.41    2.42 v _214_/X (sky130_fd_sc_hd__buf_2)
    10    0.04                           _106_ (net)
                  0.19    0.00    2.42 v _269_/A (sky130_fd_sc_hd__buf_2)
                  0.18    0.43    2.85 v _269_/X (sky130_fd_sc_hd__buf_2)
    10    0.04                           _142_ (net)
                  0.18    0.00    2.85 v _324_/A1 (sky130_fd_sc_hd__a21o_1)
                  0.08    0.37    3.22 v _324_/X (sky130_fd_sc_hd__a21o_1)
     2    0.01                           _179_ (net)
                  0.08    0.00    3.22 v _327_/A2 (sky130_fd_sc_hd__a21o_1)
                  0.05    0.33    3.55 v _327_/X (sky130_fd_sc_hd__a21o_1)
     1    0.00                           _058_ (net)
                  0.05    0.00    3.55 v _416_/D (sky130_fd_sc_hd__dfrtp_1)
                                  3.55   data arrival time

                         10.00   10.00   clock clk (rise edge)
                          0.00   10.00   clock source latency
                  0.12    0.08   10.08 ^ clk (in)
     1    0.02                           clk (net)
                  0.12    0.00   10.08 ^ clkbuf_0_clk/A (sky130_fd_sc_hd__clkbuf_16)
                  0.10    0.26   10.34 ^ clkbuf_0_clk/X (sky130_fd_sc_hd__clkbuf_16)
     4    0.04                           clknet_0_clk (net)
                  0.10    0.00   10.34 ^ clkbuf_2_2__f_clk/A (sky130_fd_sc_hd__clkbuf_16)
                  0.08    0.24   10.58 ^ clkbuf_2_2__f_clk/X (sky130_fd_sc_hd__clkbuf_16)
    10    0.03                           clknet_2_2__leaf_clk (net)
                  0.09    0.00   10.58 ^ _416_/CLK (sky130_fd_sc_hd__dfrtp_1)
                         -0.25   10.33   clock uncertainty
                          0.04   10.37   clock reconvergence pessimism
                         -0.27   10.10   library setup time
                                 10.10   data required time
-----------------------------------------------------------------------------
                                 10.10   data required time
                                 -3.55   data arrival time
-----------------------------------------------------------------------------
                                  6.56   slack (MET)


Startpoint: _424_ (rising edge-triggered flip-flop clocked by clk)
Endpoint: _412_ (rising edge-triggered flip-flop clocked by clk)
Path Group: clk
Path Type: max
Corner: Slowest

Fanout     Cap    Slew   Delay    Time   Description
-----------------------------------------------------------------------------
                          0.00    0.00   clock clk (rise edge)
                          0.00    0.00   clock source latency
                  0.12    0.09    0.09 ^ clk (in)
     1    0.02                           clk (net)
                  0.12    0.00    0.09 ^ clkbuf_0_clk/A (sky130_fd_sc_hd__clkbuf_16)
                  0.10    0.29    0.38 ^ clkbuf_0_clk/X (sky130_fd_sc_hd__clkbuf_16)
     4    0.04                           clknet_0_clk (net)
                  0.10    0.00    0.38 ^ clkbuf_2_3__f_clk/A (sky130_fd_sc_hd__clkbuf_16)
                  0.09    0.27    0.65 ^ clkbuf_2_3__f_clk/X (sky130_fd_sc_hd__clkbuf_16)
    12    0.04                           clknet_2_3__leaf_clk (net)
                  0.09    0.00    0.65 ^ _424_/CLK (sky130_fd_sc_hd__dfrtp_2)
                  0.15    0.96    1.61 v _424_/Q (sky130_fd_sc_hd__dfrtp_2)
     4    0.02                           net12 (net)
                  0.15    0.00    1.61 v _213_/A (sky130_fd_sc_hd__buf_4)
                  0.13    0.39    2.00 v _213_/X (sky130_fd_sc_hd__buf_4)
    10    0.05                           _105_ (net)
                  0.13    0.00    2.00 v _214_/A (sky130_fd_sc_hd__buf_2)
                  0.19    0.41    2.42 v _214_/X (sky130_fd_sc_hd__buf_2)
    10    0.04                           _106_ (net)
                  0.19    0.00    2.42 v _269_/A (sky130_fd_sc_hd__buf_2)
                  0.18    0.43    2.85 v _269_/X (sky130_fd_sc_hd__buf_2)
    10    0.04                           _142_ (net)
                  0.18    0.00    2.85 v _341_/A (sky130_fd_sc_hd__and3_1)
                  0.08    0.37    3.22 v _341_/X (sky130_fd_sc_hd__and3_1)
     1    0.00                           _191_ (net)
                  0.08    0.00    3.22 v _342_/B1 (sky130_fd_sc_hd__a21o_1)
                  0.05    0.28    3.50 v _342_/X (sky130_fd_sc_hd__a21o_1)
     1    0.00                           _054_ (net)
                  0.05    0.00    3.50 v _412_/D (sky130_fd_sc_hd__dfrtp_1)
                                  3.50   data arrival time

                         10.00   10.00   clock clk (rise edge)
                          0.00   10.00   clock source latency
                  0.12    0.08   10.08 ^ clk (in)
     1    0.02                           clk (net)
                  0.12    0.00   10.08 ^ clkbuf_0_clk/A (sky130_fd_sc_hd__clkbuf_16)
                  0.10    0.26   10.34 ^ clkbuf_0_clk/X (sky130_fd_sc_hd__clkbuf_16)
     4    0.04                           clknet_0_clk (net)
                  0.10    0.00   10.34 ^ clkbuf_2_2__f_clk/A (sky130_fd_sc_hd__clkbuf_16)
                  0.08    0.24   10.58 ^ clkbuf_2_2__f_clk/X (sky130_fd_sc_hd__clkbuf_16)
    10    0.03                           clknet_2_2__leaf_clk (net)
                  0.09    0.00   10.58 ^ _412_/CLK (sky130_fd_sc_hd__dfrtp_1)
                         -0.25   10.33   clock uncertainty
                          0.04   10.37   clock reconvergence pessimism
                         -0.27   10.10   library setup time
                                 10.10   data required time
-----------------------------------------------------------------------------
                                 10.10   data required time
                                 -3.50   data arrival time
-----------------------------------------------------------------------------
                                  6.60   slack (MET)


Startpoint: start (input port clocked by clk)
Endpoint: _409_ (rising edge-triggered flip-flop clocked by clk)
Path Group: clk
Path Type: max
Corner: Slowest

Fanout     Cap    Slew   Delay    Time   Description
-----------------------------------------------------------------------------
                          0.00    0.00   clock clk (rise edge)
                          0.00    0.00   clock network delay (propagated)
                          2.00    2.00 v input external delay
                  0.02    0.01    2.01 v start (in)
     1    0.00                           start (net)
                  0.02    0.00    2.01 v input3/A (sky130_fd_sc_hd__buf_1)
                  0.18    0.25    2.26 v input3/X (sky130_fd_sc_hd__buf_1)
     2    0.01                           net3 (net)
                  0.18    0.00    2.26 v _204_/B (sky130_fd_sc_hd__or2_2)
                  0.20    0.84    3.10 v _204_/X (sky130_fd_sc_hd__or2_2)
     6    0.02                           _096_ (net)
                  0.20    0.00    3.10 v _350_/B1 (sky130_fd_sc_hd__o211a_1)
                  0.09    0.32    3.42 v _350_/X (sky130_fd_sc_hd__o211a_1)
     1    0.00                           _197_ (net)
                  0.09    0.00    3.42 v _351_/B (sky130_fd_sc_hd__nor2_1)
                  0.12    0.14    3.56 ^ _351_/Y (sky130_fd_sc_hd__nor2_1)
     1    0.00                           _051_ (net)
                  0.12    0.00    3.56 ^ _409_/D (sky130_fd_sc_hd__dfrtp_4)
                                  3.56   data arrival time

                         10.00   10.00   clock clk (rise edge)
                          0.00   10.00   clock source latency
                  0.12    0.08   10.08 ^ clk (in)
     1    0.02                           clk (net)
                  0.12    0.00   10.08 ^ clkbuf_0_clk/A (sky130_fd_sc_hd__clkbuf_16)
                  0.10    0.26   10.34 ^ clkbuf_0_clk/X (sky130_fd_sc_hd__clkbuf_16)
     4    0.04                           clknet_0_clk (net)
                  0.10    0.00   10.34 ^ clkbuf_2_2__f_clk/A (sky130_fd_sc_hd__clkbuf_16)
                  0.08    0.24   10.58 ^ clkbuf_2_2__f_clk/X (sky130_fd_sc_hd__clkbuf_16)
    10    0.03                           clknet_2_2__leaf_clk (net)
                  0.09    0.00   10.58 ^ _409_/CLK (sky130_fd_sc_hd__dfrtp_4)
                         -0.25   10.33   clock uncertainty
                          0.00   10.33   clock reconvergence pessimism
                         -0.15   10.19   library setup time
                                 10.19   data required time
-----------------------------------------------------------------------------
                                 10.19   data required time
                                 -3.56   data arrival time
-----------------------------------------------------------------------------
                                  6.63   slack (MET)


Startpoint: start (input port clocked by clk)
Endpoint: _411_ (rising edge-triggered flip-flop clocked by clk)
Path Group: clk
Path Type: max
Corner: Slowest

Fanout     Cap    Slew   Delay    Time   Description
-----------------------------------------------------------------------------
                          0.00    0.00   clock clk (rise edge)
                          0.00    0.00   clock network delay (propagated)
                          2.00    2.00 ^ input external delay
                  0.03    0.02    2.02 ^ start (in)
     1    0.00                           start (net)
                  0.03    0.00    2.02 ^ input3/A (sky130_fd_sc_hd__buf_1)
                  0.31    0.32    2.34 ^ input3/X (sky130_fd_sc_hd__buf_1)
     2    0.02                           net3 (net)
                  0.31    0.00    2.34 ^ _237_/B (sky130_fd_sc_hd__nor2_4)
                  0.12    0.21    2.55 v _237_/Y (sky130_fd_sc_hd__nor2_4)
     9    0.04                           _125_ (net)
                  0.12    0.00    2.55 v _346_/A2 (sky130_fd_sc_hd__o31a_1)
                  0.09    0.57    3.12 v _346_/X (sky130_fd_sc_hd__o31a_1)
     1    0.00                           _053_ (net)
                  0.09    0.00    3.12 v _411_/D (sky130_fd_sc_hd__dfrtp_1)
                                  3.12   data arrival time

                         10.00   10.00   clock clk (rise edge)
                          0.00   10.00   clock source latency
                  0.12    0.08   10.08 ^ clk (in)
     1    0.02                           clk (net)
                  0.12    0.00   10.08 ^ clkbuf_0_clk/A (sky130_fd_sc_hd__clkbuf_16)
                  0.10    0.26   10.34 ^ clkbuf_0_clk/X (sky130_fd_sc_hd__clkbuf_16)
     4    0.04                           clknet_0_clk (net)
                  0.10    0.00   10.34 ^ clkbuf_2_0__f_clk/A (sky130_fd_sc_hd__clkbuf_16)
                  0.10    0.25   10.59 ^ clkbuf_2_0__f_clk/X (sky130_fd_sc_hd__clkbuf_16)
    14    0.04                           clknet_2_0__leaf_clk (net)
                  0.10    0.00   10.60 ^ _411_/CLK (sky130_fd_sc_hd__dfrtp_1)
                         -0.25   10.35   clock uncertainty
                          0.00   10.35   clock reconvergence pessimism
                         -0.28   10.07   library setup time
                                 10.07   data required time
-----------------------------------------------------------------------------
                                 10.07   data required time
                                 -3.12   data arrival time
-----------------------------------------------------------------------------
                                  6.95   slack (MET)


Startpoint: rst (input port clocked by clk)
Endpoint: _409_ (recovery check against rising-edge clock clk)
Path Group: asynchronous
Path Type: max
Corner: Slowest

Fanout     Cap    Slew   Delay    Time   Description
-----------------------------------------------------------------------------
                          0.00    0.00   clock clk (rise edge)
                          0.00    0.00   clock network delay (propagated)
                          2.00    2.00 v input external delay
                  0.02    0.01    2.01 v rst (in)
     1    0.00                           rst (net)
                  0.02    0.00    2.01 v input2/A (sky130_fd_sc_hd__buf_1)
                  0.11    0.19    2.20 v input2/X (sky130_fd_sc_hd__buf_1)
     3    0.01                           net2 (net)
                  0.11    0.00    2.20 v _355_/A (sky130_fd_sc_hd__buf_4)
                  0.14    0.37    2.57 v _355_/X (sky130_fd_sc_hd__buf_4)
    10    0.05                           _199_ (net)
                  0.14    0.00    2.57 v _356_/A (sky130_fd_sc_hd__buf_4)
                  0.15    0.39    2.97 v _356_/X (sky130_fd_sc_hd__buf_4)
    10    0.06                           _200_ (net)
                  0.15    0.00    2.97 v _358_/A (sky130_fd_sc_hd__inv_2)
                  0.06    0.11    3.08 ^ _358_/Y (sky130_fd_sc_hd__inv_2)
     1    0.00                           _003_ (net)
                  0.06    0.00    3.08 ^ _409_/RESET_B (sky130_fd_sc_hd__dfrtp_4)
                                  3.08   data arrival time

                         10.00   10.00   clock clk (rise edge)
                          0.00   10.00   clock source latency
                  0.12    0.08   10.08 ^ clk (in)
     1    0.02                           clk (net)
                  0.12    0.00   10.08 ^ clkbuf_0_clk/A (sky130_fd_sc_hd__clkbuf_16)
                  0.10    0.26   10.34 ^ clkbuf_0_clk/X (sky130_fd_sc_hd__clkbuf_16)
     4    0.04                           clknet_0_clk (net)
                  0.10    0.00   10.34 ^ clkbuf_2_2__f_clk/A (sky130_fd_sc_hd__clkbuf_16)
                  0.08    0.24   10.58 ^ clkbuf_2_2__f_clk/X (sky130_fd_sc_hd__clkbuf_16)
    10    0.03                           clknet_2_2__leaf_clk (net)
                  0.09    0.00   10.58 ^ _409_/CLK (sky130_fd_sc_hd__dfrtp_4)
                         -0.25   10.33   clock uncertainty
                          0.00   10.33   clock reconvergence pessimism
                          0.46   10.79   library recovery time
                                 10.79   data required time
-----------------------------------------------------------------------------
                                 10.79   data required time
                                 -3.08   data arrival time
-----------------------------------------------------------------------------
                                  7.71   slack (MET)


Startpoint: rst (input port clocked by clk)
Endpoint: _415_ (recovery check against rising-edge clock clk)
Path Group: asynchronous
Path Type: max
Corner: Slowest

Fanout     Cap    Slew   Delay    Time   Description
-----------------------------------------------------------------------------
                          0.00    0.00   clock clk (rise edge)
                          0.00    0.00   clock network delay (propagated)
                          2.00    2.00 v input external delay
                  0.02    0.01    2.01 v rst (in)
     1    0.00                           rst (net)
                  0.02    0.00    2.01 v input2/A (sky130_fd_sc_hd__buf_1)
                  0.11    0.19    2.20 v input2/X (sky130_fd_sc_hd__buf_1)
     3    0.01                           net2 (net)
                  0.11    0.00    2.20 v _355_/A (sky130_fd_sc_hd__buf_4)
                  0.14    0.37    2.57 v _355_/X (sky130_fd_sc_hd__buf_4)
    10    0.05                           _199_ (net)
                  0.14    0.00    2.57 v _356_/A (sky130_fd_sc_hd__buf_4)
                  0.15    0.39    2.97 v _356_/X (sky130_fd_sc_hd__buf_4)
    10    0.06                           _200_ (net)
                  0.15    0.00    2.97 v _364_/A (sky130_fd_sc_hd__inv_2)
                  0.06    0.11    3.08 ^ _364_/Y (sky130_fd_sc_hd__inv_2)
     1    0.00                           _009_ (net)
                  0.06    0.00    3.08 ^ _415_/RESET_B (sky130_fd_sc_hd__dfrtp_1)
                                  3.08   data arrival time

                         10.00   10.00   clock clk (rise edge)
                          0.00   10.00   clock source latency
                  0.12    0.08   10.08 ^ clk (in)
     1    0.02                           clk (net)
                  0.12    0.00   10.08 ^ clkbuf_0_clk/A (sky130_fd_sc_hd__clkbuf_16)
                  0.10    0.26   10.34 ^ clkbuf_0_clk/X (sky130_fd_sc_hd__clkbuf_16)
     4    0.04                           clknet_0_clk (net)
                  0.10    0.00   10.34 ^ clkbuf_2_2__f_clk/A (sky130_fd_sc_hd__clkbuf_16)
                  0.08    0.24   10.58 ^ clkbuf_2_2__f_clk/X (sky130_fd_sc_hd__clkbuf_16)
    10    0.03                           clknet_2_2__leaf_clk (net)
                  0.09    0.00   10.58 ^ _415_/CLK (sky130_fd_sc_hd__dfrtp_1)
                         -0.25   10.33   clock uncertainty
                          0.00   10.33   clock reconvergence pessimism
                          0.47   10.81   library recovery time
                                 10.81   data required time
-----------------------------------------------------------------------------
                                 10.81   data required time
                                 -3.08   data arrival time
-----------------------------------------------------------------------------
                                  7.73   slack (MET)


Startpoint: rst (input port clocked by clk)
Endpoint: _416_ (recovery check against rising-edge clock clk)
Path Group: asynchronous
Path Type: max
Corner: Slowest

Fanout     Cap    Slew   Delay    Time   Description
-----------------------------------------------------------------------------
                          0.00    0.00   clock clk (rise edge)
                          0.00    0.00   clock network delay (propagated)
                          2.00    2.00 v input external delay
                  0.02    0.01    2.01 v rst (in)
     1    0.00                           rst (net)
                  0.02    0.00    2.01 v input2/A (sky130_fd_sc_hd__buf_1)
                  0.11    0.19    2.20 v input2/X (sky130_fd_sc_hd__buf_1)
     3    0.01                           net2 (net)
                  0.11    0.00    2.20 v _355_/A (sky130_fd_sc_hd__buf_4)
                  0.14    0.37    2.57 v _355_/X (sky130_fd_sc_hd__buf_4)
    10    0.05                           _199_ (net)
                  0.14    0.00    2.57 v _356_/A (sky130_fd_sc_hd__buf_4)
                  0.15    0.39    2.97 v _356_/X (sky130_fd_sc_hd__buf_4)
    10    0.06                           _200_ (net)
                  0.15    0.00    2.97 v _365_/A (sky130_fd_sc_hd__inv_2)
                  0.05    0.11    3.08 ^ _365_/Y (sky130_fd_sc_hd__inv_2)
     1    0.00                           _010_ (net)
                  0.05    0.00    3.08 ^ _416_/RESET_B (sky130_fd_sc_hd__dfrtp_1)
                                  3.08   data arrival time

                         10.00   10.00   clock clk (rise edge)
                          0.00   10.00   clock source latency
                  0.12    0.08   10.08 ^ clk (in)
     1    0.02                           clk (net)
                  0.12    0.00   10.08 ^ clkbuf_0_clk/A (sky130_fd_sc_hd__clkbuf_16)
                  0.10    0.26   10.34 ^ clkbuf_0_clk/X (sky130_fd_sc_hd__clkbuf_16)
     4    0.04                           clknet_0_clk (net)
                  0.10    0.00   10.34 ^ clkbuf_2_2__f_clk/A (sky130_fd_sc_hd__clkbuf_16)
                  0.08    0.24   10.58 ^ clkbuf_2_2__f_clk/X (sky130_fd_sc_hd__clkbuf_16)
    10    0.03                           clknet_2_2__leaf_clk (net)
                  0.09    0.00   10.58 ^ _416_/CLK (sky130_fd_sc_hd__dfrtp_1)
                         -0.25   10.33   clock uncertainty
                          0.00   10.33   clock reconvergence pessimism
                          0.47   10.81   library recovery time
                                 10.81   data required time
-----------------------------------------------------------------------------
                                 10.81   data required time
                                 -3.08   data arrival time
-----------------------------------------------------------------------------
                                  7.73   slack (MET)


Startpoint: rst (input port clocked by clk)
Endpoint: _417_ (recovery check against rising-edge clock clk)
Path Group: asynchronous
Path Type: max
Corner: Slowest

Fanout     Cap    Slew   Delay    Time   Description
-----------------------------------------------------------------------------
                          0.00    0.00   clock clk (rise edge)
                          0.00    0.00   clock network delay (propagated)
                          2.00    2.00 v input external delay
                  0.02    0.01    2.01 v rst (in)
     1    0.00                           rst (net)
                  0.02    0.00    2.01 v input2/A (sky130_fd_sc_hd__buf_1)
                  0.11    0.19    2.20 v input2/X (sky130_fd_sc_hd__buf_1)
     3    0.01                           net2 (net)
                  0.11    0.00    2.20 v _355_/A (sky130_fd_sc_hd__buf_4)
                  0.14    0.37    2.57 v _355_/X (sky130_fd_sc_hd__buf_4)
    10    0.05                           _199_ (net)
                  0.14    0.00    2.57 v _356_/A (sky130_fd_sc_hd__buf_4)
                  0.15    0.39    2.97 v _356_/X (sky130_fd_sc_hd__buf_4)
    10    0.06                           _200_ (net)
                  0.15    0.00    2.97 v _366_/A (sky130_fd_sc_hd__inv_2)
                  0.05    0.10    3.08 ^ _366_/Y (sky130_fd_sc_hd__inv_2)
     1    0.00                           _011_ (net)
                  0.05    0.00    3.08 ^ _417_/RESET_B (sky130_fd_sc_hd__dfrtp_1)
                                  3.08   data arrival time

                         10.00   10.00   clock clk (rise edge)
                          0.00   10.00   clock source latency
                  0.12    0.08   10.08 ^ clk (in)
     1    0.02                           clk (net)
                  0.12    0.00   10.08 ^ clkbuf_0_clk/A (sky130_fd_sc_hd__clkbuf_16)
                  0.10    0.26   10.34 ^ clkbuf_0_clk/X (sky130_fd_sc_hd__clkbuf_16)
     4    0.04                           clknet_0_clk (net)
                  0.10    0.00   10.34 ^ clkbuf_2_2__f_clk/A (sky130_fd_sc_hd__clkbuf_16)
                  0.08    0.24   10.58 ^ clkbuf_2_2__f_clk/X (sky130_fd_sc_hd__clkbuf_16)
    10    0.03                           clknet_2_2__leaf_clk (net)
                  0.09    0.00   10.58 ^ _417_/CLK (sky130_fd_sc_hd__dfrtp_1)
                         -0.25   10.33   clock uncertainty
                          0.00   10.33   clock reconvergence pessimism
                          0.47   10.81   library recovery time
                                 10.81   data required time
-----------------------------------------------------------------------------
                                 10.81   data required time
                                 -3.08   data arrival time
-----------------------------------------------------------------------------
                                  7.73   slack (MET)


Startpoint: rst (input port clocked by clk)
Endpoint: _413_ (recovery check against rising-edge clock clk)
Path Group: asynchronous
Path Type: max
Corner: Slowest

Fanout     Cap    Slew   Delay    Time   Description
-----------------------------------------------------------------------------
                          0.00    0.00   clock clk (rise edge)
                          0.00    0.00   clock network delay (propagated)
                          2.00    2.00 v input external delay
                  0.02    0.01    2.01 v rst (in)
     1    0.00                           rst (net)
                  0.02    0.00    2.01 v input2/A (sky130_fd_sc_hd__buf_1)
                  0.11    0.19    2.20 v input2/X (sky130_fd_sc_hd__buf_1)
     3    0.01                           net2 (net)
                  0.11    0.00    2.20 v _355_/A (sky130_fd_sc_hd__buf_4)
                  0.14    0.37    2.57 v _355_/X (sky130_fd_sc_hd__buf_4)
    10    0.05                           _199_ (net)
                  0.14    0.00    2.57 v _356_/A (sky130_fd_sc_hd__buf_4)
                  0.15    0.39    2.97 v _356_/X (sky130_fd_sc_hd__buf_4)
    10    0.06                           _200_ (net)
                  0.15    0.00    2.97 v _362_/A (sky130_fd_sc_hd__inv_2)
                  0.06    0.11    3.08 ^ _362_/Y (sky130_fd_sc_hd__inv_2)
     1    0.00                           _007_ (net)
                  0.06    0.00    3.08 ^ _413_/RESET_B (sky130_fd_sc_hd__dfrtp_1)
                                  3.08   data arrival time

                         10.00   10.00   clock clk (rise edge)
                          0.00   10.00   clock source latency
                  0.12    0.08   10.08 ^ clk (in)
     1    0.02                           clk (net)
                  0.12    0.00   10.08 ^ clkbuf_0_clk/A (sky130_fd_sc_hd__clkbuf_16)
                  0.10    0.26   10.34 ^ clkbuf_0_clk/X (sky130_fd_sc_hd__clkbuf_16)
     4    0.04                           clknet_0_clk (net)
                  0.10    0.00   10.34 ^ clkbuf_2_2__f_clk/A (sky130_fd_sc_hd__clkbuf_16)
                  0.08    0.24   10.58 ^ clkbuf_2_2__f_clk/X (sky130_fd_sc_hd__clkbuf_16)
    10    0.03                           clknet_2_2__leaf_clk (net)
                  0.09    0.00   10.58 ^ _413_/CLK (sky130_fd_sc_hd__dfrtp_1)
                         -0.25   10.33   clock uncertainty
                          0.00   10.33   clock reconvergence pessimism
                          0.47   10.81   library recovery time
                                 10.81   data required time
-----------------------------------------------------------------------------
                                 10.81   data required time
                                 -3.08   data arrival time
-----------------------------------------------------------------------------
                                  7.73   slack (MET)


Startpoint: rst (input port clocked by clk)
Endpoint: _414_ (recovery check against rising-edge clock clk)
Path Group: asynchronous
Path Type: max
Corner: Slowest

Fanout     Cap    Slew   Delay    Time   Description
-----------------------------------------------------------------------------
                          0.00    0.00   clock clk (rise edge)
                          0.00    0.00   clock network delay (propagated)
                          2.00    2.00 v input external delay
                  0.02    0.01    2.01 v rst (in)
     1    0.00                           rst (net)
                  0.02    0.00    2.01 v input2/A (sky130_fd_sc_hd__buf_1)
                  0.11    0.19    2.20 v input2/X (sky130_fd_sc_hd__buf_1)
     3    0.01                           net2 (net)
                  0.11    0.00    2.20 v _355_/A (sky130_fd_sc_hd__buf_4)
                  0.14    0.37    2.57 v _355_/X (sky130_fd_sc_hd__buf_4)
    10    0.05                           _199_ (net)
                  0.14    0.00    2.57 v _356_/A (sky130_fd_sc_hd__buf_4)
                  0.15    0.39    2.97 v _356_/X (sky130_fd_sc_hd__buf_4)
    10    0.06                           _200_ (net)
                  0.15    0.00    2.97 v _363_/A (sky130_fd_sc_hd__inv_2)
                  0.05    0.11    3.08 ^ _363_/Y (sky130_fd_sc_hd__inv_2)
     1    0.00                           _008_ (net)
                  0.05    0.00    3.08 ^ _414_/RESET_B (sky130_fd_sc_hd__dfrtp_1)
                                  3.08   data arrival time

                         10.00   10.00   clock clk (rise edge)
                          0.00   10.00   clock source latency
                  0.12    0.08   10.08 ^ clk (in)
     1    0.02                           clk (net)
                  0.12    0.00   10.08 ^ clkbuf_0_clk/A (sky130_fd_sc_hd__clkbuf_16)
                  0.10    0.26   10.34 ^ clkbuf_0_clk/X (sky130_fd_sc_hd__clkbuf_16)
     4    0.04                           clknet_0_clk (net)
                  0.10    0.00   10.34 ^ clkbuf_2_2__f_clk/A (sky130_fd_sc_hd__clkbuf_16)
                  0.08    0.24   10.58 ^ clkbuf_2_2__f_clk/X (sky130_fd_sc_hd__clkbuf_16)
    10    0.03                           clknet_2_2__leaf_clk (net)
                  0.09    0.00   10.58 ^ _414_/CLK (sky130_fd_sc_hd__dfrtp_1)
                         -0.25   10.33   clock uncertainty
                          0.00   10.33   clock reconvergence pessimism
                          0.47   10.81   library recovery time
                                 10.81   data required time
-----------------------------------------------------------------------------
                                 10.81   data required time
                                 -3.08   data arrival time
-----------------------------------------------------------------------------
                                  7.73   slack (MET)


Startpoint: rst (input port clocked by clk)
Endpoint: _412_ (recovery check against rising-edge clock clk)
Path Group: asynchronous
Path Type: max
Corner: Slowest

Fanout     Cap    Slew   Delay    Time   Description
-----------------------------------------------------------------------------
                          0.00    0.00   clock clk (rise edge)
                          0.00    0.00   clock network delay (propagated)
                          2.00    2.00 v input external delay
                  0.02    0.01    2.01 v rst (in)
     1    0.00                           rst (net)
                  0.02    0.00    2.01 v input2/A (sky130_fd_sc_hd__buf_1)
                  0.11    0.19    2.20 v input2/X (sky130_fd_sc_hd__buf_1)
     3    0.01                           net2 (net)
                  0.11    0.00    2.20 v _355_/A (sky130_fd_sc_hd__buf_4)
                  0.14    0.37    2.57 v _355_/X (sky130_fd_sc_hd__buf_4)
    10    0.05                           _199_ (net)
                  0.14    0.00    2.57 v _356_/A (sky130_fd_sc_hd__buf_4)
                  0.15    0.39    2.97 v _356_/X (sky130_fd_sc_hd__buf_4)
    10    0.06                           _200_ (net)
                  0.15    0.00    2.97 v _361_/A (sky130_fd_sc_hd__inv_2)
                  0.05    0.10    3.08 ^ _361_/Y (sky130_fd_sc_hd__inv_2)
     1    0.00                           _006_ (net)
                  0.05    0.00    3.08 ^ _412_/RESET_B (sky130_fd_sc_hd__dfrtp_1)
                                  3.08   data arrival time

                         10.00   10.00   clock clk (rise edge)
                          0.00   10.00   clock source latency
                  0.12    0.08   10.08 ^ clk (in)
     1    0.02                           clk (net)
                  0.12    0.00   10.08 ^ clkbuf_0_clk/A (sky130_fd_sc_hd__clkbuf_16)
                  0.10    0.26   10.34 ^ clkbuf_0_clk/X (sky130_fd_sc_hd__clkbuf_16)
     4    0.04                           clknet_0_clk (net)
                  0.10    0.00   10.34 ^ clkbuf_2_2__f_clk/A (sky130_fd_sc_hd__clkbuf_16)
                  0.08    0.24   10.58 ^ clkbuf_2_2__f_clk/X (sky130_fd_sc_hd__clkbuf_16)
    10    0.03                           clknet_2_2__leaf_clk (net)
                  0.09    0.00   10.58 ^ _412_/CLK (sky130_fd_sc_hd__dfrtp_1)
                         -0.25   10.33   clock uncertainty
                          0.00   10.33   clock reconvergence pessimism
                          0.47   10.81   library recovery time
                                 10.81   data required time
-----------------------------------------------------------------------------
                                 10.81   data required time
                                 -3.08   data arrival time
-----------------------------------------------------------------------------
                                  7.73   slack (MET)


Startpoint: rst (input port clocked by clk)
Endpoint: _408_ (recovery check against rising-edge clock clk)
Path Group: asynchronous
Path Type: max
Corner: Slowest

Fanout     Cap    Slew   Delay    Time   Description
-----------------------------------------------------------------------------
                          0.00    0.00   clock clk (rise edge)
                          0.00    0.00   clock network delay (propagated)
                          2.00    2.00 v input external delay
                  0.02    0.01    2.01 v rst (in)
     1    0.00                           rst (net)
                  0.02    0.00    2.01 v input2/A (sky130_fd_sc_hd__buf_1)
                  0.11    0.19    2.20 v input2/X (sky130_fd_sc_hd__buf_1)
     3    0.01                           net2 (net)
                  0.11    0.00    2.20 v _355_/A (sky130_fd_sc_hd__buf_4)
                  0.14    0.37    2.57 v _355_/X (sky130_fd_sc_hd__buf_4)
    10    0.05                           _199_ (net)
                  0.14    0.00    2.57 v _356_/A (sky130_fd_sc_hd__buf_4)
                  0.15    0.39    2.97 v _356_/X (sky130_fd_sc_hd__buf_4)
    10    0.06                           _200_ (net)
                  0.15    0.00    2.97 v _357_/A (sky130_fd_sc_hd__inv_2)
                  0.05    0.10    3.07 ^ _357_/Y (sky130_fd_sc_hd__inv_2)
     1    0.00                           _002_ (net)
                  0.05    0.00    3.07 ^ _408_/RESET_B (sky130_fd_sc_hd__dfrtp_4)
                                  3.07   data arrival time

                         10.00   10.00   clock clk (rise edge)
                          0.00   10.00   clock source latency
                  0.12    0.08   10.08 ^ clk (in)
     1    0.02                           clk (net)
                  0.12    0.00   10.08 ^ clkbuf_0_clk/A (sky130_fd_sc_hd__clkbuf_16)
                  0.10    0.26   10.34 ^ clkbuf_0_clk/X (sky130_fd_sc_hd__clkbuf_16)
     4    0.04                           clknet_0_clk (net)
                  0.10    0.00   10.34 ^ clkbuf_2_0__f_clk/A (sky130_fd_sc_hd__clkbuf_16)
                  0.10    0.25   10.59 ^ clkbuf_2_0__f_clk/X (sky130_fd_sc_hd__clkbuf_16)
    14    0.04                           clknet_2_0__leaf_clk (net)
                  0.10    0.00   10.60 ^ _408_/CLK (sky130_fd_sc_hd__dfrtp_4)
                         -0.25   10.35   clock uncertainty
                          0.00   10.35   clock reconvergence pessimism
                          0.46   10.81   library recovery time
                                 10.81   data required time
-----------------------------------------------------------------------------
                                 10.81   data required time
                                 -3.07   data arrival time
-----------------------------------------------------------------------------
                                  7.73   slack (MET)


Startpoint: rst (input port clocked by clk)
Endpoint: _410_ (recovery check against rising-edge clock clk)
Path Group: asynchronous
Path Type: max
Corner: Slowest

Fanout     Cap    Slew   Delay    Time   Description
-----------------------------------------------------------------------------
                          0.00    0.00   clock clk (rise edge)
                          0.00    0.00   clock network delay (propagated)
                          2.00    2.00 v input external delay
                  0.02    0.01    2.01 v rst (in)
     1    0.00                           rst (net)
                  0.02    0.00    2.01 v input2/A (sky130_fd_sc_hd__buf_1)
                  0.11    0.19    2.20 v input2/X (sky130_fd_sc_hd__buf_1)
     3    0.01                           net2 (net)
                  0.11    0.00    2.20 v _355_/A (sky130_fd_sc_hd__buf_4)
                  0.14    0.37    2.57 v _355_/X (sky130_fd_sc_hd__buf_4)
    10    0.05                           _199_ (net)
                  0.14    0.00    2.57 v _356_/A (sky130_fd_sc_hd__buf_4)
                  0.15    0.39    2.97 v _356_/X (sky130_fd_sc_hd__buf_4)
    10    0.06                           _200_ (net)
                  0.15    0.00    2.97 v _359_/A (sky130_fd_sc_hd__inv_2)
                  0.05    0.11    3.07 ^ _359_/Y (sky130_fd_sc_hd__inv_2)
     1    0.00                           _004_ (net)
                  0.05    0.00    3.07 ^ _410_/RESET_B (sky130_fd_sc_hd__dfrtp_2)
                                  3.07   data arrival time

                         10.00   10.00   clock clk (rise edge)
                          0.00   10.00   clock source latency
                  0.12    0.08   10.08 ^ clk (in)
     1    0.02                           clk (net)
                  0.12    0.00   10.08 ^ clkbuf_0_clk/A (sky130_fd_sc_hd__clkbuf_16)
                  0.10    0.26   10.34 ^ clkbuf_0_clk/X (sky130_fd_sc_hd__clkbuf_16)
     4    0.04                           clknet_0_clk (net)
                  0.10    0.00   10.34 ^ clkbuf_2_0__f_clk/A (sky130_fd_sc_hd__clkbuf_16)
                  0.10    0.25   10.59 ^ clkbuf_2_0__f_clk/X (sky130_fd_sc_hd__clkbuf_16)
    14    0.04                           clknet_2_0__leaf_clk (net)
                  0.10    0.00   10.59 ^ _410_/CLK (sky130_fd_sc_hd__dfrtp_2)
                         -0.25   10.34   clock uncertainty
                          0.00   10.34   clock reconvergence pessimism
                          0.46   10.81   library recovery time
                                 10.81   data required time
-----------------------------------------------------------------------------
                                 10.81   data required time
                                 -3.07   data arrival time
-----------------------------------------------------------------------------
                                  7.73   slack (MET)


Startpoint: rst (input port clocked by clk)
Endpoint: _424_ (recovery check against rising-edge clock clk)
Path Group: asynchronous
Path Type: max
Corner: Slowest

Fanout     Cap    Slew   Delay    Time   Description
-----------------------------------------------------------------------------
                          0.00    0.00   clock clk (rise edge)
                          0.00    0.00   clock network delay (propagated)
                          2.00    2.00 v input external delay
                  0.02    0.01    2.01 v rst (in)
     1    0.00                           rst (net)
                  0.02    0.00    2.01 v input2/A (sky130_fd_sc_hd__buf_1)
                  0.11    0.19    2.20 v input2/X (sky130_fd_sc_hd__buf_1)
     3    0.01                           net2 (net)
                  0.11    0.00    2.20 v _355_/A (sky130_fd_sc_hd__buf_4)
                  0.14    0.37    2.57 v _355_/X (sky130_fd_sc_hd__buf_4)
    10    0.05                           _199_ (net)
                  0.14    0.00    2.57 v _367_/A (sky130_fd_sc_hd__clkbuf_8)
                  0.14    0.38    2.95 v _367_/X (sky130_fd_sc_hd__clkbuf_8)
    10    0.07                           _201_ (net)
                  0.14    0.00    2.96 v _374_/A (sky130_fd_sc_hd__inv_2)
                  0.05    0.10    3.06 ^ _374_/Y (sky130_fd_sc_hd__inv_2)
     1    0.00                           _018_ (net)
                  0.05    0.00    3.06 ^ _424_/RESET_B (sky130_fd_sc_hd__dfrtp_2)
                                  3.06   data arrival time

                         10.00   10.00   clock clk (rise edge)
                          0.00   10.00   clock source latency
                  0.12    0.08   10.08 ^ clk (in)
     1    0.02                           clk (net)
                  0.12    0.00   10.08 ^ clkbuf_0_clk/A (sky130_fd_sc_hd__clkbuf_16)
                  0.10    0.26   10.34 ^ clkbuf_0_clk/X (sky130_fd_sc_hd__clkbuf_16)
     4    0.04                           clknet_0_clk (net)
                  0.10    0.00   10.34 ^ clkbuf_2_3__f_clk/A (sky130_fd_sc_hd__clkbuf_16)
                  0.09    0.25   10.59 ^ clkbuf_2_3__f_clk/X (sky130_fd_sc_hd__clkbuf_16)
    12    0.04                           clknet_2_3__leaf_clk (net)
                  0.09    0.00   10.59 ^ _424_/CLK (sky130_fd_sc_hd__dfrtp_2)
                         -0.25   10.34   clock uncertainty
                          0.00   10.34   clock reconvergence pessimism
                          0.46   10.80   library recovery time
                                 10.80   data required time
-----------------------------------------------------------------------------
                                 10.80   data required time
                                 -3.06   data arrival time
-----------------------------------------------------------------------------
                                  7.74   slack (MET)


Startpoint: rst (input port clocked by clk)
Endpoint: _425_ (recovery check against rising-edge clock clk)
Path Group: asynchronous
Path Type: max
Corner: Slowest

Fanout     Cap    Slew   Delay    Time   Description
-----------------------------------------------------------------------------
                          0.00    0.00   clock clk (rise edge)
                          0.00    0.00   clock network delay (propagated)
                          2.00    2.00 v input external delay
                  0.02    0.01    2.01 v rst (in)
     1    0.00                           rst (net)
                  0.02    0.00    2.01 v input2/A (sky130_fd_sc_hd__buf_1)
                  0.11    0.19    2.20 v input2/X (sky130_fd_sc_hd__buf_1)
     3    0.01                           net2 (net)
                  0.11    0.00    2.20 v _355_/A (sky130_fd_sc_hd__buf_4)
                  0.14    0.37    2.57 v _355_/X (sky130_fd_sc_hd__buf_4)
    10    0.05                           _199_ (net)
                  0.14    0.00    2.57 v _367_/A (sky130_fd_sc_hd__clkbuf_8)
                  0.14    0.38    2.95 v _367_/X (sky130_fd_sc_hd__clkbuf_8)
    10    0.07                           _201_ (net)
                  0.14    0.00    2.96 v _375_/A (sky130_fd_sc_hd__inv_2)
                  0.05    0.10    3.06 ^ _375_/Y (sky130_fd_sc_hd__inv_2)
     1    0.00                           _019_ (net)
                  0.05    0.00    3.06 ^ _425_/RESET_B (sky130_fd_sc_hd__dfrtp_1)
                                  3.06   data arrival time

                         10.00   10.00   clock clk (rise edge)
                          0.00   10.00   clock source latency
                  0.12    0.08   10.08 ^ clk (in)
     1    0.02                           clk (net)
                  0.12    0.00   10.08 ^ clkbuf_0_clk/A (sky130_fd_sc_hd__clkbuf_16)
                  0.10    0.26   10.34 ^ clkbuf_0_clk/X (sky130_fd_sc_hd__clkbuf_16)
     4    0.04                           clknet_0_clk (net)
                  0.10    0.00   10.34 ^ clkbuf_2_2__f_clk/A (sky130_fd_sc_hd__clkbuf_16)
                  0.08    0.24   10.58 ^ clkbuf_2_2__f_clk/X (sky130_fd_sc_hd__clkbuf_16)
    10    0.03                           clknet_2_2__leaf_clk (net)
                  0.09    0.00   10.58 ^ _425_/CLK (sky130_fd_sc_hd__dfrtp_1)
                         -0.25   10.33   clock uncertainty
                          0.00   10.33   clock reconvergence pessimism
                          0.47   10.81   library recovery time
                                 10.81   data required time
-----------------------------------------------------------------------------
                                 10.81   data required time
                                 -3.06   data arrival time
-----------------------------------------------------------------------------
                                  7.74   slack (MET)


Startpoint: rst (input port clocked by clk)
Endpoint: _423_ (recovery check against rising-edge clock clk)
Path Group: asynchronous
Path Type: max
Corner: Slowest

Fanout     Cap    Slew   Delay    Time   Description
-----------------------------------------------------------------------------
                          0.00    0.00   clock clk (rise edge)
                          0.00    0.00   clock network delay (propagated)
                          2.00    2.00 v input external delay
                  0.02    0.01    2.01 v rst (in)
     1    0.00                           rst (net)
                  0.02    0.00    2.01 v input2/A (sky130_fd_sc_hd__buf_1)
                  0.11    0.19    2.20 v input2/X (sky130_fd_sc_hd__buf_1)
     3    0.01                           net2 (net)
                  0.11    0.00    2.20 v _355_/A (sky130_fd_sc_hd__buf_4)
                  0.14    0.37    2.57 v _355_/X (sky130_fd_sc_hd__buf_4)
    10    0.05                           _199_ (net)
                  0.14    0.00    2.57 v _367_/A (sky130_fd_sc_hd__clkbuf_8)
                  0.14    0.38    2.95 v _367_/X (sky130_fd_sc_hd__clkbuf_8)
    10    0.07                           _201_ (net)
                  0.14    0.00    2.96 v _373_/A (sky130_fd_sc_hd__inv_2)
                  0.05    0.10    3.06 ^ _373_/Y (sky130_fd_sc_hd__inv_2)
     1    0.00                           _017_ (net)
                  0.05    0.00    3.06 ^ _423_/RESET_B (sky130_fd_sc_hd__dfrtp_1)
                                  3.06   data arrival time

                         10.00   10.00   clock clk (rise edge)
                          0.00   10.00   clock source latency
                  0.12    0.08   10.08 ^ clk (in)
     1    0.02                           clk (net)
                  0.12    0.00   10.08 ^ clkbuf_0_clk/A (sky130_fd_sc_hd__clkbuf_16)
                  0.10    0.26   10.34 ^ clkbuf_0_clk/X (sky130_fd_sc_hd__clkbuf_16)
     4    0.04                           clknet_0_clk (net)
                  0.10    0.00   10.34 ^ clkbuf_2_2__f_clk/A (sky130_fd_sc_hd__clkbuf_16)
                  0.08    0.24   10.58 ^ clkbuf_2_2__f_clk/X (sky130_fd_sc_hd__clkbuf_16)
    10    0.03                           clknet_2_2__leaf_clk (net)
                  0.09    0.00   10.58 ^ _423_/CLK (sky130_fd_sc_hd__dfrtp_1)
                         -0.25   10.33   clock uncertainty
                          0.00   10.33   clock reconvergence pessimism
                          0.47   10.81   library recovery time
                                 10.81   data required time
-----------------------------------------------------------------------------
                                 10.81   data required time
                                 -3.06   data arrival time
-----------------------------------------------------------------------------
                                  7.75   slack (MET)


Startpoint: rst (input port clocked by clk)
Endpoint: _422_ (recovery check against rising-edge clock clk)
Path Group: asynchronous
Path Type: max
Corner: Slowest

Fanout     Cap    Slew   Delay    Time   Description
-----------------------------------------------------------------------------
                          0.00    0.00   clock clk (rise edge)
                          0.00    0.00   clock network delay (propagated)
                          2.00    2.00 v input external delay
                  0.02    0.01    2.01 v rst (in)
     1    0.00                           rst (net)
                  0.02    0.00    2.01 v input2/A (sky130_fd_sc_hd__buf_1)
                  0.11    0.19    2.20 v input2/X (sky130_fd_sc_hd__buf_1)
     3    0.01                           net2 (net)
                  0.11    0.00    2.20 v _355_/A (sky130_fd_sc_hd__buf_4)
                  0.14    0.37    2.57 v _355_/X (sky130_fd_sc_hd__buf_4)
    10    0.05                           _199_ (net)
                  0.14    0.00    2.57 v _367_/A (sky130_fd_sc_hd__clkbuf_8)
                  0.14    0.38    2.95 v _367_/X (sky130_fd_sc_hd__clkbuf_8)
    10    0.07                           _201_ (net)
                  0.14    0.00    2.96 v _372_/A (sky130_fd_sc_hd__inv_2)
                  0.05    0.10    3.06 ^ _372_/Y (sky130_fd_sc_hd__inv_2)
     1    0.00                           _016_ (net)
                  0.05    0.00    3.06 ^ _422_/RESET_B (sky130_fd_sc_hd__dfrtp_1)
                                  3.06   data arrival time

                         10.00   10.00   clock clk (rise edge)
                          0.00   10.00   clock source latency
                  0.12    0.08   10.08 ^ clk (in)
     1    0.02                           clk (net)
                  0.12    0.00   10.08 ^ clkbuf_0_clk/A (sky130_fd_sc_hd__clkbuf_16)
                  0.10    0.26   10.34 ^ clkbuf_0_clk/X (sky130_fd_sc_hd__clkbuf_16)
     4    0.04                           clknet_0_clk (net)
                  0.10    0.00   10.34 ^ clkbuf_2_2__f_clk/A (sky130_fd_sc_hd__clkbuf_16)
                  0.08    0.24   10.58 ^ clkbuf_2_2__f_clk/X (sky130_fd_sc_hd__clkbuf_16)
    10    0.03                           clknet_2_2__leaf_clk (net)
                  0.09    0.00   10.58 ^ _422_/CLK (sky130_fd_sc_hd__dfrtp_1)
                         -0.25   10.33   clock uncertainty
                          0.00   10.33   clock reconvergence pessimism
                          0.47   10.81   library recovery time
                                 10.81   data required time
-----------------------------------------------------------------------------
                                 10.81   data required time
                                 -3.06   data arrival time
-----------------------------------------------------------------------------
                                  7.75   slack (MET)


Startpoint: rst (input port clocked by clk)
Endpoint: _411_ (recovery check against rising-edge clock clk)
Path Group: asynchronous
Path Type: max
Corner: Slowest

Fanout     Cap    Slew   Delay    Time   Description
-----------------------------------------------------------------------------
                          0.00    0.00   clock clk (rise edge)
                          0.00    0.00   clock network delay (propagated)
                          2.00    2.00 v input external delay
                  0.02    0.01    2.01 v rst (in)
     1    0.00                           rst (net)
                  0.02    0.00    2.01 v input2/A (sky130_fd_sc_hd__buf_1)
                  0.11    0.19    2.20 v input2/X (sky130_fd_sc_hd__buf_1)
     3    0.01                           net2 (net)
                  0.11    0.00    2.20 v _355_/A (sky130_fd_sc_hd__buf_4)
                  0.14    0.37    2.57 v _355_/X (sky130_fd_sc_hd__buf_4)
    10    0.05                           _199_ (net)
                  0.14    0.00    2.57 v _356_/A (sky130_fd_sc_hd__buf_4)
                  0.15    0.39    2.97 v _356_/X (sky130_fd_sc_hd__buf_4)
    10    0.06                           _200_ (net)
                  0.15    0.00    2.97 v _360_/A (sky130_fd_sc_hd__inv_2)
                  0.05    0.10    3.07 ^ _360_/Y (sky130_fd_sc_hd__inv_2)
     1    0.00                           _005_ (net)
                  0.05    0.00    3.07 ^ _411_/RESET_B (sky130_fd_sc_hd__dfrtp_1)
                                  3.07   data arrival time

                         10.00   10.00   clock clk (rise edge)
                          0.00   10.00   clock source latency
                  0.12    0.08   10.08 ^ clk (in)
     1    0.02                           clk (net)
                  0.12    0.00   10.08 ^ clkbuf_0_clk/A (sky130_fd_sc_hd__clkbuf_16)
                  0.10    0.26   10.34 ^ clkbuf_0_clk/X (sky130_fd_sc_hd__clkbuf_16)
     4    0.04                           clknet_0_clk (net)
                  0.10    0.00   10.34 ^ clkbuf_2_0__f_clk/A (sky130_fd_sc_hd__clkbuf_16)
                  0.10    0.25   10.59 ^ clkbuf_2_0__f_clk/X (sky130_fd_sc_hd__clkbuf_16)
    14    0.04                           clknet_2_0__leaf_clk (net)
                  0.10    0.00   10.60 ^ _411_/CLK (sky130_fd_sc_hd__dfrtp_1)
                         -0.25   10.35   clock uncertainty
                          0.00   10.35   clock reconvergence pessimism
                          0.48   10.82   library recovery time
                                 10.82   data required time
-----------------------------------------------------------------------------
                                 10.82   data required time
                                 -3.07   data arrival time
-----------------------------------------------------------------------------
                                  7.75   slack (MET)


Startpoint: rst (input port clocked by clk)
Endpoint: _427_ (recovery check against rising-edge clock clk)
Path Group: asynchronous
Path Type: max
Corner: Slowest

Fanout     Cap    Slew   Delay    Time   Description
-----------------------------------------------------------------------------
                          0.00    0.00   clock clk (rise edge)
                          0.00    0.00   clock network delay (propagated)
                          2.00    2.00 v input external delay
                  0.02    0.01    2.01 v rst (in)
     1    0.00                           rst (net)
                  0.02    0.00    2.01 v input2/A (sky130_fd_sc_hd__buf_1)
                  0.11    0.19    2.20 v input2/X (sky130_fd_sc_hd__buf_1)
     3    0.01                           net2 (net)
                  0.11    0.00    2.20 v _355_/A (sky130_fd_sc_hd__buf_4)
                  0.14    0.37    2.57 v _355_/X (sky130_fd_sc_hd__buf_4)
    10    0.05                           _199_ (net)
                  0.14    0.00    2.57 v _367_/A (sky130_fd_sc_hd__clkbuf_8)
                  0.14    0.38    2.95 v _367_/X (sky130_fd_sc_hd__clkbuf_8)
    10    0.07                           _201_ (net)
                  0.14    0.00    2.96 v _377_/A (sky130_fd_sc_hd__inv_2)
                  0.06    0.11    3.06 ^ _377_/Y (sky130_fd_sc_hd__inv_2)
     1    0.00                           _021_ (net)
                  0.06    0.00    3.06 ^ _427_/RESET_B (sky130_fd_sc_hd__dfrtp_1)
                                  3.06   data arrival time

                         10.00   10.00   clock clk (rise edge)
                          0.00   10.00   clock source latency
                  0.12    0.08   10.08 ^ clk (in)
     1    0.02                           clk (net)
                  0.12    0.00   10.08 ^ clkbuf_0_clk/A (sky130_fd_sc_hd__clkbuf_16)
                  0.10    0.26   10.34 ^ clkbuf_0_clk/X (sky130_fd_sc_hd__clkbuf_16)
     4    0.04                           clknet_0_clk (net)
                  0.10    0.00   10.34 ^ clkbuf_2_1__f_clk/A (sky130_fd_sc_hd__clkbuf_16)
                  0.09    0.24   10.59 ^ clkbuf_2_1__f_clk/X (sky130_fd_sc_hd__clkbuf_16)
    12    0.04                           clknet_2_1__leaf_clk (net)
                  0.09    0.00   10.59 ^ _427_/CLK (sky130_fd_sc_hd__dfrtp_1)
                         -0.25   10.34   clock uncertainty
                          0.00   10.34   clock reconvergence pessimism
                          0.47   10.81   library recovery time
                                 10.81   data required time
-----------------------------------------------------------------------------
                                 10.81   data required time
                                 -3.06   data arrival time
-----------------------------------------------------------------------------
                                  7.75   slack (MET)


Startpoint: rst (input port clocked by clk)
Endpoint: _418_ (recovery check against rising-edge clock clk)
Path Group: asynchronous
Path Type: max
Corner: Slowest

Fanout     Cap    Slew   Delay    Time   Description
-----------------------------------------------------------------------------
                          0.00    0.00   clock clk (rise edge)
                          0.00    0.00   clock network delay (propagated)
                          2.00    2.00 v input external delay
                  0.02    0.01    2.01 v rst (in)
     1    0.00                           rst (net)
                  0.02    0.00    2.01 v input2/A (sky130_fd_sc_hd__buf_1)
                  0.11    0.19    2.20 v input2/X (sky130_fd_sc_hd__buf_1)
     3    0.01                           net2 (net)
                  0.11    0.00    2.20 v _355_/A (sky130_fd_sc_hd__buf_4)
                  0.14    0.37    2.57 v _355_/X (sky130_fd_sc_hd__buf_4)
    10    0.05                           _199_ (net)
                  0.14    0.00    2.57 v _367_/A (sky130_fd_sc_hd__clkbuf_8)
                  0.14    0.38    2.95 v _367_/X (sky130_fd_sc_hd__clkbuf_8)
    10    0.07                           _201_ (net)
                  0.14    0.00    2.96 v _368_/A (sky130_fd_sc_hd__inv_2)
                  0.05    0.10    3.06 ^ _368_/Y (sky130_fd_sc_hd__inv_2)
     1    0.00                           _012_ (net)
                  0.05    0.00    3.06 ^ _418_/RESET_B (sky130_fd_sc_hd__dfrtp_1)
                                  3.06   data arrival time

                         10.00   10.00   clock clk (rise edge)
                          0.00   10.00   clock source latency
                  0.12    0.08   10.08 ^ clk (in)
     1    0.02                           clk (net)
                  0.12    0.00   10.08 ^ clkbuf_0_clk/A (sky130_fd_sc_hd__clkbuf_16)
                  0.10    0.26   10.34 ^ clkbuf_0_clk/X (sky130_fd_sc_hd__clkbuf_16)
     4    0.04                           clknet_0_clk (net)
                  0.10    0.00   10.34 ^ clkbuf_2_3__f_clk/A (sky130_fd_sc_hd__clkbuf_16)
                  0.09    0.25   10.59 ^ clkbuf_2_3__f_clk/X (sky130_fd_sc_hd__clkbuf_16)
    12    0.04                           clknet_2_3__leaf_clk (net)
                  0.09    0.00   10.59 ^ _418_/CLK (sky130_fd_sc_hd__dfrtp_1)
                         -0.25   10.34   clock uncertainty
                          0.00   10.34   clock reconvergence pessimism
                          0.48   10.82   library recovery time
                                 10.82   data required time
-----------------------------------------------------------------------------
                                 10.82   data required time
                                 -3.06   data arrival time
-----------------------------------------------------------------------------
                                  7.75   slack (MET)


Startpoint: rst (input port clocked by clk)
Endpoint: _421_ (recovery check against rising-edge clock clk)
Path Group: asynchronous
Path Type: max
Corner: Slowest

Fanout     Cap    Slew   Delay    Time   Description
-----------------------------------------------------------------------------
                          0.00    0.00   clock clk (rise edge)
                          0.00    0.00   clock network delay (propagated)
                          2.00    2.00 v input external delay
                  0.02    0.01    2.01 v rst (in)
     1    0.00                           rst (net)
                  0.02    0.00    2.01 v input2/A (sky130_fd_sc_hd__buf_1)
                  0.11    0.19    2.20 v input2/X (sky130_fd_sc_hd__buf_1)
     3    0.01                           net2 (net)
                  0.11    0.00    2.20 v _355_/A (sky130_fd_sc_hd__buf_4)
                  0.14    0.37    2.57 v _355_/X (sky130_fd_sc_hd__buf_4)
    10    0.05                           _199_ (net)
                  0.14    0.00    2.57 v _367_/A (sky130_fd_sc_hd__clkbuf_8)
                  0.14    0.38    2.95 v _367_/X (sky130_fd_sc_hd__clkbuf_8)
    10    0.07                           _201_ (net)
                  0.14    0.00    2.96 v _371_/A (sky130_fd_sc_hd__inv_2)
                  0.05    0.10    3.06 ^ _371_/Y (sky130_fd_sc_hd__inv_2)
     1    0.00                           _015_ (net)
                  0.05    0.00    3.06 ^ _421_/RESET_B (sky130_fd_sc_hd__dfrtp_1)
                                  3.06   data arrival time

                         10.00   10.00   clock clk (rise edge)
                          0.00   10.00   clock source latency
                  0.12    0.08   10.08 ^ clk (in)
     1    0.02                           clk (net)
                  0.12    0.00   10.08 ^ clkbuf_0_clk/A (sky130_fd_sc_hd__clkbuf_16)
                  0.10    0.26   10.34 ^ clkbuf_0_clk/X (sky130_fd_sc_hd__clkbuf_16)
     4    0.04                           clknet_0_clk (net)
                  0.10    0.00   10.34 ^ clkbuf_2_3__f_clk/A (sky130_fd_sc_hd__clkbuf_16)
                  0.09    0.25   10.59 ^ clkbuf_2_3__f_clk/X (sky130_fd_sc_hd__clkbuf_16)
    12    0.04                           clknet_2_3__leaf_clk (net)
                  0.09    0.00   10.59 ^ _421_/CLK (sky130_fd_sc_hd__dfrtp_1)
                         -0.25   10.34   clock uncertainty
                          0.00   10.34   clock reconvergence pessimism
                          0.48   10.82   library recovery time
                                 10.82   data required time
-----------------------------------------------------------------------------
                                 10.82   data required time
                                 -3.06   data arrival time
-----------------------------------------------------------------------------
                                  7.75   slack (MET)


Startpoint: rst (input port clocked by clk)
Endpoint: _419_ (recovery check against rising-edge clock clk)
Path Group: asynchronous
Path Type: max
Corner: Slowest

Fanout     Cap    Slew   Delay    Time   Description
-----------------------------------------------------------------------------
                          0.00    0.00   clock clk (rise edge)
                          0.00    0.00   clock network delay (propagated)
                          2.00    2.00 v input external delay
                  0.02    0.01    2.01 v rst (in)
     1    0.00                           rst (net)
                  0.02    0.00    2.01 v input2/A (sky130_fd_sc_hd__buf_1)
                  0.11    0.19    2.20 v input2/X (sky130_fd_sc_hd__buf_1)
     3    0.01                           net2 (net)
                  0.11    0.00    2.20 v _355_/A (sky130_fd_sc_hd__buf_4)
                  0.14    0.37    2.57 v _355_/X (sky130_fd_sc_hd__buf_4)
    10    0.05                           _199_ (net)
                  0.14    0.00    2.57 v _367_/A (sky130_fd_sc_hd__clkbuf_8)
                  0.14    0.38    2.95 v _367_/X (sky130_fd_sc_hd__clkbuf_8)
    10    0.07                           _201_ (net)
                  0.14    0.00    2.96 v _369_/A (sky130_fd_sc_hd__inv_2)
                  0.05    0.10    3.06 ^ _369_/Y (sky130_fd_sc_hd__inv_2)
     1    0.00                           _013_ (net)
                  0.05    0.00    3.06 ^ _419_/RESET_B (sky130_fd_sc_hd__dfrtp_1)
                                  3.06   data arrival time

                         10.00   10.00   clock clk (rise edge)
                          0.00   10.00   clock source latency
                  0.12    0.08   10.08 ^ clk (in)
     1    0.02                           clk (net)
                  0.12    0.00   10.08 ^ clkbuf_0_clk/A (sky130_fd_sc_hd__clkbuf_16)
                  0.10    0.26   10.34 ^ clkbuf_0_clk/X (sky130_fd_sc_hd__clkbuf_16)
     4    0.04                           clknet_0_clk (net)
                  0.10    0.00   10.34 ^ clkbuf_2_3__f_clk/A (sky130_fd_sc_hd__clkbuf_16)
                  0.09    0.25   10.59 ^ clkbuf_2_3__f_clk/X (sky130_fd_sc_hd__clkbuf_16)
    12    0.04                           clknet_2_3__leaf_clk (net)
                  0.09    0.00   10.59 ^ _419_/CLK (sky130_fd_sc_hd__dfrtp_1)
                         -0.25   10.34   clock uncertainty
                          0.00   10.34   clock reconvergence pessimism
                          0.48   10.82   library recovery time
                                 10.82   data required time
-----------------------------------------------------------------------------
                                 10.82   data required time
                                 -3.06   data arrival time
-----------------------------------------------------------------------------
                                  7.75   slack (MET)


Startpoint: rst (input port clocked by clk)
Endpoint: _426_ (recovery check against rising-edge clock clk)
Path Group: asynchronous
Path Type: max
Corner: Slowest

Fanout     Cap    Slew   Delay    Time   Description
-----------------------------------------------------------------------------
                          0.00    0.00   clock clk (rise edge)
                          0.00    0.00   clock network delay (propagated)
                          2.00    2.00 v input external delay
                  0.02    0.01    2.01 v rst (in)
     1    0.00                           rst (net)
                  0.02    0.00    2.01 v input2/A (sky130_fd_sc_hd__buf_1)
                  0.11    0.19    2.20 v input2/X (sky130_fd_sc_hd__buf_1)
     3    0.01                           net2 (net)
                  0.11    0.00    2.20 v _355_/A (sky130_fd_sc_hd__buf_4)
                  0.14    0.37    2.57 v _355_/X (sky130_fd_sc_hd__buf_4)
    10    0.05                           _199_ (net)
                  0.14    0.00    2.57 v _367_/A (sky130_fd_sc_hd__clkbuf_8)
                  0.14    0.38    2.95 v _367_/X (sky130_fd_sc_hd__clkbuf_8)
    10    0.07                           _201_ (net)
                  0.14    0.00    2.96 v _376_/A (sky130_fd_sc_hd__inv_2)
                  0.05    0.10    3.06 ^ _376_/Y (sky130_fd_sc_hd__inv_2)
     1    0.00                           _020_ (net)
                  0.05    0.00    3.06 ^ _426_/RESET_B (sky130_fd_sc_hd__dfrtp_1)
                                  3.06   data arrival time

                         10.00   10.00   clock clk (rise edge)
                          0.00   10.00   clock source latency
                  0.12    0.08   10.08 ^ clk (in)
     1    0.02                           clk (net)
                  0.12    0.00   10.08 ^ clkbuf_0_clk/A (sky130_fd_sc_hd__clkbuf_16)
                  0.10    0.26   10.34 ^ clkbuf_0_clk/X (sky130_fd_sc_hd__clkbuf_16)
     4    0.04                           clknet_0_clk (net)
                  0.10    0.00   10.34 ^ clkbuf_2_3__f_clk/A (sky130_fd_sc_hd__clkbuf_16)
                  0.09    0.25   10.59 ^ clkbuf_2_3__f_clk/X (sky130_fd_sc_hd__clkbuf_16)
    12    0.04                           clknet_2_3__leaf_clk (net)
                  0.09    0.00   10.59 ^ _426_/CLK (sky130_fd_sc_hd__dfrtp_1)
                         -0.25   10.34   clock uncertainty
                          0.00   10.34   clock reconvergence pessimism
                          0.48   10.82   library recovery time
                                 10.82   data required time
-----------------------------------------------------------------------------
                                 10.82   data required time
                                 -3.06   data arrival time
-----------------------------------------------------------------------------
                                  7.75   slack (MET)


Startpoint: rst (input port clocked by clk)
Endpoint: _420_ (recovery check against rising-edge clock clk)
Path Group: asynchronous
Path Type: max
Corner: Slowest

Fanout     Cap    Slew   Delay    Time   Description
-----------------------------------------------------------------------------
                          0.00    0.00   clock clk (rise edge)
                          0.00    0.00   clock network delay (propagated)
                          2.00    2.00 v input external delay
                  0.02    0.01    2.01 v rst (in)
     1    0.00                           rst (net)
                  0.02    0.00    2.01 v input2/A (sky130_fd_sc_hd__buf_1)
                  0.11    0.19    2.20 v input2/X (sky130_fd_sc_hd__buf_1)
     3    0.01                           net2 (net)
                  0.11    0.00    2.20 v _355_/A (sky130_fd_sc_hd__buf_4)
                  0.14    0.37    2.57 v _355_/X (sky130_fd_sc_hd__buf_4)
    10    0.05                           _199_ (net)
                  0.14    0.00    2.57 v _367_/A (sky130_fd_sc_hd__clkbuf_8)
                  0.14    0.38    2.95 v _367_/X (sky130_fd_sc_hd__clkbuf_8)
    10    0.07                           _201_ (net)
                  0.14    0.00    2.96 v _370_/A (sky130_fd_sc_hd__inv_2)
                  0.05    0.10    3.06 ^ _370_/Y (sky130_fd_sc_hd__inv_2)
     1    0.00                           _014_ (net)
                  0.05    0.00    3.06 ^ _420_/RESET_B (sky130_fd_sc_hd__dfrtp_1)
                                  3.06   data arrival time

                         10.00   10.00   clock clk (rise edge)
                          0.00   10.00   clock source latency
                  0.12    0.08   10.08 ^ clk (in)
     1    0.02                           clk (net)
                  0.12    0.00   10.08 ^ clkbuf_0_clk/A (sky130_fd_sc_hd__clkbuf_16)
                  0.10    0.26   10.34 ^ clkbuf_0_clk/X (sky130_fd_sc_hd__clkbuf_16)
     4    0.04                           clknet_0_clk (net)
                  0.10    0.00   10.34 ^ clkbuf_2_3__f_clk/A (sky130_fd_sc_hd__clkbuf_16)
                  0.09    0.25   10.59 ^ clkbuf_2_3__f_clk/X (sky130_fd_sc_hd__clkbuf_16)
    12    0.04                           clknet_2_3__leaf_clk (net)
                  0.09    0.00   10.59 ^ _420_/CLK (sky130_fd_sc_hd__dfrtp_1)
                         -0.25   10.34   clock uncertainty
                          0.00   10.34   clock reconvergence pessimism
                          0.48   10.82   library recovery time
                                 10.82   data required time
-----------------------------------------------------------------------------
                                 10.82   data required time
                                 -3.06   data arrival time
-----------------------------------------------------------------------------
                                  7.75   slack (MET)


Startpoint: rst (input port clocked by clk)
Endpoint: _436_ (recovery check against rising-edge clock clk)
Path Group: asynchronous
Path Type: max
Corner: Slowest

Fanout     Cap    Slew   Delay    Time   Description
-----------------------------------------------------------------------------
                          0.00    0.00   clock clk (rise edge)
                          0.00    0.00   clock network delay (propagated)
                          2.00    2.00 v input external delay
                  0.02    0.01    2.01 v rst (in)
     1    0.00                           rst (net)
                  0.02    0.00    2.01 v input2/A (sky130_fd_sc_hd__buf_1)
                  0.11    0.19    2.20 v input2/X (sky130_fd_sc_hd__buf_1)
     3    0.01                           net2 (net)
                  0.11    0.00    2.20 v _378_/A (sky130_fd_sc_hd__buf_4)
                  0.17    0.40    2.60 v _378_/X (sky130_fd_sc_hd__buf_4)
    10    0.07                           _202_ (net)
                  0.17    0.00    2.60 v _387_/A (sky130_fd_sc_hd__inv_2)
                  0.06    0.12    2.72 ^ _387_/Y (sky130_fd_sc_hd__inv_2)
     1    0.00                           _030_ (net)
                  0.06    0.00    2.72 ^ _436_/SET_B (sky130_fd_sc_hd__dfstp_1)
                                  2.72   data arrival time

                         10.00   10.00   clock clk (rise edge)
                          0.00   10.00   clock source latency
                  0.12    0.08   10.08 ^ clk (in)
     1    0.02                           clk (net)
                  0.12    0.00   10.08 ^ clkbuf_0_clk/A (sky130_fd_sc_hd__clkbuf_16)
                  0.10    0.26   10.34 ^ clkbuf_0_clk/X (sky130_fd_sc_hd__clkbuf_16)
     4    0.04                           clknet_0_clk (net)
                  0.10    0.00   10.34 ^ clkbuf_2_3__f_clk/A (sky130_fd_sc_hd__clkbuf_16)
                  0.09    0.25   10.59 ^ clkbuf_2_3__f_clk/X (sky130_fd_sc_hd__clkbuf_16)
    12    0.04                           clknet_2_3__leaf_clk (net)
                  0.09    0.00   10.59 ^ _436_/CLK (sky130_fd_sc_hd__dfstp_1)
                         -0.25   10.34   clock uncertainty
                          0.00   10.34   clock reconvergence pessimism
                          0.28   10.62   library recovery time
                                 10.62   data required time
-----------------------------------------------------------------------------
                                 10.62   data required time
                                 -2.72   data arrival time
-----------------------------------------------------------------------------
                                  7.90   slack (MET)


Startpoint: rst (input port clocked by clk)
Endpoint: _435_ (recovery check against rising-edge clock clk)
Path Group: asynchronous
Path Type: max
Corner: Slowest

Fanout     Cap    Slew   Delay    Time   Description
-----------------------------------------------------------------------------
                          0.00    0.00   clock clk (rise edge)
                          0.00    0.00   clock network delay (propagated)
                          2.00    2.00 v input external delay
                  0.02    0.01    2.01 v rst (in)
     1    0.00                           rst (net)
                  0.02    0.00    2.01 v input2/A (sky130_fd_sc_hd__buf_1)
                  0.11    0.19    2.20 v input2/X (sky130_fd_sc_hd__buf_1)
     3    0.01                           net2 (net)
                  0.11    0.00    2.20 v _378_/A (sky130_fd_sc_hd__buf_4)
                  0.17    0.40    2.60 v _378_/X (sky130_fd_sc_hd__buf_4)
    10    0.07                           _202_ (net)
                  0.17    0.00    2.60 v _386_/A (sky130_fd_sc_hd__inv_2)
                  0.06    0.11    2.71 ^ _386_/Y (sky130_fd_sc_hd__inv_2)
     1    0.00                           _029_ (net)
                  0.06    0.00    2.71 ^ _435_/RESET_B (sky130_fd_sc_hd__dfrtp_2)
                                  2.71   data arrival time

                         10.00   10.00   clock clk (rise edge)
                          0.00   10.00   clock source latency
                  0.12    0.08   10.08 ^ clk (in)
     1    0.02                           clk (net)
                  0.12    0.00   10.08 ^ clkbuf_0_clk/A (sky130_fd_sc_hd__clkbuf_16)
                  0.10    0.26   10.34 ^ clkbuf_0_clk/X (sky130_fd_sc_hd__clkbuf_16)
     4    0.04                           clknet_0_clk (net)
                  0.10    0.00   10.34 ^ clkbuf_2_0__f_clk/A (sky130_fd_sc_hd__clkbuf_16)
                  0.10    0.25   10.59 ^ clkbuf_2_0__f_clk/X (sky130_fd_sc_hd__clkbuf_16)
    14    0.04                           clknet_2_0__leaf_clk (net)
                  0.10    0.00   10.60 ^ _435_/CLK (sky130_fd_sc_hd__dfrtp_2)
                         -0.25   10.35   clock uncertainty
                          0.00   10.35   clock reconvergence pessimism
                          0.46   10.80   library recovery time
                                 10.80   data required time
-----------------------------------------------------------------------------
                                 10.80   data required time
                                 -2.71   data arrival time
-----------------------------------------------------------------------------
                                  8.09   slack (MET)


Startpoint: rst (input port clocked by clk)
Endpoint: _433_ (recovery check against rising-edge clock clk)
Path Group: asynchronous
Path Type: max
Corner: Slowest

Fanout     Cap    Slew   Delay    Time   Description
-----------------------------------------------------------------------------
                          0.00    0.00   clock clk (rise edge)
                          0.00    0.00   clock network delay (propagated)
                          2.00    2.00 v input external delay
                  0.02    0.01    2.01 v rst (in)
     1    0.00                           rst (net)
                  0.02    0.00    2.01 v input2/A (sky130_fd_sc_hd__buf_1)
                  0.11    0.19    2.20 v input2/X (sky130_fd_sc_hd__buf_1)
     3    0.01                           net2 (net)
                  0.11    0.00    2.20 v _378_/A (sky130_fd_sc_hd__buf_4)
                  0.17    0.40    2.60 v _378_/X (sky130_fd_sc_hd__buf_4)
    10    0.07                           _202_ (net)
                  0.17    0.00    2.60 v _384_/A (sky130_fd_sc_hd__inv_2)
                  0.06    0.12    2.72 ^ _384_/Y (sky130_fd_sc_hd__inv_2)
     1    0.00                           _027_ (net)
                  0.06    0.00    2.72 ^ _433_/RESET_B (sky130_fd_sc_hd__dfrtp_1)
                                  2.72   data arrival time

                         10.00   10.00   clock clk (rise edge)
                          0.00   10.00   clock source latency
                  0.12    0.08   10.08 ^ clk (in)
     1    0.02                           clk (net)
                  0.12    0.00   10.08 ^ clkbuf_0_clk/A (sky130_fd_sc_hd__clkbuf_16)
                  0.10    0.26   10.34 ^ clkbuf_0_clk/X (sky130_fd_sc_hd__clkbuf_16)
     4    0.04                           clknet_0_clk (net)
                  0.10    0.00   10.34 ^ clkbuf_2_1__f_clk/A (sky130_fd_sc_hd__clkbuf_16)
                  0.09    0.24   10.59 ^ clkbuf_2_1__f_clk/X (sky130_fd_sc_hd__clkbuf_16)
    12    0.04                           clknet_2_1__leaf_clk (net)
                  0.09    0.00   10.59 ^ _433_/CLK (sky130_fd_sc_hd__dfrtp_1)
                         -0.25   10.34   clock uncertainty
                          0.00   10.34   clock reconvergence pessimism
                          0.47   10.81   library recovery time
                                 10.81   data required time
-----------------------------------------------------------------------------
                                 10.81   data required time
                                 -2.72   data arrival time
-----------------------------------------------------------------------------
                                  8.09   slack (MET)


Startpoint: rst (input port clocked by clk)
Endpoint: _434_ (recovery check against rising-edge clock clk)
Path Group: asynchronous
Path Type: max
Corner: Slowest

Fanout     Cap    Slew   Delay    Time   Description
-----------------------------------------------------------------------------
                          0.00    0.00   clock clk (rise edge)
                          0.00    0.00   clock network delay (propagated)
                          2.00    2.00 v input external delay
                  0.02    0.01    2.01 v rst (in)
     1    0.00                           rst (net)
                  0.02    0.00    2.01 v input2/A (sky130_fd_sc_hd__buf_1)
                  0.11    0.19    2.20 v input2/X (sky130_fd_sc_hd__buf_1)
     3    0.01                           net2 (net)
                  0.11    0.00    2.20 v _378_/A (sky130_fd_sc_hd__buf_4)
                  0.17    0.40    2.60 v _378_/X (sky130_fd_sc_hd__buf_4)
    10    0.07                           _202_ (net)
                  0.17    0.00    2.60 v _385_/A (sky130_fd_sc_hd__inv_2)
                  0.06    0.11    2.72 ^ _385_/Y (sky130_fd_sc_hd__inv_2)
     1    0.00                           _028_ (net)
                  0.06    0.00    2.72 ^ _434_/RESET_B (sky130_fd_sc_hd__dfrtp_1)
                                  2.72   data arrival time

                         10.00   10.00   clock clk (rise edge)
                          0.00   10.00   clock source latency
                  0.12    0.08   10.08 ^ clk (in)
     1    0.02                           clk (net)
                  0.12    0.00   10.08 ^ clkbuf_0_clk/A (sky130_fd_sc_hd__clkbuf_16)
                  0.10    0.26   10.34 ^ clkbuf_0_clk/X (sky130_fd_sc_hd__clkbuf_16)
     4    0.04                           clknet_0_clk (net)
                  0.10    0.00   10.34 ^ clkbuf_2_1__f_clk/A (sky130_fd_sc_hd__clkbuf_16)
                  0.09    0.24   10.59 ^ clkbuf_2_1__f_clk/X (sky130_fd_sc_hd__clkbuf_16)
    12    0.04                           clknet_2_1__leaf_clk (net)
                  0.09    0.00   10.59 ^ _434_/CLK (sky130_fd_sc_hd__dfrtp_1)
                         -0.25   10.34   clock uncertainty
                          0.00   10.34   clock reconvergence pessimism
                          0.47   10.81   library recovery time
                                 10.81   data required time
-----------------------------------------------------------------------------
                                 10.81   data required time
                                 -2.72   data arrival time
-----------------------------------------------------------------------------
                                  8.09   slack (MET)


Startpoint: rst (input port clocked by clk)
Endpoint: _437_ (recovery check against rising-edge clock clk)
Path Group: asynchronous
Path Type: max
Corner: Slowest

Fanout     Cap    Slew   Delay    Time   Description
-----------------------------------------------------------------------------
                          0.00    0.00   clock clk (rise edge)
                          0.00    0.00   clock network delay (propagated)
                          2.00    2.00 v input external delay
                  0.02    0.01    2.01 v rst (in)
     1    0.00                           rst (net)
                  0.02    0.00    2.01 v input2/A (sky130_fd_sc_hd__buf_1)
                  0.11    0.19    2.20 v input2/X (sky130_fd_sc_hd__buf_1)
     3    0.01                           net2 (net)
                  0.11    0.00    2.20 v _378_/A (sky130_fd_sc_hd__buf_4)
                  0.17    0.40    2.60 v _378_/X (sky130_fd_sc_hd__buf_4)
    10    0.07                           _202_ (net)
                  0.17    0.00    2.60 v _388_/A (sky130_fd_sc_hd__inv_2)
                  0.06    0.11    2.72 ^ _388_/Y (sky130_fd_sc_hd__inv_2)
     1    0.00                           _031_ (net)
                  0.06    0.00    2.72 ^ _437_/RESET_B (sky130_fd_sc_hd__dfrtp_1)
                                  2.72   data arrival time

                         10.00   10.00   clock clk (rise edge)
                          0.00   10.00   clock source latency
                  0.12    0.08   10.08 ^ clk (in)
     1    0.02                           clk (net)
                  0.12    0.00   10.08 ^ clkbuf_0_clk/A (sky130_fd_sc_hd__clkbuf_16)
                  0.10    0.26   10.34 ^ clkbuf_0_clk/X (sky130_fd_sc_hd__clkbuf_16)
     4    0.04                           clknet_0_clk (net)
                  0.10    0.00   10.34 ^ clkbuf_2_3__f_clk/A (sky130_fd_sc_hd__clkbuf_16)
                  0.09    0.25   10.59 ^ clkbuf_2_3__f_clk/X (sky130_fd_sc_hd__clkbuf_16)
    12    0.04                           clknet_2_3__leaf_clk (net)
                  0.09    0.00   10.59 ^ _437_/CLK (sky130_fd_sc_hd__dfrtp_1)
                         -0.25   10.34   clock uncertainty
                          0.00   10.34   clock reconvergence pessimism
                          0.47   10.81   library recovery time
                                 10.81   data required time
-----------------------------------------------------------------------------
                                 10.81   data required time
                                 -2.72   data arrival time
-----------------------------------------------------------------------------
                                  8.10   slack (MET)


Startpoint: rst (input port clocked by clk)
Endpoint: _429_ (recovery check against rising-edge clock clk)
Path Group: asynchronous
Path Type: max
Corner: Slowest

Fanout     Cap    Slew   Delay    Time   Description
-----------------------------------------------------------------------------
                          0.00    0.00   clock clk (rise edge)
                          0.00    0.00   clock network delay (propagated)
                          2.00    2.00 v input external delay
                  0.02    0.01    2.01 v rst (in)
     1    0.00                           rst (net)
                  0.02    0.00    2.01 v input2/A (sky130_fd_sc_hd__buf_1)
                  0.11    0.19    2.20 v input2/X (sky130_fd_sc_hd__buf_1)
     3    0.01                           net2 (net)
                  0.11    0.00    2.20 v _378_/A (sky130_fd_sc_hd__buf_4)
                  0.17    0.40    2.60 v _378_/X (sky130_fd_sc_hd__buf_4)
    10    0.07                           _202_ (net)
                  0.17    0.00    2.60 v _380_/A (sky130_fd_sc_hd__inv_2)
                  0.06    0.12    2.72 ^ _380_/Y (sky130_fd_sc_hd__inv_2)
     1    0.00                           _023_ (net)
                  0.06    0.00    2.72 ^ _429_/RESET_B (sky130_fd_sc_hd__dfrtp_1)
                                  2.72   data arrival time

                         10.00   10.00   clock clk (rise edge)
                          0.00   10.00   clock source latency
                  0.12    0.08   10.08 ^ clk (in)
     1    0.02                           clk (net)
                  0.12    0.00   10.08 ^ clkbuf_0_clk/A (sky130_fd_sc_hd__clkbuf_16)
                  0.10    0.26   10.34 ^ clkbuf_0_clk/X (sky130_fd_sc_hd__clkbuf_16)
     4    0.04                           clknet_0_clk (net)
                  0.10    0.00   10.34 ^ clkbuf_2_0__f_clk/A (sky130_fd_sc_hd__clkbuf_16)
                  0.10    0.25   10.59 ^ clkbuf_2_0__f_clk/X (sky130_fd_sc_hd__clkbuf_16)
    14    0.04                           clknet_2_0__leaf_clk (net)
                  0.10    0.00   10.59 ^ _429_/CLK (sky130_fd_sc_hd__dfrtp_1)
                         -0.25   10.34   clock uncertainty
                          0.00   10.34   clock reconvergence pessimism
                          0.47   10.82   library recovery time
                                 10.82   data required time
-----------------------------------------------------------------------------
                                 10.82   data required time
                                 -2.72   data arrival time
-----------------------------------------------------------------------------
                                  8.10   slack (MET)


Startpoint: rst (input port clocked by clk)
Endpoint: _431_ (recovery check against rising-edge clock clk)
Path Group: asynchronous
Path Type: max
Corner: Slowest

Fanout     Cap    Slew   Delay    Time   Description
-----------------------------------------------------------------------------
                          0.00    0.00   clock clk (rise edge)
                          0.00    0.00   clock network delay (propagated)
                          2.00    2.00 v input external delay
                  0.02    0.01    2.01 v rst (in)
     1    0.00                           rst (net)
                  0.02    0.00    2.01 v input2/A (sky130_fd_sc_hd__buf_1)
                  0.11    0.19    2.20 v input2/X (sky130_fd_sc_hd__buf_1)
     3    0.01                           net2 (net)
                  0.11    0.00    2.20 v _378_/A (sky130_fd_sc_hd__buf_4)
                  0.17    0.40    2.60 v _378_/X (sky130_fd_sc_hd__buf_4)
    10    0.07                           _202_ (net)
                  0.17    0.00    2.60 v _382_/A (sky130_fd_sc_hd__inv_2)
                  0.06    0.12    2.72 ^ _382_/Y (sky130_fd_sc_hd__inv_2)
     1    0.00                           _025_ (net)
                  0.06    0.00    2.72 ^ _431_/RESET_B (sky130_fd_sc_hd__dfrtp_1)
                                  2.72   data arrival time

                         10.00   10.00   clock clk (rise edge)
                          0.00   10.00   clock source latency
                  0.12    0.08   10.08 ^ clk (in)
     1    0.02                           clk (net)
                  0.12    0.00   10.08 ^ clkbuf_0_clk/A (sky130_fd_sc_hd__clkbuf_16)
                  0.10    0.26   10.34 ^ clkbuf_0_clk/X (sky130_fd_sc_hd__clkbuf_16)
     4    0.04                           clknet_0_clk (net)
                  0.10    0.00   10.34 ^ clkbuf_2_0__f_clk/A (sky130_fd_sc_hd__clkbuf_16)
                  0.10    0.25   10.59 ^ clkbuf_2_0__f_clk/X (sky130_fd_sc_hd__clkbuf_16)
    14    0.04                           clknet_2_0__leaf_clk (net)
                  0.10    0.00   10.60 ^ _431_/CLK (sky130_fd_sc_hd__dfrtp_1)
                         -0.25   10.35   clock uncertainty
                          0.00   10.35   clock reconvergence pessimism
                          0.48   10.82   library recovery time
                                 10.82   data required time
-----------------------------------------------------------------------------
                                 10.82   data required time
                                 -2.72   data arrival time
-----------------------------------------------------------------------------
                                  8.10   slack (MET)


Startpoint: rst (input port clocked by clk)
Endpoint: _432_ (recovery check against rising-edge clock clk)
Path Group: asynchronous
Path Type: max
Corner: Slowest

Fanout     Cap    Slew   Delay    Time   Description
-----------------------------------------------------------------------------
                          0.00    0.00   clock clk (rise edge)
                          0.00    0.00   clock network delay (propagated)
                          2.00    2.00 v input external delay
                  0.02    0.01    2.01 v rst (in)
     1    0.00                           rst (net)
                  0.02    0.00    2.01 v input2/A (sky130_fd_sc_hd__buf_1)
                  0.11    0.19    2.20 v input2/X (sky130_fd_sc_hd__buf_1)
     3    0.01                           net2 (net)
                  0.11    0.00    2.20 v _378_/A (sky130_fd_sc_hd__buf_4)
                  0.17    0.40    2.60 v _378_/X (sky130_fd_sc_hd__buf_4)
    10    0.07                           _202_ (net)
                  0.17    0.00    2.60 v _383_/A (sky130_fd_sc_hd__inv_2)
                  0.06    0.11    2.72 ^ _383_/Y (sky130_fd_sc_hd__inv_2)
     1    0.00                           _026_ (net)
                  0.06    0.00    2.72 ^ _432_/RESET_B (sky130_fd_sc_hd__dfrtp_1)
                                  2.72   data arrival time

                         10.00   10.00   clock clk (rise edge)
                          0.00   10.00   clock source latency
                  0.12    0.08   10.08 ^ clk (in)
     1    0.02                           clk (net)
                  0.12    0.00   10.08 ^ clkbuf_0_clk/A (sky130_fd_sc_hd__clkbuf_16)
                  0.10    0.26   10.34 ^ clkbuf_0_clk/X (sky130_fd_sc_hd__clkbuf_16)
     4    0.04                           clknet_0_clk (net)
                  0.10    0.00   10.34 ^ clkbuf_2_0__f_clk/A (sky130_fd_sc_hd__clkbuf_16)
                  0.10    0.25   10.59 ^ clkbuf_2_0__f_clk/X (sky130_fd_sc_hd__clkbuf_16)
    14    0.04                           clknet_2_0__leaf_clk (net)
                  0.10    0.00   10.60 ^ _432_/CLK (sky130_fd_sc_hd__dfrtp_1)
                         -0.25   10.35   clock uncertainty
                          0.00   10.35   clock reconvergence pessimism
                          0.48   10.82   library recovery time
                                 10.82   data required time
-----------------------------------------------------------------------------
                                 10.82   data required time
                                 -2.72   data arrival time
-----------------------------------------------------------------------------
                                  8.10   slack (MET)


Startpoint: rst (input port clocked by clk)
Endpoint: _430_ (recovery check against rising-edge clock clk)
Path Group: asynchronous
Path Type: max
Corner: Slowest

Fanout     Cap    Slew   Delay    Time   Description
-----------------------------------------------------------------------------
                          0.00    0.00   clock clk (rise edge)
                          0.00    0.00   clock network delay (propagated)
                          2.00    2.00 v input external delay
                  0.02    0.01    2.01 v rst (in)
     1    0.00                           rst (net)
                  0.02    0.00    2.01 v input2/A (sky130_fd_sc_hd__buf_1)
                  0.11    0.19    2.20 v input2/X (sky130_fd_sc_hd__buf_1)
     3    0.01                           net2 (net)
                  0.11    0.00    2.20 v _378_/A (sky130_fd_sc_hd__buf_4)
                  0.17    0.40    2.60 v _378_/X (sky130_fd_sc_hd__buf_4)
    10    0.07                           _202_ (net)
                  0.17    0.00    2.60 v _381_/A (sky130_fd_sc_hd__inv_2)
                  0.06    0.11    2.72 ^ _381_/Y (sky130_fd_sc_hd__inv_2)
     1    0.00                           _024_ (net)
                  0.06    0.00    2.72 ^ _430_/RESET_B (sky130_fd_sc_hd__dfrtp_1)
                                  2.72   data arrival time

                         10.00   10.00   clock clk (rise edge)
                          0.00   10.00   clock source latency
                  0.12    0.08   10.08 ^ clk (in)
     1    0.02                           clk (net)
                  0.12    0.00   10.08 ^ clkbuf_0_clk/A (sky130_fd_sc_hd__clkbuf_16)
                  0.10    0.26   10.34 ^ clkbuf_0_clk/X (sky130_fd_sc_hd__clkbuf_16)
     4    0.04                           clknet_0_clk (net)
                  0.10    0.00   10.34 ^ clkbuf_2_0__f_clk/A (sky130_fd_sc_hd__clkbuf_16)
                  0.10    0.25   10.59 ^ clkbuf_2_0__f_clk/X (sky130_fd_sc_hd__clkbuf_16)
    14    0.04                           clknet_2_0__leaf_clk (net)
                  0.10    0.00   10.60 ^ _430_/CLK (sky130_fd_sc_hd__dfrtp_1)
                         -0.25   10.35   clock uncertainty
                          0.00   10.35   clock reconvergence pessimism
                          0.48   10.82   library recovery time
                                 10.82   data required time
-----------------------------------------------------------------------------
                                 10.82   data required time
                                 -2.72   data arrival time
-----------------------------------------------------------------------------
                                  8.11   slack (MET)


Startpoint: rst (input port clocked by clk)
Endpoint: _428_ (recovery check against rising-edge clock clk)
Path Group: asynchronous
Path Type: max
Corner: Slowest

Fanout     Cap    Slew   Delay    Time   Description
-----------------------------------------------------------------------------
                          0.00    0.00   clock clk (rise edge)
                          0.00    0.00   clock network delay (propagated)
                          2.00    2.00 v input external delay
                  0.02    0.01    2.01 v rst (in)
     1    0.00                           rst (net)
                  0.02    0.00    2.01 v input2/A (sky130_fd_sc_hd__buf_1)
                  0.11    0.19    2.20 v input2/X (sky130_fd_sc_hd__buf_1)
     3    0.01                           net2 (net)
                  0.11    0.00    2.20 v _378_/A (sky130_fd_sc_hd__buf_4)
                  0.17    0.40    2.60 v _378_/X (sky130_fd_sc_hd__buf_4)
    10    0.07                           _202_ (net)
                  0.17    0.00    2.60 v _379_/A (sky130_fd_sc_hd__inv_2)
                  0.06    0.11    2.72 ^ _379_/Y (sky130_fd_sc_hd__inv_2)
     1    0.00                           _022_ (net)
                  0.06    0.00    2.72 ^ _428_/RESET_B (sky130_fd_sc_hd__dfrtp_1)
                                  2.72   data arrival time

                         10.00   10.00   clock clk (rise edge)
                          0.00   10.00   clock source latency
                  0.12    0.08   10.08 ^ clk (in)
     1    0.02                           clk (net)
                  0.12    0.00   10.08 ^ clkbuf_0_clk/A (sky130_fd_sc_hd__clkbuf_16)
                  0.10    0.26   10.34 ^ clkbuf_0_clk/X (sky130_fd_sc_hd__clkbuf_16)
     4    0.04                           clknet_0_clk (net)
                  0.10    0.00   10.34 ^ clkbuf_2_0__f_clk/A (sky130_fd_sc_hd__clkbuf_16)
                  0.10    0.25   10.59 ^ clkbuf_2_0__f_clk/X (sky130_fd_sc_hd__clkbuf_16)
    14    0.04                           clknet_2_0__leaf_clk (net)
                  0.10    0.00   10.60 ^ _428_/CLK (sky130_fd_sc_hd__dfrtp_1)
                         -0.25   10.35   clock uncertainty
                          0.00   10.35   clock reconvergence pessimism
                          0.48   10.82   library recovery time
                                 10.82   data required time
-----------------------------------------------------------------------------
                                 10.82   data required time
                                 -2.72   data arrival time
-----------------------------------------------------------------------------
                                  8.11   slack (MET)


Startpoint: rst (input port clocked by clk)
Endpoint: _443_ (recovery check against rising-edge clock clk)
Path Group: asynchronous
Path Type: max
Corner: Slowest

Fanout     Cap    Slew   Delay    Time   Description
-----------------------------------------------------------------------------
                          0.00    0.00   clock clk (rise edge)
                          0.00    0.00   clock network delay (propagated)
                          2.00    2.00 v input external delay
                  0.02    0.01    2.01 v rst (in)
     1    0.00                           rst (net)
                  0.02    0.00    2.01 v input2/A (sky130_fd_sc_hd__buf_1)
                  0.11    0.19    2.20 v input2/X (sky130_fd_sc_hd__buf_1)
     3    0.01                           net2 (net)
                  0.11    0.00    2.20 v _389_/A (sky130_fd_sc_hd__buf_4)
                  0.15    0.38    2.58 v _389_/X (sky130_fd_sc_hd__buf_4)
    10    0.06                           _203_ (net)
                  0.15    0.00    2.59 v _395_/A (sky130_fd_sc_hd__inv_2)
                  0.06    0.11    2.69 ^ _395_/Y (sky130_fd_sc_hd__inv_2)
     1    0.00                           _037_ (net)
                  0.06    0.00    2.69 ^ _443_/RESET_B (sky130_fd_sc_hd__dfrtp_1)
                                  2.69   data arrival time

                         10.00   10.00   clock clk (rise edge)
                          0.00   10.00   clock source latency
                  0.12    0.08   10.08 ^ clk (in)
     1    0.02                           clk (net)
                  0.12    0.00   10.08 ^ clkbuf_0_clk/A (sky130_fd_sc_hd__clkbuf_16)
                  0.10    0.26   10.34 ^ clkbuf_0_clk/X (sky130_fd_sc_hd__clkbuf_16)
     4    0.04                           clknet_0_clk (net)
                  0.10    0.00   10.34 ^ clkbuf_2_1__f_clk/A (sky130_fd_sc_hd__clkbuf_16)
                  0.09    0.24   10.59 ^ clkbuf_2_1__f_clk/X (sky130_fd_sc_hd__clkbuf_16)
    12    0.04                           clknet_2_1__leaf_clk (net)
                  0.09    0.00   10.59 ^ _443_/CLK (sky130_fd_sc_hd__dfrtp_1)
                         -0.25   10.34   clock uncertainty
                          0.00   10.34   clock reconvergence pessimism
                          0.47   10.81   library recovery time
                                 10.81   data required time
-----------------------------------------------------------------------------
                                 10.81   data required time
                                 -2.69   data arrival time
-----------------------------------------------------------------------------
                                  8.12   slack (MET)


Startpoint: rst (input port clocked by clk)
Endpoint: _440_ (recovery check against rising-edge clock clk)
Path Group: asynchronous
Path Type: max
Corner: Slowest

Fanout     Cap    Slew   Delay    Time   Description
-----------------------------------------------------------------------------
                          0.00    0.00   clock clk (rise edge)
                          0.00    0.00   clock network delay (propagated)
                          2.00    2.00 v input external delay
                  0.02    0.01    2.01 v rst (in)
     1    0.00                           rst (net)
                  0.02    0.00    2.01 v input2/A (sky130_fd_sc_hd__buf_1)
                  0.11    0.19    2.20 v input2/X (sky130_fd_sc_hd__buf_1)
     3    0.01                           net2 (net)
                  0.11    0.00    2.20 v _389_/A (sky130_fd_sc_hd__buf_4)
                  0.15    0.38    2.58 v _389_/X (sky130_fd_sc_hd__buf_4)
    10    0.06                           _203_ (net)
                  0.15    0.00    2.59 v _392_/A (sky130_fd_sc_hd__inv_2)
                  0.06    0.11    2.70 ^ _392_/Y (sky130_fd_sc_hd__inv_2)
     1    0.00                           _034_ (net)
                  0.06    0.00    2.70 ^ _440_/RESET_B (sky130_fd_sc_hd__dfrtp_1)
                                  2.70   data arrival time

                         10.00   10.00   clock clk (rise edge)
                          0.00   10.00   clock source latency
                  0.12    0.08   10.08 ^ clk (in)
     1    0.02                           clk (net)
                  0.12    0.00   10.08 ^ clkbuf_0_clk/A (sky130_fd_sc_hd__clkbuf_16)
                  0.10    0.26   10.34 ^ clkbuf_0_clk/X (sky130_fd_sc_hd__clkbuf_16)
     4    0.04                           clknet_0_clk (net)
                  0.10    0.00   10.34 ^ clkbuf_2_3__f_clk/A (sky130_fd_sc_hd__clkbuf_16)
                  0.09    0.25   10.59 ^ clkbuf_2_3__f_clk/X (sky130_fd_sc_hd__clkbuf_16)
    12    0.04                           clknet_2_3__leaf_clk (net)
                  0.09    0.00   10.59 ^ _440_/CLK (sky130_fd_sc_hd__dfrtp_1)
                         -0.25   10.34   clock uncertainty
                          0.00   10.34   clock reconvergence pessimism
                          0.48   10.82   library recovery time
                                 10.82   data required time
-----------------------------------------------------------------------------
                                 10.82   data required time
                                 -2.70   data arrival time
-----------------------------------------------------------------------------
                                  8.12   slack (MET)


Startpoint: rst (input port clocked by clk)
Endpoint: _441_ (recovery check against rising-edge clock clk)
Path Group: asynchronous
Path Type: max
Corner: Slowest

Fanout     Cap    Slew   Delay    Time   Description
-----------------------------------------------------------------------------
                          0.00    0.00   clock clk (rise edge)
                          0.00    0.00   clock network delay (propagated)
                          2.00    2.00 v input external delay
                  0.02    0.01    2.01 v rst (in)
     1    0.00                           rst (net)
                  0.02    0.00    2.01 v input2/A (sky130_fd_sc_hd__buf_1)
                  0.11    0.19    2.20 v input2/X (sky130_fd_sc_hd__buf_1)
     3    0.01                           net2 (net)
                  0.11    0.00    2.20 v _389_/A (sky130_fd_sc_hd__buf_4)
                  0.15    0.38    2.58 v _389_/X (sky130_fd_sc_hd__buf_4)
    10    0.06                           _203_ (net)
                  0.15    0.00    2.59 v _393_/A (sky130_fd_sc_hd__inv_2)
                  0.05    0.10    2.69 ^ _393_/Y (sky130_fd_sc_hd__inv_2)
     1    0.00                           _035_ (net)
                  0.05    0.00    2.69 ^ _441_/RESET_B (sky130_fd_sc_hd__dfrtp_1)
                                  2.69   data arrival time

                         10.00   10.00   clock clk (rise edge)
                          0.00   10.00   clock source latency
                  0.12    0.08   10.08 ^ clk (in)
     1    0.02                           clk (net)
                  0.12    0.00   10.08 ^ clkbuf_0_clk/A (sky130_fd_sc_hd__clkbuf_16)
                  0.10    0.26   10.34 ^ clkbuf_0_clk/X (sky130_fd_sc_hd__clkbuf_16)
     4    0.04                           clknet_0_clk (net)
                  0.10    0.00   10.34 ^ clkbuf_2_1__f_clk/A (sky130_fd_sc_hd__clkbuf_16)
                  0.09    0.24   10.59 ^ clkbuf_2_1__f_clk/X (sky130_fd_sc_hd__clkbuf_16)
    12    0.04                           clknet_2_1__leaf_clk (net)
                  0.09    0.00   10.59 ^ _441_/CLK (sky130_fd_sc_hd__dfrtp_1)
                         -0.25   10.34   clock uncertainty
                          0.00   10.34   clock reconvergence pessimism
                          0.48   10.81   library recovery time
                                 10.81   data required time
-----------------------------------------------------------------------------
                                 10.81   data required time
                                 -2.69   data arrival time
-----------------------------------------------------------------------------
                                  8.12   slack (MET)


Startpoint: rst (input port clocked by clk)
Endpoint: _445_ (recovery check against rising-edge clock clk)
Path Group: asynchronous
Path Type: max
Corner: Slowest

Fanout     Cap    Slew   Delay    Time   Description
-----------------------------------------------------------------------------
                          0.00    0.00   clock clk (rise edge)
                          0.00    0.00   clock network delay (propagated)
                          2.00    2.00 v input external delay
                  0.02    0.01    2.01 v rst (in)
     1    0.00                           rst (net)
                  0.02    0.00    2.01 v input2/A (sky130_fd_sc_hd__buf_1)
                  0.11    0.19    2.20 v input2/X (sky130_fd_sc_hd__buf_1)
     3    0.01                           net2 (net)
                  0.11    0.00    2.20 v _389_/A (sky130_fd_sc_hd__buf_4)
                  0.15    0.38    2.58 v _389_/X (sky130_fd_sc_hd__buf_4)
    10    0.06                           _203_ (net)
                  0.15    0.00    2.59 v _397_/A (sky130_fd_sc_hd__inv_2)
                  0.06    0.11    2.69 ^ _397_/Y (sky130_fd_sc_hd__inv_2)
     1    0.00                           _039_ (net)
                  0.06    0.00    2.69 ^ _445_/RESET_B (sky130_fd_sc_hd__dfrtp_1)
                                  2.69   data arrival time

                         10.00   10.00   clock clk (rise edge)
                          0.00   10.00   clock source latency
                  0.12    0.08   10.08 ^ clk (in)
     1    0.02                           clk (net)
                  0.12    0.00   10.08 ^ clkbuf_0_clk/A (sky130_fd_sc_hd__clkbuf_16)
                  0.10    0.26   10.34 ^ clkbuf_0_clk/X (sky130_fd_sc_hd__clkbuf_16)
     4    0.04                           clknet_0_clk (net)
                  0.10    0.00   10.34 ^ clkbuf_2_1__f_clk/A (sky130_fd_sc_hd__clkbuf_16)
                  0.09    0.24   10.59 ^ clkbuf_2_1__f_clk/X (sky130_fd_sc_hd__clkbuf_16)
    12    0.04                           clknet_2_1__leaf_clk (net)
                  0.09    0.00   10.59 ^ _445_/CLK (sky130_fd_sc_hd__dfrtp_1)
                         -0.25   10.34   clock uncertainty
                          0.00   10.34   clock reconvergence pessimism
                          0.47   10.81   library recovery time
                                 10.81   data required time
-----------------------------------------------------------------------------
                                 10.81   data required time
                                 -2.69   data arrival time
-----------------------------------------------------------------------------
                                  8.12   slack (MET)


Startpoint: rst (input port clocked by clk)
Endpoint: _447_ (recovery check against rising-edge clock clk)
Path Group: asynchronous
Path Type: max
Corner: Slowest

Fanout     Cap    Slew   Delay    Time   Description
-----------------------------------------------------------------------------
                          0.00    0.00   clock clk (rise edge)
                          0.00    0.00   clock network delay (propagated)
                          2.00    2.00 v input external delay
                  0.02    0.01    2.01 v rst (in)
     1    0.00                           rst (net)
                  0.02    0.00    2.01 v input2/A (sky130_fd_sc_hd__buf_1)
                  0.11    0.19    2.20 v input2/X (sky130_fd_sc_hd__buf_1)
     3    0.01                           net2 (net)
                  0.11    0.00    2.20 v _389_/A (sky130_fd_sc_hd__buf_4)
                  0.15    0.38    2.58 v _389_/X (sky130_fd_sc_hd__buf_4)
    10    0.06                           _203_ (net)
                  0.15    0.00    2.58 v _399_/A (sky130_fd_sc_hd__inv_2)
                  0.06    0.11    2.70 ^ _399_/Y (sky130_fd_sc_hd__inv_2)
     1    0.00                           _041_ (net)
                  0.06    0.00    2.70 ^ _447_/RESET_B (sky130_fd_sc_hd__dfrtp_1)
                                  2.70   data arrival time

                         10.00   10.00   clock clk (rise edge)
                          0.00   10.00   clock source latency
                  0.12    0.08   10.08 ^ clk (in)
     1    0.02                           clk (net)
                  0.12    0.00   10.08 ^ clkbuf_0_clk/A (sky130_fd_sc_hd__clkbuf_16)
                  0.10    0.26   10.34 ^ clkbuf_0_clk/X (sky130_fd_sc_hd__clkbuf_16)
     4    0.04                           clknet_0_clk (net)
                  0.10    0.00   10.34 ^ clkbuf_2_0__f_clk/A (sky130_fd_sc_hd__clkbuf_16)
                  0.10    0.25   10.59 ^ clkbuf_2_0__f_clk/X (sky130_fd_sc_hd__clkbuf_16)
    14    0.04                           clknet_2_0__leaf_clk (net)
                  0.10    0.00   10.59 ^ _447_/CLK (sky130_fd_sc_hd__dfrtp_1)
                         -0.25   10.34   clock uncertainty
                          0.00   10.34   clock reconvergence pessimism
                          0.47   10.82   library recovery time
                                 10.82   data required time
-----------------------------------------------------------------------------
                                 10.82   data required time
                                 -2.70   data arrival time
-----------------------------------------------------------------------------
                                  8.12   slack (MET)


Startpoint: rst (input port clocked by clk)
Endpoint: _446_ (recovery check against rising-edge clock clk)
Path Group: asynchronous
Path Type: max
Corner: Slowest

Fanout     Cap    Slew   Delay    Time   Description
-----------------------------------------------------------------------------
                          0.00    0.00   clock clk (rise edge)
                          0.00    0.00   clock network delay (propagated)
                          2.00    2.00 v input external delay
                  0.02    0.01    2.01 v rst (in)
     1    0.00                           rst (net)
                  0.02    0.00    2.01 v input2/A (sky130_fd_sc_hd__buf_1)
                  0.11    0.19    2.20 v input2/X (sky130_fd_sc_hd__buf_1)
     3    0.01                           net2 (net)
                  0.11    0.00    2.20 v _389_/A (sky130_fd_sc_hd__buf_4)
                  0.15    0.38    2.58 v _389_/X (sky130_fd_sc_hd__buf_4)
    10    0.06                           _203_ (net)
                  0.15    0.00    2.58 v _398_/A (sky130_fd_sc_hd__inv_2)
                  0.06    0.11    2.69 ^ _398_/Y (sky130_fd_sc_hd__inv_2)
     1    0.00                           _040_ (net)
                  0.06    0.00    2.69 ^ _446_/RESET_B (sky130_fd_sc_hd__dfrtp_1)
                                  2.69   data arrival time

                         10.00   10.00   clock clk (rise edge)
                          0.00   10.00   clock source latency
                  0.12    0.08   10.08 ^ clk (in)
     1    0.02                           clk (net)
                  0.12    0.00   10.08 ^ clkbuf_0_clk/A (sky130_fd_sc_hd__clkbuf_16)
                  0.10    0.26   10.34 ^ clkbuf_0_clk/X (sky130_fd_sc_hd__clkbuf_16)
     4    0.04                           clknet_0_clk (net)
                  0.10    0.00   10.34 ^ clkbuf_2_1__f_clk/A (sky130_fd_sc_hd__clkbuf_16)
                  0.09    0.24   10.59 ^ clkbuf_2_1__f_clk/X (sky130_fd_sc_hd__clkbuf_16)
    12    0.04                           clknet_2_1__leaf_clk (net)
                  0.09    0.00   10.59 ^ _446_/CLK (sky130_fd_sc_hd__dfrtp_1)
                         -0.25   10.34   clock uncertainty
                          0.00   10.34   clock reconvergence pessimism
                          0.47   10.81   library recovery time
                                 10.81   data required time
-----------------------------------------------------------------------------
                                 10.81   data required time
                                 -2.69   data arrival time
-----------------------------------------------------------------------------
                                  8.12   slack (MET)


Startpoint: rst (input port clocked by clk)
Endpoint: _442_ (recovery check against rising-edge clock clk)
Path Group: asynchronous
Path Type: max
Corner: Slowest

Fanout     Cap    Slew   Delay    Time   Description
-----------------------------------------------------------------------------
                          0.00    0.00   clock clk (rise edge)
                          0.00    0.00   clock network delay (propagated)
                          2.00    2.00 v input external delay
                  0.02    0.01    2.01 v rst (in)
     1    0.00                           rst (net)
                  0.02    0.00    2.01 v input2/A (sky130_fd_sc_hd__buf_1)
                  0.11    0.19    2.20 v input2/X (sky130_fd_sc_hd__buf_1)
     3    0.01                           net2 (net)
                  0.11    0.00    2.20 v _389_/A (sky130_fd_sc_hd__buf_4)
                  0.15    0.38    2.58 v _389_/X (sky130_fd_sc_hd__buf_4)
    10    0.06                           _203_ (net)
                  0.15    0.00    2.59 v _394_/A (sky130_fd_sc_hd__inv_2)
                  0.05    0.10    2.69 ^ _394_/Y (sky130_fd_sc_hd__inv_2)
     1    0.00                           _036_ (net)
                  0.05    0.00    2.69 ^ _442_/RESET_B (sky130_fd_sc_hd__dfrtp_1)
                                  2.69   data arrival time

                         10.00   10.00   clock clk (rise edge)
                          0.00   10.00   clock source latency
                  0.12    0.08   10.08 ^ clk (in)
     1    0.02                           clk (net)
                  0.12    0.00   10.08 ^ clkbuf_0_clk/A (sky130_fd_sc_hd__clkbuf_16)
                  0.10    0.26   10.34 ^ clkbuf_0_clk/X (sky130_fd_sc_hd__clkbuf_16)
     4    0.04                           clknet_0_clk (net)
                  0.10    0.00   10.34 ^ clkbuf_2_1__f_clk/A (sky130_fd_sc_hd__clkbuf_16)
                  0.09    0.24   10.59 ^ clkbuf_2_1__f_clk/X (sky130_fd_sc_hd__clkbuf_16)
    12    0.04                           clknet_2_1__leaf_clk (net)
                  0.09    0.00   10.59 ^ _442_/CLK (sky130_fd_sc_hd__dfrtp_1)
                         -0.25   10.34   clock uncertainty
                          0.00   10.34   clock reconvergence pessimism
                          0.48   10.81   library recovery time
                                 10.81   data required time
-----------------------------------------------------------------------------
                                 10.81   data required time
                                 -2.69   data arrival time
-----------------------------------------------------------------------------
                                  8.12   slack (MET)


Startpoint: rst (input port clocked by clk)
Endpoint: _444_ (recovery check against rising-edge clock clk)
Path Group: asynchronous
Path Type: max
Corner: Slowest

Fanout     Cap    Slew   Delay    Time   Description
-----------------------------------------------------------------------------
                          0.00    0.00   clock clk (rise edge)
                          0.00    0.00   clock network delay (propagated)
                          2.00    2.00 v input external delay
                  0.02    0.01    2.01 v rst (in)
     1    0.00                           rst (net)
                  0.02    0.00    2.01 v input2/A (sky130_fd_sc_hd__buf_1)
                  0.11    0.19    2.20 v input2/X (sky130_fd_sc_hd__buf_1)
     3    0.01                           net2 (net)
                  0.11    0.00    2.20 v _389_/A (sky130_fd_sc_hd__buf_4)
                  0.15    0.38    2.58 v _389_/X (sky130_fd_sc_hd__buf_4)
    10    0.06                           _203_ (net)
                  0.15    0.00    2.59 v _396_/A (sky130_fd_sc_hd__inv_2)
                  0.06    0.11    2.69 ^ _396_/Y (sky130_fd_sc_hd__inv_2)
     1    0.00                           _038_ (net)
                  0.06    0.00    2.69 ^ _444_/RESET_B (sky130_fd_sc_hd__dfrtp_1)
                                  2.69   data arrival time

                         10.00   10.00   clock clk (rise edge)
                          0.00   10.00   clock source latency
                  0.12    0.08   10.08 ^ clk (in)
     1    0.02                           clk (net)
                  0.12    0.00   10.08 ^ clkbuf_0_clk/A (sky130_fd_sc_hd__clkbuf_16)
                  0.10    0.26   10.34 ^ clkbuf_0_clk/X (sky130_fd_sc_hd__clkbuf_16)
     4    0.04                           clknet_0_clk (net)
                  0.10    0.00   10.34 ^ clkbuf_2_3__f_clk/A (sky130_fd_sc_hd__clkbuf_16)
                  0.09    0.25   10.59 ^ clkbuf_2_3__f_clk/X (sky130_fd_sc_hd__clkbuf_16)
    12    0.04                           clknet_2_3__leaf_clk (net)
                  0.09    0.00   10.59 ^ _444_/CLK (sky130_fd_sc_hd__dfrtp_1)
                         -0.25   10.34   clock uncertainty
                          0.00   10.34   clock reconvergence pessimism
                          0.48   10.82   library recovery time
                                 10.82   data required time
-----------------------------------------------------------------------------
                                 10.82   data required time
                                 -2.69   data arrival time
-----------------------------------------------------------------------------
                                  8.12   slack (MET)


Startpoint: rst (input port clocked by clk)
Endpoint: _439_ (recovery check against rising-edge clock clk)
Path Group: asynchronous
Path Type: max
Corner: Slowest

Fanout     Cap    Slew   Delay    Time   Description
-----------------------------------------------------------------------------
                          0.00    0.00   clock clk (rise edge)
                          0.00    0.00   clock network delay (propagated)
                          2.00    2.00 v input external delay
                  0.02    0.01    2.01 v rst (in)
     1    0.00                           rst (net)
                  0.02    0.00    2.01 v input2/A (sky130_fd_sc_hd__buf_1)
                  0.11    0.19    2.20 v input2/X (sky130_fd_sc_hd__buf_1)
     3    0.01                           net2 (net)
                  0.11    0.00    2.20 v _389_/A (sky130_fd_sc_hd__buf_4)
                  0.15    0.38    2.58 v _389_/X (sky130_fd_sc_hd__buf_4)
    10    0.06                           _203_ (net)
                  0.15    0.00    2.59 v _391_/A (sky130_fd_sc_hd__inv_2)
                  0.06    0.11    2.69 ^ _391_/Y (sky130_fd_sc_hd__inv_2)
     1    0.00                           _033_ (net)
                  0.06    0.00    2.69 ^ _439_/RESET_B (sky130_fd_sc_hd__dfrtp_1)
                                  2.69   data arrival time

                         10.00   10.00   clock clk (rise edge)
                          0.00   10.00   clock source latency
                  0.12    0.08   10.08 ^ clk (in)
     1    0.02                           clk (net)
                  0.12    0.00   10.08 ^ clkbuf_0_clk/A (sky130_fd_sc_hd__clkbuf_16)
                  0.10    0.26   10.34 ^ clkbuf_0_clk/X (sky130_fd_sc_hd__clkbuf_16)
     4    0.04                           clknet_0_clk (net)
                  0.10    0.00   10.34 ^ clkbuf_2_3__f_clk/A (sky130_fd_sc_hd__clkbuf_16)
                  0.09    0.25   10.59 ^ clkbuf_2_3__f_clk/X (sky130_fd_sc_hd__clkbuf_16)
    12    0.04                           clknet_2_3__leaf_clk (net)
                  0.09    0.00   10.59 ^ _439_/CLK (sky130_fd_sc_hd__dfrtp_1)
                         -0.25   10.34   clock uncertainty
                          0.00   10.34   clock reconvergence pessimism
                          0.48   10.82   library recovery time
                                 10.82   data required time
-----------------------------------------------------------------------------
                                 10.82   data required time
                                 -2.69   data arrival time
-----------------------------------------------------------------------------
                                  8.12   slack (MET)


Startpoint: rst (input port clocked by clk)
Endpoint: _438_ (recovery check against rising-edge clock clk)
Path Group: asynchronous
Path Type: max
Corner: Slowest

Fanout     Cap    Slew   Delay    Time   Description
-----------------------------------------------------------------------------
                          0.00    0.00   clock clk (rise edge)
                          0.00    0.00   clock network delay (propagated)
                          2.00    2.00 v input external delay
                  0.02    0.01    2.01 v rst (in)
     1    0.00                           rst (net)
                  0.02    0.00    2.01 v input2/A (sky130_fd_sc_hd__buf_1)
                  0.11    0.19    2.20 v input2/X (sky130_fd_sc_hd__buf_1)
     3    0.01                           net2 (net)
                  0.11    0.00    2.20 v _389_/A (sky130_fd_sc_hd__buf_4)
                  0.15    0.38    2.58 v _389_/X (sky130_fd_sc_hd__buf_4)
    10    0.06                           _203_ (net)
                  0.15    0.00    2.59 v _390_/A (sky130_fd_sc_hd__inv_2)
                  0.06    0.11    2.69 ^ _390_/Y (sky130_fd_sc_hd__inv_2)
     1    0.00                           _032_ (net)
                  0.06    0.00    2.69 ^ _438_/RESET_B (sky130_fd_sc_hd__dfrtp_1)
                                  2.69   data arrival time

                         10.00   10.00   clock clk (rise edge)
                          0.00   10.00   clock source latency
                  0.12    0.08   10.08 ^ clk (in)
     1    0.02                           clk (net)
                  0.12    0.00   10.08 ^ clkbuf_0_clk/A (sky130_fd_sc_hd__clkbuf_16)
                  0.10    0.26   10.34 ^ clkbuf_0_clk/X (sky130_fd_sc_hd__clkbuf_16)
     4    0.04                           clknet_0_clk (net)
                  0.10    0.00   10.34 ^ clkbuf_2_3__f_clk/A (sky130_fd_sc_hd__clkbuf_16)
                  0.09    0.25   10.59 ^ clkbuf_2_3__f_clk/X (sky130_fd_sc_hd__clkbuf_16)
    12    0.04                           clknet_2_3__leaf_clk (net)
                  0.09    0.00   10.59 ^ _438_/CLK (sky130_fd_sc_hd__dfrtp_1)
                         -0.25   10.34   clock uncertainty
                          0.00   10.34   clock reconvergence pessimism
                          0.48   10.82   library recovery time
                                 10.82   data required time
-----------------------------------------------------------------------------
                                 10.82   data required time
                                 -2.69   data arrival time
-----------------------------------------------------------------------------
                                  8.12   slack (MET)


Startpoint: rst (input port clocked by clk)
Endpoint: _450_ (recovery check against rising-edge clock clk)
Path Group: asynchronous
Path Type: max
Corner: Slowest

Fanout     Cap    Slew   Delay    Time   Description
-----------------------------------------------------------------------------
                          0.00    0.00   clock clk (rise edge)
                          0.00    0.00   clock network delay (propagated)
                          2.00    2.00 v input external delay
                  0.02    0.01    2.01 v rst (in)
     1    0.00                           rst (net)
                  0.02    0.00    2.01 v input2/A (sky130_fd_sc_hd__buf_1)
                  0.11    0.19    2.20 v input2/X (sky130_fd_sc_hd__buf_1)
     3    0.01                           net2 (net)
                  0.11    0.00    2.20 v _355_/A (sky130_fd_sc_hd__buf_4)
                  0.14    0.37    2.57 v _355_/X (sky130_fd_sc_hd__buf_4)
    10    0.05                           _199_ (net)
                  0.14    0.00    2.57 v _402_/A (sky130_fd_sc_hd__inv_2)
                  0.06    0.12    2.69 ^ _402_/Y (sky130_fd_sc_hd__inv_2)
     1    0.01                           _044_ (net)
                  0.06    0.00    2.69 ^ _450_/RESET_B (sky130_fd_sc_hd__dfrtp_1)
                                  2.69   data arrival time

                         10.00   10.00   clock clk (rise edge)
                          0.00   10.00   clock source latency
                  0.12    0.08   10.08 ^ clk (in)
     1    0.02                           clk (net)
                  0.12    0.00   10.08 ^ clkbuf_0_clk/A (sky130_fd_sc_hd__clkbuf_16)
                  0.10    0.26   10.34 ^ clkbuf_0_clk/X (sky130_fd_sc_hd__clkbuf_16)
     4    0.04                           clknet_0_clk (net)
                  0.10    0.00   10.34 ^ clkbuf_2_0__f_clk/A (sky130_fd_sc_hd__clkbuf_16)
                  0.10    0.25   10.59 ^ clkbuf_2_0__f_clk/X (sky130_fd_sc_hd__clkbuf_16)
    14    0.04                           clknet_2_0__leaf_clk (net)
                  0.10    0.00   10.59 ^ _450_/CLK (sky130_fd_sc_hd__dfrtp_1)
                         -0.25   10.34   clock uncertainty
                          0.00   10.34   clock reconvergence pessimism
                          0.47   10.82   library recovery time
                                 10.82   data required time
-----------------------------------------------------------------------------
                                 10.82   data required time
                                 -2.69   data arrival time
-----------------------------------------------------------------------------
                                  8.13   slack (MET)


Startpoint: rst (input port clocked by clk)
Endpoint: _454_ (recovery check against rising-edge clock clk)
Path Group: asynchronous
Path Type: max
Corner: Slowest

Fanout     Cap    Slew   Delay    Time   Description
-----------------------------------------------------------------------------
                          0.00    0.00   clock clk (rise edge)
                          0.00    0.00   clock network delay (propagated)
                          2.00    2.00 v input external delay
                  0.02    0.01    2.01 v rst (in)
     1    0.00                           rst (net)
                  0.02    0.00    2.01 v input2/A (sky130_fd_sc_hd__buf_1)
                  0.11    0.19    2.20 v input2/X (sky130_fd_sc_hd__buf_1)
     3    0.01                           net2 (net)
                  0.11    0.00    2.20 v _355_/A (sky130_fd_sc_hd__buf_4)
                  0.14    0.37    2.57 v _355_/X (sky130_fd_sc_hd__buf_4)
    10    0.05                           _199_ (net)
                  0.14    0.00    2.57 v _406_/A (sky130_fd_sc_hd__inv_2)
                  0.05    0.10    2.68 ^ _406_/Y (sky130_fd_sc_hd__inv_2)
     1    0.00                           _048_ (net)
                  0.05    0.00    2.68 ^ _454_/RESET_B (sky130_fd_sc_hd__dfrtp_1)
                                  2.68   data arrival time

                         10.00   10.00   clock clk (rise edge)
                          0.00   10.00   clock source latency
                  0.12    0.08   10.08 ^ clk (in)
     1    0.02                           clk (net)
                  0.12    0.00   10.08 ^ clkbuf_0_clk/A (sky130_fd_sc_hd__clkbuf_16)
                  0.10    0.26   10.34 ^ clkbuf_0_clk/X (sky130_fd_sc_hd__clkbuf_16)
     4    0.04                           clknet_0_clk (net)
                  0.10    0.00   10.34 ^ clkbuf_2_1__f_clk/A (sky130_fd_sc_hd__clkbuf_16)
                  0.09    0.24   10.59 ^ clkbuf_2_1__f_clk/X (sky130_fd_sc_hd__clkbuf_16)
    12    0.04                           clknet_2_1__leaf_clk (net)
                  0.09    0.00   10.59 ^ _454_/CLK (sky130_fd_sc_hd__dfrtp_1)
                         -0.25   10.34   clock uncertainty
                          0.00   10.34   clock reconvergence pessimism
                          0.48   10.81   library recovery time
                                 10.81   data required time
-----------------------------------------------------------------------------
                                 10.81   data required time
                                 -2.68   data arrival time
-----------------------------------------------------------------------------
                                  8.14   slack (MET)


Startpoint: rst (input port clocked by clk)
Endpoint: _455_ (recovery check against rising-edge clock clk)
Path Group: asynchronous
Path Type: max
Corner: Slowest

Fanout     Cap    Slew   Delay    Time   Description
-----------------------------------------------------------------------------
                          0.00    0.00   clock clk (rise edge)
                          0.00    0.00   clock network delay (propagated)
                          2.00    2.00 v input external delay
                  0.02    0.01    2.01 v rst (in)
     1    0.00                           rst (net)
                  0.02    0.00    2.01 v input2/A (sky130_fd_sc_hd__buf_1)
                  0.11    0.19    2.20 v input2/X (sky130_fd_sc_hd__buf_1)
     3    0.01                           net2 (net)
                  0.11    0.00    2.20 v _355_/A (sky130_fd_sc_hd__buf_4)
                  0.14    0.37    2.57 v _355_/X (sky130_fd_sc_hd__buf_4)
    10    0.05                           _199_ (net)
                  0.14    0.00    2.57 v _407_/A (sky130_fd_sc_hd__inv_2)
                  0.05    0.10    2.68 ^ _407_/Y (sky130_fd_sc_hd__inv_2)
     1    0.00                           _049_ (net)
                  0.05    0.00    2.68 ^ _455_/RESET_B (sky130_fd_sc_hd__dfrtp_1)
                                  2.68   data arrival time

                         10.00   10.00   clock clk (rise edge)
                          0.00   10.00   clock source latency
                  0.12    0.08   10.08 ^ clk (in)
     1    0.02                           clk (net)
                  0.12    0.00   10.08 ^ clkbuf_0_clk/A (sky130_fd_sc_hd__clkbuf_16)
                  0.10    0.26   10.34 ^ clkbuf_0_clk/X (sky130_fd_sc_hd__clkbuf_16)
     4    0.04                           clknet_0_clk (net)
                  0.10    0.00   10.34 ^ clkbuf_2_1__f_clk/A (sky130_fd_sc_hd__clkbuf_16)
                  0.09    0.24   10.59 ^ clkbuf_2_1__f_clk/X (sky130_fd_sc_hd__clkbuf_16)
    12    0.04                           clknet_2_1__leaf_clk (net)
                  0.09    0.00   10.59 ^ _455_/CLK (sky130_fd_sc_hd__dfrtp_1)
                         -0.25   10.34   clock uncertainty
                          0.00   10.34   clock reconvergence pessimism
                          0.48   10.81   library recovery time
                                 10.81   data required time
-----------------------------------------------------------------------------
                                 10.81   data required time
                                 -2.68   data arrival time
-----------------------------------------------------------------------------
                                  8.14   slack (MET)


Startpoint: rst (input port clocked by clk)
Endpoint: _452_ (recovery check against rising-edge clock clk)
Path Group: asynchronous
Path Type: max
Corner: Slowest

Fanout     Cap    Slew   Delay    Time   Description
-----------------------------------------------------------------------------
                          0.00    0.00   clock clk (rise edge)
                          0.00    0.00   clock network delay (propagated)
                          2.00    2.00 v input external delay
                  0.02    0.01    2.01 v rst (in)
     1    0.00                           rst (net)
                  0.02    0.00    2.01 v input2/A (sky130_fd_sc_hd__buf_1)
                  0.11    0.19    2.20 v input2/X (sky130_fd_sc_hd__buf_1)
     3    0.01                           net2 (net)
                  0.11    0.00    2.20 v _355_/A (sky130_fd_sc_hd__buf_4)
                  0.14    0.37    2.57 v _355_/X (sky130_fd_sc_hd__buf_4)
    10    0.05                           _199_ (net)
                  0.14    0.00    2.57 v _404_/A (sky130_fd_sc_hd__inv_2)
                  0.05    0.10    2.68 ^ _404_/Y (sky130_fd_sc_hd__inv_2)
     1    0.00                           _046_ (net)
                  0.05    0.00    2.68 ^ _452_/RESET_B (sky130_fd_sc_hd__dfrtp_1)
                                  2.68   data arrival time

                         10.00   10.00   clock clk (rise edge)
                          0.00   10.00   clock source latency
                  0.12    0.08   10.08 ^ clk (in)
     1    0.02                           clk (net)
                  0.12    0.00   10.08 ^ clkbuf_0_clk/A (sky130_fd_sc_hd__clkbuf_16)
                  0.10    0.26   10.34 ^ clkbuf_0_clk/X (sky130_fd_sc_hd__clkbuf_16)
     4    0.04                           clknet_0_clk (net)
                  0.10    0.00   10.34 ^ clkbuf_2_1__f_clk/A (sky130_fd_sc_hd__clkbuf_16)
                  0.09    0.24   10.59 ^ clkbuf_2_1__f_clk/X (sky130_fd_sc_hd__clkbuf_16)
    12    0.04                           clknet_2_1__leaf_clk (net)
                  0.09    0.00   10.59 ^ _452_/CLK (sky130_fd_sc_hd__dfrtp_1)
                         -0.25   10.34   clock uncertainty
                          0.00   10.34   clock reconvergence pessimism
                          0.48   10.81   library recovery time
                                 10.81   data required time
-----------------------------------------------------------------------------
                                 10.81   data required time
                                 -2.68   data arrival time
-----------------------------------------------------------------------------
                                  8.14   slack (MET)


Startpoint: rst (input port clocked by clk)
Endpoint: _453_ (recovery check against rising-edge clock clk)
Path Group: asynchronous
Path Type: max
Corner: Slowest

Fanout     Cap    Slew   Delay    Time   Description
-----------------------------------------------------------------------------
                          0.00    0.00   clock clk (rise edge)
                          0.00    0.00   clock network delay (propagated)
                          2.00    2.00 v input external delay
                  0.02    0.01    2.01 v rst (in)
     1    0.00                           rst (net)
                  0.02    0.00    2.01 v input2/A (sky130_fd_sc_hd__buf_1)
                  0.11    0.19    2.20 v input2/X (sky130_fd_sc_hd__buf_1)
     3    0.01                           net2 (net)
                  0.11    0.00    2.20 v _355_/A (sky130_fd_sc_hd__buf_4)
                  0.14    0.37    2.57 v _355_/X (sky130_fd_sc_hd__buf_4)
    10    0.05                           _199_ (net)
                  0.14    0.00    2.57 v _405_/A (sky130_fd_sc_hd__inv_2)
                  0.05    0.10    2.67 ^ _405_/Y (sky130_fd_sc_hd__inv_2)
     1    0.00                           _047_ (net)
                  0.05    0.00    2.67 ^ _453_/RESET_B (sky130_fd_sc_hd__dfrtp_1)
                                  2.67   data arrival time

                         10.00   10.00   clock clk (rise edge)
                          0.00   10.00   clock source latency
                  0.12    0.08   10.08 ^ clk (in)
     1    0.02                           clk (net)
                  0.12    0.00   10.08 ^ clkbuf_0_clk/A (sky130_fd_sc_hd__clkbuf_16)
                  0.10    0.26   10.34 ^ clkbuf_0_clk/X (sky130_fd_sc_hd__clkbuf_16)
     4    0.04                           clknet_0_clk (net)
                  0.10    0.00   10.34 ^ clkbuf_2_1__f_clk/A (sky130_fd_sc_hd__clkbuf_16)
                  0.09    0.24   10.59 ^ clkbuf_2_1__f_clk/X (sky130_fd_sc_hd__clkbuf_16)
    12    0.04                           clknet_2_1__leaf_clk (net)
                  0.09    0.00   10.59 ^ _453_/CLK (sky130_fd_sc_hd__dfrtp_1)
                         -0.25   10.34   clock uncertainty
                          0.00   10.34   clock reconvergence pessimism
                          0.48   10.81   library recovery time
                                 10.81   data required time
-----------------------------------------------------------------------------
                                 10.81   data required time
                                 -2.67   data arrival time
-----------------------------------------------------------------------------
                                  8.14   slack (MET)


Startpoint: rst (input port clocked by clk)
Endpoint: _451_ (recovery check against rising-edge clock clk)
Path Group: asynchronous
Path Type: max
Corner: Slowest

Fanout     Cap    Slew   Delay    Time   Description
-----------------------------------------------------------------------------
                          0.00    0.00   clock clk (rise edge)
                          0.00    0.00   clock network delay (propagated)
                          2.00    2.00 v input external delay
                  0.02    0.01    2.01 v rst (in)
     1    0.00                           rst (net)
                  0.02    0.00    2.01 v input2/A (sky130_fd_sc_hd__buf_1)
                  0.11    0.19    2.20 v input2/X (sky130_fd_sc_hd__buf_1)
     3    0.01                           net2 (net)
                  0.11    0.00    2.20 v _355_/A (sky130_fd_sc_hd__buf_4)
                  0.14    0.37    2.57 v _355_/X (sky130_fd_sc_hd__buf_4)
    10    0.05                           _199_ (net)
                  0.14    0.00    2.57 v _403_/A (sky130_fd_sc_hd__inv_2)
                  0.06    0.11    2.68 ^ _403_/Y (sky130_fd_sc_hd__inv_2)
     1    0.00                           _045_ (net)
                  0.06    0.00    2.68 ^ _451_/RESET_B (sky130_fd_sc_hd__dfrtp_1)
                                  2.68   data arrival time

                         10.00   10.00   clock clk (rise edge)
                          0.00   10.00   clock source latency
                  0.12    0.08   10.08 ^ clk (in)
     1    0.02                           clk (net)
                  0.12    0.00   10.08 ^ clkbuf_0_clk/A (sky130_fd_sc_hd__clkbuf_16)
                  0.10    0.26   10.34 ^ clkbuf_0_clk/X (sky130_fd_sc_hd__clkbuf_16)
     4    0.04                           clknet_0_clk (net)
                  0.10    0.00   10.34 ^ clkbuf_2_0__f_clk/A (sky130_fd_sc_hd__clkbuf_16)
                  0.10    0.25   10.59 ^ clkbuf_2_0__f_clk/X (sky130_fd_sc_hd__clkbuf_16)
    14    0.04                           clknet_2_0__leaf_clk (net)
                  0.10    0.00   10.59 ^ _451_/CLK (sky130_fd_sc_hd__dfrtp_1)
                         -0.25   10.34   clock uncertainty
                          0.00   10.34   clock reconvergence pessimism
                          0.48   10.82   library recovery time
                                 10.82   data required time
-----------------------------------------------------------------------------
                                 10.82   data required time
                                 -2.68   data arrival time
-----------------------------------------------------------------------------
                                  8.14   slack (MET)


Startpoint: rst (input port clocked by clk)
Endpoint: _449_ (recovery check against rising-edge clock clk)
Path Group: asynchronous
Path Type: max
Corner: Slowest

Fanout     Cap    Slew   Delay    Time   Description
-----------------------------------------------------------------------------
                          0.00    0.00   clock clk (rise edge)
                          0.00    0.00   clock network delay (propagated)
                          2.00    2.00 v input external delay
                  0.02    0.01    2.01 v rst (in)
     1    0.00                           rst (net)
                  0.02    0.00    2.01 v input2/A (sky130_fd_sc_hd__buf_1)
                  0.11    0.19    2.20 v input2/X (sky130_fd_sc_hd__buf_1)
     3    0.01                           net2 (net)
                  0.11    0.00    2.20 v _355_/A (sky130_fd_sc_hd__buf_4)
                  0.14    0.37    2.57 v _355_/X (sky130_fd_sc_hd__buf_4)
    10    0.05                           _199_ (net)
                  0.14    0.00    2.58 v _401_/A (sky130_fd_sc_hd__inv_2)
                  0.05    0.10    2.68 ^ _401_/Y (sky130_fd_sc_hd__inv_2)
     1    0.00                           _043_ (net)
                  0.05    0.00    2.68 ^ _449_/RESET_B (sky130_fd_sc_hd__dfrtp_1)
                                  2.68   data arrival time

                         10.00   10.00   clock clk (rise edge)
                          0.00   10.00   clock source latency
                  0.12    0.08   10.08 ^ clk (in)
     1    0.02                           clk (net)
                  0.12    0.00   10.08 ^ clkbuf_0_clk/A (sky130_fd_sc_hd__clkbuf_16)
                  0.10    0.26   10.34 ^ clkbuf_0_clk/X (sky130_fd_sc_hd__clkbuf_16)
     4    0.04                           clknet_0_clk (net)
                  0.10    0.00   10.34 ^ clkbuf_2_0__f_clk/A (sky130_fd_sc_hd__clkbuf_16)
                  0.10    0.25   10.59 ^ clkbuf_2_0__f_clk/X (sky130_fd_sc_hd__clkbuf_16)
    14    0.04                           clknet_2_0__leaf_clk (net)
                  0.10    0.00   10.59 ^ _449_/CLK (sky130_fd_sc_hd__dfrtp_1)
                         -0.25   10.34   clock uncertainty
                          0.00   10.34   clock reconvergence pessimism
                          0.48   10.82   library recovery time
                                 10.82   data required time
-----------------------------------------------------------------------------
                                 10.82   data required time
                                 -2.68   data arrival time
-----------------------------------------------------------------------------
                                  8.14   slack (MET)


Startpoint: rst (input port clocked by clk)
Endpoint: _448_ (recovery check against rising-edge clock clk)
Path Group: asynchronous
Path Type: max
Corner: Slowest

Fanout     Cap    Slew   Delay    Time   Description
-----------------------------------------------------------------------------
                          0.00    0.00   clock clk (rise edge)
                          0.00    0.00   clock network delay (propagated)
                          2.00    2.00 v input external delay
                  0.02    0.01    2.01 v rst (in)
     1    0.00                           rst (net)
                  0.02    0.00    2.01 v input2/A (sky130_fd_sc_hd__buf_1)
                  0.11    0.19    2.20 v input2/X (sky130_fd_sc_hd__buf_1)
     3    0.01                           net2 (net)
                  0.11    0.00    2.20 v _355_/A (sky130_fd_sc_hd__buf_4)
                  0.14    0.37    2.57 v _355_/X (sky130_fd_sc_hd__buf_4)
    10    0.05                           _199_ (net)
                  0.14    0.00    2.57 v _400_/A (sky130_fd_sc_hd__inv_2)
                  0.05    0.10    2.68 ^ _400_/Y (sky130_fd_sc_hd__inv_2)
     1    0.00                           _042_ (net)
                  0.05    0.00    2.68 ^ _448_/RESET_B (sky130_fd_sc_hd__dfrtp_1)
                                  2.68   data arrival time

                         10.00   10.00   clock clk (rise edge)
                          0.00   10.00   clock source latency
                  0.12    0.08   10.08 ^ clk (in)
     1    0.02                           clk (net)
                  0.12    0.00   10.08 ^ clkbuf_0_clk/A (sky130_fd_sc_hd__clkbuf_16)
                  0.10    0.26   10.34 ^ clkbuf_0_clk/X (sky130_fd_sc_hd__clkbuf_16)
     4    0.04                           clknet_0_clk (net)
                  0.10    0.00   10.34 ^ clkbuf_2_0__f_clk/A (sky130_fd_sc_hd__clkbuf_16)
                  0.10    0.25   10.59 ^ clkbuf_2_0__f_clk/X (sky130_fd_sc_hd__clkbuf_16)
    14    0.04                           clknet_2_0__leaf_clk (net)
                  0.10    0.00   10.59 ^ _448_/CLK (sky130_fd_sc_hd__dfrtp_1)
                         -0.25   10.34   clock uncertainty
                          0.00   10.34   clock reconvergence pessimism
                          0.48   10.82   library recovery time
                                 10.82   data required time
-----------------------------------------------------------------------------
                                 10.82   data required time
                                 -2.68   data arrival time
-----------------------------------------------------------------------------
                                  8.15   slack (MET)



======================= Typical Corner ===================================

Startpoint: _421_ (rising edge-triggered flip-flop clocked by clk)
Endpoint: _427_ (rising edge-triggered flip-flop clocked by clk)
Path Group: clk
Path Type: max
Corner: Typical

Fanout     Cap    Slew   Delay    Time   Description
-----------------------------------------------------------------------------
                          0.00    0.00   clock clk (rise edge)
                          0.00    0.00   clock source latency
                  0.08    0.06    0.06 ^ clk (in)
     1    0.02                           clk (net)
                  0.08    0.00    0.06 ^ clkbuf_0_clk/A (sky130_fd_sc_hd__clkbuf_16)
                  0.06    0.16    0.22 ^ clkbuf_0_clk/X (sky130_fd_sc_hd__clkbuf_16)
     4    0.04                           clknet_0_clk (net)
                  0.06    0.00    0.22 ^ clkbuf_2_3__f_clk/A (sky130_fd_sc_hd__clkbuf_16)
                  0.06    0.15    0.37 ^ clkbuf_2_3__f_clk/X (sky130_fd_sc_hd__clkbuf_16)
    12    0.04                           clknet_2_3__leaf_clk (net)
                  0.06    0.00    0.38 ^ _421_/CLK (sky130_fd_sc_hd__dfrtp_1)
                  0.08    0.42    0.80 v _421_/Q (sky130_fd_sc_hd__dfrtp_1)
     3    0.01                           clk_count[13] (net)
                  0.08    0.00    0.80 v _205_/A (sky130_fd_sc_hd__or4_1)
                  0.09    0.57    1.37 v _205_/X (sky130_fd_sc_hd__or4_1)
     1    0.00                           _097_ (net)
                  0.09    0.00    1.37 v _209_/A (sky130_fd_sc_hd__nor4_1)
                  0.42    0.46    1.83 ^ _209_/Y (sky130_fd_sc_hd__nor4_1)
     2    0.01                           _101_ (net)
                  0.42    0.00    1.83 ^ max_cap25/A (sky130_fd_sc_hd__buf_1)
                  0.15    0.22    2.05 ^ max_cap25/X (sky130_fd_sc_hd__buf_1)
     3    0.01                           net25 (net)
                  0.15    0.00    2.05 ^ _217_/C (sky130_fd_sc_hd__nand4_1)
                  0.13    0.17    2.22 v _217_/Y (sky130_fd_sc_hd__nand4_1)
     3    0.01                           _109_ (net)
                  0.13    0.00    2.22 v _218_/A (sky130_fd_sc_hd__buf_4)
                  0.09    0.25    2.46 v _218_/X (sky130_fd_sc_hd__buf_4)
    10    0.06                           _110_ (net)
                  0.09    0.00    2.47 v _291_/S (sky130_fd_sc_hd__mux2_1)
                  0.05    0.33    2.80 v _291_/X (sky130_fd_sc_hd__mux2_1)
     1    0.00                           _154_ (net)
                  0.05    0.00    2.80 v hold36/A (sky130_fd_sc_hd__dlygate4sd3_1)
                  0.06    0.58    3.38 v hold36/X (sky130_fd_sc_hd__dlygate4sd3_1)
     1    0.00                           net61 (net)
                  0.06    0.00    3.38 v _292_/A (sky130_fd_sc_hd__clkbuf_1)
                  0.03    0.10    3.48 v _292_/X (sky130_fd_sc_hd__clkbuf_1)
     1    0.00                           _067_ (net)
                  0.03    0.00    3.48 v _427_/D (sky130_fd_sc_hd__dfrtp_1)
                                  3.48   data arrival time

                         10.00   10.00   clock clk (rise edge)
                          0.00   10.00   clock source latency
                  0.08    0.05   10.05 ^ clk (in)
     1    0.02                           clk (net)
                  0.08    0.00   10.05 ^ clkbuf_0_clk/A (sky130_fd_sc_hd__clkbuf_16)
                  0.06    0.15   10.20 ^ clkbuf_0_clk/X (sky130_fd_sc_hd__clkbuf_16)
     4    0.04                           clknet_0_clk (net)
                  0.06    0.00   10.20 ^ clkbuf_2_1__f_clk/A (sky130_fd_sc_hd__clkbuf_16)
                  0.06    0.14   10.34 ^ clkbuf_2_1__f_clk/X (sky130_fd_sc_hd__clkbuf_16)
    12    0.04                           clknet_2_1__leaf_clk (net)
                  0.06    0.00   10.34 ^ _427_/CLK (sky130_fd_sc_hd__dfrtp_1)
                         -0.25   10.09   clock uncertainty
                          0.02   10.11   clock reconvergence pessimism
                         -0.10   10.01   library setup time
                                 10.01   data required time
-----------------------------------------------------------------------------
                                 10.01   data required time
                                 -3.48   data arrival time
-----------------------------------------------------------------------------
                                  6.53   slack (MET)


Startpoint: start (input port clocked by clk)
Endpoint: _450_ (rising edge-triggered flip-flop clocked by clk)
Path Group: clk
Path Type: max
Corner: Typical

Fanout     Cap    Slew   Delay    Time   Description
-----------------------------------------------------------------------------
                          0.00    0.00   clock clk (rise edge)
                          0.00    0.00   clock network delay (propagated)
                          2.00    2.00 ^ input external delay
                  0.02    0.01    2.01 ^ start (in)
     1    0.00                           start (net)
                  0.02    0.00    2.01 ^ input3/A (sky130_fd_sc_hd__buf_1)
                  0.19    0.19    2.20 ^ input3/X (sky130_fd_sc_hd__buf_1)
     2    0.02                           net3 (net)
                  0.19    0.00    2.20 ^ _237_/B (sky130_fd_sc_hd__nor2_4)
                  0.07    0.10    2.30 v _237_/Y (sky130_fd_sc_hd__nor2_4)
     9    0.04                           _125_ (net)
                  0.07    0.00    2.30 v _238_/B1 (sky130_fd_sc_hd__a21o_2)
                  0.11    0.29    2.59 v _238_/X (sky130_fd_sc_hd__a21o_2)
     8    0.04                           _126_ (net)
                  0.11    0.00    2.59 v _241_/A2 (sky130_fd_sc_hd__a22o_1)
                  0.04    0.26    2.85 v _241_/X (sky130_fd_sc_hd__a22o_1)
     1    0.00                           _090_ (net)
                  0.04    0.00    2.85 v hold10/A (sky130_fd_sc_hd__dlygate4sd3_1)
                  0.05    0.58    3.43 v hold10/X (sky130_fd_sc_hd__dlygate4sd3_1)
     1    0.00                           net35 (net)
                  0.05    0.00    3.43 v _450_/D (sky130_fd_sc_hd__dfrtp_1)
                                  3.43   data arrival time

                         10.00   10.00   clock clk (rise edge)
                          0.00   10.00   clock source latency
                  0.08    0.05   10.05 ^ clk (in)
     1    0.02                           clk (net)
                  0.08    0.00   10.05 ^ clkbuf_0_clk/A (sky130_fd_sc_hd__clkbuf_16)
                  0.06    0.15   10.20 ^ clkbuf_0_clk/X (sky130_fd_sc_hd__clkbuf_16)
     4    0.04                           clknet_0_clk (net)
                  0.06    0.00   10.20 ^ clkbuf_2_0__f_clk/A (sky130_fd_sc_hd__clkbuf_16)
                  0.06    0.14   10.34 ^ clkbuf_2_0__f_clk/X (sky130_fd_sc_hd__clkbuf_16)
    14    0.04                           clknet_2_0__leaf_clk (net)
                  0.06    0.00   10.34 ^ _450_/CLK (sky130_fd_sc_hd__dfrtp_1)
                         -0.25   10.09   clock uncertainty
                          0.00   10.09   clock reconvergence pessimism
                         -0.11    9.98   library setup time
                                  9.98   data required time
-----------------------------------------------------------------------------
                                  9.98   data required time
                                 -3.43   data arrival time
-----------------------------------------------------------------------------
                                  6.55   slack (MET)


Startpoint: _421_ (rising edge-triggered flip-flop clocked by clk)
Endpoint: _426_ (rising edge-triggered flip-flop clocked by clk)
Path Group: clk
Path Type: max
Corner: Typical

Fanout     Cap    Slew   Delay    Time   Description
-----------------------------------------------------------------------------
                          0.00    0.00   clock clk (rise edge)
                          0.00    0.00   clock source latency
                  0.08    0.06    0.06 ^ clk (in)
     1    0.02                           clk (net)
                  0.08    0.00    0.06 ^ clkbuf_0_clk/A (sky130_fd_sc_hd__clkbuf_16)
                  0.06    0.16    0.22 ^ clkbuf_0_clk/X (sky130_fd_sc_hd__clkbuf_16)
     4    0.04                           clknet_0_clk (net)
                  0.06    0.00    0.22 ^ clkbuf_2_3__f_clk/A (sky130_fd_sc_hd__clkbuf_16)
                  0.06    0.15    0.37 ^ clkbuf_2_3__f_clk/X (sky130_fd_sc_hd__clkbuf_16)
    12    0.04                           clknet_2_3__leaf_clk (net)
                  0.06    0.00    0.38 ^ _421_/CLK (sky130_fd_sc_hd__dfrtp_1)
                  0.08    0.42    0.80 v _421_/Q (sky130_fd_sc_hd__dfrtp_1)
     3    0.01                           clk_count[13] (net)
                  0.08    0.00    0.80 v _205_/A (sky130_fd_sc_hd__or4_1)
                  0.09    0.57    1.37 v _205_/X (sky130_fd_sc_hd__or4_1)
     1    0.00                           _097_ (net)
                  0.09    0.00    1.37 v _209_/A (sky130_fd_sc_hd__nor4_1)
                  0.42    0.46    1.83 ^ _209_/Y (sky130_fd_sc_hd__nor4_1)
     2    0.01                           _101_ (net)
                  0.42    0.00    1.83 ^ max_cap25/A (sky130_fd_sc_hd__buf_1)
                  0.15    0.22    2.05 ^ max_cap25/X (sky130_fd_sc_hd__buf_1)
     3    0.01                           net25 (net)
                  0.15    0.00    2.05 ^ _217_/C (sky130_fd_sc_hd__nand4_1)
                  0.13    0.17    2.22 v _217_/Y (sky130_fd_sc_hd__nand4_1)
     3    0.01                           _109_ (net)
                  0.13    0.00    2.22 v _218_/A (sky130_fd_sc_hd__buf_4)
                  0.09    0.25    2.46 v _218_/X (sky130_fd_sc_hd__buf_4)
    10    0.06                           _110_ (net)
                  0.09    0.00    2.46 v _293_/S (sky130_fd_sc_hd__mux2_1)
                  0.05    0.33    2.79 v _293_/X (sky130_fd_sc_hd__mux2_1)
     1    0.00                           _155_ (net)
                  0.05    0.00    2.79 v hold34/A (sky130_fd_sc_hd__dlygate4sd3_1)
                  0.06    0.58    3.38 v hold34/X (sky130_fd_sc_hd__dlygate4sd3_1)
     1    0.00                           net59 (net)
                  0.06    0.00    3.38 v _294_/A (sky130_fd_sc_hd__clkbuf_1)
                  0.03    0.09    3.47 v _294_/X (sky130_fd_sc_hd__clkbuf_1)
     1    0.00                           _066_ (net)
                  0.03    0.00    3.47 v _426_/D (sky130_fd_sc_hd__dfrtp_1)
                                  3.47   data arrival time

                         10.00   10.00   clock clk (rise edge)
                          0.00   10.00   clock source latency
                  0.08    0.05   10.05 ^ clk (in)
     1    0.02                           clk (net)
                  0.08    0.00   10.05 ^ clkbuf_0_clk/A (sky130_fd_sc_hd__clkbuf_16)
                  0.06    0.15   10.20 ^ clkbuf_0_clk/X (sky130_fd_sc_hd__clkbuf_16)
     4    0.04                           clknet_0_clk (net)
                  0.06    0.00   10.20 ^ clkbuf_2_3__f_clk/A (sky130_fd_sc_hd__clkbuf_16)
                  0.06    0.14   10.34 ^ clkbuf_2_3__f_clk/X (sky130_fd_sc_hd__clkbuf_16)
    12    0.04                           clknet_2_3__leaf_clk (net)
                  0.06    0.00   10.34 ^ _426_/CLK (sky130_fd_sc_hd__dfrtp_1)
                         -0.25   10.09   clock uncertainty
                          0.04   10.13   clock reconvergence pessimism
                         -0.10   10.02   library setup time
                                 10.02   data required time
-----------------------------------------------------------------------------
                                 10.02   data required time
                                 -3.47   data arrival time
-----------------------------------------------------------------------------
                                  6.55   slack (MET)


Startpoint: start (input port clocked by clk)
Endpoint: _449_ (rising edge-triggered flip-flop clocked by clk)
Path Group: clk
Path Type: max
Corner: Typical

Fanout     Cap    Slew   Delay    Time   Description
-----------------------------------------------------------------------------
                          0.00    0.00   clock clk (rise edge)
                          0.00    0.00   clock network delay (propagated)
                          2.00    2.00 ^ input external delay
                  0.02    0.01    2.01 ^ start (in)
     1    0.00                           start (net)
                  0.02    0.00    2.01 ^ input3/A (sky130_fd_sc_hd__buf_1)
                  0.19    0.19    2.20 ^ input3/X (sky130_fd_sc_hd__buf_1)
     2    0.02                           net3 (net)
                  0.19    0.00    2.20 ^ _237_/B (sky130_fd_sc_hd__nor2_4)
                  0.07    0.10    2.30 v _237_/Y (sky130_fd_sc_hd__nor2_4)
     9    0.04                           _125_ (net)
                  0.07    0.00    2.30 v _238_/B1 (sky130_fd_sc_hd__a21o_2)
                  0.11    0.29    2.59 v _238_/X (sky130_fd_sc_hd__a21o_2)
     8    0.04                           _126_ (net)
                  0.11    0.00    2.59 v _242_/A2 (sky130_fd_sc_hd__a22o_1)
                  0.04    0.26    2.85 v _242_/X (sky130_fd_sc_hd__a22o_1)
     1    0.00                           _089_ (net)
                  0.04    0.00    2.85 v hold8/A (sky130_fd_sc_hd__dlygate4sd3_1)
                  0.05    0.57    3.42 v hold8/X (sky130_fd_sc_hd__dlygate4sd3_1)
     1    0.00                           net33 (net)
                  0.05    0.00    3.42 v _449_/D (sky130_fd_sc_hd__dfrtp_1)
                                  3.42   data arrival time

                         10.00   10.00   clock clk (rise edge)
                          0.00   10.00   clock source latency
                  0.08    0.05   10.05 ^ clk (in)
     1    0.02                           clk (net)
                  0.08    0.00   10.05 ^ clkbuf_0_clk/A (sky130_fd_sc_hd__clkbuf_16)
                  0.06    0.15   10.20 ^ clkbuf_0_clk/X (sky130_fd_sc_hd__clkbuf_16)
     4    0.04                           clknet_0_clk (net)
                  0.06    0.00   10.20 ^ clkbuf_2_0__f_clk/A (sky130_fd_sc_hd__clkbuf_16)
                  0.06    0.14   10.34 ^ clkbuf_2_0__f_clk/X (sky130_fd_sc_hd__clkbuf_16)
    14    0.04                           clknet_2_0__leaf_clk (net)
                  0.06    0.00   10.34 ^ _449_/CLK (sky130_fd_sc_hd__dfrtp_1)
                         -0.25   10.09   clock uncertainty
                          0.00   10.09   clock reconvergence pessimism
                         -0.11    9.98   library setup time
                                  9.98   data required time
-----------------------------------------------------------------------------
                                  9.98   data required time
                                 -3.42   data arrival time
-----------------------------------------------------------------------------
                                  6.56   slack (MET)


Startpoint: start (input port clocked by clk)
Endpoint: _447_ (rising edge-triggered flip-flop clocked by clk)
Path Group: clk
Path Type: max
Corner: Typical

Fanout     Cap    Slew   Delay    Time   Description
-----------------------------------------------------------------------------
                          0.00    0.00   clock clk (rise edge)
                          0.00    0.00   clock network delay (propagated)
                          2.00    2.00 ^ input external delay
                  0.02    0.01    2.01 ^ start (in)
     1    0.00                           start (net)
                  0.02    0.00    2.01 ^ input3/A (sky130_fd_sc_hd__buf_1)
                  0.19    0.19    2.20 ^ input3/X (sky130_fd_sc_hd__buf_1)
     2    0.02                           net3 (net)
                  0.19    0.00    2.20 ^ _237_/B (sky130_fd_sc_hd__nor2_4)
                  0.07    0.10    2.30 v _237_/Y (sky130_fd_sc_hd__nor2_4)
     9    0.04                           _125_ (net)
                  0.07    0.00    2.30 v _238_/B1 (sky130_fd_sc_hd__a21o_2)
                  0.11    0.29    2.59 v _238_/X (sky130_fd_sc_hd__a21o_2)
     8    0.04                           _126_ (net)
                  0.11    0.00    2.59 v _244_/A2 (sky130_fd_sc_hd__a22o_1)
                  0.03    0.25    2.84 v _244_/X (sky130_fd_sc_hd__a22o_1)
     1    0.00                           _087_ (net)
                  0.03    0.00    2.84 v hold3/A (sky130_fd_sc_hd__dlygate4sd3_1)
                  0.05    0.57    3.41 v hold3/X (sky130_fd_sc_hd__dlygate4sd3_1)
     1    0.00                           net28 (net)
                  0.05    0.00    3.41 v _447_/D (sky130_fd_sc_hd__dfrtp_1)
                                  3.41   data arrival time

                         10.00   10.00   clock clk (rise edge)
                          0.00   10.00   clock source latency
                  0.08    0.05   10.05 ^ clk (in)
     1    0.02                           clk (net)
                  0.08    0.00   10.05 ^ clkbuf_0_clk/A (sky130_fd_sc_hd__clkbuf_16)
                  0.06    0.15   10.20 ^ clkbuf_0_clk/X (sky130_fd_sc_hd__clkbuf_16)
     4    0.04                           clknet_0_clk (net)
                  0.06    0.00   10.20 ^ clkbuf_2_0__f_clk/A (sky130_fd_sc_hd__clkbuf_16)
                  0.06    0.14   10.34 ^ clkbuf_2_0__f_clk/X (sky130_fd_sc_hd__clkbuf_16)
    14    0.04                           clknet_2_0__leaf_clk (net)
                  0.06    0.00   10.34 ^ _447_/CLK (sky130_fd_sc_hd__dfrtp_1)
                         -0.25   10.09   clock uncertainty
                          0.00   10.09   clock reconvergence pessimism
                         -0.11    9.98   library setup time
                                  9.98   data required time
-----------------------------------------------------------------------------
                                  9.98   data required time
                                 -3.41   data arrival time
-----------------------------------------------------------------------------
                                  6.57   slack (MET)


Startpoint: start (input port clocked by clk)
Endpoint: _451_ (rising edge-triggered flip-flop clocked by clk)
Path Group: clk
Path Type: max
Corner: Typical

Fanout     Cap    Slew   Delay    Time   Description
-----------------------------------------------------------------------------
                          0.00    0.00   clock clk (rise edge)
                          0.00    0.00   clock network delay (propagated)
                          2.00    2.00 ^ input external delay
                  0.02    0.01    2.01 ^ start (in)
     1    0.00                           start (net)
                  0.02    0.00    2.01 ^ input3/A (sky130_fd_sc_hd__buf_1)
                  0.19    0.19    2.20 ^ input3/X (sky130_fd_sc_hd__buf_1)
     2    0.02                           net3 (net)
                  0.19    0.00    2.20 ^ _237_/B (sky130_fd_sc_hd__nor2_4)
                  0.07    0.10    2.30 v _237_/Y (sky130_fd_sc_hd__nor2_4)
     9    0.04                           _125_ (net)
                  0.07    0.00    2.30 v _238_/B1 (sky130_fd_sc_hd__a21o_2)
                  0.11    0.29    2.59 v _238_/X (sky130_fd_sc_hd__a21o_2)
     8    0.04                           _126_ (net)
                  0.11    0.00    2.59 v _240_/A2 (sky130_fd_sc_hd__a22o_1)
                  0.03    0.25    2.84 v _240_/X (sky130_fd_sc_hd__a22o_1)
     1    0.00                           _091_ (net)
                  0.03    0.00    2.84 v hold5/A (sky130_fd_sc_hd__dlygate4sd3_1)
                  0.05    0.57    3.41 v hold5/X (sky130_fd_sc_hd__dlygate4sd3_1)
     1    0.00                           net30 (net)
                  0.05    0.00    3.41 v _451_/D (sky130_fd_sc_hd__dfrtp_1)
                                  3.41   data arrival time

                         10.00   10.00   clock clk (rise edge)
                          0.00   10.00   clock source latency
                  0.08    0.05   10.05 ^ clk (in)
     1    0.02                           clk (net)
                  0.08    0.00   10.05 ^ clkbuf_0_clk/A (sky130_fd_sc_hd__clkbuf_16)
                  0.06    0.15   10.20 ^ clkbuf_0_clk/X (sky130_fd_sc_hd__clkbuf_16)
     4    0.04                           clknet_0_clk (net)
                  0.06    0.00   10.20 ^ clkbuf_2_0__f_clk/A (sky130_fd_sc_hd__clkbuf_16)
                  0.06    0.14   10.34 ^ clkbuf_2_0__f_clk/X (sky130_fd_sc_hd__clkbuf_16)
    14    0.04                           clknet_2_0__leaf_clk (net)
                  0.06    0.00   10.34 ^ _451_/CLK (sky130_fd_sc_hd__dfrtp_1)
                         -0.25   10.09   clock uncertainty
                          0.00   10.09   clock reconvergence pessimism
                         -0.11    9.98   library setup time
                                  9.98   data required time
-----------------------------------------------------------------------------
                                  9.98   data required time
                                 -3.41   data arrival time
-----------------------------------------------------------------------------
                                  6.57   slack (MET)


Startpoint: _436_ (rising edge-triggered flip-flop clocked by clk)
Endpoint: cs (output port clocked by clk)
Path Group: clk
Path Type: max
Corner: Typical

Fanout     Cap    Slew   Delay    Time   Description
-----------------------------------------------------------------------------
                          0.00    0.00   clock clk (rise edge)
                          0.00    0.00   clock source latency
                  0.08    0.06    0.06 ^ clk (in)
     1    0.02                           clk (net)
                  0.08    0.00    0.06 ^ clkbuf_0_clk/A (sky130_fd_sc_hd__clkbuf_16)
                  0.06    0.16    0.22 ^ clkbuf_0_clk/X (sky130_fd_sc_hd__clkbuf_16)
     4    0.04                           clknet_0_clk (net)
                  0.06    0.00    0.22 ^ clkbuf_2_3__f_clk/A (sky130_fd_sc_hd__clkbuf_16)
                  0.06    0.15    0.37 ^ clkbuf_2_3__f_clk/X (sky130_fd_sc_hd__clkbuf_16)
    12    0.04                           clknet_2_3__leaf_clk (net)
                  0.06    0.00    0.38 ^ _436_/CLK (sky130_fd_sc_hd__dfstp_1)
                  0.08    0.56    0.93 ^ _436_/Q (sky130_fd_sc_hd__dfstp_1)
     2    0.01                           net13 (net)
                  0.08    0.00    0.93 ^ output13/A (sky130_fd_sc_hd__clkbuf_4)
                  0.11    0.21    1.14 ^ output13/X (sky130_fd_sc_hd__clkbuf_4)
     1    0.03                           cs (net)
                  0.11    0.00    1.15 ^ cs (out)
                                  1.15   data arrival time

                         10.00   10.00   clock clk (rise edge)
                          0.00   10.00   clock network delay (propagated)
                         -0.25    9.75   clock uncertainty
                          0.00    9.75   clock reconvergence pessimism
                         -2.00    7.75   output external delay
                                  7.75   data required time
-----------------------------------------------------------------------------
                                  7.75   data required time
                                 -1.15   data arrival time
-----------------------------------------------------------------------------
                                  6.60   slack (MET)


Startpoint: start (input port clocked by clk)
Endpoint: _453_ (rising edge-triggered flip-flop clocked by clk)
Path Group: clk
Path Type: max
Corner: Typical

Fanout     Cap    Slew   Delay    Time   Description
-----------------------------------------------------------------------------
                          0.00    0.00   clock clk (rise edge)
                          0.00    0.00   clock network delay (propagated)
                          2.00    2.00 v input external delay
                  0.01    0.00    2.00 v start (in)
     1    0.00                           start (net)
                  0.01    0.00    2.00 v input3/A (sky130_fd_sc_hd__buf_1)
                  0.09    0.13    2.14 v input3/X (sky130_fd_sc_hd__buf_1)
     2    0.01                           net3 (net)
                  0.09    0.00    2.14 v _204_/B (sky130_fd_sc_hd__or2_2)
                  0.10    0.37    2.51 v _204_/X (sky130_fd_sc_hd__or2_2)
     6    0.02                           _096_ (net)
                  0.10    0.00    2.51 v _222_/A (sky130_fd_sc_hd__and3_1)
                  0.03    0.17    2.68 v _222_/X (sky130_fd_sc_hd__and3_1)
     1    0.00                           _113_ (net)
                  0.03    0.00    2.68 v _223_/A (sky130_fd_sc_hd__clkbuf_4)
                  0.10    0.21    2.88 v _223_/X (sky130_fd_sc_hd__clkbuf_4)
    10    0.05                           _114_ (net)
                  0.10    0.00    2.88 v _229_/S (sky130_fd_sc_hd__mux2_1)
                  0.06    0.34    3.23 v _229_/X (sky130_fd_sc_hd__mux2_1)
     1    0.00                           _119_ (net)
                  0.06    0.00    3.23 v _230_/A (sky130_fd_sc_hd__clkbuf_1)
                  0.03    0.10    3.32 v _230_/X (sky130_fd_sc_hd__clkbuf_1)
     1    0.00                           _093_ (net)
                  0.03    0.00    3.32 v _453_/D (sky130_fd_sc_hd__dfrtp_1)
                                  3.32   data arrival time

                         10.00   10.00   clock clk (rise edge)
                          0.00   10.00   clock source latency
                  0.08    0.05   10.05 ^ clk (in)
     1    0.02                           clk (net)
                  0.08    0.00   10.05 ^ clkbuf_0_clk/A (sky130_fd_sc_hd__clkbuf_16)
                  0.06    0.15   10.20 ^ clkbuf_0_clk/X (sky130_fd_sc_hd__clkbuf_16)
     4    0.04                           clknet_0_clk (net)
                  0.06    0.00   10.20 ^ clkbuf_2_1__f_clk/A (sky130_fd_sc_hd__clkbuf_16)
                  0.06    0.14   10.34 ^ clkbuf_2_1__f_clk/X (sky130_fd_sc_hd__clkbuf_16)
    12    0.04                           clknet_2_1__leaf_clk (net)
                  0.06    0.00   10.34 ^ _453_/CLK (sky130_fd_sc_hd__dfrtp_1)
                         -0.25   10.09   clock uncertainty
                          0.00   10.09   clock reconvergence pessimism
                         -0.10    9.99   library setup time
                                  9.99   data required time
-----------------------------------------------------------------------------
                                  9.99   data required time
                                 -3.32   data arrival time
-----------------------------------------------------------------------------
                                  6.66   slack (MET)


Startpoint: start (input port clocked by clk)
Endpoint: _442_ (rising edge-triggered flip-flop clocked by clk)
Path Group: clk
Path Type: max
Corner: Typical

Fanout     Cap    Slew   Delay    Time   Description
-----------------------------------------------------------------------------
                          0.00    0.00   clock clk (rise edge)
                          0.00    0.00   clock network delay (propagated)
                          2.00    2.00 v input external delay
                  0.01    0.00    2.00 v start (in)
     1    0.00                           start (net)
                  0.01    0.00    2.00 v input3/A (sky130_fd_sc_hd__buf_1)
                  0.09    0.13    2.14 v input3/X (sky130_fd_sc_hd__buf_1)
     2    0.01                           net3 (net)
                  0.09    0.00    2.14 v _204_/B (sky130_fd_sc_hd__or2_2)
                  0.10    0.37    2.51 v _204_/X (sky130_fd_sc_hd__or2_2)
     6    0.02                           _096_ (net)
                  0.10    0.00    2.51 v _222_/A (sky130_fd_sc_hd__and3_1)
                  0.03    0.17    2.68 v _222_/X (sky130_fd_sc_hd__and3_1)
     1    0.00                           _113_ (net)
                  0.03    0.00    2.68 v _223_/A (sky130_fd_sc_hd__clkbuf_4)
                  0.10    0.21    2.88 v _223_/X (sky130_fd_sc_hd__clkbuf_4)
    10    0.05                           _114_ (net)
                  0.10    0.00    2.88 v _252_/S (sky130_fd_sc_hd__mux2_1)
                  0.06    0.34    3.23 v _252_/X (sky130_fd_sc_hd__mux2_1)
     1    0.00                           _131_ (net)
                  0.06    0.00    3.23 v _253_/A (sky130_fd_sc_hd__clkbuf_1)
                  0.02    0.09    3.32 v _253_/X (sky130_fd_sc_hd__clkbuf_1)
     1    0.00                           _082_ (net)
                  0.02    0.00    3.32 v _442_/D (sky130_fd_sc_hd__dfrtp_1)
                                  3.32   data arrival time

                         10.00   10.00   clock clk (rise edge)
                          0.00   10.00   clock source latency
                  0.08    0.05   10.05 ^ clk (in)
     1    0.02                           clk (net)
                  0.08    0.00   10.05 ^ clkbuf_0_clk/A (sky130_fd_sc_hd__clkbuf_16)
                  0.06    0.15   10.20 ^ clkbuf_0_clk/X (sky130_fd_sc_hd__clkbuf_16)
     4    0.04                           clknet_0_clk (net)
                  0.06    0.00   10.20 ^ clkbuf_2_1__f_clk/A (sky130_fd_sc_hd__clkbuf_16)
                  0.06    0.14   10.34 ^ clkbuf_2_1__f_clk/X (sky130_fd_sc_hd__clkbuf_16)
    12    0.04                           clknet_2_1__leaf_clk (net)
                  0.06    0.00   10.34 ^ _442_/CLK (sky130_fd_sc_hd__dfrtp_1)
                         -0.25   10.09   clock uncertainty
                          0.00   10.09   clock reconvergence pessimism
                         -0.10    9.99   library setup time
                                  9.99   data required time
-----------------------------------------------------------------------------
                                  9.99   data required time
                                 -3.32   data arrival time
-----------------------------------------------------------------------------
                                  6.67   slack (MET)


Startpoint: start (input port clocked by clk)
Endpoint: _443_ (rising edge-triggered flip-flop clocked by clk)
Path Group: clk
Path Type: max
Corner: Typical

Fanout     Cap    Slew   Delay    Time   Description
-----------------------------------------------------------------------------
                          0.00    0.00   clock clk (rise edge)
                          0.00    0.00   clock network delay (propagated)
                          2.00    2.00 v input external delay
                  0.01    0.00    2.00 v start (in)
     1    0.00                           start (net)
                  0.01    0.00    2.00 v input3/A (sky130_fd_sc_hd__buf_1)
                  0.09    0.13    2.14 v input3/X (sky130_fd_sc_hd__buf_1)
     2    0.01                           net3 (net)
                  0.09    0.00    2.14 v _204_/B (sky130_fd_sc_hd__or2_2)
                  0.10    0.37    2.51 v _204_/X (sky130_fd_sc_hd__or2_2)
     6    0.02                           _096_ (net)
                  0.10    0.00    2.51 v _222_/A (sky130_fd_sc_hd__and3_1)
                  0.03    0.17    2.68 v _222_/X (sky130_fd_sc_hd__and3_1)
     1    0.00                           _113_ (net)
                  0.03    0.00    2.68 v _223_/A (sky130_fd_sc_hd__clkbuf_4)
                  0.10    0.21    2.88 v _223_/X (sky130_fd_sc_hd__clkbuf_4)
    10    0.05                           _114_ (net)
                  0.10    0.00    2.88 v _249_/S (sky130_fd_sc_hd__mux2_1)
                  0.05    0.34    3.22 v _249_/X (sky130_fd_sc_hd__mux2_1)
     1    0.00                           _129_ (net)
                  0.05    0.00    3.22 v _250_/A (sky130_fd_sc_hd__clkbuf_1)
                  0.03    0.10    3.32 v _250_/X (sky130_fd_sc_hd__clkbuf_1)
     1    0.00                           _083_ (net)
                  0.03    0.00    3.32 v _443_/D (sky130_fd_sc_hd__dfrtp_1)
                                  3.32   data arrival time

                         10.00   10.00   clock clk (rise edge)
                          0.00   10.00   clock source latency
                  0.08    0.05   10.05 ^ clk (in)
     1    0.02                           clk (net)
                  0.08    0.00   10.05 ^ clkbuf_0_clk/A (sky130_fd_sc_hd__clkbuf_16)
                  0.06    0.15   10.20 ^ clkbuf_0_clk/X (sky130_fd_sc_hd__clkbuf_16)
     4    0.04                           clknet_0_clk (net)
                  0.06    0.00   10.20 ^ clkbuf_2_1__f_clk/A (sky130_fd_sc_hd__clkbuf_16)
                  0.06    0.14   10.34 ^ clkbuf_2_1__f_clk/X (sky130_fd_sc_hd__clkbuf_16)
    12    0.04                           clknet_2_1__leaf_clk (net)
                  0.06    0.00   10.34 ^ _443_/CLK (sky130_fd_sc_hd__dfrtp_1)
                         -0.25   10.09   clock uncertainty
                          0.00   10.09   clock reconvergence pessimism
                         -0.10    9.99   library setup time
                                  9.99   data required time
-----------------------------------------------------------------------------
                                  9.99   data required time
                                 -3.32   data arrival time
-----------------------------------------------------------------------------
                                  6.67   slack (MET)


Startpoint: start (input port clocked by clk)
Endpoint: _452_ (rising edge-triggered flip-flop clocked by clk)
Path Group: clk
Path Type: max
Corner: Typical

Fanout     Cap    Slew   Delay    Time   Description
-----------------------------------------------------------------------------
                          0.00    0.00   clock clk (rise edge)
                          0.00    0.00   clock network delay (propagated)
                          2.00    2.00 v input external delay
                  0.01    0.00    2.00 v start (in)
     1    0.00                           start (net)
                  0.01    0.00    2.00 v input3/A (sky130_fd_sc_hd__buf_1)
                  0.09    0.13    2.14 v input3/X (sky130_fd_sc_hd__buf_1)
     2    0.01                           net3 (net)
                  0.09    0.00    2.14 v _204_/B (sky130_fd_sc_hd__or2_2)
                  0.10    0.37    2.51 v _204_/X (sky130_fd_sc_hd__or2_2)
     6    0.02                           _096_ (net)
                  0.10    0.00    2.51 v _222_/A (sky130_fd_sc_hd__and3_1)
                  0.03    0.17    2.68 v _222_/X (sky130_fd_sc_hd__and3_1)
     1    0.00                           _113_ (net)
                  0.03    0.00    2.68 v _223_/A (sky130_fd_sc_hd__clkbuf_4)
                  0.10    0.21    2.88 v _223_/X (sky130_fd_sc_hd__clkbuf_4)
    10    0.05                           _114_ (net)
                  0.10    0.00    2.88 v _233_/S (sky130_fd_sc_hd__mux2_1)
                  0.06    0.34    3.22 v _233_/X (sky130_fd_sc_hd__mux2_1)
     1    0.00                           _122_ (net)
                  0.06    0.00    3.22 v _234_/A (sky130_fd_sc_hd__clkbuf_1)
                  0.02    0.09    3.32 v _234_/X (sky130_fd_sc_hd__clkbuf_1)
     1    0.00                           _092_ (net)
                  0.02    0.00    3.32 v _452_/D (sky130_fd_sc_hd__dfrtp_1)
                                  3.32   data arrival time

                         10.00   10.00   clock clk (rise edge)
                          0.00   10.00   clock source latency
                  0.08    0.05   10.05 ^ clk (in)
     1    0.02                           clk (net)
                  0.08    0.00   10.05 ^ clkbuf_0_clk/A (sky130_fd_sc_hd__clkbuf_16)
                  0.06    0.15   10.20 ^ clkbuf_0_clk/X (sky130_fd_sc_hd__clkbuf_16)
     4    0.04                           clknet_0_clk (net)
                  0.06    0.00   10.20 ^ clkbuf_2_1__f_clk/A (sky130_fd_sc_hd__clkbuf_16)
                  0.06    0.14   10.34 ^ clkbuf_2_1__f_clk/X (sky130_fd_sc_hd__clkbuf_16)
    12    0.04                           clknet_2_1__leaf_clk (net)
                  0.06    0.00   10.34 ^ _452_/CLK (sky130_fd_sc_hd__dfrtp_1)
                         -0.25   10.09   clock uncertainty
                          0.00   10.09   clock reconvergence pessimism
                         -0.10    9.99   library setup time
                                  9.99   data required time
-----------------------------------------------------------------------------
                                  9.99   data required time
                                 -3.32   data arrival time
-----------------------------------------------------------------------------
                                  6.67   slack (MET)


Startpoint: start (input port clocked by clk)
Endpoint: _440_ (rising edge-triggered flip-flop clocked by clk)
Path Group: clk
Path Type: max
Corner: Typical

Fanout     Cap    Slew   Delay    Time   Description
-----------------------------------------------------------------------------
                          0.00    0.00   clock clk (rise edge)
                          0.00    0.00   clock network delay (propagated)
                          2.00    2.00 v input external delay
                  0.01    0.00    2.00 v start (in)
     1    0.00                           start (net)
                  0.01    0.00    2.00 v input3/A (sky130_fd_sc_hd__buf_1)
                  0.09    0.13    2.14 v input3/X (sky130_fd_sc_hd__buf_1)
     2    0.01                           net3 (net)
                  0.09    0.00    2.14 v _204_/B (sky130_fd_sc_hd__or2_2)
                  0.10    0.37    2.51 v _204_/X (sky130_fd_sc_hd__or2_2)
     6    0.02                           _096_ (net)
                  0.10    0.00    2.51 v _222_/A (sky130_fd_sc_hd__and3_1)
                  0.03    0.17    2.68 v _222_/X (sky130_fd_sc_hd__and3_1)
     1    0.00                           _113_ (net)
                  0.03    0.00    2.68 v _223_/A (sky130_fd_sc_hd__clkbuf_4)
                  0.10    0.21    2.88 v _223_/X (sky130_fd_sc_hd__clkbuf_4)
    10    0.05                           _114_ (net)
                  0.10    0.00    2.88 v _258_/S (sky130_fd_sc_hd__mux2_1)
                  0.05    0.34    3.22 v _258_/X (sky130_fd_sc_hd__mux2_1)
     1    0.00                           _135_ (net)
                  0.05    0.00    3.22 v _259_/A (sky130_fd_sc_hd__clkbuf_1)
                  0.03    0.10    3.32 v _259_/X (sky130_fd_sc_hd__clkbuf_1)
     1    0.00                           _080_ (net)
                  0.03    0.00    3.32 v _440_/D (sky130_fd_sc_hd__dfrtp_1)
                                  3.32   data arrival time

                         10.00   10.00   clock clk (rise edge)
                          0.00   10.00   clock source latency
                  0.08    0.05   10.05 ^ clk (in)
     1    0.02                           clk (net)
                  0.08    0.00   10.05 ^ clkbuf_0_clk/A (sky130_fd_sc_hd__clkbuf_16)
                  0.06    0.15   10.20 ^ clkbuf_0_clk/X (sky130_fd_sc_hd__clkbuf_16)
     4    0.04                           clknet_0_clk (net)
                  0.06    0.00   10.20 ^ clkbuf_2_3__f_clk/A (sky130_fd_sc_hd__clkbuf_16)
                  0.06    0.14   10.34 ^ clkbuf_2_3__f_clk/X (sky130_fd_sc_hd__clkbuf_16)
    12    0.04                           clknet_2_3__leaf_clk (net)
                  0.06    0.00   10.34 ^ _440_/CLK (sky130_fd_sc_hd__dfrtp_1)
                         -0.25   10.09   clock uncertainty
                          0.00   10.09   clock reconvergence pessimism
                         -0.10    9.99   library setup time
                                  9.99   data required time
-----------------------------------------------------------------------------
                                  9.99   data required time
                                 -3.32   data arrival time
-----------------------------------------------------------------------------
                                  6.67   slack (MET)


Startpoint: start (input port clocked by clk)
Endpoint: _438_ (rising edge-triggered flip-flop clocked by clk)
Path Group: clk
Path Type: max
Corner: Typical

Fanout     Cap    Slew   Delay    Time   Description
-----------------------------------------------------------------------------
                          0.00    0.00   clock clk (rise edge)
                          0.00    0.00   clock network delay (propagated)
                          2.00    2.00 v input external delay
                  0.01    0.00    2.00 v start (in)
     1    0.00                           start (net)
                  0.01    0.00    2.00 v input3/A (sky130_fd_sc_hd__buf_1)
                  0.09    0.13    2.14 v input3/X (sky130_fd_sc_hd__buf_1)
     2    0.01                           net3 (net)
                  0.09    0.00    2.14 v _204_/B (sky130_fd_sc_hd__or2_2)
                  0.10    0.37    2.51 v _204_/X (sky130_fd_sc_hd__or2_2)
     6    0.02                           _096_ (net)
                  0.10    0.00    2.51 v _222_/A (sky130_fd_sc_hd__and3_1)
                  0.03    0.17    2.68 v _222_/X (sky130_fd_sc_hd__and3_1)
     1    0.00                           _113_ (net)
                  0.03    0.00    2.68 v _223_/A (sky130_fd_sc_hd__clkbuf_4)
                  0.10    0.21    2.88 v _223_/X (sky130_fd_sc_hd__clkbuf_4)
    10    0.05                           _114_ (net)
                  0.10    0.00    2.88 v _264_/S (sky130_fd_sc_hd__mux2_1)
                  0.06    0.34    3.22 v _264_/X (sky130_fd_sc_hd__mux2_1)
     1    0.00                           _139_ (net)
                  0.06    0.00    3.22 v _265_/A (sky130_fd_sc_hd__clkbuf_1)
                  0.02    0.09    3.32 v _265_/X (sky130_fd_sc_hd__clkbuf_1)
     1    0.00                           _078_ (net)
                  0.02    0.00    3.32 v _438_/D (sky130_fd_sc_hd__dfrtp_1)
                                  3.32   data arrival time

                         10.00   10.00   clock clk (rise edge)
                          0.00   10.00   clock source latency
                  0.08    0.05   10.05 ^ clk (in)
     1    0.02                           clk (net)
                  0.08    0.00   10.05 ^ clkbuf_0_clk/A (sky130_fd_sc_hd__clkbuf_16)
                  0.06    0.15   10.20 ^ clkbuf_0_clk/X (sky130_fd_sc_hd__clkbuf_16)
     4    0.04                           clknet_0_clk (net)
                  0.06    0.00   10.20 ^ clkbuf_2_3__f_clk/A (sky130_fd_sc_hd__clkbuf_16)
                  0.06    0.14   10.34 ^ clkbuf_2_3__f_clk/X (sky130_fd_sc_hd__clkbuf_16)
    12    0.04                           clknet_2_3__leaf_clk (net)
                  0.06    0.00   10.34 ^ _438_/CLK (sky130_fd_sc_hd__dfrtp_1)
                         -0.25   10.09   clock uncertainty
                          0.00   10.09   clock reconvergence pessimism
                         -0.10    9.99   library setup time
                                  9.99   data required time
-----------------------------------------------------------------------------
                                  9.99   data required time
                                 -3.32   data arrival time
-----------------------------------------------------------------------------
                                  6.67   slack (MET)


Startpoint: start (input port clocked by clk)
Endpoint: _439_ (rising edge-triggered flip-flop clocked by clk)
Path Group: clk
Path Type: max
Corner: Typical

Fanout     Cap    Slew   Delay    Time   Description
-----------------------------------------------------------------------------
                          0.00    0.00   clock clk (rise edge)
                          0.00    0.00   clock network delay (propagated)
                          2.00    2.00 v input external delay
                  0.01    0.00    2.00 v start (in)
     1    0.00                           start (net)
                  0.01    0.00    2.00 v input3/A (sky130_fd_sc_hd__buf_1)
                  0.09    0.13    2.14 v input3/X (sky130_fd_sc_hd__buf_1)
     2    0.01                           net3 (net)
                  0.09    0.00    2.14 v _204_/B (sky130_fd_sc_hd__or2_2)
                  0.10    0.37    2.51 v _204_/X (sky130_fd_sc_hd__or2_2)
     6    0.02                           _096_ (net)
                  0.10    0.00    2.51 v _222_/A (sky130_fd_sc_hd__and3_1)
                  0.03    0.17    2.68 v _222_/X (sky130_fd_sc_hd__and3_1)
     1    0.00                           _113_ (net)
                  0.03    0.00    2.68 v _223_/A (sky130_fd_sc_hd__clkbuf_4)
                  0.10    0.21    2.88 v _223_/X (sky130_fd_sc_hd__clkbuf_4)
    10    0.05                           _114_ (net)
                  0.10    0.00    2.88 v _261_/S (sky130_fd_sc_hd__mux2_1)
                  0.05    0.34    3.22 v _261_/X (sky130_fd_sc_hd__mux2_1)
     1    0.00                           _137_ (net)
                  0.05    0.00    3.22 v _262_/A (sky130_fd_sc_hd__clkbuf_1)
                  0.02    0.09    3.31 v _262_/X (sky130_fd_sc_hd__clkbuf_1)
     1    0.00                           _079_ (net)
                  0.02    0.00    3.31 v _439_/D (sky130_fd_sc_hd__dfrtp_1)
                                  3.31   data arrival time

                         10.00   10.00   clock clk (rise edge)
                          0.00   10.00   clock source latency
                  0.08    0.05   10.05 ^ clk (in)
     1    0.02                           clk (net)
                  0.08    0.00   10.05 ^ clkbuf_0_clk/A (sky130_fd_sc_hd__clkbuf_16)
                  0.06    0.15   10.20 ^ clkbuf_0_clk/X (sky130_fd_sc_hd__clkbuf_16)
     4    0.04                           clknet_0_clk (net)
                  0.06    0.00   10.20 ^ clkbuf_2_3__f_clk/A (sky130_fd_sc_hd__clkbuf_16)
                  0.06    0.14   10.34 ^ clkbuf_2_3__f_clk/X (sky130_fd_sc_hd__clkbuf_16)
    12    0.04                           clknet_2_3__leaf_clk (net)
                  0.06    0.00   10.34 ^ _439_/CLK (sky130_fd_sc_hd__dfrtp_1)
                         -0.25   10.09   clock uncertainty
                          0.00   10.09   clock reconvergence pessimism
                         -0.10    9.99   library setup time
                                  9.99   data required time
-----------------------------------------------------------------------------
                                  9.99   data required time
                                 -3.31   data arrival time
-----------------------------------------------------------------------------
                                  6.67   slack (MET)


Startpoint: start (input port clocked by clk)
Endpoint: _441_ (rising edge-triggered flip-flop clocked by clk)
Path Group: clk
Path Type: max
Corner: Typical

Fanout     Cap    Slew   Delay    Time   Description
-----------------------------------------------------------------------------
                          0.00    0.00   clock clk (rise edge)
                          0.00    0.00   clock network delay (propagated)
                          2.00    2.00 v input external delay
                  0.01    0.00    2.00 v start (in)
     1    0.00                           start (net)
                  0.01    0.00    2.00 v input3/A (sky130_fd_sc_hd__buf_1)
                  0.09    0.13    2.14 v input3/X (sky130_fd_sc_hd__buf_1)
     2    0.01                           net3 (net)
                  0.09    0.00    2.14 v _204_/B (sky130_fd_sc_hd__or2_2)
                  0.10    0.37    2.51 v _204_/X (sky130_fd_sc_hd__or2_2)
     6    0.02                           _096_ (net)
                  0.10    0.00    2.51 v _222_/A (sky130_fd_sc_hd__and3_1)
                  0.03    0.17    2.68 v _222_/X (sky130_fd_sc_hd__and3_1)
     1    0.00                           _113_ (net)
                  0.03    0.00    2.68 v _223_/A (sky130_fd_sc_hd__clkbuf_4)
                  0.10    0.21    2.88 v _223_/X (sky130_fd_sc_hd__clkbuf_4)
    10    0.05                           _114_ (net)
                  0.10    0.00    2.88 v _255_/S (sky130_fd_sc_hd__mux2_1)
                  0.05    0.34    3.22 v _255_/X (sky130_fd_sc_hd__mux2_1)
     1    0.00                           _133_ (net)
                  0.05    0.00    3.22 v _256_/A (sky130_fd_sc_hd__clkbuf_1)
                  0.02    0.09    3.31 v _256_/X (sky130_fd_sc_hd__clkbuf_1)
     1    0.00                           _081_ (net)
                  0.02    0.00    3.31 v _441_/D (sky130_fd_sc_hd__dfrtp_1)
                                  3.31   data arrival time

                         10.00   10.00   clock clk (rise edge)
                          0.00   10.00   clock source latency
                  0.08    0.05   10.05 ^ clk (in)
     1    0.02                           clk (net)
                  0.08    0.00   10.05 ^ clkbuf_0_clk/A (sky130_fd_sc_hd__clkbuf_16)
                  0.06    0.15   10.20 ^ clkbuf_0_clk/X (sky130_fd_sc_hd__clkbuf_16)
     4    0.04                           clknet_0_clk (net)
                  0.06    0.00   10.20 ^ clkbuf_2_1__f_clk/A (sky130_fd_sc_hd__clkbuf_16)
                  0.06    0.14   10.34 ^ clkbuf_2_1__f_clk/X (sky130_fd_sc_hd__clkbuf_16)
    12    0.04                           clknet_2_1__leaf_clk (net)
                  0.06    0.00   10.34 ^ _441_/CLK (sky130_fd_sc_hd__dfrtp_1)
                         -0.25   10.09   clock uncertainty
                          0.00   10.09   clock reconvergence pessimism
                         -0.10    9.99   library setup time
                                  9.99   data required time
-----------------------------------------------------------------------------
                                  9.99   data required time
                                 -3.31   data arrival time
-----------------------------------------------------------------------------
                                  6.68   slack (MET)


Startpoint: start (input port clocked by clk)
Endpoint: _437_ (rising edge-triggered flip-flop clocked by clk)
Path Group: clk
Path Type: max
Corner: Typical

Fanout     Cap    Slew   Delay    Time   Description
-----------------------------------------------------------------------------
                          0.00    0.00   clock clk (rise edge)
                          0.00    0.00   clock network delay (propagated)
                          2.00    2.00 v input external delay
                  0.01    0.00    2.00 v start (in)
     1    0.00                           start (net)
                  0.01    0.00    2.00 v input3/A (sky130_fd_sc_hd__buf_1)
                  0.09    0.13    2.14 v input3/X (sky130_fd_sc_hd__buf_1)
     2    0.01                           net3 (net)
                  0.09    0.00    2.14 v _204_/B (sky130_fd_sc_hd__or2_2)
                  0.10    0.37    2.51 v _204_/X (sky130_fd_sc_hd__or2_2)
     6    0.02                           _096_ (net)
                  0.10    0.00    2.51 v _222_/A (sky130_fd_sc_hd__and3_1)
                  0.03    0.17    2.68 v _222_/X (sky130_fd_sc_hd__and3_1)
     1    0.00                           _113_ (net)
                  0.03    0.00    2.68 v _223_/A (sky130_fd_sc_hd__clkbuf_4)
                  0.10    0.21    2.88 v _223_/X (sky130_fd_sc_hd__clkbuf_4)
    10    0.05                           _114_ (net)
                  0.10    0.00    2.88 v _267_/S (sky130_fd_sc_hd__mux2_1)
                  0.05    0.34    3.22 v _267_/X (sky130_fd_sc_hd__mux2_1)
     1    0.00                           _141_ (net)
                  0.05    0.00    3.22 v _268_/A (sky130_fd_sc_hd__clkbuf_1)
                  0.02    0.09    3.31 v _268_/X (sky130_fd_sc_hd__clkbuf_1)
     1    0.00                           _077_ (net)
                  0.02    0.00    3.31 v _437_/D (sky130_fd_sc_hd__dfrtp_1)
                                  3.31   data arrival time

                         10.00   10.00   clock clk (rise edge)
                          0.00   10.00   clock source latency
                  0.08    0.05   10.05 ^ clk (in)
     1    0.02                           clk (net)
                  0.08    0.00   10.05 ^ clkbuf_0_clk/A (sky130_fd_sc_hd__clkbuf_16)
                  0.06    0.15   10.20 ^ clkbuf_0_clk/X (sky130_fd_sc_hd__clkbuf_16)
     4    0.04                           clknet_0_clk (net)
                  0.06    0.00   10.20 ^ clkbuf_2_3__f_clk/A (sky130_fd_sc_hd__clkbuf_16)
                  0.06    0.14   10.34 ^ clkbuf_2_3__f_clk/X (sky130_fd_sc_hd__clkbuf_16)
    12    0.04                           clknet_2_3__leaf_clk (net)
                  0.06    0.00   10.34 ^ _437_/CLK (sky130_fd_sc_hd__dfrtp_1)
                         -0.25   10.09   clock uncertainty
                          0.00   10.09   clock reconvergence pessimism
                         -0.10    9.99   library setup time
                                  9.99   data required time
-----------------------------------------------------------------------------
                                  9.99   data required time
                                 -3.31   data arrival time
-----------------------------------------------------------------------------
                                  6.68   slack (MET)


Startpoint: _435_ (rising edge-triggered flip-flop clocked by clk)
Endpoint: sclk (output port clocked by clk)
Path Group: clk
Path Type: max
Corner: Typical

Fanout     Cap    Slew   Delay    Time   Description
-----------------------------------------------------------------------------
                          0.00    0.00   clock clk (rise edge)
                          0.00    0.00   clock source latency
                  0.08    0.06    0.06 ^ clk (in)
     1    0.02                           clk (net)
                  0.08    0.00    0.06 ^ clkbuf_0_clk/A (sky130_fd_sc_hd__clkbuf_16)
                  0.06    0.16    0.22 ^ clkbuf_0_clk/X (sky130_fd_sc_hd__clkbuf_16)
     4    0.04                           clknet_0_clk (net)
                  0.06    0.00    0.22 ^ clkbuf_2_0__f_clk/A (sky130_fd_sc_hd__clkbuf_16)
                  0.06    0.16    0.38 ^ clkbuf_2_0__f_clk/X (sky130_fd_sc_hd__clkbuf_16)
    14    0.04                           clknet_2_0__leaf_clk (net)
                  0.06    0.00    0.38 ^ _435_/CLK (sky130_fd_sc_hd__dfrtp_2)
                  0.13    0.44    0.82 ^ _435_/Q (sky130_fd_sc_hd__dfrtp_2)
     4    0.02                           net24 (net)
                  0.13    0.00    0.82 ^ output24/A (sky130_fd_sc_hd__buf_2)
                  0.17    0.24    1.06 ^ output24/X (sky130_fd_sc_hd__buf_2)
     1    0.03                           sclk (net)
                  0.17    0.00    1.06 ^ sclk (out)
                                  1.06   data arrival time

                         10.00   10.00   clock clk (rise edge)
                          0.00   10.00   clock network delay (propagated)
                         -0.25    9.75   clock uncertainty
                          0.00    9.75   clock reconvergence pessimism
                         -2.00    7.75   output external delay
                                  7.75   data required time
-----------------------------------------------------------------------------
                                  7.75   data required time
                                 -1.06   data arrival time
-----------------------------------------------------------------------------
                                  6.69   slack (MET)


Startpoint: _424_ (rising edge-triggered flip-flop clocked by clk)
Endpoint: busy (output port clocked by clk)
Path Group: clk
Path Type: max
Corner: Typical

Fanout     Cap    Slew   Delay    Time   Description
-----------------------------------------------------------------------------
                          0.00    0.00   clock clk (rise edge)
                          0.00    0.00   clock source latency
                  0.08    0.06    0.06 ^ clk (in)
     1    0.02                           clk (net)
                  0.08    0.00    0.06 ^ clkbuf_0_clk/A (sky130_fd_sc_hd__clkbuf_16)
                  0.06    0.16    0.22 ^ clkbuf_0_clk/X (sky130_fd_sc_hd__clkbuf_16)
     4    0.04                           clknet_0_clk (net)
                  0.06    0.00    0.22 ^ clkbuf_2_3__f_clk/A (sky130_fd_sc_hd__clkbuf_16)
                  0.06    0.15    0.37 ^ clkbuf_2_3__f_clk/X (sky130_fd_sc_hd__clkbuf_16)
    12    0.04                           clknet_2_3__leaf_clk (net)
                  0.06    0.00    0.38 ^ _424_/CLK (sky130_fd_sc_hd__dfrtp_2)
                  0.08    0.46    0.84 v _424_/Q (sky130_fd_sc_hd__dfrtp_2)
     4    0.02                           net12 (net)
                  0.08    0.00    0.84 v output12/A (sky130_fd_sc_hd__buf_2)
                  0.09    0.21    1.04 v output12/X (sky130_fd_sc_hd__buf_2)
     1    0.03                           busy (net)
                  0.09    0.00    1.05 v busy (out)
                                  1.05   data arrival time

                         10.00   10.00   clock clk (rise edge)
                          0.00   10.00   clock network delay (propagated)
                         -0.25    9.75   clock uncertainty
                          0.00    9.75   clock reconvergence pessimism
                         -2.00    7.75   output external delay
                                  7.75   data required time
-----------------------------------------------------------------------------
                                  7.75   data required time
                                 -1.05   data arrival time
-----------------------------------------------------------------------------
                                  6.70   slack (MET)


Startpoint: _430_ (rising edge-triggered flip-flop clocked by clk)
Endpoint: rx_data[4] (output port clocked by clk)
Path Group: clk
Path Type: max
Corner: Typical

Fanout     Cap    Slew   Delay    Time   Description
-----------------------------------------------------------------------------
                          0.00    0.00   clock clk (rise edge)
                          0.00    0.00   clock source latency
                  0.08    0.06    0.06 ^ clk (in)
     1    0.02                           clk (net)
                  0.08    0.00    0.06 ^ clkbuf_0_clk/A (sky130_fd_sc_hd__clkbuf_16)
                  0.06    0.16    0.22 ^ clkbuf_0_clk/X (sky130_fd_sc_hd__clkbuf_16)
     4    0.04                           clknet_0_clk (net)
                  0.06    0.00    0.22 ^ clkbuf_2_0__f_clk/A (sky130_fd_sc_hd__clkbuf_16)
                  0.06    0.16    0.38 ^ clkbuf_2_0__f_clk/X (sky130_fd_sc_hd__clkbuf_16)
    14    0.04                           clknet_2_0__leaf_clk (net)
                  0.06    0.00    0.38 ^ _430_/CLK (sky130_fd_sc_hd__dfrtp_1)
                  0.08    0.43    0.81 v _430_/Q (sky130_fd_sc_hd__dfrtp_1)
     2    0.01                           net20 (net)
                  0.08    0.00    0.81 v output20/A (sky130_fd_sc_hd__clkbuf_4)
                  0.08    0.21    1.02 v output20/X (sky130_fd_sc_hd__clkbuf_4)
     1    0.03                           rx_data[4] (net)
                  0.08    0.00    1.02 v rx_data[4] (out)
                                  1.02   data arrival time

                         10.00   10.00   clock clk (rise edge)
                          0.00   10.00   clock network delay (propagated)
                         -0.25    9.75   clock uncertainty
                          0.00    9.75   clock reconvergence pessimism
                         -2.00    7.75   output external delay
                                  7.75   data required time
-----------------------------------------------------------------------------
                                  7.75   data required time
                                 -1.02   data arrival time
-----------------------------------------------------------------------------
                                  6.73   slack (MET)


Startpoint: _434_ (rising edge-triggered flip-flop clocked by clk)
Endpoint: mosi (output port clocked by clk)
Path Group: clk
Path Type: max
Corner: Typical

Fanout     Cap    Slew   Delay    Time   Description
-----------------------------------------------------------------------------
                          0.00    0.00   clock clk (rise edge)
                          0.00    0.00   clock source latency
                  0.08    0.06    0.06 ^ clk (in)
     1    0.02                           clk (net)
                  0.08    0.00    0.06 ^ clkbuf_0_clk/A (sky130_fd_sc_hd__clkbuf_16)
                  0.06    0.16    0.22 ^ clkbuf_0_clk/X (sky130_fd_sc_hd__clkbuf_16)
     4    0.04                           clknet_0_clk (net)
                  0.06    0.00    0.22 ^ clkbuf_2_1__f_clk/A (sky130_fd_sc_hd__clkbuf_16)
                  0.06    0.15    0.37 ^ clkbuf_2_1__f_clk/X (sky130_fd_sc_hd__clkbuf_16)
    12    0.04                           clknet_2_1__leaf_clk (net)
                  0.06    0.00    0.37 ^ _434_/CLK (sky130_fd_sc_hd__dfrtp_1)
                  0.08    0.42    0.80 v _434_/Q (sky130_fd_sc_hd__dfrtp_1)
     2    0.01                           net15 (net)
                  0.08    0.00    0.80 v output15/A (sky130_fd_sc_hd__clkbuf_4)
                  0.08    0.21    1.00 v output15/X (sky130_fd_sc_hd__clkbuf_4)
     1    0.03                           mosi (net)
                  0.08    0.00    1.00 v mosi (out)
                                  1.00   data arrival time

                         10.00   10.00   clock clk (rise edge)
                          0.00   10.00   clock network delay (propagated)
                         -0.25    9.75   clock uncertainty
                          0.00    9.75   clock reconvergence pessimism
                         -2.00    7.75   output external delay
                                  7.75   data required time
-----------------------------------------------------------------------------
                                  7.75   data required time
                                 -1.00   data arrival time
-----------------------------------------------------------------------------
                                  6.75   slack (MET)


Startpoint: _428_ (rising edge-triggered flip-flop clocked by clk)
Endpoint: rx_data[2] (output port clocked by clk)
Path Group: clk
Path Type: max
Corner: Typical

Fanout     Cap    Slew   Delay    Time   Description
-----------------------------------------------------------------------------
                          0.00    0.00   clock clk (rise edge)
                          0.00    0.00   clock source latency
                  0.08    0.06    0.06 ^ clk (in)
     1    0.02                           clk (net)
                  0.08    0.00    0.06 ^ clkbuf_0_clk/A (sky130_fd_sc_hd__clkbuf_16)
                  0.06    0.16    0.22 ^ clkbuf_0_clk/X (sky130_fd_sc_hd__clkbuf_16)
     4    0.04                           clknet_0_clk (net)
                  0.06    0.00    0.22 ^ clkbuf_2_0__f_clk/A (sky130_fd_sc_hd__clkbuf_16)
                  0.06    0.16    0.38 ^ clkbuf_2_0__f_clk/X (sky130_fd_sc_hd__clkbuf_16)
    14    0.04                           clknet_2_0__leaf_clk (net)
                  0.06    0.00    0.38 ^ _428_/CLK (sky130_fd_sc_hd__dfrtp_1)
                  0.07    0.42    0.80 v _428_/Q (sky130_fd_sc_hd__dfrtp_1)
     2    0.01                           net18 (net)
                  0.07    0.00    0.80 v output18/A (sky130_fd_sc_hd__clkbuf_4)
                  0.08    0.20    1.00 v output18/X (sky130_fd_sc_hd__clkbuf_4)
     1    0.03                           rx_data[2] (net)
                  0.08    0.00    1.00 v rx_data[2] (out)
                                  1.00   data arrival time

                         10.00   10.00   clock clk (rise edge)
                          0.00   10.00   clock network delay (propagated)
                         -0.25    9.75   clock uncertainty
                          0.00    9.75   clock reconvergence pessimism
                         -2.00    7.75   output external delay
                                  7.75   data required time
-----------------------------------------------------------------------------
                                  7.75   data required time
                                 -1.00   data arrival time
-----------------------------------------------------------------------------
                                  6.75   slack (MET)


Startpoint: _431_ (rising edge-triggered flip-flop clocked by clk)
Endpoint: rx_data[5] (output port clocked by clk)
Path Group: clk
Path Type: max
Corner: Typical

Fanout     Cap    Slew   Delay    Time   Description
-----------------------------------------------------------------------------
                          0.00    0.00   clock clk (rise edge)
                          0.00    0.00   clock source latency
                  0.08    0.06    0.06 ^ clk (in)
     1    0.02                           clk (net)
                  0.08    0.00    0.06 ^ clkbuf_0_clk/A (sky130_fd_sc_hd__clkbuf_16)
                  0.06    0.16    0.22 ^ clkbuf_0_clk/X (sky130_fd_sc_hd__clkbuf_16)
     4    0.04                           clknet_0_clk (net)
                  0.06    0.00    0.22 ^ clkbuf_2_0__f_clk/A (sky130_fd_sc_hd__clkbuf_16)
                  0.06    0.16    0.38 ^ clkbuf_2_0__f_clk/X (sky130_fd_sc_hd__clkbuf_16)
    14    0.04                           clknet_2_0__leaf_clk (net)
                  0.06    0.00    0.38 ^ _431_/CLK (sky130_fd_sc_hd__dfrtp_1)
                  0.06    0.41    0.79 v _431_/Q (sky130_fd_sc_hd__dfrtp_1)
     2    0.01                           net21 (net)
                  0.06    0.00    0.79 v output21/A (sky130_fd_sc_hd__clkbuf_4)
                  0.08    0.20    0.99 v output21/X (sky130_fd_sc_hd__clkbuf_4)
     1    0.03                           rx_data[5] (net)
                  0.08    0.00    0.99 v rx_data[5] (out)
                                  0.99   data arrival time

                         10.00   10.00   clock clk (rise edge)
                          0.00   10.00   clock network delay (propagated)
                         -0.25    9.75   clock uncertainty
                          0.00    9.75   clock reconvergence pessimism
                         -2.00    7.75   output external delay
                                  7.75   data required time
-----------------------------------------------------------------------------
                                  7.75   data required time
                                 -0.99   data arrival time
-----------------------------------------------------------------------------
                                  6.76   slack (MET)


Startpoint: _429_ (rising edge-triggered flip-flop clocked by clk)
Endpoint: rx_data[3] (output port clocked by clk)
Path Group: clk
Path Type: max
Corner: Typical

Fanout     Cap    Slew   Delay    Time   Description
-----------------------------------------------------------------------------
                          0.00    0.00   clock clk (rise edge)
                          0.00    0.00   clock source latency
                  0.08    0.06    0.06 ^ clk (in)
     1    0.02                           clk (net)
                  0.08    0.00    0.06 ^ clkbuf_0_clk/A (sky130_fd_sc_hd__clkbuf_16)
                  0.06    0.16    0.22 ^ clkbuf_0_clk/X (sky130_fd_sc_hd__clkbuf_16)
     4    0.04                           clknet_0_clk (net)
                  0.06    0.00    0.22 ^ clkbuf_2_0__f_clk/A (sky130_fd_sc_hd__clkbuf_16)
                  0.06    0.16    0.38 ^ clkbuf_2_0__f_clk/X (sky130_fd_sc_hd__clkbuf_16)
    14    0.04                           clknet_2_0__leaf_clk (net)
                  0.06    0.00    0.38 ^ _429_/CLK (sky130_fd_sc_hd__dfrtp_1)
                  0.06    0.41    0.79 v _429_/Q (sky130_fd_sc_hd__dfrtp_1)
     2    0.01                           net19 (net)
                  0.06    0.00    0.79 v output19/A (sky130_fd_sc_hd__clkbuf_4)
                  0.08    0.20    0.98 v output19/X (sky130_fd_sc_hd__clkbuf_4)
     1    0.03                           rx_data[3] (net)
                  0.08    0.00    0.99 v rx_data[3] (out)
                                  0.99   data arrival time

                         10.00   10.00   clock clk (rise edge)
                          0.00   10.00   clock network delay (propagated)
                         -0.25    9.75   clock uncertainty
                          0.00    9.75   clock reconvergence pessimism
                         -2.00    7.75   output external delay
                                  7.75   data required time
-----------------------------------------------------------------------------
                                  7.75   data required time
                                 -0.99   data arrival time
-----------------------------------------------------------------------------
                                  6.76   slack (MET)


Startpoint: _427_ (rising edge-triggered flip-flop clocked by clk)
Endpoint: rx_data[1] (output port clocked by clk)
Path Group: clk
Path Type: max
Corner: Typical

Fanout     Cap    Slew   Delay    Time   Description
-----------------------------------------------------------------------------
                          0.00    0.00   clock clk (rise edge)
                          0.00    0.00   clock source latency
                  0.08    0.06    0.06 ^ clk (in)
     1    0.02                           clk (net)
                  0.08    0.00    0.06 ^ clkbuf_0_clk/A (sky130_fd_sc_hd__clkbuf_16)
                  0.06    0.16    0.22 ^ clkbuf_0_clk/X (sky130_fd_sc_hd__clkbuf_16)
     4    0.04                           clknet_0_clk (net)
                  0.06    0.00    0.22 ^ clkbuf_2_1__f_clk/A (sky130_fd_sc_hd__clkbuf_16)
                  0.06    0.15    0.37 ^ clkbuf_2_1__f_clk/X (sky130_fd_sc_hd__clkbuf_16)
    12    0.04                           clknet_2_1__leaf_clk (net)
                  0.06    0.00    0.38 ^ _427_/CLK (sky130_fd_sc_hd__dfrtp_1)
                  0.06    0.40    0.78 v _427_/Q (sky130_fd_sc_hd__dfrtp_1)
     2    0.01                           net17 (net)
                  0.06    0.00    0.78 v output17/A (sky130_fd_sc_hd__clkbuf_4)
                  0.08    0.20    0.98 v output17/X (sky130_fd_sc_hd__clkbuf_4)
     1    0.03                           rx_data[1] (net)
                  0.08    0.00    0.98 v rx_data[1] (out)
                                  0.98   data arrival time

                         10.00   10.00   clock clk (rise edge)
                          0.00   10.00   clock network delay (propagated)
                         -0.25    9.75   clock uncertainty
                          0.00    9.75   clock reconvergence pessimism
                         -2.00    7.75   output external delay
                                  7.75   data required time
-----------------------------------------------------------------------------
                                  7.75   data required time
                                 -0.98   data arrival time
-----------------------------------------------------------------------------
                                  6.77   slack (MET)


Startpoint: _432_ (rising edge-triggered flip-flop clocked by clk)
Endpoint: rx_data[6] (output port clocked by clk)
Path Group: clk
Path Type: max
Corner: Typical

Fanout     Cap    Slew   Delay    Time   Description
-----------------------------------------------------------------------------
                          0.00    0.00   clock clk (rise edge)
                          0.00    0.00   clock source latency
                  0.08    0.06    0.06 ^ clk (in)
     1    0.02                           clk (net)
                  0.08    0.00    0.06 ^ clkbuf_0_clk/A (sky130_fd_sc_hd__clkbuf_16)
                  0.06    0.16    0.22 ^ clkbuf_0_clk/X (sky130_fd_sc_hd__clkbuf_16)
     4    0.04                           clknet_0_clk (net)
                  0.06    0.00    0.22 ^ clkbuf_2_0__f_clk/A (sky130_fd_sc_hd__clkbuf_16)
                  0.06    0.16    0.38 ^ clkbuf_2_0__f_clk/X (sky130_fd_sc_hd__clkbuf_16)
    14    0.04                           clknet_2_0__leaf_clk (net)
                  0.06    0.00    0.38 ^ _432_/CLK (sky130_fd_sc_hd__dfrtp_1)
                  0.06    0.40    0.78 v _432_/Q (sky130_fd_sc_hd__dfrtp_1)
     2    0.01                           net22 (net)
                  0.06    0.00    0.78 v output22/A (sky130_fd_sc_hd__clkbuf_4)
                  0.08    0.20    0.98 v output22/X (sky130_fd_sc_hd__clkbuf_4)
     1    0.03                           rx_data[6] (net)
                  0.08    0.00    0.98 v rx_data[6] (out)
                                  0.98   data arrival time

                         10.00   10.00   clock clk (rise edge)
                          0.00   10.00   clock network delay (propagated)
                         -0.25    9.75   clock uncertainty
                          0.00    9.75   clock reconvergence pessimism
                         -2.00    7.75   output external delay
                                  7.75   data required time
-----------------------------------------------------------------------------
                                  7.75   data required time
                                 -0.98   data arrival time
-----------------------------------------------------------------------------
                                  6.77   slack (MET)


Startpoint: _433_ (rising edge-triggered flip-flop clocked by clk)
Endpoint: rx_data[7] (output port clocked by clk)
Path Group: clk
Path Type: max
Corner: Typical

Fanout     Cap    Slew   Delay    Time   Description
-----------------------------------------------------------------------------
                          0.00    0.00   clock clk (rise edge)
                          0.00    0.00   clock source latency
                  0.08    0.06    0.06 ^ clk (in)
     1    0.02                           clk (net)
                  0.08    0.00    0.06 ^ clkbuf_0_clk/A (sky130_fd_sc_hd__clkbuf_16)
                  0.06    0.16    0.22 ^ clkbuf_0_clk/X (sky130_fd_sc_hd__clkbuf_16)
     4    0.04                           clknet_0_clk (net)
                  0.06    0.00    0.22 ^ clkbuf_2_1__f_clk/A (sky130_fd_sc_hd__clkbuf_16)
                  0.06    0.15    0.37 ^ clkbuf_2_1__f_clk/X (sky130_fd_sc_hd__clkbuf_16)
    12    0.04                           clknet_2_1__leaf_clk (net)
                  0.06    0.00    0.38 ^ _433_/CLK (sky130_fd_sc_hd__dfrtp_1)
                  0.06    0.40    0.78 v _433_/Q (sky130_fd_sc_hd__dfrtp_1)
     2    0.01                           net23 (net)
                  0.06    0.00    0.78 v output23/A (sky130_fd_sc_hd__clkbuf_4)
                  0.08    0.20    0.98 v output23/X (sky130_fd_sc_hd__clkbuf_4)
     1    0.03                           rx_data[7] (net)
                  0.08    0.00    0.98 v rx_data[7] (out)
                                  0.98   data arrival time

                         10.00   10.00   clock clk (rise edge)
                          0.00   10.00   clock network delay (propagated)
                         -0.25    9.75   clock uncertainty
                          0.00    9.75   clock reconvergence pessimism
                         -2.00    7.75   output external delay
                                  7.75   data required time
-----------------------------------------------------------------------------
                                  7.75   data required time
                                 -0.98   data arrival time
-----------------------------------------------------------------------------
                                  6.77   slack (MET)


Startpoint: _426_ (rising edge-triggered flip-flop clocked by clk)
Endpoint: rx_data[0] (output port clocked by clk)
Path Group: clk
Path Type: max
Corner: Typical

Fanout     Cap    Slew   Delay    Time   Description
-----------------------------------------------------------------------------
                          0.00    0.00   clock clk (rise edge)
                          0.00    0.00   clock source latency
                  0.08    0.06    0.06 ^ clk (in)
     1    0.02                           clk (net)
                  0.08    0.00    0.06 ^ clkbuf_0_clk/A (sky130_fd_sc_hd__clkbuf_16)
                  0.06    0.16    0.22 ^ clkbuf_0_clk/X (sky130_fd_sc_hd__clkbuf_16)
     4    0.04                           clknet_0_clk (net)
                  0.06    0.00    0.22 ^ clkbuf_2_3__f_clk/A (sky130_fd_sc_hd__clkbuf_16)
                  0.06    0.15    0.37 ^ clkbuf_2_3__f_clk/X (sky130_fd_sc_hd__clkbuf_16)
    12    0.04                           clknet_2_3__leaf_clk (net)
                  0.06    0.00    0.38 ^ _426_/CLK (sky130_fd_sc_hd__dfrtp_1)
                  0.06    0.40    0.77 v _426_/Q (sky130_fd_sc_hd__dfrtp_1)
     2    0.01                           net16 (net)
                  0.06    0.00    0.77 v output16/A (sky130_fd_sc_hd__clkbuf_4)
                  0.08    0.20    0.97 v output16/X (sky130_fd_sc_hd__clkbuf_4)
     1    0.03                           rx_data[0] (net)
                  0.08    0.00    0.97 v rx_data[0] (out)
                                  0.97   data arrival time

                         10.00   10.00   clock clk (rise edge)
                          0.00   10.00   clock network delay (propagated)
                         -0.25    9.75   clock uncertainty
                          0.00    9.75   clock reconvergence pessimism
                         -2.00    7.75   output external delay
                                  7.75   data required time
-----------------------------------------------------------------------------
                                  7.75   data required time
                                 -0.97   data arrival time
-----------------------------------------------------------------------------
                                  6.78   slack (MET)


Startpoint: _425_ (rising edge-triggered flip-flop clocked by clk)
Endpoint: done (output port clocked by clk)
Path Group: clk
Path Type: max
Corner: Typical

Fanout     Cap    Slew   Delay    Time   Description
-----------------------------------------------------------------------------
                          0.00    0.00   clock clk (rise edge)
                          0.00    0.00   clock source latency
                  0.08    0.06    0.06 ^ clk (in)
     1    0.02                           clk (net)
                  0.08    0.00    0.06 ^ clkbuf_0_clk/A (sky130_fd_sc_hd__clkbuf_16)
                  0.06    0.16    0.22 ^ clkbuf_0_clk/X (sky130_fd_sc_hd__clkbuf_16)
     4    0.04                           clknet_0_clk (net)
                  0.06    0.00    0.22 ^ clkbuf_2_2__f_clk/A (sky130_fd_sc_hd__clkbuf_16)
                  0.05    0.15    0.37 ^ clkbuf_2_2__f_clk/X (sky130_fd_sc_hd__clkbuf_16)
    10    0.03                           clknet_2_2__leaf_clk (net)
                  0.05    0.00    0.37 ^ _425_/CLK (sky130_fd_sc_hd__dfrtp_1)
                  0.04    0.38    0.75 v _425_/Q (sky130_fd_sc_hd__dfrtp_1)
     1    0.00                           net14 (net)
                  0.04    0.00    0.75 v output14/A (sky130_fd_sc_hd__clkbuf_4)
                  0.08    0.19    0.95 v output14/X (sky130_fd_sc_hd__clkbuf_4)
     1    0.04                           done (net)
                  0.08    0.00    0.95 v done (out)
                                  0.95   data arrival time

                         10.00   10.00   clock clk (rise edge)
                          0.00   10.00   clock network delay (propagated)
                         -0.25    9.75   clock uncertainty
                          0.00    9.75   clock reconvergence pessimism
                         -2.00    7.75   output external delay
                                  7.75   data required time
-----------------------------------------------------------------------------
                                  7.75   data required time
                                 -0.95   data arrival time
-----------------------------------------------------------------------------
                                  6.80   slack (MET)


Startpoint: start (input port clocked by clk)
Endpoint: _454_ (rising edge-triggered flip-flop clocked by clk)
Path Group: clk
Path Type: max
Corner: Typical

Fanout     Cap    Slew   Delay    Time   Description
-----------------------------------------------------------------------------
                          0.00    0.00   clock clk (rise edge)
                          0.00    0.00   clock network delay (propagated)
                          2.00    2.00 ^ input external delay
                  0.02    0.01    2.01 ^ start (in)
     1    0.00                           start (net)
                  0.02    0.00    2.01 ^ input3/A (sky130_fd_sc_hd__buf_1)
                  0.19    0.19    2.20 ^ input3/X (sky130_fd_sc_hd__buf_1)
     2    0.02                           net3 (net)
                  0.19    0.00    2.20 ^ _204_/B (sky130_fd_sc_hd__or2_2)
                  0.12    0.22    2.42 ^ _204_/X (sky130_fd_sc_hd__or2_2)
     6    0.02                           _096_ (net)
                  0.12    0.00    2.42 ^ _222_/A (sky130_fd_sc_hd__and3_1)
                  0.05    0.17    2.59 ^ _222_/X (sky130_fd_sc_hd__and3_1)
     1    0.00                           _113_ (net)
                  0.05    0.00    2.59 ^ _223_/A (sky130_fd_sc_hd__clkbuf_4)
                  0.15    0.22    2.81 ^ _223_/X (sky130_fd_sc_hd__clkbuf_4)
    10    0.05                           _114_ (net)
                  0.15    0.00    2.81 ^ _226_/A2_N (sky130_fd_sc_hd__a2bb2o_1)
                  0.05    0.30    3.12 v _226_/X (sky130_fd_sc_hd__a2bb2o_1)
     1    0.00                           _094_ (net)
                  0.05    0.00    3.12 v _454_/D (sky130_fd_sc_hd__dfrtp_1)
                                  3.12   data arrival time

                         10.00   10.00   clock clk (rise edge)
                          0.00   10.00   clock source latency
                  0.08    0.05   10.05 ^ clk (in)
     1    0.02                           clk (net)
                  0.08    0.00   10.05 ^ clkbuf_0_clk/A (sky130_fd_sc_hd__clkbuf_16)
                  0.06    0.15   10.20 ^ clkbuf_0_clk/X (sky130_fd_sc_hd__clkbuf_16)
     4    0.04                           clknet_0_clk (net)
                  0.06    0.00   10.20 ^ clkbuf_2_1__f_clk/A (sky130_fd_sc_hd__clkbuf_16)
                  0.06    0.14   10.34 ^ clkbuf_2_1__f_clk/X (sky130_fd_sc_hd__clkbuf_16)
    12    0.04                           clknet_2_1__leaf_clk (net)
                  0.06    0.00   10.34 ^ _454_/CLK (sky130_fd_sc_hd__dfrtp_1)
                         -0.25   10.09   clock uncertainty
                          0.00   10.09   clock reconvergence pessimism
                         -0.11    9.98   library setup time
                                  9.98   data required time
-----------------------------------------------------------------------------
                                  9.98   data required time
                                 -3.12   data arrival time
-----------------------------------------------------------------------------
                                  6.86   slack (MET)


Startpoint: start (input port clocked by clk)
Endpoint: _434_ (rising edge-triggered flip-flop clocked by clk)
Path Group: clk
Path Type: max
Corner: Typical

Fanout     Cap    Slew   Delay    Time   Description
-----------------------------------------------------------------------------
                          0.00    0.00   clock clk (rise edge)
                          0.00    0.00   clock network delay (propagated)
                          2.00    2.00 v input external delay
                  0.01    0.00    2.00 v start (in)
     1    0.00                           start (net)
                  0.01    0.00    2.00 v input3/A (sky130_fd_sc_hd__buf_1)
                  0.09    0.13    2.14 v input3/X (sky130_fd_sc_hd__buf_1)
     2    0.01                           net3 (net)
                  0.09    0.00    2.14 v _204_/B (sky130_fd_sc_hd__or2_2)
                  0.10    0.37    2.51 v _204_/X (sky130_fd_sc_hd__or2_2)
     6    0.02                           _096_ (net)
                  0.10    0.00    2.51 v _212_/A (sky130_fd_sc_hd__nand2_1)
                  0.09    0.12    2.62 ^ _212_/Y (sky130_fd_sc_hd__nand2_1)
     2    0.01                           _104_ (net)
                  0.09    0.00    2.62 ^ _277_/S (sky130_fd_sc_hd__mux2_1)
                  0.06    0.35    2.97 v _277_/X (sky130_fd_sc_hd__mux2_1)
     1    0.00                           _147_ (net)
                  0.06    0.00    2.97 v _278_/A (sky130_fd_sc_hd__clkbuf_1)
                  0.03    0.10    3.07 v _278_/X (sky130_fd_sc_hd__clkbuf_1)
     1    0.00                           _074_ (net)
                  0.03    0.00    3.07 v _434_/D (sky130_fd_sc_hd__dfrtp_1)
                                  3.07   data arrival time

                         10.00   10.00   clock clk (rise edge)
                          0.00   10.00   clock source latency
                  0.08    0.05   10.05 ^ clk (in)
     1    0.02                           clk (net)
                  0.08    0.00   10.05 ^ clkbuf_0_clk/A (sky130_fd_sc_hd__clkbuf_16)
                  0.06    0.15   10.20 ^ clkbuf_0_clk/X (sky130_fd_sc_hd__clkbuf_16)
     4    0.04                           clknet_0_clk (net)
                  0.06    0.00   10.20 ^ clkbuf_2_1__f_clk/A (sky130_fd_sc_hd__clkbuf_16)
                  0.06    0.14   10.34 ^ clkbuf_2_1__f_clk/X (sky130_fd_sc_hd__clkbuf_16)
    12    0.04                           clknet_2_1__leaf_clk (net)
                  0.06    0.00   10.34 ^ _434_/CLK (sky130_fd_sc_hd__dfrtp_1)
                         -0.25   10.09   clock uncertainty
                          0.00   10.09   clock reconvergence pessimism
                         -0.10    9.99   library setup time
                                  9.99   data required time
-----------------------------------------------------------------------------
                                  9.99   data required time
                                 -3.07   data arrival time
-----------------------------------------------------------------------------
                                  6.91   slack (MET)


Startpoint: start (input port clocked by clk)
Endpoint: _415_ (rising edge-triggered flip-flop clocked by clk)
Path Group: clk
Path Type: max
Corner: Typical

Fanout     Cap    Slew   Delay    Time   Description
-----------------------------------------------------------------------------
                          0.00    0.00   clock clk (rise edge)
                          0.00    0.00   clock network delay (propagated)
                          2.00    2.00 ^ input external delay
                  0.02    0.01    2.01 ^ start (in)
     1    0.00                           start (net)
                  0.02    0.00    2.01 ^ input3/A (sky130_fd_sc_hd__buf_1)
                  0.19    0.19    2.20 ^ input3/X (sky130_fd_sc_hd__buf_1)
     2    0.02                           net3 (net)
                  0.19    0.00    2.20 ^ _204_/B (sky130_fd_sc_hd__or2_2)
                  0.12    0.22    2.42 ^ _204_/X (sky130_fd_sc_hd__or2_2)
     6    0.02                           _096_ (net)
                  0.12    0.00    2.42 ^ _331_/A (sky130_fd_sc_hd__nand2_1)
                  0.06    0.09    2.51 v _331_/Y (sky130_fd_sc_hd__nand2_1)
     2    0.01                           _184_ (net)
                  0.06    0.00    2.51 v _332_/A1 (sky130_fd_sc_hd__mux2_1)
                  0.05    0.30    2.82 v _332_/X (sky130_fd_sc_hd__mux2_1)
     1    0.00                           _185_ (net)
                  0.05    0.00    2.82 v _333_/A (sky130_fd_sc_hd__clkbuf_1)
                  0.02    0.09    2.91 v _333_/X (sky130_fd_sc_hd__clkbuf_1)
     1    0.00                           _057_ (net)
                  0.02    0.00    2.91 v _415_/D (sky130_fd_sc_hd__dfrtp_1)
                                  2.91   data arrival time

                         10.00   10.00   clock clk (rise edge)
                          0.00   10.00   clock source latency
                  0.08    0.05   10.05 ^ clk (in)
     1    0.02                           clk (net)
                  0.08    0.00   10.05 ^ clkbuf_0_clk/A (sky130_fd_sc_hd__clkbuf_16)
                  0.06    0.15   10.20 ^ clkbuf_0_clk/X (sky130_fd_sc_hd__clkbuf_16)
     4    0.04                           clknet_0_clk (net)
                  0.06    0.00   10.20 ^ clkbuf_2_2__f_clk/A (sky130_fd_sc_hd__clkbuf_16)
                  0.05    0.14   10.34 ^ clkbuf_2_2__f_clk/X (sky130_fd_sc_hd__clkbuf_16)
    10    0.03                           clknet_2_2__leaf_clk (net)
                  0.05    0.00   10.34 ^ _415_/CLK (sky130_fd_sc_hd__dfrtp_1)
                         -0.25   10.09   clock uncertainty
                          0.00   10.09   clock reconvergence pessimism
                         -0.10    9.98   library setup time
                                  9.98   data required time
-----------------------------------------------------------------------------
                                  9.98   data required time
                                 -2.91   data arrival time
-----------------------------------------------------------------------------
                                  7.07   slack (MET)


Startpoint: start (input port clocked by clk)
Endpoint: _421_ (rising edge-triggered flip-flop clocked by clk)
Path Group: clk
Path Type: max
Corner: Typical

Fanout     Cap    Slew   Delay    Time   Description
-----------------------------------------------------------------------------
                          0.00    0.00   clock clk (rise edge)
                          0.00    0.00   clock network delay (propagated)
                          2.00    2.00 ^ input external delay
                  0.02    0.01    2.01 ^ start (in)
     1    0.00                           start (net)
                  0.02    0.00    2.01 ^ input3/A (sky130_fd_sc_hd__buf_1)
                  0.19    0.19    2.20 ^ input3/X (sky130_fd_sc_hd__buf_1)
     2    0.02                           net3 (net)
                  0.19    0.00    2.20 ^ _204_/B (sky130_fd_sc_hd__or2_2)
                  0.12    0.22    2.42 ^ _204_/X (sky130_fd_sc_hd__or2_2)
     6    0.02                           _096_ (net)
                  0.12    0.00    2.42 ^ _308_/A (sky130_fd_sc_hd__nand2_1)
                  0.06    0.09    2.51 v _308_/Y (sky130_fd_sc_hd__nand2_1)
     2    0.01                           _167_ (net)
                  0.06    0.00    2.51 v _309_/A1 (sky130_fd_sc_hd__mux2_1)
                  0.05    0.30    2.81 v _309_/X (sky130_fd_sc_hd__mux2_1)
     1    0.00                           _168_ (net)
                  0.05    0.00    2.81 v _310_/A (sky130_fd_sc_hd__clkbuf_1)
                  0.03    0.09    2.91 v _310_/X (sky130_fd_sc_hd__clkbuf_1)
     1    0.00                           _063_ (net)
                  0.03    0.00    2.91 v _421_/D (sky130_fd_sc_hd__dfrtp_1)
                                  2.91   data arrival time

                         10.00   10.00   clock clk (rise edge)
                          0.00   10.00   clock source latency
                  0.08    0.05   10.05 ^ clk (in)
     1    0.02                           clk (net)
                  0.08    0.00   10.05 ^ clkbuf_0_clk/A (sky130_fd_sc_hd__clkbuf_16)
                  0.06    0.15   10.20 ^ clkbuf_0_clk/X (sky130_fd_sc_hd__clkbuf_16)
     4    0.04                           clknet_0_clk (net)
                  0.06    0.00   10.20 ^ clkbuf_2_3__f_clk/A (sky130_fd_sc_hd__clkbuf_16)
                  0.06    0.14   10.34 ^ clkbuf_2_3__f_clk/X (sky130_fd_sc_hd__clkbuf_16)
    12    0.04                           clknet_2_3__leaf_clk (net)
                  0.06    0.00   10.34 ^ _421_/CLK (sky130_fd_sc_hd__dfrtp_1)
                         -0.25   10.09   clock uncertainty
                          0.00   10.09   clock reconvergence pessimism
                         -0.10    9.99   library setup time
                                  9.99   data required time
-----------------------------------------------------------------------------
                                  9.99   data required time
                                 -2.91   data arrival time
-----------------------------------------------------------------------------
                                  7.08   slack (MET)


Startpoint: start (input port clocked by clk)
Endpoint: _436_ (rising edge-triggered flip-flop clocked by clk)
Path Group: clk
Path Type: max
Corner: Typical

Fanout     Cap    Slew   Delay    Time   Description
-----------------------------------------------------------------------------
                          0.00    0.00   clock clk (rise edge)
                          0.00    0.00   clock network delay (propagated)
                          2.00    2.00 v input external delay
                  0.01    0.00    2.00 v start (in)
     1    0.00                           start (net)
                  0.01    0.00    2.00 v input3/A (sky130_fd_sc_hd__buf_1)
                  0.09    0.13    2.14 v input3/X (sky130_fd_sc_hd__buf_1)
     2    0.01                           net3 (net)
                  0.09    0.00    2.14 v _204_/B (sky130_fd_sc_hd__or2_2)
                  0.10    0.37    2.51 v _204_/X (sky130_fd_sc_hd__or2_2)
     6    0.02                           _096_ (net)
                  0.10    0.00    2.51 v _270_/A (sky130_fd_sc_hd__and2_1)
                  0.03    0.16    2.67 v _270_/X (sky130_fd_sc_hd__and2_1)
     1    0.00                           _143_ (net)
                  0.03    0.00    2.67 v _271_/A (sky130_fd_sc_hd__clkbuf_1)
                  0.04    0.10    2.77 v _271_/X (sky130_fd_sc_hd__clkbuf_1)
     2    0.01                           _000_ (net)
                  0.04    0.00    2.77 v _272_/B1_N (sky130_fd_sc_hd__a21bo_1)
                  0.04    0.18    2.95 ^ _272_/X (sky130_fd_sc_hd__a21bo_1)
     1    0.00                           _076_ (net)
                  0.04    0.00    2.95 ^ _436_/D (sky130_fd_sc_hd__dfstp_1)
                                  2.95   data arrival time

                         10.00   10.00   clock clk (rise edge)
                          0.00   10.00   clock source latency
                  0.08    0.05   10.05 ^ clk (in)
     1    0.02                           clk (net)
                  0.08    0.00   10.05 ^ clkbuf_0_clk/A (sky130_fd_sc_hd__clkbuf_16)
                  0.06    0.15   10.20 ^ clkbuf_0_clk/X (sky130_fd_sc_hd__clkbuf_16)
     4    0.04                           clknet_0_clk (net)
                  0.06    0.00   10.20 ^ clkbuf_2_3__f_clk/A (sky130_fd_sc_hd__clkbuf_16)
                  0.06    0.14   10.34 ^ clkbuf_2_3__f_clk/X (sky130_fd_sc_hd__clkbuf_16)
    12    0.04                           clknet_2_3__leaf_clk (net)
                  0.06    0.00   10.34 ^ _436_/CLK (sky130_fd_sc_hd__dfstp_1)
                         -0.25   10.09   clock uncertainty
                          0.00   10.09   clock reconvergence pessimism
                         -0.05   10.04   library setup time
                                 10.04   data required time
-----------------------------------------------------------------------------
                                 10.04   data required time
                                 -2.95   data arrival time
-----------------------------------------------------------------------------
                                  7.09   slack (MET)


Startpoint: start (input port clocked by clk)
Endpoint: _413_ (rising edge-triggered flip-flop clocked by clk)
Path Group: clk
Path Type: max
Corner: Typical

Fanout     Cap    Slew   Delay    Time   Description
-----------------------------------------------------------------------------
                          0.00    0.00   clock clk (rise edge)
                          0.00    0.00   clock network delay (propagated)
                          2.00    2.00 ^ input external delay
                  0.02    0.01    2.01 ^ start (in)
     1    0.00                           start (net)
                  0.02    0.00    2.01 ^ input3/A (sky130_fd_sc_hd__buf_1)
                  0.19    0.19    2.20 ^ input3/X (sky130_fd_sc_hd__buf_1)
     2    0.02                           net3 (net)
                  0.19    0.00    2.20 ^ _237_/B (sky130_fd_sc_hd__nor2_4)
                  0.07    0.10    2.30 v _237_/Y (sky130_fd_sc_hd__nor2_4)
     9    0.04                           _125_ (net)
                  0.07    0.00    2.30 v _338_/B1 (sky130_fd_sc_hd__a21o_1)
                  0.04    0.18    2.48 v _338_/X (sky130_fd_sc_hd__a21o_1)
     2    0.01                           _189_ (net)
                  0.04    0.00    2.48 v _339_/A1 (sky130_fd_sc_hd__mux2_1)
                  0.05    0.30    2.78 v _339_/X (sky130_fd_sc_hd__mux2_1)
     1    0.00                           _190_ (net)
                  0.05    0.00    2.78 v _340_/A (sky130_fd_sc_hd__clkbuf_1)
                  0.03    0.10    2.87 v _340_/X (sky130_fd_sc_hd__clkbuf_1)
     1    0.00                           _055_ (net)
                  0.03    0.00    2.87 v _413_/D (sky130_fd_sc_hd__dfrtp_1)
                                  2.87   data arrival time

                         10.00   10.00   clock clk (rise edge)
                          0.00   10.00   clock source latency
                  0.08    0.05   10.05 ^ clk (in)
     1    0.02                           clk (net)
                  0.08    0.00   10.05 ^ clkbuf_0_clk/A (sky130_fd_sc_hd__clkbuf_16)
                  0.06    0.15   10.20 ^ clkbuf_0_clk/X (sky130_fd_sc_hd__clkbuf_16)
     4    0.04                           clknet_0_clk (net)
                  0.06    0.00   10.20 ^ clkbuf_2_2__f_clk/A (sky130_fd_sc_hd__clkbuf_16)
                  0.05    0.14   10.34 ^ clkbuf_2_2__f_clk/X (sky130_fd_sc_hd__clkbuf_16)
    10    0.03                           clknet_2_2__leaf_clk (net)
                  0.05    0.00   10.34 ^ _413_/CLK (sky130_fd_sc_hd__dfrtp_1)
                         -0.25   10.09   clock uncertainty
                          0.00   10.09   clock reconvergence pessimism
                         -0.10    9.98   library setup time
                                  9.98   data required time
-----------------------------------------------------------------------------
                                  9.98   data required time
                                 -2.87   data arrival time
-----------------------------------------------------------------------------
                                  7.11   slack (MET)


Startpoint: _421_ (rising edge-triggered flip-flop clocked by clk)
Endpoint: _433_ (rising edge-triggered flip-flop clocked by clk)
Path Group: clk
Path Type: max
Corner: Typical

Fanout     Cap    Slew   Delay    Time   Description
-----------------------------------------------------------------------------
                          0.00    0.00   clock clk (rise edge)
                          0.00    0.00   clock source latency
                  0.08    0.06    0.06 ^ clk (in)
     1    0.02                           clk (net)
                  0.08    0.00    0.06 ^ clkbuf_0_clk/A (sky130_fd_sc_hd__clkbuf_16)
                  0.06    0.16    0.22 ^ clkbuf_0_clk/X (sky130_fd_sc_hd__clkbuf_16)
     4    0.04                           clknet_0_clk (net)
                  0.06    0.00    0.22 ^ clkbuf_2_3__f_clk/A (sky130_fd_sc_hd__clkbuf_16)
                  0.06    0.15    0.37 ^ clkbuf_2_3__f_clk/X (sky130_fd_sc_hd__clkbuf_16)
    12    0.04                           clknet_2_3__leaf_clk (net)
                  0.06    0.00    0.38 ^ _421_/CLK (sky130_fd_sc_hd__dfrtp_1)
                  0.08    0.42    0.80 v _421_/Q (sky130_fd_sc_hd__dfrtp_1)
     3    0.01                           clk_count[13] (net)
                  0.08    0.00    0.80 v _205_/A (sky130_fd_sc_hd__or4_1)
                  0.09    0.57    1.37 v _205_/X (sky130_fd_sc_hd__or4_1)
     1    0.00                           _097_ (net)
                  0.09    0.00    1.37 v _209_/A (sky130_fd_sc_hd__nor4_1)
                  0.42    0.46    1.83 ^ _209_/Y (sky130_fd_sc_hd__nor4_1)
     2    0.01                           _101_ (net)
                  0.42    0.00    1.83 ^ max_cap25/A (sky130_fd_sc_hd__buf_1)
                  0.15    0.22    2.05 ^ max_cap25/X (sky130_fd_sc_hd__buf_1)
     3    0.01                           net25 (net)
                  0.15    0.00    2.05 ^ _217_/C (sky130_fd_sc_hd__nand4_1)
                  0.13    0.17    2.22 v _217_/Y (sky130_fd_sc_hd__nand4_1)
     3    0.01                           _109_ (net)
                  0.13    0.00    2.22 v _218_/A (sky130_fd_sc_hd__buf_4)
                  0.09    0.25    2.46 v _218_/X (sky130_fd_sc_hd__buf_4)
    10    0.06                           _110_ (net)
                  0.09    0.00    2.47 v _279_/S (sky130_fd_sc_hd__mux2_1)
                  0.05    0.33    2.79 v _279_/X (sky130_fd_sc_hd__mux2_1)
     1    0.00                           _148_ (net)
                  0.05    0.00    2.79 v _280_/A (sky130_fd_sc_hd__clkbuf_1)
                  0.03    0.09    2.89 v _280_/X (sky130_fd_sc_hd__clkbuf_1)
     1    0.00                           _073_ (net)
                  0.03    0.00    2.89 v _433_/D (sky130_fd_sc_hd__dfrtp_1)
                                  2.89   data arrival time

                         10.00   10.00   clock clk (rise edge)
                          0.00   10.00   clock source latency
                  0.08    0.05   10.05 ^ clk (in)
     1    0.02                           clk (net)
                  0.08    0.00   10.05 ^ clkbuf_0_clk/A (sky130_fd_sc_hd__clkbuf_16)
                  0.06    0.15   10.20 ^ clkbuf_0_clk/X (sky130_fd_sc_hd__clkbuf_16)
     4    0.04                           clknet_0_clk (net)
                  0.06    0.00   10.20 ^ clkbuf_2_1__f_clk/A (sky130_fd_sc_hd__clkbuf_16)
                  0.06    0.14   10.34 ^ clkbuf_2_1__f_clk/X (sky130_fd_sc_hd__clkbuf_16)
    12    0.04                           clknet_2_1__leaf_clk (net)
                  0.06    0.00   10.34 ^ _433_/CLK (sky130_fd_sc_hd__dfrtp_1)
                         -0.25   10.09   clock uncertainty
                          0.02   10.11   clock reconvergence pessimism
                         -0.10   10.01   library setup time
                                 10.01   data required time
-----------------------------------------------------------------------------
                                 10.01   data required time
                                 -2.89   data arrival time
-----------------------------------------------------------------------------
                                  7.12   slack (MET)


Startpoint: _421_ (rising edge-triggered flip-flop clocked by clk)
Endpoint: _432_ (rising edge-triggered flip-flop clocked by clk)
Path Group: clk
Path Type: max
Corner: Typical

Fanout     Cap    Slew   Delay    Time   Description
-----------------------------------------------------------------------------
                          0.00    0.00   clock clk (rise edge)
                          0.00    0.00   clock source latency
                  0.08    0.06    0.06 ^ clk (in)
     1    0.02                           clk (net)
                  0.08    0.00    0.06 ^ clkbuf_0_clk/A (sky130_fd_sc_hd__clkbuf_16)
                  0.06    0.16    0.22 ^ clkbuf_0_clk/X (sky130_fd_sc_hd__clkbuf_16)
     4    0.04                           clknet_0_clk (net)
                  0.06    0.00    0.22 ^ clkbuf_2_3__f_clk/A (sky130_fd_sc_hd__clkbuf_16)
                  0.06    0.15    0.37 ^ clkbuf_2_3__f_clk/X (sky130_fd_sc_hd__clkbuf_16)
    12    0.04                           clknet_2_3__leaf_clk (net)
                  0.06    0.00    0.38 ^ _421_/CLK (sky130_fd_sc_hd__dfrtp_1)
                  0.08    0.42    0.80 v _421_/Q (sky130_fd_sc_hd__dfrtp_1)
     3    0.01                           clk_count[13] (net)
                  0.08    0.00    0.80 v _205_/A (sky130_fd_sc_hd__or4_1)
                  0.09    0.57    1.37 v _205_/X (sky130_fd_sc_hd__or4_1)
     1    0.00                           _097_ (net)
                  0.09    0.00    1.37 v _209_/A (sky130_fd_sc_hd__nor4_1)
                  0.42    0.46    1.83 ^ _209_/Y (sky130_fd_sc_hd__nor4_1)
     2    0.01                           _101_ (net)
                  0.42    0.00    1.83 ^ max_cap25/A (sky130_fd_sc_hd__buf_1)
                  0.15    0.22    2.05 ^ max_cap25/X (sky130_fd_sc_hd__buf_1)
     3    0.01                           net25 (net)
                  0.15    0.00    2.05 ^ _217_/C (sky130_fd_sc_hd__nand4_1)
                  0.13    0.17    2.22 v _217_/Y (sky130_fd_sc_hd__nand4_1)
     3    0.01                           _109_ (net)
                  0.13    0.00    2.22 v _218_/A (sky130_fd_sc_hd__buf_4)
                  0.09    0.25    2.46 v _218_/X (sky130_fd_sc_hd__buf_4)
    10    0.06                           _110_ (net)
                  0.09    0.00    2.47 v _281_/S (sky130_fd_sc_hd__mux2_1)
                  0.05    0.33    2.80 v _281_/X (sky130_fd_sc_hd__mux2_1)
     1    0.00                           _149_ (net)
                  0.05    0.00    2.80 v _282_/A (sky130_fd_sc_hd__clkbuf_1)
                  0.02    0.09    2.89 v _282_/X (sky130_fd_sc_hd__clkbuf_1)
     1    0.00                           _072_ (net)
                  0.02    0.00    2.89 v _432_/D (sky130_fd_sc_hd__dfrtp_1)
                                  2.89   data arrival time

                         10.00   10.00   clock clk (rise edge)
                          0.00   10.00   clock source latency
                  0.08    0.05   10.05 ^ clk (in)
     1    0.02                           clk (net)
                  0.08    0.00   10.05 ^ clkbuf_0_clk/A (sky130_fd_sc_hd__clkbuf_16)
                  0.06    0.15   10.20 ^ clkbuf_0_clk/X (sky130_fd_sc_hd__clkbuf_16)
     4    0.04                           clknet_0_clk (net)
                  0.06    0.00   10.20 ^ clkbuf_2_0__f_clk/A (sky130_fd_sc_hd__clkbuf_16)
                  0.06    0.14   10.34 ^ clkbuf_2_0__f_clk/X (sky130_fd_sc_hd__clkbuf_16)
    14    0.04                           clknet_2_0__leaf_clk (net)
                  0.06    0.00   10.34 ^ _432_/CLK (sky130_fd_sc_hd__dfrtp_1)
                         -0.25   10.09   clock uncertainty
                          0.02   10.11   clock reconvergence pessimism
                         -0.10   10.01   library setup time
                                 10.01   data required time
-----------------------------------------------------------------------------
                                 10.01   data required time
                                 -2.89   data arrival time
-----------------------------------------------------------------------------
                                  7.12   slack (MET)


Startpoint: _421_ (rising edge-triggered flip-flop clocked by clk)
Endpoint: _431_ (rising edge-triggered flip-flop clocked by clk)
Path Group: clk
Path Type: max
Corner: Typical

Fanout     Cap    Slew   Delay    Time   Description
-----------------------------------------------------------------------------
                          0.00    0.00   clock clk (rise edge)
                          0.00    0.00   clock source latency
                  0.08    0.06    0.06 ^ clk (in)
     1    0.02                           clk (net)
                  0.08    0.00    0.06 ^ clkbuf_0_clk/A (sky130_fd_sc_hd__clkbuf_16)
                  0.06    0.16    0.22 ^ clkbuf_0_clk/X (sky130_fd_sc_hd__clkbuf_16)
     4    0.04                           clknet_0_clk (net)
                  0.06    0.00    0.22 ^ clkbuf_2_3__f_clk/A (sky130_fd_sc_hd__clkbuf_16)
                  0.06    0.15    0.37 ^ clkbuf_2_3__f_clk/X (sky130_fd_sc_hd__clkbuf_16)
    12    0.04                           clknet_2_3__leaf_clk (net)
                  0.06    0.00    0.38 ^ _421_/CLK (sky130_fd_sc_hd__dfrtp_1)
                  0.08    0.42    0.80 v _421_/Q (sky130_fd_sc_hd__dfrtp_1)
     3    0.01                           clk_count[13] (net)
                  0.08    0.00    0.80 v _205_/A (sky130_fd_sc_hd__or4_1)
                  0.09    0.57    1.37 v _205_/X (sky130_fd_sc_hd__or4_1)
     1    0.00                           _097_ (net)
                  0.09    0.00    1.37 v _209_/A (sky130_fd_sc_hd__nor4_1)
                  0.42    0.46    1.83 ^ _209_/Y (sky130_fd_sc_hd__nor4_1)
     2    0.01                           _101_ (net)
                  0.42    0.00    1.83 ^ max_cap25/A (sky130_fd_sc_hd__buf_1)
                  0.15    0.22    2.05 ^ max_cap25/X (sky130_fd_sc_hd__buf_1)
     3    0.01                           net25 (net)
                  0.15    0.00    2.05 ^ _217_/C (sky130_fd_sc_hd__nand4_1)
                  0.13    0.17    2.22 v _217_/Y (sky130_fd_sc_hd__nand4_1)
     3    0.01                           _109_ (net)
                  0.13    0.00    2.22 v _218_/A (sky130_fd_sc_hd__buf_4)
                  0.09    0.25    2.46 v _218_/X (sky130_fd_sc_hd__buf_4)
    10    0.06                           _110_ (net)
                  0.09    0.00    2.47 v _283_/S (sky130_fd_sc_hd__mux2_1)
                  0.06    0.33    2.80 v _283_/X (sky130_fd_sc_hd__mux2_1)
     1    0.00                           _150_ (net)
                  0.06    0.00    2.80 v _284_/A (sky130_fd_sc_hd__clkbuf_1)
                  0.02    0.09    2.89 v _284_/X (sky130_fd_sc_hd__clkbuf_1)
     1    0.00                           _071_ (net)
                  0.02    0.00    2.89 v _431_/D (sky130_fd_sc_hd__dfrtp_1)
                                  2.89   data arrival time

                         10.00   10.00   clock clk (rise edge)
                          0.00   10.00   clock source latency
                  0.08    0.05   10.05 ^ clk (in)
     1    0.02                           clk (net)
                  0.08    0.00   10.05 ^ clkbuf_0_clk/A (sky130_fd_sc_hd__clkbuf_16)
                  0.06    0.15   10.20 ^ clkbuf_0_clk/X (sky130_fd_sc_hd__clkbuf_16)
     4    0.04                           clknet_0_clk (net)
                  0.06    0.00   10.20 ^ clkbuf_2_0__f_clk/A (sky130_fd_sc_hd__clkbuf_16)
                  0.06    0.14   10.34 ^ clkbuf_2_0__f_clk/X (sky130_fd_sc_hd__clkbuf_16)
    14    0.04                           clknet_2_0__leaf_clk (net)
                  0.06    0.00   10.34 ^ _431_/CLK (sky130_fd_sc_hd__dfrtp_1)
                         -0.25   10.09   clock uncertainty
                          0.02   10.11   clock reconvergence pessimism
                         -0.10   10.01   library setup time
                                 10.01   data required time
-----------------------------------------------------------------------------
                                 10.01   data required time
                                 -2.89   data arrival time
-----------------------------------------------------------------------------
                                  7.12   slack (MET)


Startpoint: start (input port clocked by clk)
Endpoint: _419_ (rising edge-triggered flip-flop clocked by clk)
Path Group: clk
Path Type: max
Corner: Typical

Fanout     Cap    Slew   Delay    Time   Description
-----------------------------------------------------------------------------
                          0.00    0.00   clock clk (rise edge)
                          0.00    0.00   clock network delay (propagated)
                          2.00    2.00 ^ input external delay
                  0.02    0.01    2.01 ^ start (in)
     1    0.00                           start (net)
                  0.02    0.00    2.01 ^ input3/A (sky130_fd_sc_hd__buf_1)
                  0.19    0.19    2.20 ^ input3/X (sky130_fd_sc_hd__buf_1)
     2    0.02                           net3 (net)
                  0.19    0.00    2.20 ^ _237_/B (sky130_fd_sc_hd__nor2_4)
                  0.07    0.10    2.30 v _237_/Y (sky130_fd_sc_hd__nor2_4)
     9    0.04                           _125_ (net)
                  0.07    0.00    2.30 v _316_/B1 (sky130_fd_sc_hd__a21o_1)
                  0.04    0.18    2.48 v _316_/X (sky130_fd_sc_hd__a21o_1)
     2    0.00                           _173_ (net)
                  0.04    0.00    2.48 v _317_/A1 (sky130_fd_sc_hd__mux2_1)
                  0.05    0.30    2.78 v _317_/X (sky130_fd_sc_hd__mux2_1)
     1    0.00                           _174_ (net)
                  0.05    0.00    2.78 v _318_/A (sky130_fd_sc_hd__clkbuf_1)
                  0.03    0.09    2.87 v _318_/X (sky130_fd_sc_hd__clkbuf_1)
     1    0.00                           _061_ (net)
                  0.03    0.00    2.87 v _419_/D (sky130_fd_sc_hd__dfrtp_1)
                                  2.87   data arrival time

                         10.00   10.00   clock clk (rise edge)
                          0.00   10.00   clock source latency
                  0.08    0.05   10.05 ^ clk (in)
     1    0.02                           clk (net)
                  0.08    0.00   10.05 ^ clkbuf_0_clk/A (sky130_fd_sc_hd__clkbuf_16)
                  0.06    0.15   10.20 ^ clkbuf_0_clk/X (sky130_fd_sc_hd__clkbuf_16)
     4    0.04                           clknet_0_clk (net)
                  0.06    0.00   10.20 ^ clkbuf_2_3__f_clk/A (sky130_fd_sc_hd__clkbuf_16)
                  0.06    0.14   10.34 ^ clkbuf_2_3__f_clk/X (sky130_fd_sc_hd__clkbuf_16)
    12    0.04                           clknet_2_3__leaf_clk (net)
                  0.06    0.00   10.34 ^ _419_/CLK (sky130_fd_sc_hd__dfrtp_1)
                         -0.25   10.09   clock uncertainty
                          0.00   10.09   clock reconvergence pessimism
                         -0.10    9.99   library setup time
                                  9.99   data required time
-----------------------------------------------------------------------------
                                  9.99   data required time
                                 -2.87   data arrival time
-----------------------------------------------------------------------------
                                  7.12   slack (MET)


Startpoint: _421_ (rising edge-triggered flip-flop clocked by clk)
Endpoint: _428_ (rising edge-triggered flip-flop clocked by clk)
Path Group: clk
Path Type: max
Corner: Typical

Fanout     Cap    Slew   Delay    Time   Description
-----------------------------------------------------------------------------
                          0.00    0.00   clock clk (rise edge)
                          0.00    0.00   clock source latency
                  0.08    0.06    0.06 ^ clk (in)
     1    0.02                           clk (net)
                  0.08    0.00    0.06 ^ clkbuf_0_clk/A (sky130_fd_sc_hd__clkbuf_16)
                  0.06    0.16    0.22 ^ clkbuf_0_clk/X (sky130_fd_sc_hd__clkbuf_16)
     4    0.04                           clknet_0_clk (net)
                  0.06    0.00    0.22 ^ clkbuf_2_3__f_clk/A (sky130_fd_sc_hd__clkbuf_16)
                  0.06    0.15    0.37 ^ clkbuf_2_3__f_clk/X (sky130_fd_sc_hd__clkbuf_16)
    12    0.04                           clknet_2_3__leaf_clk (net)
                  0.06    0.00    0.38 ^ _421_/CLK (sky130_fd_sc_hd__dfrtp_1)
                  0.08    0.42    0.80 v _421_/Q (sky130_fd_sc_hd__dfrtp_1)
     3    0.01                           clk_count[13] (net)
                  0.08    0.00    0.80 v _205_/A (sky130_fd_sc_hd__or4_1)
                  0.09    0.57    1.37 v _205_/X (sky130_fd_sc_hd__or4_1)
     1    0.00                           _097_ (net)
                  0.09    0.00    1.37 v _209_/A (sky130_fd_sc_hd__nor4_1)
                  0.42    0.46    1.83 ^ _209_/Y (sky130_fd_sc_hd__nor4_1)
     2    0.01                           _101_ (net)
                  0.42    0.00    1.83 ^ max_cap25/A (sky130_fd_sc_hd__buf_1)
                  0.15    0.22    2.05 ^ max_cap25/X (sky130_fd_sc_hd__buf_1)
     3    0.01                           net25 (net)
                  0.15    0.00    2.05 ^ _217_/C (sky130_fd_sc_hd__nand4_1)
                  0.13    0.17    2.22 v _217_/Y (sky130_fd_sc_hd__nand4_1)
     3    0.01                           _109_ (net)
                  0.13    0.00    2.22 v _218_/A (sky130_fd_sc_hd__buf_4)
                  0.09    0.25    2.46 v _218_/X (sky130_fd_sc_hd__buf_4)
    10    0.06                           _110_ (net)
                  0.09    0.00    2.47 v _289_/S (sky130_fd_sc_hd__mux2_1)
                  0.05    0.33    2.80 v _289_/X (sky130_fd_sc_hd__mux2_1)
     1    0.00                           _153_ (net)
                  0.05    0.00    2.80 v _290_/A (sky130_fd_sc_hd__clkbuf_1)
                  0.02    0.09    2.89 v _290_/X (sky130_fd_sc_hd__clkbuf_1)
     1    0.00                           _068_ (net)
                  0.02    0.00    2.89 v _428_/D (sky130_fd_sc_hd__dfrtp_1)
                                  2.89   data arrival time

                         10.00   10.00   clock clk (rise edge)
                          0.00   10.00   clock source latency
                  0.08    0.05   10.05 ^ clk (in)
     1    0.02                           clk (net)
                  0.08    0.00   10.05 ^ clkbuf_0_clk/A (sky130_fd_sc_hd__clkbuf_16)
                  0.06    0.15   10.20 ^ clkbuf_0_clk/X (sky130_fd_sc_hd__clkbuf_16)
     4    0.04                           clknet_0_clk (net)
                  0.06    0.00   10.20 ^ clkbuf_2_0__f_clk/A (sky130_fd_sc_hd__clkbuf_16)
                  0.06    0.14   10.34 ^ clkbuf_2_0__f_clk/X (sky130_fd_sc_hd__clkbuf_16)
    14    0.04                           clknet_2_0__leaf_clk (net)
                  0.06    0.00   10.34 ^ _428_/CLK (sky130_fd_sc_hd__dfrtp_1)
                         -0.25   10.09   clock uncertainty
                          0.02   10.11   clock reconvergence pessimism
                         -0.10   10.01   library setup time
                                 10.01   data required time
-----------------------------------------------------------------------------
                                 10.01   data required time
                                 -2.89   data arrival time
-----------------------------------------------------------------------------
                                  7.12   slack (MET)


Startpoint: _421_ (rising edge-triggered flip-flop clocked by clk)
Endpoint: _430_ (rising edge-triggered flip-flop clocked by clk)
Path Group: clk
Path Type: max
Corner: Typical

Fanout     Cap    Slew   Delay    Time   Description
-----------------------------------------------------------------------------
                          0.00    0.00   clock clk (rise edge)
                          0.00    0.00   clock source latency
                  0.08    0.06    0.06 ^ clk (in)
     1    0.02                           clk (net)
                  0.08    0.00    0.06 ^ clkbuf_0_clk/A (sky130_fd_sc_hd__clkbuf_16)
                  0.06    0.16    0.22 ^ clkbuf_0_clk/X (sky130_fd_sc_hd__clkbuf_16)
     4    0.04                           clknet_0_clk (net)
                  0.06    0.00    0.22 ^ clkbuf_2_3__f_clk/A (sky130_fd_sc_hd__clkbuf_16)
                  0.06    0.15    0.37 ^ clkbuf_2_3__f_clk/X (sky130_fd_sc_hd__clkbuf_16)
    12    0.04                           clknet_2_3__leaf_clk (net)
                  0.06    0.00    0.38 ^ _421_/CLK (sky130_fd_sc_hd__dfrtp_1)
                  0.08    0.42    0.80 v _421_/Q (sky130_fd_sc_hd__dfrtp_1)
     3    0.01                           clk_count[13] (net)
                  0.08    0.00    0.80 v _205_/A (sky130_fd_sc_hd__or4_1)
                  0.09    0.57    1.37 v _205_/X (sky130_fd_sc_hd__or4_1)
     1    0.00                           _097_ (net)
                  0.09    0.00    1.37 v _209_/A (sky130_fd_sc_hd__nor4_1)
                  0.42    0.46    1.83 ^ _209_/Y (sky130_fd_sc_hd__nor4_1)
     2    0.01                           _101_ (net)
                  0.42    0.00    1.83 ^ max_cap25/A (sky130_fd_sc_hd__buf_1)
                  0.15    0.22    2.05 ^ max_cap25/X (sky130_fd_sc_hd__buf_1)
     3    0.01                           net25 (net)
                  0.15    0.00    2.05 ^ _217_/C (sky130_fd_sc_hd__nand4_1)
                  0.13    0.17    2.22 v _217_/Y (sky130_fd_sc_hd__nand4_1)
     3    0.01                           _109_ (net)
                  0.13    0.00    2.22 v _218_/A (sky130_fd_sc_hd__buf_4)
                  0.09    0.25    2.46 v _218_/X (sky130_fd_sc_hd__buf_4)
    10    0.06                           _110_ (net)
                  0.09    0.00    2.47 v _285_/S (sky130_fd_sc_hd__mux2_1)
                  0.05    0.33    2.80 v _285_/X (sky130_fd_sc_hd__mux2_1)
     1    0.00                           _151_ (net)
                  0.05    0.00    2.80 v _286_/A (sky130_fd_sc_hd__clkbuf_1)
                  0.02    0.09    2.89 v _286_/X (sky130_fd_sc_hd__clkbuf_1)
     1    0.00                           _070_ (net)
                  0.02    0.00    2.89 v _430_/D (sky130_fd_sc_hd__dfrtp_1)
                                  2.89   data arrival time

                         10.00   10.00   clock clk (rise edge)
                          0.00   10.00   clock source latency
                  0.08    0.05   10.05 ^ clk (in)
     1    0.02                           clk (net)
                  0.08    0.00   10.05 ^ clkbuf_0_clk/A (sky130_fd_sc_hd__clkbuf_16)
                  0.06    0.15   10.20 ^ clkbuf_0_clk/X (sky130_fd_sc_hd__clkbuf_16)
     4    0.04                           clknet_0_clk (net)
                  0.06    0.00   10.20 ^ clkbuf_2_0__f_clk/A (sky130_fd_sc_hd__clkbuf_16)
                  0.06    0.14   10.34 ^ clkbuf_2_0__f_clk/X (sky130_fd_sc_hd__clkbuf_16)
    14    0.04                           clknet_2_0__leaf_clk (net)
                  0.06    0.00   10.34 ^ _430_/CLK (sky130_fd_sc_hd__dfrtp_1)
                         -0.25   10.09   clock uncertainty
                          0.02   10.11   clock reconvergence pessimism
                         -0.10   10.01   library setup time
                                 10.01   data required time
-----------------------------------------------------------------------------
                                 10.01   data required time
                                 -2.89   data arrival time
-----------------------------------------------------------------------------
                                  7.12   slack (MET)


Startpoint: start (input port clocked by clk)
Endpoint: _446_ (rising edge-triggered flip-flop clocked by clk)
Path Group: clk
Path Type: max
Corner: Typical

Fanout     Cap    Slew   Delay    Time   Description
-----------------------------------------------------------------------------
                          0.00    0.00   clock clk (rise edge)
                          0.00    0.00   clock network delay (propagated)
                          2.00    2.00 ^ input external delay
                  0.02    0.01    2.01 ^ start (in)
     1    0.00                           start (net)
                  0.02    0.00    2.01 ^ input3/A (sky130_fd_sc_hd__buf_1)
                  0.19    0.19    2.20 ^ input3/X (sky130_fd_sc_hd__buf_1)
     2    0.02                           net3 (net)
                  0.19    0.00    2.20 ^ _237_/B (sky130_fd_sc_hd__nor2_4)
                  0.07    0.10    2.30 v _237_/Y (sky130_fd_sc_hd__nor2_4)
     9    0.04                           _125_ (net)
                  0.07    0.00    2.30 v _238_/B1 (sky130_fd_sc_hd__a21o_2)
                  0.11    0.29    2.59 v _238_/X (sky130_fd_sc_hd__a21o_2)
     8    0.04                           _126_ (net)
                  0.11    0.00    2.59 v _245_/A2 (sky130_fd_sc_hd__a22o_1)
                  0.04    0.26    2.85 v _245_/X (sky130_fd_sc_hd__a22o_1)
     1    0.00                           _086_ (net)
                  0.04    0.00    2.85 v _446_/D (sky130_fd_sc_hd__dfrtp_1)
                                  2.85   data arrival time

                         10.00   10.00   clock clk (rise edge)
                          0.00   10.00   clock source latency
                  0.08    0.05   10.05 ^ clk (in)
     1    0.02                           clk (net)
                  0.08    0.00   10.05 ^ clkbuf_0_clk/A (sky130_fd_sc_hd__clkbuf_16)
                  0.06    0.15   10.20 ^ clkbuf_0_clk/X (sky130_fd_sc_hd__clkbuf_16)
     4    0.04                           clknet_0_clk (net)
                  0.06    0.00   10.20 ^ clkbuf_2_1__f_clk/A (sky130_fd_sc_hd__clkbuf_16)
                  0.06    0.14   10.34 ^ clkbuf_2_1__f_clk/X (sky130_fd_sc_hd__clkbuf_16)
    12    0.04                           clknet_2_1__leaf_clk (net)
                  0.06    0.00   10.34 ^ _446_/CLK (sky130_fd_sc_hd__dfrtp_1)
                         -0.25   10.09   clock uncertainty
                          0.00   10.09   clock reconvergence pessimism
                         -0.11    9.98   library setup time
                                  9.98   data required time
-----------------------------------------------------------------------------
                                  9.98   data required time
                                 -2.85   data arrival time
-----------------------------------------------------------------------------
                                  7.12   slack (MET)


Startpoint: _421_ (rising edge-triggered flip-flop clocked by clk)
Endpoint: _429_ (rising edge-triggered flip-flop clocked by clk)
Path Group: clk
Path Type: max
Corner: Typical

Fanout     Cap    Slew   Delay    Time   Description
-----------------------------------------------------------------------------
                          0.00    0.00   clock clk (rise edge)
                          0.00    0.00   clock source latency
                  0.08    0.06    0.06 ^ clk (in)
     1    0.02                           clk (net)
                  0.08    0.00    0.06 ^ clkbuf_0_clk/A (sky130_fd_sc_hd__clkbuf_16)
                  0.06    0.16    0.22 ^ clkbuf_0_clk/X (sky130_fd_sc_hd__clkbuf_16)
     4    0.04                           clknet_0_clk (net)
                  0.06    0.00    0.22 ^ clkbuf_2_3__f_clk/A (sky130_fd_sc_hd__clkbuf_16)
                  0.06    0.15    0.37 ^ clkbuf_2_3__f_clk/X (sky130_fd_sc_hd__clkbuf_16)
    12    0.04                           clknet_2_3__leaf_clk (net)
                  0.06    0.00    0.38 ^ _421_/CLK (sky130_fd_sc_hd__dfrtp_1)
                  0.08    0.42    0.80 v _421_/Q (sky130_fd_sc_hd__dfrtp_1)
     3    0.01                           clk_count[13] (net)
                  0.08    0.00    0.80 v _205_/A (sky130_fd_sc_hd__or4_1)
                  0.09    0.57    1.37 v _205_/X (sky130_fd_sc_hd__or4_1)
     1    0.00                           _097_ (net)
                  0.09    0.00    1.37 v _209_/A (sky130_fd_sc_hd__nor4_1)
                  0.42    0.46    1.83 ^ _209_/Y (sky130_fd_sc_hd__nor4_1)
     2    0.01                           _101_ (net)
                  0.42    0.00    1.83 ^ max_cap25/A (sky130_fd_sc_hd__buf_1)
                  0.15    0.22    2.05 ^ max_cap25/X (sky130_fd_sc_hd__buf_1)
     3    0.01                           net25 (net)
                  0.15    0.00    2.05 ^ _217_/C (sky130_fd_sc_hd__nand4_1)
                  0.13    0.17    2.22 v _217_/Y (sky130_fd_sc_hd__nand4_1)
     3    0.01                           _109_ (net)
                  0.13    0.00    2.22 v _218_/A (sky130_fd_sc_hd__buf_4)
                  0.09    0.25    2.46 v _218_/X (sky130_fd_sc_hd__buf_4)
    10    0.06                           _110_ (net)
                  0.09    0.00    2.47 v _287_/S (sky130_fd_sc_hd__mux2_1)
                  0.05    0.33    2.80 v _287_/X (sky130_fd_sc_hd__mux2_1)
     1    0.00                           _152_ (net)
                  0.05    0.00    2.80 v _288_/A (sky130_fd_sc_hd__clkbuf_1)
                  0.02    0.09    2.89 v _288_/X (sky130_fd_sc_hd__clkbuf_1)
     1    0.00                           _069_ (net)
                  0.02    0.00    2.89 v _429_/D (sky130_fd_sc_hd__dfrtp_1)
                                  2.89   data arrival time

                         10.00   10.00   clock clk (rise edge)
                          0.00   10.00   clock source latency
                  0.08    0.05   10.05 ^ clk (in)
     1    0.02                           clk (net)
                  0.08    0.00   10.05 ^ clkbuf_0_clk/A (sky130_fd_sc_hd__clkbuf_16)
                  0.06    0.15   10.20 ^ clkbuf_0_clk/X (sky130_fd_sc_hd__clkbuf_16)
     4    0.04                           clknet_0_clk (net)
                  0.06    0.00   10.20 ^ clkbuf_2_0__f_clk/A (sky130_fd_sc_hd__clkbuf_16)
                  0.06    0.14   10.34 ^ clkbuf_2_0__f_clk/X (sky130_fd_sc_hd__clkbuf_16)
    14    0.04                           clknet_2_0__leaf_clk (net)
                  0.06    0.00   10.34 ^ _429_/CLK (sky130_fd_sc_hd__dfrtp_1)
                         -0.25   10.09   clock uncertainty
                          0.02   10.11   clock reconvergence pessimism
                         -0.10   10.01   library setup time
                                 10.01   data required time
-----------------------------------------------------------------------------
                                 10.01   data required time
                                 -2.89   data arrival time
-----------------------------------------------------------------------------
                                  7.13   slack (MET)


Startpoint: start (input port clocked by clk)
Endpoint: _445_ (rising edge-triggered flip-flop clocked by clk)
Path Group: clk
Path Type: max
Corner: Typical

Fanout     Cap    Slew   Delay    Time   Description
-----------------------------------------------------------------------------
                          0.00    0.00   clock clk (rise edge)
                          0.00    0.00   clock network delay (propagated)
                          2.00    2.00 ^ input external delay
                  0.02    0.01    2.01 ^ start (in)
     1    0.00                           start (net)
                  0.02    0.00    2.01 ^ input3/A (sky130_fd_sc_hd__buf_1)
                  0.19    0.19    2.20 ^ input3/X (sky130_fd_sc_hd__buf_1)
     2    0.02                           net3 (net)
                  0.19    0.00    2.20 ^ _237_/B (sky130_fd_sc_hd__nor2_4)
                  0.07    0.10    2.30 v _237_/Y (sky130_fd_sc_hd__nor2_4)
     9    0.04                           _125_ (net)
                  0.07    0.00    2.30 v _238_/B1 (sky130_fd_sc_hd__a21o_2)
                  0.11    0.29    2.59 v _238_/X (sky130_fd_sc_hd__a21o_2)
     8    0.04                           _126_ (net)
                  0.11    0.00    2.59 v _246_/A2 (sky130_fd_sc_hd__a22o_1)
                  0.04    0.26    2.85 v _246_/X (sky130_fd_sc_hd__a22o_1)
     1    0.00                           _085_ (net)
                  0.04    0.00    2.85 v _445_/D (sky130_fd_sc_hd__dfrtp_1)
                                  2.85   data arrival time

                         10.00   10.00   clock clk (rise edge)
                          0.00   10.00   clock source latency
                  0.08    0.05   10.05 ^ clk (in)
     1    0.02                           clk (net)
                  0.08    0.00   10.05 ^ clkbuf_0_clk/A (sky130_fd_sc_hd__clkbuf_16)
                  0.06    0.15   10.20 ^ clkbuf_0_clk/X (sky130_fd_sc_hd__clkbuf_16)
     4    0.04                           clknet_0_clk (net)
                  0.06    0.00   10.20 ^ clkbuf_2_1__f_clk/A (sky130_fd_sc_hd__clkbuf_16)
                  0.06    0.14   10.34 ^ clkbuf_2_1__f_clk/X (sky130_fd_sc_hd__clkbuf_16)
    12    0.04                           clknet_2_1__leaf_clk (net)
                  0.06    0.00   10.34 ^ _445_/CLK (sky130_fd_sc_hd__dfrtp_1)
                         -0.25   10.09   clock uncertainty
                          0.00   10.09   clock reconvergence pessimism
                         -0.11    9.98   library setup time
                                  9.98   data required time
-----------------------------------------------------------------------------
                                  9.98   data required time
                                 -2.85   data arrival time
-----------------------------------------------------------------------------
                                  7.13   slack (MET)


Startpoint: _421_ (rising edge-triggered flip-flop clocked by clk)
Endpoint: _455_ (rising edge-triggered flip-flop clocked by clk)
Path Group: clk
Path Type: max
Corner: Typical

Fanout     Cap    Slew   Delay    Time   Description
-----------------------------------------------------------------------------
                          0.00    0.00   clock clk (rise edge)
                          0.00    0.00   clock source latency
                  0.08    0.06    0.06 ^ clk (in)
     1    0.02                           clk (net)
                  0.08    0.00    0.06 ^ clkbuf_0_clk/A (sky130_fd_sc_hd__clkbuf_16)
                  0.06    0.16    0.22 ^ clkbuf_0_clk/X (sky130_fd_sc_hd__clkbuf_16)
     4    0.04                           clknet_0_clk (net)
                  0.06    0.00    0.22 ^ clkbuf_2_3__f_clk/A (sky130_fd_sc_hd__clkbuf_16)
                  0.06    0.15    0.37 ^ clkbuf_2_3__f_clk/X (sky130_fd_sc_hd__clkbuf_16)
    12    0.04                           clknet_2_3__leaf_clk (net)
                  0.06    0.00    0.38 ^ _421_/CLK (sky130_fd_sc_hd__dfrtp_1)
                  0.08    0.42    0.80 v _421_/Q (sky130_fd_sc_hd__dfrtp_1)
     3    0.01                           clk_count[13] (net)
                  0.08    0.00    0.80 v _205_/A (sky130_fd_sc_hd__or4_1)
                  0.09    0.57    1.37 v _205_/X (sky130_fd_sc_hd__or4_1)
     1    0.00                           _097_ (net)
                  0.09    0.00    1.37 v _209_/A (sky130_fd_sc_hd__nor4_1)
                  0.42    0.46    1.83 ^ _209_/Y (sky130_fd_sc_hd__nor4_1)
     2    0.01                           _101_ (net)
                  0.42    0.00    1.83 ^ max_cap25/A (sky130_fd_sc_hd__buf_1)
                  0.15    0.22    2.05 ^ max_cap25/X (sky130_fd_sc_hd__buf_1)
     3    0.01                           net25 (net)
                  0.15    0.00    2.05 ^ _217_/C (sky130_fd_sc_hd__nand4_1)
                  0.13    0.17    2.22 v _217_/Y (sky130_fd_sc_hd__nand4_1)
     3    0.01                           _109_ (net)
                  0.13    0.00    2.22 v _218_/A (sky130_fd_sc_hd__buf_4)
                  0.09    0.25    2.46 v _218_/X (sky130_fd_sc_hd__buf_4)
    10    0.06                           _110_ (net)
                  0.09    0.00    2.47 v _219_/D (sky130_fd_sc_hd__and4_1)
                  0.05    0.23    2.70 v _219_/X (sky130_fd_sc_hd__and4_1)
     2    0.00                           _111_ (net)
                  0.05    0.00    2.70 v _220_/A2 (sky130_fd_sc_hd__o21a_1)
                  0.04    0.17    2.87 v _220_/X (sky130_fd_sc_hd__o21a_1)
     1    0.00                           _095_ (net)
                  0.04    0.00    2.87 v _455_/D (sky130_fd_sc_hd__dfrtp_1)
                                  2.87   data arrival time

                         10.00   10.00   clock clk (rise edge)
                          0.00   10.00   clock source latency
                  0.08    0.05   10.05 ^ clk (in)
     1    0.02                           clk (net)
                  0.08    0.00   10.05 ^ clkbuf_0_clk/A (sky130_fd_sc_hd__clkbuf_16)
                  0.06    0.15   10.20 ^ clkbuf_0_clk/X (sky130_fd_sc_hd__clkbuf_16)
     4    0.04                           clknet_0_clk (net)
                  0.06    0.00   10.20 ^ clkbuf_2_1__f_clk/A (sky130_fd_sc_hd__clkbuf_16)
                  0.06    0.14   10.34 ^ clkbuf_2_1__f_clk/X (sky130_fd_sc_hd__clkbuf_16)
    12    0.04                           clknet_2_1__leaf_clk (net)
                  0.06    0.00   10.34 ^ _455_/CLK (sky130_fd_sc_hd__dfrtp_1)
                         -0.25   10.09   clock uncertainty
                          0.02   10.11   clock reconvergence pessimism
                         -0.11   10.00   library setup time
                                 10.00   data required time
-----------------------------------------------------------------------------
                                 10.00   data required time
                                 -2.87   data arrival time
-----------------------------------------------------------------------------
                                  7.13   slack (MET)


Startpoint: start (input port clocked by clk)
Endpoint: _444_ (rising edge-triggered flip-flop clocked by clk)
Path Group: clk
Path Type: max
Corner: Typical

Fanout     Cap    Slew   Delay    Time   Description
-----------------------------------------------------------------------------
                          0.00    0.00   clock clk (rise edge)
                          0.00    0.00   clock network delay (propagated)
                          2.00    2.00 ^ input external delay
                  0.02    0.01    2.01 ^ start (in)
     1    0.00                           start (net)
                  0.02    0.00    2.01 ^ input3/A (sky130_fd_sc_hd__buf_1)
                  0.19    0.19    2.20 ^ input3/X (sky130_fd_sc_hd__buf_1)
     2    0.02                           net3 (net)
                  0.19    0.00    2.20 ^ _237_/B (sky130_fd_sc_hd__nor2_4)
                  0.07    0.10    2.30 v _237_/Y (sky130_fd_sc_hd__nor2_4)
     9    0.04                           _125_ (net)
                  0.07    0.00    2.30 v _238_/B1 (sky130_fd_sc_hd__a21o_2)
                  0.11    0.29    2.59 v _238_/X (sky130_fd_sc_hd__a21o_2)
     8    0.04                           _126_ (net)
                  0.11    0.00    2.59 v _247_/A2 (sky130_fd_sc_hd__a22o_1)
                  0.04    0.26    2.85 v _247_/X (sky130_fd_sc_hd__a22o_1)
     1    0.00                           _084_ (net)
                  0.04    0.00    2.85 v _444_/D (sky130_fd_sc_hd__dfrtp_1)
                                  2.85   data arrival time

                         10.00   10.00   clock clk (rise edge)
                          0.00   10.00   clock source latency
                  0.08    0.05   10.05 ^ clk (in)
     1    0.02                           clk (net)
                  0.08    0.00   10.05 ^ clkbuf_0_clk/A (sky130_fd_sc_hd__clkbuf_16)
                  0.06    0.15   10.20 ^ clkbuf_0_clk/X (sky130_fd_sc_hd__clkbuf_16)
     4    0.04                           clknet_0_clk (net)
                  0.06    0.00   10.20 ^ clkbuf_2_3__f_clk/A (sky130_fd_sc_hd__clkbuf_16)
                  0.06    0.14   10.34 ^ clkbuf_2_3__f_clk/X (sky130_fd_sc_hd__clkbuf_16)
    12    0.04                           clknet_2_3__leaf_clk (net)
                  0.06    0.00   10.34 ^ _444_/CLK (sky130_fd_sc_hd__dfrtp_1)
                         -0.25   10.09   clock uncertainty
                          0.00   10.09   clock reconvergence pessimism
                         -0.11    9.98   library setup time
                                  9.98   data required time
-----------------------------------------------------------------------------
                                  9.98   data required time
                                 -2.85   data arrival time
-----------------------------------------------------------------------------
                                  7.14   slack (MET)


Startpoint: start (input port clocked by clk)
Endpoint: _448_ (rising edge-triggered flip-flop clocked by clk)
Path Group: clk
Path Type: max
Corner: Typical

Fanout     Cap    Slew   Delay    Time   Description
-----------------------------------------------------------------------------
                          0.00    0.00   clock clk (rise edge)
                          0.00    0.00   clock network delay (propagated)
                          2.00    2.00 ^ input external delay
                  0.02    0.01    2.01 ^ start (in)
     1    0.00                           start (net)
                  0.02    0.00    2.01 ^ input3/A (sky130_fd_sc_hd__buf_1)
                  0.19    0.19    2.20 ^ input3/X (sky130_fd_sc_hd__buf_1)
     2    0.02                           net3 (net)
                  0.19    0.00    2.20 ^ _237_/B (sky130_fd_sc_hd__nor2_4)
                  0.07    0.10    2.30 v _237_/Y (sky130_fd_sc_hd__nor2_4)
     9    0.04                           _125_ (net)
                  0.07    0.00    2.30 v _238_/B1 (sky130_fd_sc_hd__a21o_2)
                  0.11    0.29    2.59 v _238_/X (sky130_fd_sc_hd__a21o_2)
     8    0.04                           _126_ (net)
                  0.11    0.00    2.59 v _243_/A2 (sky130_fd_sc_hd__a22o_1)
                  0.04    0.26    2.85 v _243_/X (sky130_fd_sc_hd__a22o_1)
     1    0.00                           _088_ (net)
                  0.04    0.00    2.85 v _448_/D (sky130_fd_sc_hd__dfrtp_1)
                                  2.85   data arrival time

                         10.00   10.00   clock clk (rise edge)
                          0.00   10.00   clock source latency
                  0.08    0.05   10.05 ^ clk (in)
     1    0.02                           clk (net)
                  0.08    0.00   10.05 ^ clkbuf_0_clk/A (sky130_fd_sc_hd__clkbuf_16)
                  0.06    0.15   10.20 ^ clkbuf_0_clk/X (sky130_fd_sc_hd__clkbuf_16)
     4    0.04                           clknet_0_clk (net)
                  0.06    0.00   10.20 ^ clkbuf_2_0__f_clk/A (sky130_fd_sc_hd__clkbuf_16)
                  0.06    0.14   10.34 ^ clkbuf_2_0__f_clk/X (sky130_fd_sc_hd__clkbuf_16)
    14    0.04                           clknet_2_0__leaf_clk (net)
                  0.06    0.00   10.34 ^ _448_/CLK (sky130_fd_sc_hd__dfrtp_1)
                         -0.25   10.09   clock uncertainty
                          0.00   10.09   clock reconvergence pessimism
                         -0.11    9.99   library setup time
                                  9.99   data required time
-----------------------------------------------------------------------------
                                  9.99   data required time
                                 -2.85   data arrival time
-----------------------------------------------------------------------------
                                  7.14   slack (MET)


Startpoint: start (input port clocked by clk)
Endpoint: _424_ (rising edge-triggered flip-flop clocked by clk)
Path Group: clk
Path Type: max
Corner: Typical

Fanout     Cap    Slew   Delay    Time   Description
-----------------------------------------------------------------------------
                          0.00    0.00   clock clk (rise edge)
                          0.00    0.00   clock network delay (propagated)
                          2.00    2.00 v input external delay
                  0.01    0.00    2.00 v start (in)
     1    0.00                           start (net)
                  0.01    0.00    2.00 v input3/A (sky130_fd_sc_hd__buf_1)
                  0.09    0.13    2.14 v input3/X (sky130_fd_sc_hd__buf_1)
     2    0.01                           net3 (net)
                  0.09    0.00    2.14 v _204_/B (sky130_fd_sc_hd__or2_2)
                  0.10    0.37    2.51 v _204_/X (sky130_fd_sc_hd__or2_2)
     6    0.02                           _096_ (net)
                  0.10    0.00    2.51 v _270_/A (sky130_fd_sc_hd__and2_1)
                  0.03    0.16    2.67 v _270_/X (sky130_fd_sc_hd__and2_1)
     1    0.00                           _143_ (net)
                  0.03    0.00    2.67 v _271_/A (sky130_fd_sc_hd__clkbuf_1)
                  0.04    0.10    2.77 v _271_/X (sky130_fd_sc_hd__clkbuf_1)
     2    0.01                           _000_ (net)
                  0.04    0.00    2.77 v _424_/D (sky130_fd_sc_hd__dfrtp_2)
                                  2.77   data arrival time

                         10.00   10.00   clock clk (rise edge)
                          0.00   10.00   clock source latency
                  0.08    0.05   10.05 ^ clk (in)
     1    0.02                           clk (net)
                  0.08    0.00   10.05 ^ clkbuf_0_clk/A (sky130_fd_sc_hd__clkbuf_16)
                  0.06    0.15   10.20 ^ clkbuf_0_clk/X (sky130_fd_sc_hd__clkbuf_16)
     4    0.04                           clknet_0_clk (net)
                  0.06    0.00   10.20 ^ clkbuf_2_3__f_clk/A (sky130_fd_sc_hd__clkbuf_16)
                  0.06    0.14   10.34 ^ clkbuf_2_3__f_clk/X (sky130_fd_sc_hd__clkbuf_16)
    12    0.04                           clknet_2_3__leaf_clk (net)
                  0.06    0.00   10.34 ^ _424_/CLK (sky130_fd_sc_hd__dfrtp_2)
                         -0.25   10.09   clock uncertainty
                          0.00   10.09   clock reconvergence pessimism
                         -0.11    9.98   library setup time
                                  9.98   data required time
-----------------------------------------------------------------------------
                                  9.98   data required time
                                 -2.77   data arrival time
-----------------------------------------------------------------------------
                                  7.21   slack (MET)


Startpoint: start (input port clocked by clk)
Endpoint: _417_ (rising edge-triggered flip-flop clocked by clk)
Path Group: clk
Path Type: max
Corner: Typical

Fanout     Cap    Slew   Delay    Time   Description
-----------------------------------------------------------------------------
                          0.00    0.00   clock clk (rise edge)
                          0.00    0.00   clock network delay (propagated)
                          2.00    2.00 ^ input external delay
                  0.02    0.01    2.01 ^ start (in)
     1    0.00                           start (net)
                  0.02    0.00    2.01 ^ input3/A (sky130_fd_sc_hd__buf_1)
                  0.19    0.19    2.20 ^ input3/X (sky130_fd_sc_hd__buf_1)
     2    0.02                           net3 (net)
                  0.19    0.00    2.20 ^ _237_/B (sky130_fd_sc_hd__nor2_4)
                  0.07    0.10    2.30 v _237_/Y (sky130_fd_sc_hd__nor2_4)
     9    0.04                           _125_ (net)
                  0.07    0.00    2.30 v _324_/B1 (sky130_fd_sc_hd__a21o_1)
                  0.04    0.18    2.48 v _324_/X (sky130_fd_sc_hd__a21o_1)
     2    0.01                           _179_ (net)
                  0.04    0.00    2.48 v _325_/B1 (sky130_fd_sc_hd__a2bb2o_1)
                  0.05    0.28    2.76 v _325_/X (sky130_fd_sc_hd__a2bb2o_1)
     1    0.00                           _059_ (net)
                  0.05    0.00    2.76 v _417_/D (sky130_fd_sc_hd__dfrtp_1)
                                  2.76   data arrival time

                         10.00   10.00   clock clk (rise edge)
                          0.00   10.00   clock source latency
                  0.08    0.05   10.05 ^ clk (in)
     1    0.02                           clk (net)
                  0.08    0.00   10.05 ^ clkbuf_0_clk/A (sky130_fd_sc_hd__clkbuf_16)
                  0.06    0.15   10.20 ^ clkbuf_0_clk/X (sky130_fd_sc_hd__clkbuf_16)
     4    0.04                           clknet_0_clk (net)
                  0.06    0.00   10.20 ^ clkbuf_2_2__f_clk/A (sky130_fd_sc_hd__clkbuf_16)
                  0.05    0.14   10.34 ^ clkbuf_2_2__f_clk/X (sky130_fd_sc_hd__clkbuf_16)
    10    0.03                           clknet_2_2__leaf_clk (net)
                  0.05    0.00   10.34 ^ _417_/CLK (sky130_fd_sc_hd__dfrtp_1)
                         -0.25   10.09   clock uncertainty
                          0.00   10.09   clock reconvergence pessimism
                         -0.11    9.97   library setup time
                                  9.97   data required time
-----------------------------------------------------------------------------
                                  9.97   data required time
                                 -2.76   data arrival time
-----------------------------------------------------------------------------
                                  7.21   slack (MET)


Startpoint: start (input port clocked by clk)
Endpoint: _409_ (rising edge-triggered flip-flop clocked by clk)
Path Group: clk
Path Type: max
Corner: Typical

Fanout     Cap    Slew   Delay    Time   Description
-----------------------------------------------------------------------------
                          0.00    0.00   clock clk (rise edge)
                          0.00    0.00   clock network delay (propagated)
                          2.00    2.00 v input external delay
                  0.01    0.00    2.00 v start (in)
     1    0.00                           start (net)
                  0.01    0.00    2.00 v input3/A (sky130_fd_sc_hd__buf_1)
                  0.09    0.13    2.14 v input3/X (sky130_fd_sc_hd__buf_1)
     2    0.01                           net3 (net)
                  0.09    0.00    2.14 v _204_/B (sky130_fd_sc_hd__or2_2)
                  0.10    0.37    2.51 v _204_/X (sky130_fd_sc_hd__or2_2)
     6    0.02                           _096_ (net)
                  0.10    0.00    2.51 v _350_/B1 (sky130_fd_sc_hd__o211a_1)
                  0.05    0.16    2.67 v _350_/X (sky130_fd_sc_hd__o211a_1)
     1    0.00                           _197_ (net)
                  0.05    0.00    2.67 v _351_/B (sky130_fd_sc_hd__nor2_1)
                  0.07    0.08    2.75 ^ _351_/Y (sky130_fd_sc_hd__nor2_1)
     1    0.00                           _051_ (net)
                  0.07    0.00    2.75 ^ _409_/D (sky130_fd_sc_hd__dfrtp_4)
                                  2.75   data arrival time

                         10.00   10.00   clock clk (rise edge)
                          0.00   10.00   clock source latency
                  0.08    0.05   10.05 ^ clk (in)
     1    0.02                           clk (net)
                  0.08    0.00   10.05 ^ clkbuf_0_clk/A (sky130_fd_sc_hd__clkbuf_16)
                  0.06    0.15   10.20 ^ clkbuf_0_clk/X (sky130_fd_sc_hd__clkbuf_16)
     4    0.04                           clknet_0_clk (net)
                  0.06    0.00   10.20 ^ clkbuf_2_2__f_clk/A (sky130_fd_sc_hd__clkbuf_16)
                  0.05    0.14   10.34 ^ clkbuf_2_2__f_clk/X (sky130_fd_sc_hd__clkbuf_16)
    10    0.03                           clknet_2_2__leaf_clk (net)
                  0.05    0.00   10.34 ^ _409_/CLK (sky130_fd_sc_hd__dfrtp_4)
                         -0.25   10.09   clock uncertainty
                          0.00   10.09   clock reconvergence pessimism
                         -0.07   10.02   library setup time
                                 10.02   data required time
-----------------------------------------------------------------------------
                                 10.02   data required time
                                 -2.75   data arrival time
-----------------------------------------------------------------------------
                                  7.27   slack (MET)


Startpoint: start (input port clocked by clk)
Endpoint: _414_ (rising edge-triggered flip-flop clocked by clk)
Path Group: clk
Path Type: max
Corner: Typical

Fanout     Cap    Slew   Delay    Time   Description
-----------------------------------------------------------------------------
                          0.00    0.00   clock clk (rise edge)
                          0.00    0.00   clock network delay (propagated)
                          2.00    2.00 ^ input external delay
                  0.02    0.01    2.01 ^ start (in)
     1    0.00                           start (net)
                  0.02    0.00    2.01 ^ input3/A (sky130_fd_sc_hd__buf_1)
                  0.19    0.19    2.20 ^ input3/X (sky130_fd_sc_hd__buf_1)
     2    0.02                           net3 (net)
                  0.19    0.00    2.20 ^ _204_/B (sky130_fd_sc_hd__or2_2)
                  0.12    0.22    2.42 ^ _204_/X (sky130_fd_sc_hd__or2_2)
     6    0.02                           _096_ (net)
                  0.12    0.00    2.42 ^ _331_/A (sky130_fd_sc_hd__nand2_1)
                  0.06    0.09    2.51 v _331_/Y (sky130_fd_sc_hd__nand2_1)
     2    0.01                           _184_ (net)
                  0.06    0.00    2.51 v _335_/A2 (sky130_fd_sc_hd__a21o_1)
                  0.03    0.18    2.70 v _335_/X (sky130_fd_sc_hd__a21o_1)
     1    0.00                           _056_ (net)
                  0.03    0.00    2.70 v _414_/D (sky130_fd_sc_hd__dfrtp_1)
                                  2.70   data arrival time

                         10.00   10.00   clock clk (rise edge)
                          0.00   10.00   clock source latency
                  0.08    0.05   10.05 ^ clk (in)
     1    0.02                           clk (net)
                  0.08    0.00   10.05 ^ clkbuf_0_clk/A (sky130_fd_sc_hd__clkbuf_16)
                  0.06    0.15   10.20 ^ clkbuf_0_clk/X (sky130_fd_sc_hd__clkbuf_16)
     4    0.04                           clknet_0_clk (net)
                  0.06    0.00   10.20 ^ clkbuf_2_2__f_clk/A (sky130_fd_sc_hd__clkbuf_16)
                  0.05    0.14   10.34 ^ clkbuf_2_2__f_clk/X (sky130_fd_sc_hd__clkbuf_16)
    10    0.03                           clknet_2_2__leaf_clk (net)
                  0.05    0.00   10.34 ^ _414_/CLK (sky130_fd_sc_hd__dfrtp_1)
                         -0.25   10.09   clock uncertainty
                          0.00   10.09   clock reconvergence pessimism
                         -0.11    9.98   library setup time
                                  9.98   data required time
-----------------------------------------------------------------------------
                                  9.98   data required time
                                 -2.70   data arrival time
-----------------------------------------------------------------------------
                                  7.28   slack (MET)


Startpoint: start (input port clocked by clk)
Endpoint: _408_ (rising edge-triggered flip-flop clocked by clk)
Path Group: clk
Path Type: max
Corner: Typical

Fanout     Cap    Slew   Delay    Time   Description
-----------------------------------------------------------------------------
                          0.00    0.00   clock clk (rise edge)
                          0.00    0.00   clock network delay (propagated)
                          2.00    2.00 ^ input external delay
                  0.02    0.01    2.01 ^ start (in)
     1    0.00                           start (net)
                  0.02    0.00    2.01 ^ input3/A (sky130_fd_sc_hd__buf_1)
                  0.19    0.19    2.20 ^ input3/X (sky130_fd_sc_hd__buf_1)
     2    0.02                           net3 (net)
                  0.19    0.00    2.20 ^ _237_/B (sky130_fd_sc_hd__nor2_4)
                  0.07    0.10    2.30 v _237_/Y (sky130_fd_sc_hd__nor2_4)
     9    0.04                           _125_ (net)
                  0.07    0.00    2.30 v _352_/A1 (sky130_fd_sc_hd__mux2_1)
                  0.05    0.31    2.61 v _352_/X (sky130_fd_sc_hd__mux2_1)
     1    0.00                           _198_ (net)
                  0.05    0.00    2.61 v _353_/A (sky130_fd_sc_hd__clkbuf_1)
                  0.02    0.09    2.71 v _353_/X (sky130_fd_sc_hd__clkbuf_1)
     1    0.00                           _050_ (net)
                  0.02    0.00    2.71 v _408_/D (sky130_fd_sc_hd__dfrtp_4)
                                  2.71   data arrival time

                         10.00   10.00   clock clk (rise edge)
                          0.00   10.00   clock source latency
                  0.08    0.05   10.05 ^ clk (in)
     1    0.02                           clk (net)
                  0.08    0.00   10.05 ^ clkbuf_0_clk/A (sky130_fd_sc_hd__clkbuf_16)
                  0.06    0.15   10.20 ^ clkbuf_0_clk/X (sky130_fd_sc_hd__clkbuf_16)
     4    0.04                           clknet_0_clk (net)
                  0.06    0.00   10.20 ^ clkbuf_2_0__f_clk/A (sky130_fd_sc_hd__clkbuf_16)
                  0.06    0.14   10.34 ^ clkbuf_2_0__f_clk/X (sky130_fd_sc_hd__clkbuf_16)
    14    0.04                           clknet_2_0__leaf_clk (net)
                  0.06    0.00   10.34 ^ _408_/CLK (sky130_fd_sc_hd__dfrtp_4)
                         -0.25   10.09   clock uncertainty
                          0.00   10.09   clock reconvergence pessimism
                         -0.10    9.99   library setup time
                                  9.99   data required time
-----------------------------------------------------------------------------
                                  9.99   data required time
                                 -2.71   data arrival time
-----------------------------------------------------------------------------
                                  7.29   slack (MET)


Startpoint: start (input port clocked by clk)
Endpoint: _418_ (rising edge-triggered flip-flop clocked by clk)
Path Group: clk
Path Type: max
Corner: Typical

Fanout     Cap    Slew   Delay    Time   Description
-----------------------------------------------------------------------------
                          0.00    0.00   clock clk (rise edge)
                          0.00    0.00   clock network delay (propagated)
                          2.00    2.00 ^ input external delay
                  0.02    0.01    2.01 ^ start (in)
     1    0.00                           start (net)
                  0.02    0.00    2.01 ^ input3/A (sky130_fd_sc_hd__buf_1)
                  0.19    0.19    2.20 ^ input3/X (sky130_fd_sc_hd__buf_1)
     2    0.02                           net3 (net)
                  0.19    0.00    2.20 ^ _237_/B (sky130_fd_sc_hd__nor2_4)
                  0.07    0.10    2.30 v _237_/Y (sky130_fd_sc_hd__nor2_4)
     9    0.04                           _125_ (net)
                  0.07    0.00    2.30 v _316_/B1 (sky130_fd_sc_hd__a21o_1)
                  0.04    0.18    2.48 v _316_/X (sky130_fd_sc_hd__a21o_1)
     2    0.00                           _173_ (net)
                  0.04    0.00    2.48 v _320_/A (sky130_fd_sc_hd__and2_1)
                  0.03    0.14    2.62 v _320_/X (sky130_fd_sc_hd__and2_1)
     1    0.00                           _176_ (net)
                  0.03    0.00    2.62 v _321_/A (sky130_fd_sc_hd__clkbuf_1)
                  0.02    0.08    2.70 v _321_/X (sky130_fd_sc_hd__clkbuf_1)
     1    0.00                           _060_ (net)
                  0.02    0.00    2.70 v _418_/D (sky130_fd_sc_hd__dfrtp_1)
                                  2.70   data arrival time

                         10.00   10.00   clock clk (rise edge)
                          0.00   10.00   clock source latency
                  0.08    0.05   10.05 ^ clk (in)
     1    0.02                           clk (net)
                  0.08    0.00   10.05 ^ clkbuf_0_clk/A (sky130_fd_sc_hd__clkbuf_16)
                  0.06    0.15   10.20 ^ clkbuf_0_clk/X (sky130_fd_sc_hd__clkbuf_16)
     4    0.04                           clknet_0_clk (net)
                  0.06    0.00   10.20 ^ clkbuf_2_3__f_clk/A (sky130_fd_sc_hd__clkbuf_16)
                  0.06    0.14   10.34 ^ clkbuf_2_3__f_clk/X (sky130_fd_sc_hd__clkbuf_16)
    12    0.04                           clknet_2_3__leaf_clk (net)
                  0.06    0.00   10.34 ^ _418_/CLK (sky130_fd_sc_hd__dfrtp_1)
                         -0.25   10.09   clock uncertainty
                          0.00   10.09   clock reconvergence pessimism
                         -0.10    9.99   library setup time
                                  9.99   data required time
-----------------------------------------------------------------------------
                                  9.99   data required time
                                 -2.70   data arrival time
-----------------------------------------------------------------------------
                                  7.29   slack (MET)


Startpoint: start (input port clocked by clk)
Endpoint: _420_ (rising edge-triggered flip-flop clocked by clk)
Path Group: clk
Path Type: max
Corner: Typical

Fanout     Cap    Slew   Delay    Time   Description
-----------------------------------------------------------------------------
                          0.00    0.00   clock clk (rise edge)
                          0.00    0.00   clock network delay (propagated)
                          2.00    2.00 ^ input external delay
                  0.02    0.01    2.01 ^ start (in)
     1    0.00                           start (net)
                  0.02    0.00    2.01 ^ input3/A (sky130_fd_sc_hd__buf_1)
                  0.19    0.19    2.20 ^ input3/X (sky130_fd_sc_hd__buf_1)
     2    0.02                           net3 (net)
                  0.19    0.00    2.20 ^ _204_/B (sky130_fd_sc_hd__or2_2)
                  0.12    0.22    2.42 ^ _204_/X (sky130_fd_sc_hd__or2_2)
     6    0.02                           _096_ (net)
                  0.12    0.00    2.42 ^ _308_/A (sky130_fd_sc_hd__nand2_1)
                  0.06    0.09    2.51 v _308_/Y (sky130_fd_sc_hd__nand2_1)
     2    0.01                           _167_ (net)
                  0.06    0.00    2.51 v _312_/A2 (sky130_fd_sc_hd__a21o_1)
                  0.03    0.18    2.69 v _312_/X (sky130_fd_sc_hd__a21o_1)
     1    0.00                           _062_ (net)
                  0.03    0.00    2.69 v _420_/D (sky130_fd_sc_hd__dfrtp_1)
                                  2.69   data arrival time

                         10.00   10.00   clock clk (rise edge)
                          0.00   10.00   clock source latency
                  0.08    0.05   10.05 ^ clk (in)
     1    0.02                           clk (net)
                  0.08    0.00   10.05 ^ clkbuf_0_clk/A (sky130_fd_sc_hd__clkbuf_16)
                  0.06    0.15   10.20 ^ clkbuf_0_clk/X (sky130_fd_sc_hd__clkbuf_16)
     4    0.04                           clknet_0_clk (net)
                  0.06    0.00   10.20 ^ clkbuf_2_3__f_clk/A (sky130_fd_sc_hd__clkbuf_16)
                  0.06    0.14   10.34 ^ clkbuf_2_3__f_clk/X (sky130_fd_sc_hd__clkbuf_16)
    12    0.04                           clknet_2_3__leaf_clk (net)
                  0.06    0.00   10.34 ^ _420_/CLK (sky130_fd_sc_hd__dfrtp_1)
                         -0.25   10.09   clock uncertainty
                          0.00   10.09   clock reconvergence pessimism
                         -0.10    9.98   library setup time
                                  9.98   data required time
-----------------------------------------------------------------------------
                                  9.98   data required time
                                 -2.69   data arrival time
-----------------------------------------------------------------------------
                                  7.29   slack (MET)


Startpoint: start (input port clocked by clk)
Endpoint: _416_ (rising edge-triggered flip-flop clocked by clk)
Path Group: clk
Path Type: max
Corner: Typical

Fanout     Cap    Slew   Delay    Time   Description
-----------------------------------------------------------------------------
                          0.00    0.00   clock clk (rise edge)
                          0.00    0.00   clock network delay (propagated)
                          2.00    2.00 ^ input external delay
                  0.02    0.01    2.01 ^ start (in)
     1    0.00                           start (net)
                  0.02    0.00    2.01 ^ input3/A (sky130_fd_sc_hd__buf_1)
                  0.19    0.19    2.20 ^ input3/X (sky130_fd_sc_hd__buf_1)
     2    0.02                           net3 (net)
                  0.19    0.00    2.20 ^ _237_/B (sky130_fd_sc_hd__nor2_4)
                  0.07    0.10    2.30 v _237_/Y (sky130_fd_sc_hd__nor2_4)
     9    0.04                           _125_ (net)
                  0.07    0.00    2.30 v _324_/B1 (sky130_fd_sc_hd__a21o_1)
                  0.04    0.18    2.48 v _324_/X (sky130_fd_sc_hd__a21o_1)
     2    0.01                           _179_ (net)
                  0.04    0.00    2.48 v _327_/A2 (sky130_fd_sc_hd__a21o_1)
                  0.03    0.17    2.66 v _327_/X (sky130_fd_sc_hd__a21o_1)
     1    0.00                           _058_ (net)
                  0.03    0.00    2.66 v _416_/D (sky130_fd_sc_hd__dfrtp_1)
                                  2.66   data arrival time

                         10.00   10.00   clock clk (rise edge)
                          0.00   10.00   clock source latency
                  0.08    0.05   10.05 ^ clk (in)
     1    0.02                           clk (net)
                  0.08    0.00   10.05 ^ clkbuf_0_clk/A (sky130_fd_sc_hd__clkbuf_16)
                  0.06    0.15   10.20 ^ clkbuf_0_clk/X (sky130_fd_sc_hd__clkbuf_16)
     4    0.04                           clknet_0_clk (net)
                  0.06    0.00   10.20 ^ clkbuf_2_2__f_clk/A (sky130_fd_sc_hd__clkbuf_16)
                  0.05    0.14   10.34 ^ clkbuf_2_2__f_clk/X (sky130_fd_sc_hd__clkbuf_16)
    10    0.03                           clknet_2_2__leaf_clk (net)
                  0.05    0.00   10.34 ^ _416_/CLK (sky130_fd_sc_hd__dfrtp_1)
                         -0.25   10.09   clock uncertainty
                          0.00   10.09   clock reconvergence pessimism
                         -0.11    9.98   library setup time
                                  9.98   data required time
-----------------------------------------------------------------------------
                                  9.98   data required time
                                 -2.66   data arrival time
-----------------------------------------------------------------------------
                                  7.32   slack (MET)


Startpoint: start (input port clocked by clk)
Endpoint: _412_ (rising edge-triggered flip-flop clocked by clk)
Path Group: clk
Path Type: max
Corner: Typical

Fanout     Cap    Slew   Delay    Time   Description
-----------------------------------------------------------------------------
                          0.00    0.00   clock clk (rise edge)
                          0.00    0.00   clock network delay (propagated)
                          2.00    2.00 ^ input external delay
                  0.02    0.01    2.01 ^ start (in)
     1    0.00                           start (net)
                  0.02    0.00    2.01 ^ input3/A (sky130_fd_sc_hd__buf_1)
                  0.19    0.19    2.20 ^ input3/X (sky130_fd_sc_hd__buf_1)
     2    0.02                           net3 (net)
                  0.19    0.00    2.20 ^ _237_/B (sky130_fd_sc_hd__nor2_4)
                  0.07    0.10    2.30 v _237_/Y (sky130_fd_sc_hd__nor2_4)
     9    0.04                           _125_ (net)
                  0.07    0.00    2.30 v _338_/B1 (sky130_fd_sc_hd__a21o_1)
                  0.04    0.18    2.48 v _338_/X (sky130_fd_sc_hd__a21o_1)
     2    0.01                           _189_ (net)
                  0.04    0.00    2.48 v _342_/A2 (sky130_fd_sc_hd__a21o_1)
                  0.03    0.17    2.66 v _342_/X (sky130_fd_sc_hd__a21o_1)
     1    0.00                           _054_ (net)
                  0.03    0.00    2.66 v _412_/D (sky130_fd_sc_hd__dfrtp_1)
                                  2.66   data arrival time

                         10.00   10.00   clock clk (rise edge)
                          0.00   10.00   clock source latency
                  0.08    0.05   10.05 ^ clk (in)
     1    0.02                           clk (net)
                  0.08    0.00   10.05 ^ clkbuf_0_clk/A (sky130_fd_sc_hd__clkbuf_16)
                  0.06    0.15   10.20 ^ clkbuf_0_clk/X (sky130_fd_sc_hd__clkbuf_16)
     4    0.04                           clknet_0_clk (net)
                  0.06    0.00   10.20 ^ clkbuf_2_2__f_clk/A (sky130_fd_sc_hd__clkbuf_16)
                  0.05    0.14   10.34 ^ clkbuf_2_2__f_clk/X (sky130_fd_sc_hd__clkbuf_16)
    10    0.03                           clknet_2_2__leaf_clk (net)
                  0.05    0.00   10.34 ^ _412_/CLK (sky130_fd_sc_hd__dfrtp_1)
                         -0.25   10.09   clock uncertainty
                          0.00   10.09   clock reconvergence pessimism
                         -0.11    9.98   library setup time
                                  9.98   data required time
-----------------------------------------------------------------------------
                                  9.98   data required time
                                 -2.66   data arrival time
-----------------------------------------------------------------------------
                                  7.32   slack (MET)


Startpoint: start (input port clocked by clk)
Endpoint: _423_ (rising edge-triggered flip-flop clocked by clk)
Path Group: clk
Path Type: max
Corner: Typical

Fanout     Cap    Slew   Delay    Time   Description
-----------------------------------------------------------------------------
                          0.00    0.00   clock clk (rise edge)
                          0.00    0.00   clock network delay (propagated)
                          2.00    2.00 ^ input external delay
                  0.02    0.01    2.01 ^ start (in)
     1    0.00                           start (net)
                  0.02    0.00    2.01 ^ input3/A (sky130_fd_sc_hd__buf_1)
                  0.19    0.19    2.20 ^ input3/X (sky130_fd_sc_hd__buf_1)
     2    0.02                           net3 (net)
                  0.19    0.00    2.20 ^ _237_/B (sky130_fd_sc_hd__nor2_4)
                  0.07    0.10    2.30 v _237_/Y (sky130_fd_sc_hd__nor2_4)
     9    0.04                           _125_ (net)
                  0.07    0.00    2.30 v _303_/A2 (sky130_fd_sc_hd__o31a_1)
                  0.05    0.30    2.60 v _303_/X (sky130_fd_sc_hd__o31a_1)
     1    0.00                           _065_ (net)
                  0.05    0.00    2.60 v _423_/D (sky130_fd_sc_hd__dfrtp_1)
                                  2.60   data arrival time

                         10.00   10.00   clock clk (rise edge)
                          0.00   10.00   clock source latency
                  0.08    0.05   10.05 ^ clk (in)
     1    0.02                           clk (net)
                  0.08    0.00   10.05 ^ clkbuf_0_clk/A (sky130_fd_sc_hd__clkbuf_16)
                  0.06    0.15   10.20 ^ clkbuf_0_clk/X (sky130_fd_sc_hd__clkbuf_16)
     4    0.04                           clknet_0_clk (net)
                  0.06    0.00   10.20 ^ clkbuf_2_2__f_clk/A (sky130_fd_sc_hd__clkbuf_16)
                  0.05    0.14   10.34 ^ clkbuf_2_2__f_clk/X (sky130_fd_sc_hd__clkbuf_16)
    10    0.03                           clknet_2_2__leaf_clk (net)
                  0.05    0.00   10.34 ^ _423_/CLK (sky130_fd_sc_hd__dfrtp_1)
                         -0.25   10.09   clock uncertainty
                          0.00   10.09   clock reconvergence pessimism
                         -0.11    9.97   library setup time
                                  9.97   data required time
-----------------------------------------------------------------------------
                                  9.97   data required time
                                 -2.60   data arrival time
-----------------------------------------------------------------------------
                                  7.37   slack (MET)


Startpoint: start (input port clocked by clk)
Endpoint: _411_ (rising edge-triggered flip-flop clocked by clk)
Path Group: clk
Path Type: max
Corner: Typical

Fanout     Cap    Slew   Delay    Time   Description
-----------------------------------------------------------------------------
                          0.00    0.00   clock clk (rise edge)
                          0.00    0.00   clock network delay (propagated)
                          2.00    2.00 ^ input external delay
                  0.02    0.01    2.01 ^ start (in)
     1    0.00                           start (net)
                  0.02    0.00    2.01 ^ input3/A (sky130_fd_sc_hd__buf_1)
                  0.19    0.19    2.20 ^ input3/X (sky130_fd_sc_hd__buf_1)
     2    0.02                           net3 (net)
                  0.19    0.00    2.20 ^ _237_/B (sky130_fd_sc_hd__nor2_4)
                  0.07    0.10    2.30 v _237_/Y (sky130_fd_sc_hd__nor2_4)
     9    0.04                           _125_ (net)
                  0.07    0.00    2.30 v _346_/A2 (sky130_fd_sc_hd__o31a_1)
                  0.05    0.30    2.60 v _346_/X (sky130_fd_sc_hd__o31a_1)
     1    0.00                           _053_ (net)
                  0.05    0.00    2.60 v _411_/D (sky130_fd_sc_hd__dfrtp_1)
                                  2.60   data arrival time

                         10.00   10.00   clock clk (rise edge)
                          0.00   10.00   clock source latency
                  0.08    0.05   10.05 ^ clk (in)
     1    0.02                           clk (net)
                  0.08    0.00   10.05 ^ clkbuf_0_clk/A (sky130_fd_sc_hd__clkbuf_16)
                  0.06    0.15   10.20 ^ clkbuf_0_clk/X (sky130_fd_sc_hd__clkbuf_16)
     4    0.04                           clknet_0_clk (net)
                  0.06    0.00   10.20 ^ clkbuf_2_0__f_clk/A (sky130_fd_sc_hd__clkbuf_16)
                  0.06    0.14   10.34 ^ clkbuf_2_0__f_clk/X (sky130_fd_sc_hd__clkbuf_16)
    14    0.04                           clknet_2_0__leaf_clk (net)
                  0.06    0.00   10.34 ^ _411_/CLK (sky130_fd_sc_hd__dfrtp_1)
                         -0.25   10.09   clock uncertainty
                          0.00   10.09   clock reconvergence pessimism
                         -0.11    9.98   library setup time
                                  9.98   data required time
-----------------------------------------------------------------------------
                                  9.98   data required time
                                 -2.60   data arrival time
-----------------------------------------------------------------------------
                                  7.38   slack (MET)


Startpoint: start (input port clocked by clk)
Endpoint: _410_ (rising edge-triggered flip-flop clocked by clk)
Path Group: clk
Path Type: max
Corner: Typical

Fanout     Cap    Slew   Delay    Time   Description
-----------------------------------------------------------------------------
                          0.00    0.00   clock clk (rise edge)
                          0.00    0.00   clock network delay (propagated)
                          2.00    2.00 ^ input external delay
                  0.02    0.01    2.01 ^ start (in)
     1    0.00                           start (net)
                  0.02    0.00    2.01 ^ input3/A (sky130_fd_sc_hd__buf_1)
                  0.19    0.19    2.20 ^ input3/X (sky130_fd_sc_hd__buf_1)
     2    0.02                           net3 (net)
                  0.19    0.00    2.20 ^ _237_/B (sky130_fd_sc_hd__nor2_4)
                  0.07    0.10    2.30 v _237_/Y (sky130_fd_sc_hd__nor2_4)
     9    0.04                           _125_ (net)
                  0.07    0.00    2.30 v _348_/B1 (sky130_fd_sc_hd__a32o_1)
                  0.04    0.22    2.52 v _348_/X (sky130_fd_sc_hd__a32o_1)
     1    0.00                           _052_ (net)
                  0.04    0.00    2.52 v _410_/D (sky130_fd_sc_hd__dfrtp_2)
                                  2.52   data arrival time

                         10.00   10.00   clock clk (rise edge)
                          0.00   10.00   clock source latency
                  0.08    0.05   10.05 ^ clk (in)
     1    0.02                           clk (net)
                  0.08    0.00   10.05 ^ clkbuf_0_clk/A (sky130_fd_sc_hd__clkbuf_16)
                  0.06    0.15   10.20 ^ clkbuf_0_clk/X (sky130_fd_sc_hd__clkbuf_16)
     4    0.04                           clknet_0_clk (net)
                  0.06    0.00   10.20 ^ clkbuf_2_0__f_clk/A (sky130_fd_sc_hd__clkbuf_16)
                  0.06    0.14   10.34 ^ clkbuf_2_0__f_clk/X (sky130_fd_sc_hd__clkbuf_16)
    14    0.04                           clknet_2_0__leaf_clk (net)
                  0.06    0.00   10.34 ^ _410_/CLK (sky130_fd_sc_hd__dfrtp_2)
                         -0.25   10.09   clock uncertainty
                          0.00   10.09   clock reconvergence pessimism
                         -0.11    9.98   library setup time
                                  9.98   data required time
-----------------------------------------------------------------------------
                                  9.98   data required time
                                 -2.52   data arrival time
-----------------------------------------------------------------------------
                                  7.46   slack (MET)


Startpoint: start (input port clocked by clk)
Endpoint: _422_ (rising edge-triggered flip-flop clocked by clk)
Path Group: clk
Path Type: max
Corner: Typical

Fanout     Cap    Slew   Delay    Time   Description
-----------------------------------------------------------------------------
                          0.00    0.00   clock clk (rise edge)
                          0.00    0.00   clock network delay (propagated)
                          2.00    2.00 v input external delay
                  0.01    0.00    2.00 v start (in)
     1    0.00                           start (net)
                  0.01    0.00    2.00 v input3/A (sky130_fd_sc_hd__buf_1)
                  0.09    0.13    2.14 v input3/X (sky130_fd_sc_hd__buf_1)
     2    0.01                           net3 (net)
                  0.09    0.00    2.14 v _237_/B (sky130_fd_sc_hd__nor2_4)
                  0.25    0.24    2.38 ^ _237_/Y (sky130_fd_sc_hd__nor2_4)
     9    0.04                           _125_ (net)
                  0.25    0.00    2.38 ^ _305_/A1 (sky130_fd_sc_hd__o21a_1)
                  0.05    0.18    2.56 ^ _305_/X (sky130_fd_sc_hd__o21a_1)
     1    0.00                           _064_ (net)
                  0.05    0.00    2.56 ^ _422_/D (sky130_fd_sc_hd__dfrtp_1)
                                  2.56   data arrival time

                         10.00   10.00   clock clk (rise edge)
                          0.00   10.00   clock source latency
                  0.08    0.05   10.05 ^ clk (in)
     1    0.02                           clk (net)
                  0.08    0.00   10.05 ^ clkbuf_0_clk/A (sky130_fd_sc_hd__clkbuf_16)
                  0.06    0.15   10.20 ^ clkbuf_0_clk/X (sky130_fd_sc_hd__clkbuf_16)
     4    0.04                           clknet_0_clk (net)
                  0.06    0.00   10.20 ^ clkbuf_2_2__f_clk/A (sky130_fd_sc_hd__clkbuf_16)
                  0.05    0.14   10.34 ^ clkbuf_2_2__f_clk/X (sky130_fd_sc_hd__clkbuf_16)
    10    0.03                           clknet_2_2__leaf_clk (net)
                  0.05    0.00   10.34 ^ _422_/CLK (sky130_fd_sc_hd__dfrtp_1)
                         -0.25   10.09   clock uncertainty
                          0.00   10.09   clock reconvergence pessimism
                         -0.06   10.03   library setup time
                                 10.03   data required time
-----------------------------------------------------------------------------
                                 10.03   data required time
                                 -2.56   data arrival time
-----------------------------------------------------------------------------
                                  7.47   slack (MET)


Startpoint: _421_ (rising edge-triggered flip-flop clocked by clk)
Endpoint: _425_ (rising edge-triggered flip-flop clocked by clk)
Path Group: clk
Path Type: max
Corner: Typical

Fanout     Cap    Slew   Delay    Time   Description
-----------------------------------------------------------------------------
                          0.00    0.00   clock clk (rise edge)
                          0.00    0.00   clock source latency
                  0.08    0.06    0.06 ^ clk (in)
     1    0.02                           clk (net)
                  0.08    0.00    0.06 ^ clkbuf_0_clk/A (sky130_fd_sc_hd__clkbuf_16)
                  0.06    0.16    0.22 ^ clkbuf_0_clk/X (sky130_fd_sc_hd__clkbuf_16)
     4    0.04                           clknet_0_clk (net)
                  0.06    0.00    0.22 ^ clkbuf_2_3__f_clk/A (sky130_fd_sc_hd__clkbuf_16)
                  0.06    0.15    0.37 ^ clkbuf_2_3__f_clk/X (sky130_fd_sc_hd__clkbuf_16)
    12    0.04                           clknet_2_3__leaf_clk (net)
                  0.06    0.00    0.38 ^ _421_/CLK (sky130_fd_sc_hd__dfrtp_1)
                  0.08    0.42    0.80 v _421_/Q (sky130_fd_sc_hd__dfrtp_1)
     3    0.01                           clk_count[13] (net)
                  0.08    0.00    0.80 v _205_/A (sky130_fd_sc_hd__or4_1)
                  0.09    0.57    1.37 v _205_/X (sky130_fd_sc_hd__or4_1)
     1    0.00                           _097_ (net)
                  0.09    0.00    1.37 v _209_/A (sky130_fd_sc_hd__nor4_1)
                  0.42    0.46    1.83 ^ _209_/Y (sky130_fd_sc_hd__nor4_1)
     2    0.01                           _101_ (net)
                  0.42    0.00    1.83 ^ max_cap25/A (sky130_fd_sc_hd__buf_1)
                  0.15    0.22    2.05 ^ max_cap25/X (sky130_fd_sc_hd__buf_1)
     3    0.01                           net25 (net)
                  0.15    0.00    2.05 ^ _217_/C (sky130_fd_sc_hd__nand4_1)
                  0.13    0.17    2.22 v _217_/Y (sky130_fd_sc_hd__nand4_1)
     3    0.01                           _109_ (net)
                  0.13    0.00    2.22 v _218_/A (sky130_fd_sc_hd__buf_4)
                  0.09    0.25    2.46 v _218_/X (sky130_fd_sc_hd__buf_4)
    10    0.06                           _110_ (net)
                  0.09    0.00    2.47 v _354_/A (sky130_fd_sc_hd__inv_2)
                  0.03    0.06    2.52 ^ _354_/Y (sky130_fd_sc_hd__inv_2)
     1    0.00                           _001_ (net)
                  0.03    0.00    2.52 ^ _425_/D (sky130_fd_sc_hd__dfrtp_1)
                                  2.52   data arrival time

                         10.00   10.00   clock clk (rise edge)
                          0.00   10.00   clock source latency
                  0.08    0.05   10.05 ^ clk (in)
     1    0.02                           clk (net)
                  0.08    0.00   10.05 ^ clkbuf_0_clk/A (sky130_fd_sc_hd__clkbuf_16)
                  0.06    0.15   10.20 ^ clkbuf_0_clk/X (sky130_fd_sc_hd__clkbuf_16)
     4    0.04                           clknet_0_clk (net)
                  0.06    0.00   10.20 ^ clkbuf_2_2__f_clk/A (sky130_fd_sc_hd__clkbuf_16)
                  0.05    0.14   10.34 ^ clkbuf_2_2__f_clk/X (sky130_fd_sc_hd__clkbuf_16)
    10    0.03                           clknet_2_2__leaf_clk (net)
                  0.05    0.00   10.34 ^ _425_/CLK (sky130_fd_sc_hd__dfrtp_1)
                         -0.25   10.09   clock uncertainty
                          0.02   10.11   clock reconvergence pessimism
                         -0.05   10.05   library setup time
                                 10.05   data required time
-----------------------------------------------------------------------------
                                 10.05   data required time
                                 -2.52   data arrival time
-----------------------------------------------------------------------------
                                  7.53   slack (MET)


Startpoint: rst (input port clocked by clk)
Endpoint: _409_ (recovery check against rising-edge clock clk)
Path Group: asynchronous
Path Type: max
Corner: Typical

Fanout     Cap    Slew   Delay    Time   Description
-----------------------------------------------------------------------------
                          0.00    0.00   clock clk (rise edge)
                          0.00    0.00   clock network delay (propagated)
                          2.00    2.00 v input external delay
                  0.01    0.00    2.00 v rst (in)
     1    0.00                           rst (net)
                  0.01    0.00    2.00 v input2/A (sky130_fd_sc_hd__buf_1)
                  0.05    0.10    2.11 v input2/X (sky130_fd_sc_hd__buf_1)
     3    0.01                           net2 (net)
                  0.05    0.00    2.11 v _355_/A (sky130_fd_sc_hd__buf_4)
                  0.08    0.20    2.31 v _355_/X (sky130_fd_sc_hd__buf_4)
    10    0.05                           _199_ (net)
                  0.08    0.00    2.31 v _356_/A (sky130_fd_sc_hd__buf_4)
                  0.08    0.22    2.53 v _356_/X (sky130_fd_sc_hd__buf_4)
    10    0.06                           _200_ (net)
                  0.08    0.00    2.53 v _358_/A (sky130_fd_sc_hd__inv_2)
                  0.03    0.06    2.59 ^ _358_/Y (sky130_fd_sc_hd__inv_2)
     1    0.00                           _003_ (net)
                  0.03    0.00    2.59 ^ _409_/RESET_B (sky130_fd_sc_hd__dfrtp_4)
                                  2.59   data arrival time

                         10.00   10.00   clock clk (rise edge)
                          0.00   10.00   clock source latency
                  0.08    0.05   10.05 ^ clk (in)
     1    0.02                           clk (net)
                  0.08    0.00   10.05 ^ clkbuf_0_clk/A (sky130_fd_sc_hd__clkbuf_16)
                  0.06    0.15   10.20 ^ clkbuf_0_clk/X (sky130_fd_sc_hd__clkbuf_16)
     4    0.04                           clknet_0_clk (net)
                  0.06    0.00   10.20 ^ clkbuf_2_2__f_clk/A (sky130_fd_sc_hd__clkbuf_16)
                  0.05    0.14   10.34 ^ clkbuf_2_2__f_clk/X (sky130_fd_sc_hd__clkbuf_16)
    10    0.03                           clknet_2_2__leaf_clk (net)
                  0.05    0.00   10.34 ^ _409_/CLK (sky130_fd_sc_hd__dfrtp_4)
                         -0.25   10.09   clock uncertainty
                          0.00   10.09   clock reconvergence pessimism
                          0.22   10.31   library recovery time
                                 10.31   data required time
-----------------------------------------------------------------------------
                                 10.31   data required time
                                 -2.59   data arrival time
-----------------------------------------------------------------------------
                                  7.72   slack (MET)


Startpoint: rst (input port clocked by clk)
Endpoint: _424_ (recovery check against rising-edge clock clk)
Path Group: asynchronous
Path Type: max
Corner: Typical

Fanout     Cap    Slew   Delay    Time   Description
-----------------------------------------------------------------------------
                          0.00    0.00   clock clk (rise edge)
                          0.00    0.00   clock network delay (propagated)
                          2.00    2.00 v input external delay
                  0.01    0.00    2.00 v rst (in)
     1    0.00                           rst (net)
                  0.01    0.00    2.00 v input2/A (sky130_fd_sc_hd__buf_1)
                  0.05    0.10    2.11 v input2/X (sky130_fd_sc_hd__buf_1)
     3    0.01                           net2 (net)
                  0.05    0.00    2.11 v _355_/A (sky130_fd_sc_hd__buf_4)
                  0.08    0.20    2.31 v _355_/X (sky130_fd_sc_hd__buf_4)
    10    0.05                           _199_ (net)
                  0.08    0.00    2.31 v _367_/A (sky130_fd_sc_hd__clkbuf_8)
                  0.09    0.21    2.52 v _367_/X (sky130_fd_sc_hd__clkbuf_8)
    10    0.07                           _201_ (net)
                  0.09    0.00    2.52 v _374_/A (sky130_fd_sc_hd__inv_2)
                  0.03    0.06    2.59 ^ _374_/Y (sky130_fd_sc_hd__inv_2)
     1    0.00                           _018_ (net)
                  0.03    0.00    2.59 ^ _424_/RESET_B (sky130_fd_sc_hd__dfrtp_2)
                                  2.59   data arrival time

                         10.00   10.00   clock clk (rise edge)
                          0.00   10.00   clock source latency
                  0.08    0.05   10.05 ^ clk (in)
     1    0.02                           clk (net)
                  0.08    0.00   10.05 ^ clkbuf_0_clk/A (sky130_fd_sc_hd__clkbuf_16)
                  0.06    0.15   10.20 ^ clkbuf_0_clk/X (sky130_fd_sc_hd__clkbuf_16)
     4    0.04                           clknet_0_clk (net)
                  0.06    0.00   10.20 ^ clkbuf_2_3__f_clk/A (sky130_fd_sc_hd__clkbuf_16)
                  0.06    0.14   10.34 ^ clkbuf_2_3__f_clk/X (sky130_fd_sc_hd__clkbuf_16)
    12    0.04                           clknet_2_3__leaf_clk (net)
                  0.06    0.00   10.34 ^ _424_/CLK (sky130_fd_sc_hd__dfrtp_2)
                         -0.25   10.09   clock uncertainty
                          0.00   10.09   clock reconvergence pessimism
                          0.23   10.32   library recovery time
                                 10.32   data required time
-----------------------------------------------------------------------------
                                 10.32   data required time
                                 -2.59   data arrival time
-----------------------------------------------------------------------------
                                  7.73   slack (MET)


Startpoint: rst (input port clocked by clk)
Endpoint: _415_ (recovery check against rising-edge clock clk)
Path Group: asynchronous
Path Type: max
Corner: Typical

Fanout     Cap    Slew   Delay    Time   Description
-----------------------------------------------------------------------------
                          0.00    0.00   clock clk (rise edge)
                          0.00    0.00   clock network delay (propagated)
                          2.00    2.00 v input external delay
                  0.01    0.00    2.00 v rst (in)
     1    0.00                           rst (net)
                  0.01    0.00    2.00 v input2/A (sky130_fd_sc_hd__buf_1)
                  0.05    0.10    2.11 v input2/X (sky130_fd_sc_hd__buf_1)
     3    0.01                           net2 (net)
                  0.05    0.00    2.11 v _355_/A (sky130_fd_sc_hd__buf_4)
                  0.08    0.20    2.31 v _355_/X (sky130_fd_sc_hd__buf_4)
    10    0.05                           _199_ (net)
                  0.08    0.00    2.31 v _356_/A (sky130_fd_sc_hd__buf_4)
                  0.08    0.22    2.53 v _356_/X (sky130_fd_sc_hd__buf_4)
    10    0.06                           _200_ (net)
                  0.08    0.00    2.53 v _364_/A (sky130_fd_sc_hd__inv_2)
                  0.03    0.06    2.59 ^ _364_/Y (sky130_fd_sc_hd__inv_2)
     1    0.00                           _009_ (net)
                  0.03    0.00    2.59 ^ _415_/RESET_B (sky130_fd_sc_hd__dfrtp_1)
                                  2.59   data arrival time

                         10.00   10.00   clock clk (rise edge)
                          0.00   10.00   clock source latency
                  0.08    0.05   10.05 ^ clk (in)
     1    0.02                           clk (net)
                  0.08    0.00   10.05 ^ clkbuf_0_clk/A (sky130_fd_sc_hd__clkbuf_16)
                  0.06    0.15   10.20 ^ clkbuf_0_clk/X (sky130_fd_sc_hd__clkbuf_16)
     4    0.04                           clknet_0_clk (net)
                  0.06    0.00   10.20 ^ clkbuf_2_2__f_clk/A (sky130_fd_sc_hd__clkbuf_16)
                  0.05    0.14   10.34 ^ clkbuf_2_2__f_clk/X (sky130_fd_sc_hd__clkbuf_16)
    10    0.03                           clknet_2_2__leaf_clk (net)
                  0.05    0.00   10.34 ^ _415_/CLK (sky130_fd_sc_hd__dfrtp_1)
                         -0.25   10.09   clock uncertainty
                          0.00   10.09   clock reconvergence pessimism
                          0.24   10.32   library recovery time
                                 10.32   data required time
-----------------------------------------------------------------------------
                                 10.32   data required time
                                 -2.59   data arrival time
-----------------------------------------------------------------------------
                                  7.73   slack (MET)


Startpoint: rst (input port clocked by clk)
Endpoint: _416_ (recovery check against rising-edge clock clk)
Path Group: asynchronous
Path Type: max
Corner: Typical

Fanout     Cap    Slew   Delay    Time   Description
-----------------------------------------------------------------------------
                          0.00    0.00   clock clk (rise edge)
                          0.00    0.00   clock network delay (propagated)
                          2.00    2.00 v input external delay
                  0.01    0.00    2.00 v rst (in)
     1    0.00                           rst (net)
                  0.01    0.00    2.00 v input2/A (sky130_fd_sc_hd__buf_1)
                  0.05    0.10    2.11 v input2/X (sky130_fd_sc_hd__buf_1)
     3    0.01                           net2 (net)
                  0.05    0.00    2.11 v _355_/A (sky130_fd_sc_hd__buf_4)
                  0.08    0.20    2.31 v _355_/X (sky130_fd_sc_hd__buf_4)
    10    0.05                           _199_ (net)
                  0.08    0.00    2.31 v _356_/A (sky130_fd_sc_hd__buf_4)
                  0.08    0.22    2.53 v _356_/X (sky130_fd_sc_hd__buf_4)
    10    0.06                           _200_ (net)
                  0.08    0.00    2.53 v _365_/A (sky130_fd_sc_hd__inv_2)
                  0.03    0.06    2.59 ^ _365_/Y (sky130_fd_sc_hd__inv_2)
     1    0.00                           _010_ (net)
                  0.03    0.00    2.59 ^ _416_/RESET_B (sky130_fd_sc_hd__dfrtp_1)
                                  2.59   data arrival time

                         10.00   10.00   clock clk (rise edge)
                          0.00   10.00   clock source latency
                  0.08    0.05   10.05 ^ clk (in)
     1    0.02                           clk (net)
                  0.08    0.00   10.05 ^ clkbuf_0_clk/A (sky130_fd_sc_hd__clkbuf_16)
                  0.06    0.15   10.20 ^ clkbuf_0_clk/X (sky130_fd_sc_hd__clkbuf_16)
     4    0.04                           clknet_0_clk (net)
                  0.06    0.00   10.20 ^ clkbuf_2_2__f_clk/A (sky130_fd_sc_hd__clkbuf_16)
                  0.05    0.14   10.34 ^ clkbuf_2_2__f_clk/X (sky130_fd_sc_hd__clkbuf_16)
    10    0.03                           clknet_2_2__leaf_clk (net)
                  0.05    0.00   10.34 ^ _416_/CLK (sky130_fd_sc_hd__dfrtp_1)
                         -0.25   10.09   clock uncertainty
                          0.00   10.09   clock reconvergence pessimism
                          0.24   10.32   library recovery time
                                 10.32   data required time
-----------------------------------------------------------------------------
                                 10.32   data required time
                                 -2.59   data arrival time
-----------------------------------------------------------------------------
                                  7.73   slack (MET)


Startpoint: rst (input port clocked by clk)
Endpoint: _417_ (recovery check against rising-edge clock clk)
Path Group: asynchronous
Path Type: max
Corner: Typical

Fanout     Cap    Slew   Delay    Time   Description
-----------------------------------------------------------------------------
                          0.00    0.00   clock clk (rise edge)
                          0.00    0.00   clock network delay (propagated)
                          2.00    2.00 v input external delay
                  0.01    0.00    2.00 v rst (in)
     1    0.00                           rst (net)
                  0.01    0.00    2.00 v input2/A (sky130_fd_sc_hd__buf_1)
                  0.05    0.10    2.11 v input2/X (sky130_fd_sc_hd__buf_1)
     3    0.01                           net2 (net)
                  0.05    0.00    2.11 v _355_/A (sky130_fd_sc_hd__buf_4)
                  0.08    0.20    2.31 v _355_/X (sky130_fd_sc_hd__buf_4)
    10    0.05                           _199_ (net)
                  0.08    0.00    2.31 v _356_/A (sky130_fd_sc_hd__buf_4)
                  0.08    0.22    2.53 v _356_/X (sky130_fd_sc_hd__buf_4)
    10    0.06                           _200_ (net)
                  0.08    0.00    2.53 v _366_/A (sky130_fd_sc_hd__inv_2)
                  0.03    0.06    2.59 ^ _366_/Y (sky130_fd_sc_hd__inv_2)
     1    0.00                           _011_ (net)
                  0.03    0.00    2.59 ^ _417_/RESET_B (sky130_fd_sc_hd__dfrtp_1)
                                  2.59   data arrival time

                         10.00   10.00   clock clk (rise edge)
                          0.00   10.00   clock source latency
                  0.08    0.05   10.05 ^ clk (in)
     1    0.02                           clk (net)
                  0.08    0.00   10.05 ^ clkbuf_0_clk/A (sky130_fd_sc_hd__clkbuf_16)
                  0.06    0.15   10.20 ^ clkbuf_0_clk/X (sky130_fd_sc_hd__clkbuf_16)
     4    0.04                           clknet_0_clk (net)
                  0.06    0.00   10.20 ^ clkbuf_2_2__f_clk/A (sky130_fd_sc_hd__clkbuf_16)
                  0.05    0.14   10.34 ^ clkbuf_2_2__f_clk/X (sky130_fd_sc_hd__clkbuf_16)
    10    0.03                           clknet_2_2__leaf_clk (net)
                  0.05    0.00   10.34 ^ _417_/CLK (sky130_fd_sc_hd__dfrtp_1)
                         -0.25   10.09   clock uncertainty
                          0.00   10.09   clock reconvergence pessimism
                          0.24   10.32   library recovery time
                                 10.32   data required time
-----------------------------------------------------------------------------
                                 10.32   data required time
                                 -2.59   data arrival time
-----------------------------------------------------------------------------
                                  7.73   slack (MET)


Startpoint: rst (input port clocked by clk)
Endpoint: _408_ (recovery check against rising-edge clock clk)
Path Group: asynchronous
Path Type: max
Corner: Typical

Fanout     Cap    Slew   Delay    Time   Description
-----------------------------------------------------------------------------
                          0.00    0.00   clock clk (rise edge)
                          0.00    0.00   clock network delay (propagated)
                          2.00    2.00 v input external delay
                  0.01    0.00    2.00 v rst (in)
     1    0.00                           rst (net)
                  0.01    0.00    2.00 v input2/A (sky130_fd_sc_hd__buf_1)
                  0.05    0.10    2.11 v input2/X (sky130_fd_sc_hd__buf_1)
     3    0.01                           net2 (net)
                  0.05    0.00    2.11 v _355_/A (sky130_fd_sc_hd__buf_4)
                  0.08    0.20    2.31 v _355_/X (sky130_fd_sc_hd__buf_4)
    10    0.05                           _199_ (net)
                  0.08    0.00    2.31 v _356_/A (sky130_fd_sc_hd__buf_4)
                  0.08    0.22    2.53 v _356_/X (sky130_fd_sc_hd__buf_4)
    10    0.06                           _200_ (net)
                  0.08    0.00    2.53 v _357_/A (sky130_fd_sc_hd__inv_2)
                  0.03    0.06    2.59 ^ _357_/Y (sky130_fd_sc_hd__inv_2)
     1    0.00                           _002_ (net)
                  0.03    0.00    2.59 ^ _408_/RESET_B (sky130_fd_sc_hd__dfrtp_4)
                                  2.59   data arrival time

                         10.00   10.00   clock clk (rise edge)
                          0.00   10.00   clock source latency
                  0.08    0.05   10.05 ^ clk (in)
     1    0.02                           clk (net)
                  0.08    0.00   10.05 ^ clkbuf_0_clk/A (sky130_fd_sc_hd__clkbuf_16)
                  0.06    0.15   10.20 ^ clkbuf_0_clk/X (sky130_fd_sc_hd__clkbuf_16)
     4    0.04                           clknet_0_clk (net)
                  0.06    0.00   10.20 ^ clkbuf_2_0__f_clk/A (sky130_fd_sc_hd__clkbuf_16)
                  0.06    0.14   10.34 ^ clkbuf_2_0__f_clk/X (sky130_fd_sc_hd__clkbuf_16)
    14    0.04                           clknet_2_0__leaf_clk (net)
                  0.06    0.00   10.34 ^ _408_/CLK (sky130_fd_sc_hd__dfrtp_4)
                         -0.25   10.09   clock uncertainty
                          0.00   10.09   clock reconvergence pessimism
                          0.23   10.32   library recovery time
                                 10.32   data required time
-----------------------------------------------------------------------------
                                 10.32   data required time
                                 -2.59   data arrival time
-----------------------------------------------------------------------------
                                  7.73   slack (MET)


Startpoint: rst (input port clocked by clk)
Endpoint: _413_ (recovery check against rising-edge clock clk)
Path Group: asynchronous
Path Type: max
Corner: Typical

Fanout     Cap    Slew   Delay    Time   Description
-----------------------------------------------------------------------------
                          0.00    0.00   clock clk (rise edge)
                          0.00    0.00   clock network delay (propagated)
                          2.00    2.00 v input external delay
                  0.01    0.00    2.00 v rst (in)
     1    0.00                           rst (net)
                  0.01    0.00    2.00 v input2/A (sky130_fd_sc_hd__buf_1)
                  0.05    0.10    2.11 v input2/X (sky130_fd_sc_hd__buf_1)
     3    0.01                           net2 (net)
                  0.05    0.00    2.11 v _355_/A (sky130_fd_sc_hd__buf_4)
                  0.08    0.20    2.31 v _355_/X (sky130_fd_sc_hd__buf_4)
    10    0.05                           _199_ (net)
                  0.08    0.00    2.31 v _356_/A (sky130_fd_sc_hd__buf_4)
                  0.08    0.22    2.53 v _356_/X (sky130_fd_sc_hd__buf_4)
    10    0.06                           _200_ (net)
                  0.08    0.00    2.53 v _362_/A (sky130_fd_sc_hd__inv_2)
                  0.03    0.06    2.59 ^ _362_/Y (sky130_fd_sc_hd__inv_2)
     1    0.00                           _007_ (net)
                  0.03    0.00    2.59 ^ _413_/RESET_B (sky130_fd_sc_hd__dfrtp_1)
                                  2.59   data arrival time

                         10.00   10.00   clock clk (rise edge)
                          0.00   10.00   clock source latency
                  0.08    0.05   10.05 ^ clk (in)
     1    0.02                           clk (net)
                  0.08    0.00   10.05 ^ clkbuf_0_clk/A (sky130_fd_sc_hd__clkbuf_16)
                  0.06    0.15   10.20 ^ clkbuf_0_clk/X (sky130_fd_sc_hd__clkbuf_16)
     4    0.04                           clknet_0_clk (net)
                  0.06    0.00   10.20 ^ clkbuf_2_2__f_clk/A (sky130_fd_sc_hd__clkbuf_16)
                  0.05    0.14   10.34 ^ clkbuf_2_2__f_clk/X (sky130_fd_sc_hd__clkbuf_16)
    10    0.03                           clknet_2_2__leaf_clk (net)
                  0.05    0.00   10.34 ^ _413_/CLK (sky130_fd_sc_hd__dfrtp_1)
                         -0.25   10.09   clock uncertainty
                          0.00   10.09   clock reconvergence pessimism
                          0.24   10.32   library recovery time
                                 10.32   data required time
-----------------------------------------------------------------------------
                                 10.32   data required time
                                 -2.59   data arrival time
-----------------------------------------------------------------------------
                                  7.73   slack (MET)


Startpoint: rst (input port clocked by clk)
Endpoint: _412_ (recovery check against rising-edge clock clk)
Path Group: asynchronous
Path Type: max
Corner: Typical

Fanout     Cap    Slew   Delay    Time   Description
-----------------------------------------------------------------------------
                          0.00    0.00   clock clk (rise edge)
                          0.00    0.00   clock network delay (propagated)
                          2.00    2.00 v input external delay
                  0.01    0.00    2.00 v rst (in)
     1    0.00                           rst (net)
                  0.01    0.00    2.00 v input2/A (sky130_fd_sc_hd__buf_1)
                  0.05    0.10    2.11 v input2/X (sky130_fd_sc_hd__buf_1)
     3    0.01                           net2 (net)
                  0.05    0.00    2.11 v _355_/A (sky130_fd_sc_hd__buf_4)
                  0.08    0.20    2.31 v _355_/X (sky130_fd_sc_hd__buf_4)
    10    0.05                           _199_ (net)
                  0.08    0.00    2.31 v _356_/A (sky130_fd_sc_hd__buf_4)
                  0.08    0.22    2.53 v _356_/X (sky130_fd_sc_hd__buf_4)
    10    0.06                           _200_ (net)
                  0.08    0.00    2.53 v _361_/A (sky130_fd_sc_hd__inv_2)
                  0.03    0.06    2.59 ^ _361_/Y (sky130_fd_sc_hd__inv_2)
     1    0.00                           _006_ (net)
                  0.03    0.00    2.59 ^ _412_/RESET_B (sky130_fd_sc_hd__dfrtp_1)
                                  2.59   data arrival time

                         10.00   10.00   clock clk (rise edge)
                          0.00   10.00   clock source latency
                  0.08    0.05   10.05 ^ clk (in)
     1    0.02                           clk (net)
                  0.08    0.00   10.05 ^ clkbuf_0_clk/A (sky130_fd_sc_hd__clkbuf_16)
                  0.06    0.15   10.20 ^ clkbuf_0_clk/X (sky130_fd_sc_hd__clkbuf_16)
     4    0.04                           clknet_0_clk (net)
                  0.06    0.00   10.20 ^ clkbuf_2_2__f_clk/A (sky130_fd_sc_hd__clkbuf_16)
                  0.05    0.14   10.34 ^ clkbuf_2_2__f_clk/X (sky130_fd_sc_hd__clkbuf_16)
    10    0.03                           clknet_2_2__leaf_clk (net)
                  0.05    0.00   10.34 ^ _412_/CLK (sky130_fd_sc_hd__dfrtp_1)
                         -0.25   10.09   clock uncertainty
                          0.00   10.09   clock reconvergence pessimism
                          0.24   10.32   library recovery time
                                 10.32   data required time
-----------------------------------------------------------------------------
                                 10.32   data required time
                                 -2.59   data arrival time
-----------------------------------------------------------------------------
                                  7.73   slack (MET)


Startpoint: rst (input port clocked by clk)
Endpoint: _414_ (recovery check against rising-edge clock clk)
Path Group: asynchronous
Path Type: max
Corner: Typical

Fanout     Cap    Slew   Delay    Time   Description
-----------------------------------------------------------------------------
                          0.00    0.00   clock clk (rise edge)
                          0.00    0.00   clock network delay (propagated)
                          2.00    2.00 v input external delay
                  0.01    0.00    2.00 v rst (in)
     1    0.00                           rst (net)
                  0.01    0.00    2.00 v input2/A (sky130_fd_sc_hd__buf_1)
                  0.05    0.10    2.11 v input2/X (sky130_fd_sc_hd__buf_1)
     3    0.01                           net2 (net)
                  0.05    0.00    2.11 v _355_/A (sky130_fd_sc_hd__buf_4)
                  0.08    0.20    2.31 v _355_/X (sky130_fd_sc_hd__buf_4)
    10    0.05                           _199_ (net)
                  0.08    0.00    2.31 v _356_/A (sky130_fd_sc_hd__buf_4)
                  0.08    0.22    2.53 v _356_/X (sky130_fd_sc_hd__buf_4)
    10    0.06                           _200_ (net)
                  0.08    0.00    2.53 v _363_/A (sky130_fd_sc_hd__inv_2)
                  0.03    0.06    2.59 ^ _363_/Y (sky130_fd_sc_hd__inv_2)
     1    0.00                           _008_ (net)
                  0.03    0.00    2.59 ^ _414_/RESET_B (sky130_fd_sc_hd__dfrtp_1)
                                  2.59   data arrival time

                         10.00   10.00   clock clk (rise edge)
                          0.00   10.00   clock source latency
                  0.08    0.05   10.05 ^ clk (in)
     1    0.02                           clk (net)
                  0.08    0.00   10.05 ^ clkbuf_0_clk/A (sky130_fd_sc_hd__clkbuf_16)
                  0.06    0.15   10.20 ^ clkbuf_0_clk/X (sky130_fd_sc_hd__clkbuf_16)
     4    0.04                           clknet_0_clk (net)
                  0.06    0.00   10.20 ^ clkbuf_2_2__f_clk/A (sky130_fd_sc_hd__clkbuf_16)
                  0.05    0.14   10.34 ^ clkbuf_2_2__f_clk/X (sky130_fd_sc_hd__clkbuf_16)
    10    0.03                           clknet_2_2__leaf_clk (net)
                  0.05    0.00   10.34 ^ _414_/CLK (sky130_fd_sc_hd__dfrtp_1)
                         -0.25   10.09   clock uncertainty
                          0.00   10.09   clock reconvergence pessimism
                          0.24   10.32   library recovery time
                                 10.32   data required time
-----------------------------------------------------------------------------
                                 10.32   data required time
                                 -2.59   data arrival time
-----------------------------------------------------------------------------
                                  7.73   slack (MET)


Startpoint: rst (input port clocked by clk)
Endpoint: _410_ (recovery check against rising-edge clock clk)
Path Group: asynchronous
Path Type: max
Corner: Typical

Fanout     Cap    Slew   Delay    Time   Description
-----------------------------------------------------------------------------
                          0.00    0.00   clock clk (rise edge)
                          0.00    0.00   clock network delay (propagated)
                          2.00    2.00 v input external delay
                  0.01    0.00    2.00 v rst (in)
     1    0.00                           rst (net)
                  0.01    0.00    2.00 v input2/A (sky130_fd_sc_hd__buf_1)
                  0.05    0.10    2.11 v input2/X (sky130_fd_sc_hd__buf_1)
     3    0.01                           net2 (net)
                  0.05    0.00    2.11 v _355_/A (sky130_fd_sc_hd__buf_4)
                  0.08    0.20    2.31 v _355_/X (sky130_fd_sc_hd__buf_4)
    10    0.05                           _199_ (net)
                  0.08    0.00    2.31 v _356_/A (sky130_fd_sc_hd__buf_4)
                  0.08    0.22    2.53 v _356_/X (sky130_fd_sc_hd__buf_4)
    10    0.06                           _200_ (net)
                  0.08    0.00    2.53 v _359_/A (sky130_fd_sc_hd__inv_2)
                  0.03    0.06    2.59 ^ _359_/Y (sky130_fd_sc_hd__inv_2)
     1    0.00                           _004_ (net)
                  0.03    0.00    2.59 ^ _410_/RESET_B (sky130_fd_sc_hd__dfrtp_2)
                                  2.59   data arrival time

                         10.00   10.00   clock clk (rise edge)
                          0.00   10.00   clock source latency
                  0.08    0.05   10.05 ^ clk (in)
     1    0.02                           clk (net)
                  0.08    0.00   10.05 ^ clkbuf_0_clk/A (sky130_fd_sc_hd__clkbuf_16)
                  0.06    0.15   10.20 ^ clkbuf_0_clk/X (sky130_fd_sc_hd__clkbuf_16)
     4    0.04                           clknet_0_clk (net)
                  0.06    0.00   10.20 ^ clkbuf_2_0__f_clk/A (sky130_fd_sc_hd__clkbuf_16)
                  0.06    0.14   10.34 ^ clkbuf_2_0__f_clk/X (sky130_fd_sc_hd__clkbuf_16)
    14    0.04                           clknet_2_0__leaf_clk (net)
                  0.06    0.00   10.34 ^ _410_/CLK (sky130_fd_sc_hd__dfrtp_2)
                         -0.25   10.09   clock uncertainty
                          0.00   10.09   clock reconvergence pessimism
                          0.23   10.32   library recovery time
                                 10.32   data required time
-----------------------------------------------------------------------------
                                 10.32   data required time
                                 -2.59   data arrival time
-----------------------------------------------------------------------------
                                  7.73   slack (MET)


Startpoint: rst (input port clocked by clk)
Endpoint: _425_ (recovery check against rising-edge clock clk)
Path Group: asynchronous
Path Type: max
Corner: Typical

Fanout     Cap    Slew   Delay    Time   Description
-----------------------------------------------------------------------------
                          0.00    0.00   clock clk (rise edge)
                          0.00    0.00   clock network delay (propagated)
                          2.00    2.00 v input external delay
                  0.01    0.00    2.00 v rst (in)
     1    0.00                           rst (net)
                  0.01    0.00    2.00 v input2/A (sky130_fd_sc_hd__buf_1)
                  0.05    0.10    2.11 v input2/X (sky130_fd_sc_hd__buf_1)
     3    0.01                           net2 (net)
                  0.05    0.00    2.11 v _355_/A (sky130_fd_sc_hd__buf_4)
                  0.08    0.20    2.31 v _355_/X (sky130_fd_sc_hd__buf_4)
    10    0.05                           _199_ (net)
                  0.08    0.00    2.31 v _367_/A (sky130_fd_sc_hd__clkbuf_8)
                  0.09    0.21    2.52 v _367_/X (sky130_fd_sc_hd__clkbuf_8)
    10    0.07                           _201_ (net)
                  0.09    0.00    2.53 v _375_/A (sky130_fd_sc_hd__inv_2)
                  0.03    0.06    2.59 ^ _375_/Y (sky130_fd_sc_hd__inv_2)
     1    0.00                           _019_ (net)
                  0.03    0.00    2.59 ^ _425_/RESET_B (sky130_fd_sc_hd__dfrtp_1)
                                  2.59   data arrival time

                         10.00   10.00   clock clk (rise edge)
                          0.00   10.00   clock source latency
                  0.08    0.05   10.05 ^ clk (in)
     1    0.02                           clk (net)
                  0.08    0.00   10.05 ^ clkbuf_0_clk/A (sky130_fd_sc_hd__clkbuf_16)
                  0.06    0.15   10.20 ^ clkbuf_0_clk/X (sky130_fd_sc_hd__clkbuf_16)
     4    0.04                           clknet_0_clk (net)
                  0.06    0.00   10.20 ^ clkbuf_2_2__f_clk/A (sky130_fd_sc_hd__clkbuf_16)
                  0.05    0.14   10.34 ^ clkbuf_2_2__f_clk/X (sky130_fd_sc_hd__clkbuf_16)
    10    0.03                           clknet_2_2__leaf_clk (net)
                  0.05    0.00   10.34 ^ _425_/CLK (sky130_fd_sc_hd__dfrtp_1)
                         -0.25   10.09   clock uncertainty
                          0.00   10.09   clock reconvergence pessimism
                          0.24   10.32   library recovery time
                                 10.32   data required time
-----------------------------------------------------------------------------
                                 10.32   data required time
                                 -2.59   data arrival time
-----------------------------------------------------------------------------
                                  7.73   slack (MET)


Startpoint: rst (input port clocked by clk)
Endpoint: _422_ (recovery check against rising-edge clock clk)
Path Group: asynchronous
Path Type: max
Corner: Typical

Fanout     Cap    Slew   Delay    Time   Description
-----------------------------------------------------------------------------
                          0.00    0.00   clock clk (rise edge)
                          0.00    0.00   clock network delay (propagated)
                          2.00    2.00 v input external delay
                  0.01    0.00    2.00 v rst (in)
     1    0.00                           rst (net)
                  0.01    0.00    2.00 v input2/A (sky130_fd_sc_hd__buf_1)
                  0.05    0.10    2.11 v input2/X (sky130_fd_sc_hd__buf_1)
     3    0.01                           net2 (net)
                  0.05    0.00    2.11 v _355_/A (sky130_fd_sc_hd__buf_4)
                  0.08    0.20    2.31 v _355_/X (sky130_fd_sc_hd__buf_4)
    10    0.05                           _199_ (net)
                  0.08    0.00    2.31 v _367_/A (sky130_fd_sc_hd__clkbuf_8)
                  0.09    0.21    2.52 v _367_/X (sky130_fd_sc_hd__clkbuf_8)
    10    0.07                           _201_ (net)
                  0.09    0.00    2.52 v _372_/A (sky130_fd_sc_hd__inv_2)
                  0.03    0.06    2.59 ^ _372_/Y (sky130_fd_sc_hd__inv_2)
     1    0.00                           _016_ (net)
                  0.03    0.00    2.59 ^ _422_/RESET_B (sky130_fd_sc_hd__dfrtp_1)
                                  2.59   data arrival time

                         10.00   10.00   clock clk (rise edge)
                          0.00   10.00   clock source latency
                  0.08    0.05   10.05 ^ clk (in)
     1    0.02                           clk (net)
                  0.08    0.00   10.05 ^ clkbuf_0_clk/A (sky130_fd_sc_hd__clkbuf_16)
                  0.06    0.15   10.20 ^ clkbuf_0_clk/X (sky130_fd_sc_hd__clkbuf_16)
     4    0.04                           clknet_0_clk (net)
                  0.06    0.00   10.20 ^ clkbuf_2_2__f_clk/A (sky130_fd_sc_hd__clkbuf_16)
                  0.05    0.14   10.34 ^ clkbuf_2_2__f_clk/X (sky130_fd_sc_hd__clkbuf_16)
    10    0.03                           clknet_2_2__leaf_clk (net)
                  0.05    0.00   10.34 ^ _422_/CLK (sky130_fd_sc_hd__dfrtp_1)
                         -0.25   10.09   clock uncertainty
                          0.00   10.09   clock reconvergence pessimism
                          0.24   10.32   library recovery time
                                 10.32   data required time
-----------------------------------------------------------------------------
                                 10.32   data required time
                                 -2.59   data arrival time
-----------------------------------------------------------------------------
                                  7.73   slack (MET)


Startpoint: rst (input port clocked by clk)
Endpoint: _423_ (recovery check against rising-edge clock clk)
Path Group: asynchronous
Path Type: max
Corner: Typical

Fanout     Cap    Slew   Delay    Time   Description
-----------------------------------------------------------------------------
                          0.00    0.00   clock clk (rise edge)
                          0.00    0.00   clock network delay (propagated)
                          2.00    2.00 v input external delay
                  0.01    0.00    2.00 v rst (in)
     1    0.00                           rst (net)
                  0.01    0.00    2.00 v input2/A (sky130_fd_sc_hd__buf_1)
                  0.05    0.10    2.11 v input2/X (sky130_fd_sc_hd__buf_1)
     3    0.01                           net2 (net)
                  0.05    0.00    2.11 v _355_/A (sky130_fd_sc_hd__buf_4)
                  0.08    0.20    2.31 v _355_/X (sky130_fd_sc_hd__buf_4)
    10    0.05                           _199_ (net)
                  0.08    0.00    2.31 v _367_/A (sky130_fd_sc_hd__clkbuf_8)
                  0.09    0.21    2.52 v _367_/X (sky130_fd_sc_hd__clkbuf_8)
    10    0.07                           _201_ (net)
                  0.09    0.00    2.52 v _373_/A (sky130_fd_sc_hd__inv_2)
                  0.03    0.06    2.59 ^ _373_/Y (sky130_fd_sc_hd__inv_2)
     1    0.00                           _017_ (net)
                  0.03    0.00    2.59 ^ _423_/RESET_B (sky130_fd_sc_hd__dfrtp_1)
                                  2.59   data arrival time

                         10.00   10.00   clock clk (rise edge)
                          0.00   10.00   clock source latency
                  0.08    0.05   10.05 ^ clk (in)
     1    0.02                           clk (net)
                  0.08    0.00   10.05 ^ clkbuf_0_clk/A (sky130_fd_sc_hd__clkbuf_16)
                  0.06    0.15   10.20 ^ clkbuf_0_clk/X (sky130_fd_sc_hd__clkbuf_16)
     4    0.04                           clknet_0_clk (net)
                  0.06    0.00   10.20 ^ clkbuf_2_2__f_clk/A (sky130_fd_sc_hd__clkbuf_16)
                  0.05    0.14   10.34 ^ clkbuf_2_2__f_clk/X (sky130_fd_sc_hd__clkbuf_16)
    10    0.03                           clknet_2_2__leaf_clk (net)
                  0.05    0.00   10.34 ^ _423_/CLK (sky130_fd_sc_hd__dfrtp_1)
                         -0.25   10.09   clock uncertainty
                          0.00   10.09   clock reconvergence pessimism
                          0.24   10.32   library recovery time
                                 10.32   data required time
-----------------------------------------------------------------------------
                                 10.32   data required time
                                 -2.59   data arrival time
-----------------------------------------------------------------------------
                                  7.74   slack (MET)


Startpoint: rst (input port clocked by clk)
Endpoint: _427_ (recovery check against rising-edge clock clk)
Path Group: asynchronous
Path Type: max
Corner: Typical

Fanout     Cap    Slew   Delay    Time   Description
-----------------------------------------------------------------------------
                          0.00    0.00   clock clk (rise edge)
                          0.00    0.00   clock network delay (propagated)
                          2.00    2.00 v input external delay
                  0.01    0.00    2.00 v rst (in)
     1    0.00                           rst (net)
                  0.01    0.00    2.00 v input2/A (sky130_fd_sc_hd__buf_1)
                  0.05    0.10    2.11 v input2/X (sky130_fd_sc_hd__buf_1)
     3    0.01                           net2 (net)
                  0.05    0.00    2.11 v _355_/A (sky130_fd_sc_hd__buf_4)
                  0.08    0.20    2.31 v _355_/X (sky130_fd_sc_hd__buf_4)
    10    0.05                           _199_ (net)
                  0.08    0.00    2.31 v _367_/A (sky130_fd_sc_hd__clkbuf_8)
                  0.09    0.21    2.52 v _367_/X (sky130_fd_sc_hd__clkbuf_8)
    10    0.07                           _201_ (net)
                  0.09    0.00    2.52 v _377_/A (sky130_fd_sc_hd__inv_2)
                  0.04    0.06    2.59 ^ _377_/Y (sky130_fd_sc_hd__inv_2)
     1    0.00                           _021_ (net)
                  0.04    0.00    2.59 ^ _427_/RESET_B (sky130_fd_sc_hd__dfrtp_1)
                                  2.59   data arrival time

                         10.00   10.00   clock clk (rise edge)
                          0.00   10.00   clock source latency
                  0.08    0.05   10.05 ^ clk (in)
     1    0.02                           clk (net)
                  0.08    0.00   10.05 ^ clkbuf_0_clk/A (sky130_fd_sc_hd__clkbuf_16)
                  0.06    0.15   10.20 ^ clkbuf_0_clk/X (sky130_fd_sc_hd__clkbuf_16)
     4    0.04                           clknet_0_clk (net)
                  0.06    0.00   10.20 ^ clkbuf_2_1__f_clk/A (sky130_fd_sc_hd__clkbuf_16)
                  0.06    0.14   10.34 ^ clkbuf_2_1__f_clk/X (sky130_fd_sc_hd__clkbuf_16)
    12    0.04                           clknet_2_1__leaf_clk (net)
                  0.06    0.00   10.34 ^ _427_/CLK (sky130_fd_sc_hd__dfrtp_1)
                         -0.25   10.09   clock uncertainty
                          0.00   10.09   clock reconvergence pessimism
                          0.24   10.33   library recovery time
                                 10.33   data required time
-----------------------------------------------------------------------------
                                 10.33   data required time
                                 -2.59   data arrival time
-----------------------------------------------------------------------------
                                  7.74   slack (MET)


Startpoint: rst (input port clocked by clk)
Endpoint: _418_ (recovery check against rising-edge clock clk)
Path Group: asynchronous
Path Type: max
Corner: Typical

Fanout     Cap    Slew   Delay    Time   Description
-----------------------------------------------------------------------------
                          0.00    0.00   clock clk (rise edge)
                          0.00    0.00   clock network delay (propagated)
                          2.00    2.00 v input external delay
                  0.01    0.00    2.00 v rst (in)
     1    0.00                           rst (net)
                  0.01    0.00    2.00 v input2/A (sky130_fd_sc_hd__buf_1)
                  0.05    0.10    2.11 v input2/X (sky130_fd_sc_hd__buf_1)
     3    0.01                           net2 (net)
                  0.05    0.00    2.11 v _355_/A (sky130_fd_sc_hd__buf_4)
                  0.08    0.20    2.31 v _355_/X (sky130_fd_sc_hd__buf_4)
    10    0.05                           _199_ (net)
                  0.08    0.00    2.31 v _367_/A (sky130_fd_sc_hd__clkbuf_8)
                  0.09    0.21    2.52 v _367_/X (sky130_fd_sc_hd__clkbuf_8)
    10    0.07                           _201_ (net)
                  0.09    0.00    2.53 v _368_/A (sky130_fd_sc_hd__inv_2)
                  0.03    0.06    2.59 ^ _368_/Y (sky130_fd_sc_hd__inv_2)
     1    0.00                           _012_ (net)
                  0.03    0.00    2.59 ^ _418_/RESET_B (sky130_fd_sc_hd__dfrtp_1)
                                  2.59   data arrival time

                         10.00   10.00   clock clk (rise edge)
                          0.00   10.00   clock source latency
                  0.08    0.05   10.05 ^ clk (in)
     1    0.02                           clk (net)
                  0.08    0.00   10.05 ^ clkbuf_0_clk/A (sky130_fd_sc_hd__clkbuf_16)
                  0.06    0.15   10.20 ^ clkbuf_0_clk/X (sky130_fd_sc_hd__clkbuf_16)
     4    0.04                           clknet_0_clk (net)
                  0.06    0.00   10.20 ^ clkbuf_2_3__f_clk/A (sky130_fd_sc_hd__clkbuf_16)
                  0.06    0.14   10.34 ^ clkbuf_2_3__f_clk/X (sky130_fd_sc_hd__clkbuf_16)
    12    0.04                           clknet_2_3__leaf_clk (net)
                  0.06    0.00   10.34 ^ _418_/CLK (sky130_fd_sc_hd__dfrtp_1)
                         -0.25   10.09   clock uncertainty
                          0.00   10.09   clock reconvergence pessimism
                          0.24   10.33   library recovery time
                                 10.33   data required time
-----------------------------------------------------------------------------
                                 10.33   data required time
                                 -2.59   data arrival time
-----------------------------------------------------------------------------
                                  7.74   slack (MET)


Startpoint: rst (input port clocked by clk)
Endpoint: _419_ (recovery check against rising-edge clock clk)
Path Group: asynchronous
Path Type: max
Corner: Typical

Fanout     Cap    Slew   Delay    Time   Description
-----------------------------------------------------------------------------
                          0.00    0.00   clock clk (rise edge)
                          0.00    0.00   clock network delay (propagated)
                          2.00    2.00 v input external delay
                  0.01    0.00    2.00 v rst (in)
     1    0.00                           rst (net)
                  0.01    0.00    2.00 v input2/A (sky130_fd_sc_hd__buf_1)
                  0.05    0.10    2.11 v input2/X (sky130_fd_sc_hd__buf_1)
     3    0.01                           net2 (net)
                  0.05    0.00    2.11 v _355_/A (sky130_fd_sc_hd__buf_4)
                  0.08    0.20    2.31 v _355_/X (sky130_fd_sc_hd__buf_4)
    10    0.05                           _199_ (net)
                  0.08    0.00    2.31 v _367_/A (sky130_fd_sc_hd__clkbuf_8)
                  0.09    0.21    2.52 v _367_/X (sky130_fd_sc_hd__clkbuf_8)
    10    0.07                           _201_ (net)
                  0.09    0.00    2.53 v _369_/A (sky130_fd_sc_hd__inv_2)
                  0.03    0.06    2.59 ^ _369_/Y (sky130_fd_sc_hd__inv_2)
     1    0.00                           _013_ (net)
                  0.03    0.00    2.59 ^ _419_/RESET_B (sky130_fd_sc_hd__dfrtp_1)
                                  2.59   data arrival time

                         10.00   10.00   clock clk (rise edge)
                          0.00   10.00   clock source latency
                  0.08    0.05   10.05 ^ clk (in)
     1    0.02                           clk (net)
                  0.08    0.00   10.05 ^ clkbuf_0_clk/A (sky130_fd_sc_hd__clkbuf_16)
                  0.06    0.15   10.20 ^ clkbuf_0_clk/X (sky130_fd_sc_hd__clkbuf_16)
     4    0.04                           clknet_0_clk (net)
                  0.06    0.00   10.20 ^ clkbuf_2_3__f_clk/A (sky130_fd_sc_hd__clkbuf_16)
                  0.06    0.14   10.34 ^ clkbuf_2_3__f_clk/X (sky130_fd_sc_hd__clkbuf_16)
    12    0.04                           clknet_2_3__leaf_clk (net)
                  0.06    0.00   10.34 ^ _419_/CLK (sky130_fd_sc_hd__dfrtp_1)
                         -0.25   10.09   clock uncertainty
                          0.00   10.09   clock reconvergence pessimism
                          0.24   10.33   library recovery time
                                 10.33   data required time
-----------------------------------------------------------------------------
                                 10.33   data required time
                                 -2.59   data arrival time
-----------------------------------------------------------------------------
                                  7.74   slack (MET)


Startpoint: rst (input port clocked by clk)
Endpoint: _421_ (recovery check against rising-edge clock clk)
Path Group: asynchronous
Path Type: max
Corner: Typical

Fanout     Cap    Slew   Delay    Time   Description
-----------------------------------------------------------------------------
                          0.00    0.00   clock clk (rise edge)
                          0.00    0.00   clock network delay (propagated)
                          2.00    2.00 v input external delay
                  0.01    0.00    2.00 v rst (in)
     1    0.00                           rst (net)
                  0.01    0.00    2.00 v input2/A (sky130_fd_sc_hd__buf_1)
                  0.05    0.10    2.11 v input2/X (sky130_fd_sc_hd__buf_1)
     3    0.01                           net2 (net)
                  0.05    0.00    2.11 v _355_/A (sky130_fd_sc_hd__buf_4)
                  0.08    0.20    2.31 v _355_/X (sky130_fd_sc_hd__buf_4)
    10    0.05                           _199_ (net)
                  0.08    0.00    2.31 v _367_/A (sky130_fd_sc_hd__clkbuf_8)
                  0.09    0.21    2.52 v _367_/X (sky130_fd_sc_hd__clkbuf_8)
    10    0.07                           _201_ (net)
                  0.09    0.00    2.53 v _371_/A (sky130_fd_sc_hd__inv_2)
                  0.03    0.06    2.59 ^ _371_/Y (sky130_fd_sc_hd__inv_2)
     1    0.00                           _015_ (net)
                  0.03    0.00    2.59 ^ _421_/RESET_B (sky130_fd_sc_hd__dfrtp_1)
                                  2.59   data arrival time

                         10.00   10.00   clock clk (rise edge)
                          0.00   10.00   clock source latency
                  0.08    0.05   10.05 ^ clk (in)
     1    0.02                           clk (net)
                  0.08    0.00   10.05 ^ clkbuf_0_clk/A (sky130_fd_sc_hd__clkbuf_16)
                  0.06    0.15   10.20 ^ clkbuf_0_clk/X (sky130_fd_sc_hd__clkbuf_16)
     4    0.04                           clknet_0_clk (net)
                  0.06    0.00   10.20 ^ clkbuf_2_3__f_clk/A (sky130_fd_sc_hd__clkbuf_16)
                  0.06    0.14   10.34 ^ clkbuf_2_3__f_clk/X (sky130_fd_sc_hd__clkbuf_16)
    12    0.04                           clknet_2_3__leaf_clk (net)
                  0.06    0.00   10.34 ^ _421_/CLK (sky130_fd_sc_hd__dfrtp_1)
                         -0.25   10.09   clock uncertainty
                          0.00   10.09   clock reconvergence pessimism
                          0.24   10.33   library recovery time
                                 10.33   data required time
-----------------------------------------------------------------------------
                                 10.33   data required time
                                 -2.59   data arrival time
-----------------------------------------------------------------------------
                                  7.74   slack (MET)


Startpoint: rst (input port clocked by clk)
Endpoint: _426_ (recovery check against rising-edge clock clk)
Path Group: asynchronous
Path Type: max
Corner: Typical

Fanout     Cap    Slew   Delay    Time   Description
-----------------------------------------------------------------------------
                          0.00    0.00   clock clk (rise edge)
                          0.00    0.00   clock network delay (propagated)
                          2.00    2.00 v input external delay
                  0.01    0.00    2.00 v rst (in)
     1    0.00                           rst (net)
                  0.01    0.00    2.00 v input2/A (sky130_fd_sc_hd__buf_1)
                  0.05    0.10    2.11 v input2/X (sky130_fd_sc_hd__buf_1)
     3    0.01                           net2 (net)
                  0.05    0.00    2.11 v _355_/A (sky130_fd_sc_hd__buf_4)
                  0.08    0.20    2.31 v _355_/X (sky130_fd_sc_hd__buf_4)
    10    0.05                           _199_ (net)
                  0.08    0.00    2.31 v _367_/A (sky130_fd_sc_hd__clkbuf_8)
                  0.09    0.21    2.52 v _367_/X (sky130_fd_sc_hd__clkbuf_8)
    10    0.07                           _201_ (net)
                  0.09    0.00    2.53 v _376_/A (sky130_fd_sc_hd__inv_2)
                  0.03    0.06    2.59 ^ _376_/Y (sky130_fd_sc_hd__inv_2)
     1    0.00                           _020_ (net)
                  0.03    0.00    2.59 ^ _426_/RESET_B (sky130_fd_sc_hd__dfrtp_1)
                                  2.59   data arrival time

                         10.00   10.00   clock clk (rise edge)
                          0.00   10.00   clock source latency
                  0.08    0.05   10.05 ^ clk (in)
     1    0.02                           clk (net)
                  0.08    0.00   10.05 ^ clkbuf_0_clk/A (sky130_fd_sc_hd__clkbuf_16)
                  0.06    0.15   10.20 ^ clkbuf_0_clk/X (sky130_fd_sc_hd__clkbuf_16)
     4    0.04                           clknet_0_clk (net)
                  0.06    0.00   10.20 ^ clkbuf_2_3__f_clk/A (sky130_fd_sc_hd__clkbuf_16)
                  0.06    0.14   10.34 ^ clkbuf_2_3__f_clk/X (sky130_fd_sc_hd__clkbuf_16)
    12    0.04                           clknet_2_3__leaf_clk (net)
                  0.06    0.00   10.34 ^ _426_/CLK (sky130_fd_sc_hd__dfrtp_1)
                         -0.25   10.09   clock uncertainty
                          0.00   10.09   clock reconvergence pessimism
                          0.24   10.33   library recovery time
                                 10.33   data required time
-----------------------------------------------------------------------------
                                 10.33   data required time
                                 -2.59   data arrival time
-----------------------------------------------------------------------------
                                  7.74   slack (MET)


Startpoint: rst (input port clocked by clk)
Endpoint: _420_ (recovery check against rising-edge clock clk)
Path Group: asynchronous
Path Type: max
Corner: Typical

Fanout     Cap    Slew   Delay    Time   Description
-----------------------------------------------------------------------------
                          0.00    0.00   clock clk (rise edge)
                          0.00    0.00   clock network delay (propagated)
                          2.00    2.00 v input external delay
                  0.01    0.00    2.00 v rst (in)
     1    0.00                           rst (net)
                  0.01    0.00    2.00 v input2/A (sky130_fd_sc_hd__buf_1)
                  0.05    0.10    2.11 v input2/X (sky130_fd_sc_hd__buf_1)
     3    0.01                           net2 (net)
                  0.05    0.00    2.11 v _355_/A (sky130_fd_sc_hd__buf_4)
                  0.08    0.20    2.31 v _355_/X (sky130_fd_sc_hd__buf_4)
    10    0.05                           _199_ (net)
                  0.08    0.00    2.31 v _367_/A (sky130_fd_sc_hd__clkbuf_8)
                  0.09    0.21    2.52 v _367_/X (sky130_fd_sc_hd__clkbuf_8)
    10    0.07                           _201_ (net)
                  0.09    0.00    2.52 v _370_/A (sky130_fd_sc_hd__inv_2)
                  0.03    0.06    2.59 ^ _370_/Y (sky130_fd_sc_hd__inv_2)
     1    0.00                           _014_ (net)
                  0.03    0.00    2.59 ^ _420_/RESET_B (sky130_fd_sc_hd__dfrtp_1)
                                  2.59   data arrival time

                         10.00   10.00   clock clk (rise edge)
                          0.00   10.00   clock source latency
                  0.08    0.05   10.05 ^ clk (in)
     1    0.02                           clk (net)
                  0.08    0.00   10.05 ^ clkbuf_0_clk/A (sky130_fd_sc_hd__clkbuf_16)
                  0.06    0.15   10.20 ^ clkbuf_0_clk/X (sky130_fd_sc_hd__clkbuf_16)
     4    0.04                           clknet_0_clk (net)
                  0.06    0.00   10.20 ^ clkbuf_2_3__f_clk/A (sky130_fd_sc_hd__clkbuf_16)
                  0.06    0.14   10.34 ^ clkbuf_2_3__f_clk/X (sky130_fd_sc_hd__clkbuf_16)
    12    0.04                           clknet_2_3__leaf_clk (net)
                  0.06    0.00   10.34 ^ _420_/CLK (sky130_fd_sc_hd__dfrtp_1)
                         -0.25   10.09   clock uncertainty
                          0.00   10.09   clock reconvergence pessimism
                          0.24   10.33   library recovery time
                                 10.33   data required time
-----------------------------------------------------------------------------
                                 10.33   data required time
                                 -2.59   data arrival time
-----------------------------------------------------------------------------
                                  7.74   slack (MET)


Startpoint: rst (input port clocked by clk)
Endpoint: _411_ (recovery check against rising-edge clock clk)
Path Group: asynchronous
Path Type: max
Corner: Typical

Fanout     Cap    Slew   Delay    Time   Description
-----------------------------------------------------------------------------
                          0.00    0.00   clock clk (rise edge)
                          0.00    0.00   clock network delay (propagated)
                          2.00    2.00 v input external delay
                  0.01    0.00    2.00 v rst (in)
     1    0.00                           rst (net)
                  0.01    0.00    2.00 v input2/A (sky130_fd_sc_hd__buf_1)
                  0.05    0.10    2.11 v input2/X (sky130_fd_sc_hd__buf_1)
     3    0.01                           net2 (net)
                  0.05    0.00    2.11 v _355_/A (sky130_fd_sc_hd__buf_4)
                  0.08    0.20    2.31 v _355_/X (sky130_fd_sc_hd__buf_4)
    10    0.05                           _199_ (net)
                  0.08    0.00    2.31 v _356_/A (sky130_fd_sc_hd__buf_4)
                  0.08    0.22    2.53 v _356_/X (sky130_fd_sc_hd__buf_4)
    10    0.06                           _200_ (net)
                  0.08    0.00    2.53 v _360_/A (sky130_fd_sc_hd__inv_2)
                  0.03    0.06    2.59 ^ _360_/Y (sky130_fd_sc_hd__inv_2)
     1    0.00                           _005_ (net)
                  0.03    0.00    2.59 ^ _411_/RESET_B (sky130_fd_sc_hd__dfrtp_1)
                                  2.59   data arrival time

                         10.00   10.00   clock clk (rise edge)
                          0.00   10.00   clock source latency
                  0.08    0.05   10.05 ^ clk (in)
     1    0.02                           clk (net)
                  0.08    0.00   10.05 ^ clkbuf_0_clk/A (sky130_fd_sc_hd__clkbuf_16)
                  0.06    0.15   10.20 ^ clkbuf_0_clk/X (sky130_fd_sc_hd__clkbuf_16)
     4    0.04                           clknet_0_clk (net)
                  0.06    0.00   10.20 ^ clkbuf_2_0__f_clk/A (sky130_fd_sc_hd__clkbuf_16)
                  0.06    0.14   10.34 ^ clkbuf_2_0__f_clk/X (sky130_fd_sc_hd__clkbuf_16)
    14    0.04                           clknet_2_0__leaf_clk (net)
                  0.06    0.00   10.34 ^ _411_/CLK (sky130_fd_sc_hd__dfrtp_1)
                         -0.25   10.09   clock uncertainty
                          0.00   10.09   clock reconvergence pessimism
                          0.24   10.33   library recovery time
                                 10.33   data required time
-----------------------------------------------------------------------------
                                 10.33   data required time
                                 -2.59   data arrival time
-----------------------------------------------------------------------------
                                  7.74   slack (MET)


Startpoint: _421_ (rising edge-triggered flip-flop clocked by clk)
Endpoint: _435_ (rising edge-triggered flip-flop clocked by clk)
Path Group: clk
Path Type: max
Corner: Typical

Fanout     Cap    Slew   Delay    Time   Description
-----------------------------------------------------------------------------
                          0.00    0.00   clock clk (rise edge)
                          0.00    0.00   clock source latency
                  0.08    0.06    0.06 ^ clk (in)
     1    0.02                           clk (net)
                  0.08    0.00    0.06 ^ clkbuf_0_clk/A (sky130_fd_sc_hd__clkbuf_16)
                  0.06    0.16    0.22 ^ clkbuf_0_clk/X (sky130_fd_sc_hd__clkbuf_16)
     4    0.04                           clknet_0_clk (net)
                  0.06    0.00    0.22 ^ clkbuf_2_3__f_clk/A (sky130_fd_sc_hd__clkbuf_16)
                  0.06    0.15    0.37 ^ clkbuf_2_3__f_clk/X (sky130_fd_sc_hd__clkbuf_16)
    12    0.04                           clknet_2_3__leaf_clk (net)
                  0.06    0.00    0.38 ^ _421_/CLK (sky130_fd_sc_hd__dfrtp_1)
                  0.08    0.42    0.80 v _421_/Q (sky130_fd_sc_hd__dfrtp_1)
     3    0.01                           clk_count[13] (net)
                  0.08    0.00    0.80 v _205_/A (sky130_fd_sc_hd__or4_1)
                  0.09    0.57    1.37 v _205_/X (sky130_fd_sc_hd__or4_1)
     1    0.00                           _097_ (net)
                  0.09    0.00    1.37 v _209_/A (sky130_fd_sc_hd__nor4_1)
                  0.42    0.46    1.83 ^ _209_/Y (sky130_fd_sc_hd__nor4_1)
     2    0.01                           _101_ (net)
                  0.42    0.00    1.83 ^ max_cap25/A (sky130_fd_sc_hd__buf_1)
                  0.15    0.22    2.05 ^ max_cap25/X (sky130_fd_sc_hd__buf_1)
     3    0.01                           net25 (net)
                  0.15    0.00    2.05 ^ _273_/A (sky130_fd_sc_hd__inv_2)
                  0.04    0.05    2.10 v _273_/Y (sky130_fd_sc_hd__inv_2)
     2    0.01                           _144_ (net)
                  0.04    0.00    2.10 v _274_/A2 (sky130_fd_sc_hd__a21oi_1)
                  0.11    0.14    2.24 ^ _274_/Y (sky130_fd_sc_hd__a21oi_1)
     1    0.00                           _075_ (net)
                  0.11    0.00    2.24 ^ _435_/D (sky130_fd_sc_hd__dfrtp_2)
                                  2.24   data arrival time

                         10.00   10.00   clock clk (rise edge)
                          0.00   10.00   clock source latency
                  0.08    0.05   10.05 ^ clk (in)
     1    0.02                           clk (net)
                  0.08    0.00   10.05 ^ clkbuf_0_clk/A (sky130_fd_sc_hd__clkbuf_16)
                  0.06    0.15   10.20 ^ clkbuf_0_clk/X (sky130_fd_sc_hd__clkbuf_16)
     4    0.04                           clknet_0_clk (net)
                  0.06    0.00   10.20 ^ clkbuf_2_0__f_clk/A (sky130_fd_sc_hd__clkbuf_16)
                  0.06    0.14   10.34 ^ clkbuf_2_0__f_clk/X (sky130_fd_sc_hd__clkbuf_16)
    14    0.04                           clknet_2_0__leaf_clk (net)
                  0.06    0.00   10.34 ^ _435_/CLK (sky130_fd_sc_hd__dfrtp_2)
                         -0.25   10.09   clock uncertainty
                          0.02   10.11   clock reconvergence pessimism
                         -0.08   10.04   library setup time
                                 10.04   data required time
-----------------------------------------------------------------------------
                                 10.04   data required time
                                 -2.24   data arrival time
-----------------------------------------------------------------------------
                                  7.79   slack (MET)


Startpoint: rst (input port clocked by clk)
Endpoint: _436_ (recovery check against rising-edge clock clk)
Path Group: asynchronous
Path Type: max
Corner: Typical

Fanout     Cap    Slew   Delay    Time   Description
-----------------------------------------------------------------------------
                          0.00    0.00   clock clk (rise edge)
                          0.00    0.00   clock network delay (propagated)
                          2.00    2.00 v input external delay
                  0.01    0.00    2.00 v rst (in)
     1    0.00                           rst (net)
                  0.01    0.00    2.00 v input2/A (sky130_fd_sc_hd__buf_1)
                  0.05    0.10    2.11 v input2/X (sky130_fd_sc_hd__buf_1)
     3    0.01                           net2 (net)
                  0.05    0.00    2.11 v _378_/A (sky130_fd_sc_hd__buf_4)
                  0.09    0.21    2.32 v _378_/X (sky130_fd_sc_hd__buf_4)
    10    0.07                           _202_ (net)
                  0.09    0.00    2.32 v _387_/A (sky130_fd_sc_hd__inv_2)
                  0.04    0.07    2.39 ^ _387_/Y (sky130_fd_sc_hd__inv_2)
     1    0.00                           _030_ (net)
                  0.04    0.00    2.39 ^ _436_/SET_B (sky130_fd_sc_hd__dfstp_1)
                                  2.39   data arrival time

                         10.00   10.00   clock clk (rise edge)
                          0.00   10.00   clock source latency
                  0.08    0.05   10.05 ^ clk (in)
     1    0.02                           clk (net)
                  0.08    0.00   10.05 ^ clkbuf_0_clk/A (sky130_fd_sc_hd__clkbuf_16)
                  0.06    0.15   10.20 ^ clkbuf_0_clk/X (sky130_fd_sc_hd__clkbuf_16)
     4    0.04                           clknet_0_clk (net)
                  0.06    0.00   10.20 ^ clkbuf_2_3__f_clk/A (sky130_fd_sc_hd__clkbuf_16)
                  0.06    0.14   10.34 ^ clkbuf_2_3__f_clk/X (sky130_fd_sc_hd__clkbuf_16)
    12    0.04                           clknet_2_3__leaf_clk (net)
                  0.06    0.00   10.34 ^ _436_/CLK (sky130_fd_sc_hd__dfstp_1)
                         -0.25   10.09   clock uncertainty
                          0.00   10.09   clock reconvergence pessimism
                          0.14   10.23   library recovery time
                                 10.23   data required time
-----------------------------------------------------------------------------
                                 10.23   data required time
                                 -2.39   data arrival time
-----------------------------------------------------------------------------
                                  7.84   slack (MET)


Startpoint: rst (input port clocked by clk)
Endpoint: _435_ (recovery check against rising-edge clock clk)
Path Group: asynchronous
Path Type: max
Corner: Typical

Fanout     Cap    Slew   Delay    Time   Description
-----------------------------------------------------------------------------
                          0.00    0.00   clock clk (rise edge)
                          0.00    0.00   clock network delay (propagated)
                          2.00    2.00 v input external delay
                  0.01    0.00    2.00 v rst (in)
     1    0.00                           rst (net)
                  0.01    0.00    2.00 v input2/A (sky130_fd_sc_hd__buf_1)
                  0.05    0.10    2.11 v input2/X (sky130_fd_sc_hd__buf_1)
     3    0.01                           net2 (net)
                  0.05    0.00    2.11 v _378_/A (sky130_fd_sc_hd__buf_4)
                  0.09    0.21    2.32 v _378_/X (sky130_fd_sc_hd__buf_4)
    10    0.07                           _202_ (net)
                  0.09    0.00    2.32 v _386_/A (sky130_fd_sc_hd__inv_2)
                  0.04    0.06    2.39 ^ _386_/Y (sky130_fd_sc_hd__inv_2)
     1    0.00                           _029_ (net)
                  0.04    0.00    2.39 ^ _435_/RESET_B (sky130_fd_sc_hd__dfrtp_2)
                                  2.39   data arrival time

                         10.00   10.00   clock clk (rise edge)
                          0.00   10.00   clock source latency
                  0.08    0.05   10.05 ^ clk (in)
     1    0.02                           clk (net)
                  0.08    0.00   10.05 ^ clkbuf_0_clk/A (sky130_fd_sc_hd__clkbuf_16)
                  0.06    0.15   10.20 ^ clkbuf_0_clk/X (sky130_fd_sc_hd__clkbuf_16)
     4    0.04                           clknet_0_clk (net)
                  0.06    0.00   10.20 ^ clkbuf_2_0__f_clk/A (sky130_fd_sc_hd__clkbuf_16)
                  0.06    0.14   10.34 ^ clkbuf_2_0__f_clk/X (sky130_fd_sc_hd__clkbuf_16)
    14    0.04                           clknet_2_0__leaf_clk (net)
                  0.06    0.00   10.34 ^ _435_/CLK (sky130_fd_sc_hd__dfrtp_2)
                         -0.25   10.09   clock uncertainty
                          0.00   10.09   clock reconvergence pessimism
                          0.23   10.32   library recovery time
                                 10.32   data required time
-----------------------------------------------------------------------------
                                 10.32   data required time
                                 -2.39   data arrival time
-----------------------------------------------------------------------------
                                  7.93   slack (MET)


Startpoint: rst (input port clocked by clk)
Endpoint: _433_ (recovery check against rising-edge clock clk)
Path Group: asynchronous
Path Type: max
Corner: Typical

Fanout     Cap    Slew   Delay    Time   Description
-----------------------------------------------------------------------------
                          0.00    0.00   clock clk (rise edge)
                          0.00    0.00   clock network delay (propagated)
                          2.00    2.00 v input external delay
                  0.01    0.00    2.00 v rst (in)
     1    0.00                           rst (net)
                  0.01    0.00    2.00 v input2/A (sky130_fd_sc_hd__buf_1)
                  0.05    0.10    2.11 v input2/X (sky130_fd_sc_hd__buf_1)
     3    0.01                           net2 (net)
                  0.05    0.00    2.11 v _378_/A (sky130_fd_sc_hd__buf_4)
                  0.09    0.21    2.32 v _378_/X (sky130_fd_sc_hd__buf_4)
    10    0.07                           _202_ (net)
                  0.09    0.00    2.32 v _384_/A (sky130_fd_sc_hd__inv_2)
                  0.04    0.07    2.39 ^ _384_/Y (sky130_fd_sc_hd__inv_2)
     1    0.00                           _027_ (net)
                  0.04    0.00    2.39 ^ _433_/RESET_B (sky130_fd_sc_hd__dfrtp_1)
                                  2.39   data arrival time

                         10.00   10.00   clock clk (rise edge)
                          0.00   10.00   clock source latency
                  0.08    0.05   10.05 ^ clk (in)
     1    0.02                           clk (net)
                  0.08    0.00   10.05 ^ clkbuf_0_clk/A (sky130_fd_sc_hd__clkbuf_16)
                  0.06    0.15   10.20 ^ clkbuf_0_clk/X (sky130_fd_sc_hd__clkbuf_16)
     4    0.04                           clknet_0_clk (net)
                  0.06    0.00   10.20 ^ clkbuf_2_1__f_clk/A (sky130_fd_sc_hd__clkbuf_16)
                  0.06    0.14   10.34 ^ clkbuf_2_1__f_clk/X (sky130_fd_sc_hd__clkbuf_16)
    12    0.04                           clknet_2_1__leaf_clk (net)
                  0.06    0.00   10.34 ^ _433_/CLK (sky130_fd_sc_hd__dfrtp_1)
                         -0.25   10.09   clock uncertainty
                          0.00   10.09   clock reconvergence pessimism
                          0.24   10.33   library recovery time
                                 10.33   data required time
-----------------------------------------------------------------------------
                                 10.33   data required time
                                 -2.39   data arrival time
-----------------------------------------------------------------------------
                                  7.93   slack (MET)


Startpoint: rst (input port clocked by clk)
Endpoint: _434_ (recovery check against rising-edge clock clk)
Path Group: asynchronous
Path Type: max
Corner: Typical

Fanout     Cap    Slew   Delay    Time   Description
-----------------------------------------------------------------------------
                          0.00    0.00   clock clk (rise edge)
                          0.00    0.00   clock network delay (propagated)
                          2.00    2.00 v input external delay
                  0.01    0.00    2.00 v rst (in)
     1    0.00                           rst (net)
                  0.01    0.00    2.00 v input2/A (sky130_fd_sc_hd__buf_1)
                  0.05    0.10    2.11 v input2/X (sky130_fd_sc_hd__buf_1)
     3    0.01                           net2 (net)
                  0.05    0.00    2.11 v _378_/A (sky130_fd_sc_hd__buf_4)
                  0.09    0.21    2.32 v _378_/X (sky130_fd_sc_hd__buf_4)
    10    0.07                           _202_ (net)
                  0.09    0.00    2.32 v _385_/A (sky130_fd_sc_hd__inv_2)
                  0.04    0.07    2.39 ^ _385_/Y (sky130_fd_sc_hd__inv_2)
     1    0.00                           _028_ (net)
                  0.04    0.00    2.39 ^ _434_/RESET_B (sky130_fd_sc_hd__dfrtp_1)
                                  2.39   data arrival time

                         10.00   10.00   clock clk (rise edge)
                          0.00   10.00   clock source latency
                  0.08    0.05   10.05 ^ clk (in)
     1    0.02                           clk (net)
                  0.08    0.00   10.05 ^ clkbuf_0_clk/A (sky130_fd_sc_hd__clkbuf_16)
                  0.06    0.15   10.20 ^ clkbuf_0_clk/X (sky130_fd_sc_hd__clkbuf_16)
     4    0.04                           clknet_0_clk (net)
                  0.06    0.00   10.20 ^ clkbuf_2_1__f_clk/A (sky130_fd_sc_hd__clkbuf_16)
                  0.06    0.14   10.34 ^ clkbuf_2_1__f_clk/X (sky130_fd_sc_hd__clkbuf_16)
    12    0.04                           clknet_2_1__leaf_clk (net)
                  0.06    0.00   10.34 ^ _434_/CLK (sky130_fd_sc_hd__dfrtp_1)
                         -0.25   10.09   clock uncertainty
                          0.00   10.09   clock reconvergence pessimism
                          0.24   10.33   library recovery time
                                 10.33   data required time
-----------------------------------------------------------------------------
                                 10.33   data required time
                                 -2.39   data arrival time
-----------------------------------------------------------------------------
                                  7.94   slack (MET)


Startpoint: rst (input port clocked by clk)
Endpoint: _437_ (recovery check against rising-edge clock clk)
Path Group: asynchronous
Path Type: max
Corner: Typical

Fanout     Cap    Slew   Delay    Time   Description
-----------------------------------------------------------------------------
                          0.00    0.00   clock clk (rise edge)
                          0.00    0.00   clock network delay (propagated)
                          2.00    2.00 v input external delay
                  0.01    0.00    2.00 v rst (in)
     1    0.00                           rst (net)
                  0.01    0.00    2.00 v input2/A (sky130_fd_sc_hd__buf_1)
                  0.05    0.10    2.11 v input2/X (sky130_fd_sc_hd__buf_1)
     3    0.01                           net2 (net)
                  0.05    0.00    2.11 v _378_/A (sky130_fd_sc_hd__buf_4)
                  0.09    0.21    2.32 v _378_/X (sky130_fd_sc_hd__buf_4)
    10    0.07                           _202_ (net)
                  0.09    0.00    2.32 v _388_/A (sky130_fd_sc_hd__inv_2)
                  0.04    0.07    2.39 ^ _388_/Y (sky130_fd_sc_hd__inv_2)
     1    0.00                           _031_ (net)
                  0.04    0.00    2.39 ^ _437_/RESET_B (sky130_fd_sc_hd__dfrtp_1)
                                  2.39   data arrival time

                         10.00   10.00   clock clk (rise edge)
                          0.00   10.00   clock source latency
                  0.08    0.05   10.05 ^ clk (in)
     1    0.02                           clk (net)
                  0.08    0.00   10.05 ^ clkbuf_0_clk/A (sky130_fd_sc_hd__clkbuf_16)
                  0.06    0.15   10.20 ^ clkbuf_0_clk/X (sky130_fd_sc_hd__clkbuf_16)
     4    0.04                           clknet_0_clk (net)
                  0.06    0.00   10.20 ^ clkbuf_2_3__f_clk/A (sky130_fd_sc_hd__clkbuf_16)
                  0.06    0.14   10.34 ^ clkbuf_2_3__f_clk/X (sky130_fd_sc_hd__clkbuf_16)
    12    0.04                           clknet_2_3__leaf_clk (net)
                  0.06    0.00   10.34 ^ _437_/CLK (sky130_fd_sc_hd__dfrtp_1)
                         -0.25   10.09   clock uncertainty
                          0.00   10.09   clock reconvergence pessimism
                          0.24   10.33   library recovery time
                                 10.33   data required time
-----------------------------------------------------------------------------
                                 10.33   data required time
                                 -2.39   data arrival time
-----------------------------------------------------------------------------
                                  7.94   slack (MET)


Startpoint: rst (input port clocked by clk)
Endpoint: _429_ (recovery check against rising-edge clock clk)
Path Group: asynchronous
Path Type: max
Corner: Typical

Fanout     Cap    Slew   Delay    Time   Description
-----------------------------------------------------------------------------
                          0.00    0.00   clock clk (rise edge)
                          0.00    0.00   clock network delay (propagated)
                          2.00    2.00 v input external delay
                  0.01    0.00    2.00 v rst (in)
     1    0.00                           rst (net)
                  0.01    0.00    2.00 v input2/A (sky130_fd_sc_hd__buf_1)
                  0.05    0.10    2.11 v input2/X (sky130_fd_sc_hd__buf_1)
     3    0.01                           net2 (net)
                  0.05    0.00    2.11 v _378_/A (sky130_fd_sc_hd__buf_4)
                  0.09    0.21    2.32 v _378_/X (sky130_fd_sc_hd__buf_4)
    10    0.07                           _202_ (net)
                  0.09    0.00    2.32 v _380_/A (sky130_fd_sc_hd__inv_2)
                  0.04    0.07    2.39 ^ _380_/Y (sky130_fd_sc_hd__inv_2)
     1    0.00                           _023_ (net)
                  0.04    0.00    2.39 ^ _429_/RESET_B (sky130_fd_sc_hd__dfrtp_1)
                                  2.39   data arrival time

                         10.00   10.00   clock clk (rise edge)
                          0.00   10.00   clock source latency
                  0.08    0.05   10.05 ^ clk (in)
     1    0.02                           clk (net)
                  0.08    0.00   10.05 ^ clkbuf_0_clk/A (sky130_fd_sc_hd__clkbuf_16)
                  0.06    0.15   10.20 ^ clkbuf_0_clk/X (sky130_fd_sc_hd__clkbuf_16)
     4    0.04                           clknet_0_clk (net)
                  0.06    0.00   10.20 ^ clkbuf_2_0__f_clk/A (sky130_fd_sc_hd__clkbuf_16)
                  0.06    0.14   10.34 ^ clkbuf_2_0__f_clk/X (sky130_fd_sc_hd__clkbuf_16)
    14    0.04                           clknet_2_0__leaf_clk (net)
                  0.06    0.00   10.34 ^ _429_/CLK (sky130_fd_sc_hd__dfrtp_1)
                         -0.25   10.09   clock uncertainty
                          0.00   10.09   clock reconvergence pessimism
                          0.24   10.33   library recovery time
                                 10.33   data required time
-----------------------------------------------------------------------------
                                 10.33   data required time
                                 -2.39   data arrival time
-----------------------------------------------------------------------------
                                  7.94   slack (MET)


Startpoint: rst (input port clocked by clk)
Endpoint: _431_ (recovery check against rising-edge clock clk)
Path Group: asynchronous
Path Type: max
Corner: Typical

Fanout     Cap    Slew   Delay    Time   Description
-----------------------------------------------------------------------------
                          0.00    0.00   clock clk (rise edge)
                          0.00    0.00   clock network delay (propagated)
                          2.00    2.00 v input external delay
                  0.01    0.00    2.00 v rst (in)
     1    0.00                           rst (net)
                  0.01    0.00    2.00 v input2/A (sky130_fd_sc_hd__buf_1)
                  0.05    0.10    2.11 v input2/X (sky130_fd_sc_hd__buf_1)
     3    0.01                           net2 (net)
                  0.05    0.00    2.11 v _378_/A (sky130_fd_sc_hd__buf_4)
                  0.09    0.21    2.32 v _378_/X (sky130_fd_sc_hd__buf_4)
    10    0.07                           _202_ (net)
                  0.09    0.00    2.32 v _382_/A (sky130_fd_sc_hd__inv_2)
                  0.04    0.07    2.39 ^ _382_/Y (sky130_fd_sc_hd__inv_2)
     1    0.00                           _025_ (net)
                  0.04    0.00    2.39 ^ _431_/RESET_B (sky130_fd_sc_hd__dfrtp_1)
                                  2.39   data arrival time

                         10.00   10.00   clock clk (rise edge)
                          0.00   10.00   clock source latency
                  0.08    0.05   10.05 ^ clk (in)
     1    0.02                           clk (net)
                  0.08    0.00   10.05 ^ clkbuf_0_clk/A (sky130_fd_sc_hd__clkbuf_16)
                  0.06    0.15   10.20 ^ clkbuf_0_clk/X (sky130_fd_sc_hd__clkbuf_16)
     4    0.04                           clknet_0_clk (net)
                  0.06    0.00   10.20 ^ clkbuf_2_0__f_clk/A (sky130_fd_sc_hd__clkbuf_16)
                  0.06    0.14   10.34 ^ clkbuf_2_0__f_clk/X (sky130_fd_sc_hd__clkbuf_16)
    14    0.04                           clknet_2_0__leaf_clk (net)
                  0.06    0.00   10.34 ^ _431_/CLK (sky130_fd_sc_hd__dfrtp_1)
                         -0.25   10.09   clock uncertainty
                          0.00   10.09   clock reconvergence pessimism
                          0.24   10.33   library recovery time
                                 10.33   data required time
-----------------------------------------------------------------------------
                                 10.33   data required time
                                 -2.39   data arrival time
-----------------------------------------------------------------------------
                                  7.94   slack (MET)


Startpoint: rst (input port clocked by clk)
Endpoint: _432_ (recovery check against rising-edge clock clk)
Path Group: asynchronous
Path Type: max
Corner: Typical

Fanout     Cap    Slew   Delay    Time   Description
-----------------------------------------------------------------------------
                          0.00    0.00   clock clk (rise edge)
                          0.00    0.00   clock network delay (propagated)
                          2.00    2.00 v input external delay
                  0.01    0.00    2.00 v rst (in)
     1    0.00                           rst (net)
                  0.01    0.00    2.00 v input2/A (sky130_fd_sc_hd__buf_1)
                  0.05    0.10    2.11 v input2/X (sky130_fd_sc_hd__buf_1)
     3    0.01                           net2 (net)
                  0.05    0.00    2.11 v _378_/A (sky130_fd_sc_hd__buf_4)
                  0.09    0.21    2.32 v _378_/X (sky130_fd_sc_hd__buf_4)
    10    0.07                           _202_ (net)
                  0.09    0.00    2.32 v _383_/A (sky130_fd_sc_hd__inv_2)
                  0.04    0.07    2.39 ^ _383_/Y (sky130_fd_sc_hd__inv_2)
     1    0.00                           _026_ (net)
                  0.04    0.00    2.39 ^ _432_/RESET_B (sky130_fd_sc_hd__dfrtp_1)
                                  2.39   data arrival time

                         10.00   10.00   clock clk (rise edge)
                          0.00   10.00   clock source latency
                  0.08    0.05   10.05 ^ clk (in)
     1    0.02                           clk (net)
                  0.08    0.00   10.05 ^ clkbuf_0_clk/A (sky130_fd_sc_hd__clkbuf_16)
                  0.06    0.15   10.20 ^ clkbuf_0_clk/X (sky130_fd_sc_hd__clkbuf_16)
     4    0.04                           clknet_0_clk (net)
                  0.06    0.00   10.20 ^ clkbuf_2_0__f_clk/A (sky130_fd_sc_hd__clkbuf_16)
                  0.06    0.14   10.34 ^ clkbuf_2_0__f_clk/X (sky130_fd_sc_hd__clkbuf_16)
    14    0.04                           clknet_2_0__leaf_clk (net)
                  0.06    0.00   10.34 ^ _432_/CLK (sky130_fd_sc_hd__dfrtp_1)
                         -0.25   10.09   clock uncertainty
                          0.00   10.09   clock reconvergence pessimism
                          0.24   10.33   library recovery time
                                 10.33   data required time
-----------------------------------------------------------------------------
                                 10.33   data required time
                                 -2.39   data arrival time
-----------------------------------------------------------------------------
                                  7.94   slack (MET)


Startpoint: rst (input port clocked by clk)
Endpoint: _430_ (recovery check against rising-edge clock clk)
Path Group: asynchronous
Path Type: max
Corner: Typical

Fanout     Cap    Slew   Delay    Time   Description
-----------------------------------------------------------------------------
                          0.00    0.00   clock clk (rise edge)
                          0.00    0.00   clock network delay (propagated)
                          2.00    2.00 v input external delay
                  0.01    0.00    2.00 v rst (in)
     1    0.00                           rst (net)
                  0.01    0.00    2.00 v input2/A (sky130_fd_sc_hd__buf_1)
                  0.05    0.10    2.11 v input2/X (sky130_fd_sc_hd__buf_1)
     3    0.01                           net2 (net)
                  0.05    0.00    2.11 v _378_/A (sky130_fd_sc_hd__buf_4)
                  0.09    0.21    2.32 v _378_/X (sky130_fd_sc_hd__buf_4)
    10    0.07                           _202_ (net)
                  0.09    0.00    2.32 v _381_/A (sky130_fd_sc_hd__inv_2)
                  0.04    0.06    2.39 ^ _381_/Y (sky130_fd_sc_hd__inv_2)
     1    0.00                           _024_ (net)
                  0.04    0.00    2.39 ^ _430_/RESET_B (sky130_fd_sc_hd__dfrtp_1)
                                  2.39   data arrival time

                         10.00   10.00   clock clk (rise edge)
                          0.00   10.00   clock source latency
                  0.08    0.05   10.05 ^ clk (in)
     1    0.02                           clk (net)
                  0.08    0.00   10.05 ^ clkbuf_0_clk/A (sky130_fd_sc_hd__clkbuf_16)
                  0.06    0.15   10.20 ^ clkbuf_0_clk/X (sky130_fd_sc_hd__clkbuf_16)
     4    0.04                           clknet_0_clk (net)
                  0.06    0.00   10.20 ^ clkbuf_2_0__f_clk/A (sky130_fd_sc_hd__clkbuf_16)
                  0.06    0.14   10.34 ^ clkbuf_2_0__f_clk/X (sky130_fd_sc_hd__clkbuf_16)
    14    0.04                           clknet_2_0__leaf_clk (net)
                  0.06    0.00   10.34 ^ _430_/CLK (sky130_fd_sc_hd__dfrtp_1)
                         -0.25   10.09   clock uncertainty
                          0.00   10.09   clock reconvergence pessimism
                          0.24   10.33   library recovery time
                                 10.33   data required time
-----------------------------------------------------------------------------
                                 10.33   data required time
                                 -2.39   data arrival time
-----------------------------------------------------------------------------
                                  7.94   slack (MET)


Startpoint: rst (input port clocked by clk)
Endpoint: _428_ (recovery check against rising-edge clock clk)
Path Group: asynchronous
Path Type: max
Corner: Typical

Fanout     Cap    Slew   Delay    Time   Description
-----------------------------------------------------------------------------
                          0.00    0.00   clock clk (rise edge)
                          0.00    0.00   clock network delay (propagated)
                          2.00    2.00 v input external delay
                  0.01    0.00    2.00 v rst (in)
     1    0.00                           rst (net)
                  0.01    0.00    2.00 v input2/A (sky130_fd_sc_hd__buf_1)
                  0.05    0.10    2.11 v input2/X (sky130_fd_sc_hd__buf_1)
     3    0.01                           net2 (net)
                  0.05    0.00    2.11 v _378_/A (sky130_fd_sc_hd__buf_4)
                  0.09    0.21    2.32 v _378_/X (sky130_fd_sc_hd__buf_4)
    10    0.07                           _202_ (net)
                  0.09    0.00    2.32 v _379_/A (sky130_fd_sc_hd__inv_2)
                  0.04    0.06    2.39 ^ _379_/Y (sky130_fd_sc_hd__inv_2)
     1    0.00                           _022_ (net)
                  0.04    0.00    2.39 ^ _428_/RESET_B (sky130_fd_sc_hd__dfrtp_1)
                                  2.39   data arrival time

                         10.00   10.00   clock clk (rise edge)
                          0.00   10.00   clock source latency
                  0.08    0.05   10.05 ^ clk (in)
     1    0.02                           clk (net)
                  0.08    0.00   10.05 ^ clkbuf_0_clk/A (sky130_fd_sc_hd__clkbuf_16)
                  0.06    0.15   10.20 ^ clkbuf_0_clk/X (sky130_fd_sc_hd__clkbuf_16)
     4    0.04                           clknet_0_clk (net)
                  0.06    0.00   10.20 ^ clkbuf_2_0__f_clk/A (sky130_fd_sc_hd__clkbuf_16)
                  0.06    0.14   10.34 ^ clkbuf_2_0__f_clk/X (sky130_fd_sc_hd__clkbuf_16)
    14    0.04                           clknet_2_0__leaf_clk (net)
                  0.06    0.00   10.34 ^ _428_/CLK (sky130_fd_sc_hd__dfrtp_1)
                         -0.25   10.09   clock uncertainty
                          0.00   10.09   clock reconvergence pessimism
                          0.24   10.33   library recovery time
                                 10.33   data required time
-----------------------------------------------------------------------------
                                 10.33   data required time
                                 -2.39   data arrival time
-----------------------------------------------------------------------------
                                  7.94   slack (MET)


Startpoint: rst (input port clocked by clk)
Endpoint: _443_ (recovery check against rising-edge clock clk)
Path Group: asynchronous
Path Type: max
Corner: Typical

Fanout     Cap    Slew   Delay    Time   Description
-----------------------------------------------------------------------------
                          0.00    0.00   clock clk (rise edge)
                          0.00    0.00   clock network delay (propagated)
                          2.00    2.00 v input external delay
                  0.01    0.00    2.00 v rst (in)
     1    0.00                           rst (net)
                  0.01    0.00    2.00 v input2/A (sky130_fd_sc_hd__buf_1)
                  0.05    0.10    2.11 v input2/X (sky130_fd_sc_hd__buf_1)
     3    0.01                           net2 (net)
                  0.05    0.00    2.11 v _389_/A (sky130_fd_sc_hd__buf_4)
                  0.08    0.21    2.31 v _389_/X (sky130_fd_sc_hd__buf_4)
    10    0.06                           _203_ (net)
                  0.08    0.00    2.32 v _395_/A (sky130_fd_sc_hd__inv_2)
                  0.03    0.06    2.38 ^ _395_/Y (sky130_fd_sc_hd__inv_2)
     1    0.00                           _037_ (net)
                  0.03    0.00    2.38 ^ _443_/RESET_B (sky130_fd_sc_hd__dfrtp_1)
                                  2.38   data arrival time

                         10.00   10.00   clock clk (rise edge)
                          0.00   10.00   clock source latency
                  0.08    0.05   10.05 ^ clk (in)
     1    0.02                           clk (net)
                  0.08    0.00   10.05 ^ clkbuf_0_clk/A (sky130_fd_sc_hd__clkbuf_16)
                  0.06    0.15   10.20 ^ clkbuf_0_clk/X (sky130_fd_sc_hd__clkbuf_16)
     4    0.04                           clknet_0_clk (net)
                  0.06    0.00   10.20 ^ clkbuf_2_1__f_clk/A (sky130_fd_sc_hd__clkbuf_16)
                  0.06    0.14   10.34 ^ clkbuf_2_1__f_clk/X (sky130_fd_sc_hd__clkbuf_16)
    12    0.04                           clknet_2_1__leaf_clk (net)
                  0.06    0.00   10.34 ^ _443_/CLK (sky130_fd_sc_hd__dfrtp_1)
                         -0.25   10.09   clock uncertainty
                          0.00   10.09   clock reconvergence pessimism
                          0.24   10.33   library recovery time
                                 10.33   data required time
-----------------------------------------------------------------------------
                                 10.33   data required time
                                 -2.38   data arrival time
-----------------------------------------------------------------------------
                                  7.95   slack (MET)


Startpoint: rst (input port clocked by clk)
Endpoint: _440_ (recovery check against rising-edge clock clk)
Path Group: asynchronous
Path Type: max
Corner: Typical

Fanout     Cap    Slew   Delay    Time   Description
-----------------------------------------------------------------------------
                          0.00    0.00   clock clk (rise edge)
                          0.00    0.00   clock network delay (propagated)
                          2.00    2.00 v input external delay
                  0.01    0.00    2.00 v rst (in)
     1    0.00                           rst (net)
                  0.01    0.00    2.00 v input2/A (sky130_fd_sc_hd__buf_1)
                  0.05    0.10    2.11 v input2/X (sky130_fd_sc_hd__buf_1)
     3    0.01                           net2 (net)
                  0.05    0.00    2.11 v _389_/A (sky130_fd_sc_hd__buf_4)
                  0.08    0.21    2.31 v _389_/X (sky130_fd_sc_hd__buf_4)
    10    0.06                           _203_ (net)
                  0.08    0.00    2.32 v _392_/A (sky130_fd_sc_hd__inv_2)
                  0.03    0.06    2.38 ^ _392_/Y (sky130_fd_sc_hd__inv_2)
     1    0.00                           _034_ (net)
                  0.03    0.00    2.38 ^ _440_/RESET_B (sky130_fd_sc_hd__dfrtp_1)
                                  2.38   data arrival time

                         10.00   10.00   clock clk (rise edge)
                          0.00   10.00   clock source latency
                  0.08    0.05   10.05 ^ clk (in)
     1    0.02                           clk (net)
                  0.08    0.00   10.05 ^ clkbuf_0_clk/A (sky130_fd_sc_hd__clkbuf_16)
                  0.06    0.15   10.20 ^ clkbuf_0_clk/X (sky130_fd_sc_hd__clkbuf_16)
     4    0.04                           clknet_0_clk (net)
                  0.06    0.00   10.20 ^ clkbuf_2_3__f_clk/A (sky130_fd_sc_hd__clkbuf_16)
                  0.06    0.14   10.34 ^ clkbuf_2_3__f_clk/X (sky130_fd_sc_hd__clkbuf_16)
    12    0.04                           clknet_2_3__leaf_clk (net)
                  0.06    0.00   10.34 ^ _440_/CLK (sky130_fd_sc_hd__dfrtp_1)
                         -0.25   10.09   clock uncertainty
                          0.00   10.09   clock reconvergence pessimism
                          0.24   10.33   library recovery time
                                 10.33   data required time
-----------------------------------------------------------------------------
                                 10.33   data required time
                                 -2.38   data arrival time
-----------------------------------------------------------------------------
                                  7.95   slack (MET)


Startpoint: rst (input port clocked by clk)
Endpoint: _441_ (recovery check against rising-edge clock clk)
Path Group: asynchronous
Path Type: max
Corner: Typical

Fanout     Cap    Slew   Delay    Time   Description
-----------------------------------------------------------------------------
                          0.00    0.00   clock clk (rise edge)
                          0.00    0.00   clock network delay (propagated)
                          2.00    2.00 v input external delay
                  0.01    0.00    2.00 v rst (in)
     1    0.00                           rst (net)
                  0.01    0.00    2.00 v input2/A (sky130_fd_sc_hd__buf_1)
                  0.05    0.10    2.11 v input2/X (sky130_fd_sc_hd__buf_1)
     3    0.01                           net2 (net)
                  0.05    0.00    2.11 v _389_/A (sky130_fd_sc_hd__buf_4)
                  0.08    0.21    2.31 v _389_/X (sky130_fd_sc_hd__buf_4)
    10    0.06                           _203_ (net)
                  0.08    0.00    2.32 v _393_/A (sky130_fd_sc_hd__inv_2)
                  0.03    0.06    2.38 ^ _393_/Y (sky130_fd_sc_hd__inv_2)
     1    0.00                           _035_ (net)
                  0.03    0.00    2.38 ^ _441_/RESET_B (sky130_fd_sc_hd__dfrtp_1)
                                  2.38   data arrival time

                         10.00   10.00   clock clk (rise edge)
                          0.00   10.00   clock source latency
                  0.08    0.05   10.05 ^ clk (in)
     1    0.02                           clk (net)
                  0.08    0.00   10.05 ^ clkbuf_0_clk/A (sky130_fd_sc_hd__clkbuf_16)
                  0.06    0.15   10.20 ^ clkbuf_0_clk/X (sky130_fd_sc_hd__clkbuf_16)
     4    0.04                           clknet_0_clk (net)
                  0.06    0.00   10.20 ^ clkbuf_2_1__f_clk/A (sky130_fd_sc_hd__clkbuf_16)
                  0.06    0.14   10.34 ^ clkbuf_2_1__f_clk/X (sky130_fd_sc_hd__clkbuf_16)
    12    0.04                           clknet_2_1__leaf_clk (net)
                  0.06    0.00   10.34 ^ _441_/CLK (sky130_fd_sc_hd__dfrtp_1)
                         -0.25   10.09   clock uncertainty
                          0.00   10.09   clock reconvergence pessimism
                          0.24   10.33   library recovery time
                                 10.33   data required time
-----------------------------------------------------------------------------
                                 10.33   data required time
                                 -2.38   data arrival time
-----------------------------------------------------------------------------
                                  7.95   slack (MET)


Startpoint: rst (input port clocked by clk)
Endpoint: _444_ (recovery check against rising-edge clock clk)
Path Group: asynchronous
Path Type: max
Corner: Typical

Fanout     Cap    Slew   Delay    Time   Description
-----------------------------------------------------------------------------
                          0.00    0.00   clock clk (rise edge)
                          0.00    0.00   clock network delay (propagated)
                          2.00    2.00 v input external delay
                  0.01    0.00    2.00 v rst (in)
     1    0.00                           rst (net)
                  0.01    0.00    2.00 v input2/A (sky130_fd_sc_hd__buf_1)
                  0.05    0.10    2.11 v input2/X (sky130_fd_sc_hd__buf_1)
     3    0.01                           net2 (net)
                  0.05    0.00    2.11 v _389_/A (sky130_fd_sc_hd__buf_4)
                  0.08    0.21    2.31 v _389_/X (sky130_fd_sc_hd__buf_4)
    10    0.06                           _203_ (net)
                  0.08    0.00    2.32 v _396_/A (sky130_fd_sc_hd__inv_2)
                  0.03    0.06    2.38 ^ _396_/Y (sky130_fd_sc_hd__inv_2)
     1    0.00                           _038_ (net)
                  0.03    0.00    2.38 ^ _444_/RESET_B (sky130_fd_sc_hd__dfrtp_1)
                                  2.38   data arrival time

                         10.00   10.00   clock clk (rise edge)
                          0.00   10.00   clock source latency
                  0.08    0.05   10.05 ^ clk (in)
     1    0.02                           clk (net)
                  0.08    0.00   10.05 ^ clkbuf_0_clk/A (sky130_fd_sc_hd__clkbuf_16)
                  0.06    0.15   10.20 ^ clkbuf_0_clk/X (sky130_fd_sc_hd__clkbuf_16)
     4    0.04                           clknet_0_clk (net)
                  0.06    0.00   10.20 ^ clkbuf_2_3__f_clk/A (sky130_fd_sc_hd__clkbuf_16)
                  0.06    0.14   10.34 ^ clkbuf_2_3__f_clk/X (sky130_fd_sc_hd__clkbuf_16)
    12    0.04                           clknet_2_3__leaf_clk (net)
                  0.06    0.00   10.34 ^ _444_/CLK (sky130_fd_sc_hd__dfrtp_1)
                         -0.25   10.09   clock uncertainty
                          0.00   10.09   clock reconvergence pessimism
                          0.24   10.33   library recovery time
                                 10.33   data required time
-----------------------------------------------------------------------------
                                 10.33   data required time
                                 -2.38   data arrival time
-----------------------------------------------------------------------------
                                  7.95   slack (MET)


Startpoint: rst (input port clocked by clk)
Endpoint: _439_ (recovery check against rising-edge clock clk)
Path Group: asynchronous
Path Type: max
Corner: Typical

Fanout     Cap    Slew   Delay    Time   Description
-----------------------------------------------------------------------------
                          0.00    0.00   clock clk (rise edge)
                          0.00    0.00   clock network delay (propagated)
                          2.00    2.00 v input external delay
                  0.01    0.00    2.00 v rst (in)
     1    0.00                           rst (net)
                  0.01    0.00    2.00 v input2/A (sky130_fd_sc_hd__buf_1)
                  0.05    0.10    2.11 v input2/X (sky130_fd_sc_hd__buf_1)
     3    0.01                           net2 (net)
                  0.05    0.00    2.11 v _389_/A (sky130_fd_sc_hd__buf_4)
                  0.08    0.21    2.31 v _389_/X (sky130_fd_sc_hd__buf_4)
    10    0.06                           _203_ (net)
                  0.08    0.00    2.32 v _391_/A (sky130_fd_sc_hd__inv_2)
                  0.03    0.06    2.38 ^ _391_/Y (sky130_fd_sc_hd__inv_2)
     1    0.00                           _033_ (net)
                  0.03    0.00    2.38 ^ _439_/RESET_B (sky130_fd_sc_hd__dfrtp_1)
                                  2.38   data arrival time

                         10.00   10.00   clock clk (rise edge)
                          0.00   10.00   clock source latency
                  0.08    0.05   10.05 ^ clk (in)
     1    0.02                           clk (net)
                  0.08    0.00   10.05 ^ clkbuf_0_clk/A (sky130_fd_sc_hd__clkbuf_16)
                  0.06    0.15   10.20 ^ clkbuf_0_clk/X (sky130_fd_sc_hd__clkbuf_16)
     4    0.04                           clknet_0_clk (net)
                  0.06    0.00   10.20 ^ clkbuf_2_3__f_clk/A (sky130_fd_sc_hd__clkbuf_16)
                  0.06    0.14   10.34 ^ clkbuf_2_3__f_clk/X (sky130_fd_sc_hd__clkbuf_16)
    12    0.04                           clknet_2_3__leaf_clk (net)
                  0.06    0.00   10.34 ^ _439_/CLK (sky130_fd_sc_hd__dfrtp_1)
                         -0.25   10.09   clock uncertainty
                          0.00   10.09   clock reconvergence pessimism
                          0.24   10.33   library recovery time
                                 10.33   data required time
-----------------------------------------------------------------------------
                                 10.33   data required time
                                 -2.38   data arrival time
-----------------------------------------------------------------------------
                                  7.95   slack (MET)


Startpoint: rst (input port clocked by clk)
Endpoint: _438_ (recovery check against rising-edge clock clk)
Path Group: asynchronous
Path Type: max
Corner: Typical

Fanout     Cap    Slew   Delay    Time   Description
-----------------------------------------------------------------------------
                          0.00    0.00   clock clk (rise edge)
                          0.00    0.00   clock network delay (propagated)
                          2.00    2.00 v input external delay
                  0.01    0.00    2.00 v rst (in)
     1    0.00                           rst (net)
                  0.01    0.00    2.00 v input2/A (sky130_fd_sc_hd__buf_1)
                  0.05    0.10    2.11 v input2/X (sky130_fd_sc_hd__buf_1)
     3    0.01                           net2 (net)
                  0.05    0.00    2.11 v _389_/A (sky130_fd_sc_hd__buf_4)
                  0.08    0.21    2.31 v _389_/X (sky130_fd_sc_hd__buf_4)
    10    0.06                           _203_ (net)
                  0.08    0.00    2.32 v _390_/A (sky130_fd_sc_hd__inv_2)
                  0.03    0.06    2.38 ^ _390_/Y (sky130_fd_sc_hd__inv_2)
     1    0.00                           _032_ (net)
                  0.03    0.00    2.38 ^ _438_/RESET_B (sky130_fd_sc_hd__dfrtp_1)
                                  2.38   data arrival time

                         10.00   10.00   clock clk (rise edge)
                          0.00   10.00   clock source latency
                  0.08    0.05   10.05 ^ clk (in)
     1    0.02                           clk (net)
                  0.08    0.00   10.05 ^ clkbuf_0_clk/A (sky130_fd_sc_hd__clkbuf_16)
                  0.06    0.15   10.20 ^ clkbuf_0_clk/X (sky130_fd_sc_hd__clkbuf_16)
     4    0.04                           clknet_0_clk (net)
                  0.06    0.00   10.20 ^ clkbuf_2_3__f_clk/A (sky130_fd_sc_hd__clkbuf_16)
                  0.06    0.14   10.34 ^ clkbuf_2_3__f_clk/X (sky130_fd_sc_hd__clkbuf_16)
    12    0.04                           clknet_2_3__leaf_clk (net)
                  0.06    0.00   10.34 ^ _438_/CLK (sky130_fd_sc_hd__dfrtp_1)
                         -0.25   10.09   clock uncertainty
                          0.00   10.09   clock reconvergence pessimism
                          0.24   10.33   library recovery time
                                 10.33   data required time
-----------------------------------------------------------------------------
                                 10.33   data required time
                                 -2.38   data arrival time
-----------------------------------------------------------------------------
                                  7.95   slack (MET)


Startpoint: rst (input port clocked by clk)
Endpoint: _442_ (recovery check against rising-edge clock clk)
Path Group: asynchronous
Path Type: max
Corner: Typical

Fanout     Cap    Slew   Delay    Time   Description
-----------------------------------------------------------------------------
                          0.00    0.00   clock clk (rise edge)
                          0.00    0.00   clock network delay (propagated)
                          2.00    2.00 v input external delay
                  0.01    0.00    2.00 v rst (in)
     1    0.00                           rst (net)
                  0.01    0.00    2.00 v input2/A (sky130_fd_sc_hd__buf_1)
                  0.05    0.10    2.11 v input2/X (sky130_fd_sc_hd__buf_1)
     3    0.01                           net2 (net)
                  0.05    0.00    2.11 v _389_/A (sky130_fd_sc_hd__buf_4)
                  0.08    0.21    2.31 v _389_/X (sky130_fd_sc_hd__buf_4)
    10    0.06                           _203_ (net)
                  0.08    0.00    2.32 v _394_/A (sky130_fd_sc_hd__inv_2)
                  0.03    0.06    2.38 ^ _394_/Y (sky130_fd_sc_hd__inv_2)
     1    0.00                           _036_ (net)
                  0.03    0.00    2.38 ^ _442_/RESET_B (sky130_fd_sc_hd__dfrtp_1)
                                  2.38   data arrival time

                         10.00   10.00   clock clk (rise edge)
                          0.00   10.00   clock source latency
                  0.08    0.05   10.05 ^ clk (in)
     1    0.02                           clk (net)
                  0.08    0.00   10.05 ^ clkbuf_0_clk/A (sky130_fd_sc_hd__clkbuf_16)
                  0.06    0.15   10.20 ^ clkbuf_0_clk/X (sky130_fd_sc_hd__clkbuf_16)
     4    0.04                           clknet_0_clk (net)
                  0.06    0.00   10.20 ^ clkbuf_2_1__f_clk/A (sky130_fd_sc_hd__clkbuf_16)
                  0.06    0.14   10.34 ^ clkbuf_2_1__f_clk/X (sky130_fd_sc_hd__clkbuf_16)
    12    0.04                           clknet_2_1__leaf_clk (net)
                  0.06    0.00   10.34 ^ _442_/CLK (sky130_fd_sc_hd__dfrtp_1)
                         -0.25   10.09   clock uncertainty
                          0.00   10.09   clock reconvergence pessimism
                          0.24   10.33   library recovery time
                                 10.33   data required time
-----------------------------------------------------------------------------
                                 10.33   data required time
                                 -2.38   data arrival time
-----------------------------------------------------------------------------
                                  7.95   slack (MET)


Startpoint: rst (input port clocked by clk)
Endpoint: _445_ (recovery check against rising-edge clock clk)
Path Group: asynchronous
Path Type: max
Corner: Typical

Fanout     Cap    Slew   Delay    Time   Description
-----------------------------------------------------------------------------
                          0.00    0.00   clock clk (rise edge)
                          0.00    0.00   clock network delay (propagated)
                          2.00    2.00 v input external delay
                  0.01    0.00    2.00 v rst (in)
     1    0.00                           rst (net)
                  0.01    0.00    2.00 v input2/A (sky130_fd_sc_hd__buf_1)
                  0.05    0.10    2.11 v input2/X (sky130_fd_sc_hd__buf_1)
     3    0.01                           net2 (net)
                  0.05    0.00    2.11 v _389_/A (sky130_fd_sc_hd__buf_4)
                  0.08    0.21    2.31 v _389_/X (sky130_fd_sc_hd__buf_4)
    10    0.06                           _203_ (net)
                  0.08    0.00    2.31 v _397_/A (sky130_fd_sc_hd__inv_2)
                  0.03    0.06    2.38 ^ _397_/Y (sky130_fd_sc_hd__inv_2)
     1    0.00                           _039_ (net)
                  0.03    0.00    2.38 ^ _445_/RESET_B (sky130_fd_sc_hd__dfrtp_1)
                                  2.38   data arrival time

                         10.00   10.00   clock clk (rise edge)
                          0.00   10.00   clock source latency
                  0.08    0.05   10.05 ^ clk (in)
     1    0.02                           clk (net)
                  0.08    0.00   10.05 ^ clkbuf_0_clk/A (sky130_fd_sc_hd__clkbuf_16)
                  0.06    0.15   10.20 ^ clkbuf_0_clk/X (sky130_fd_sc_hd__clkbuf_16)
     4    0.04                           clknet_0_clk (net)
                  0.06    0.00   10.20 ^ clkbuf_2_1__f_clk/A (sky130_fd_sc_hd__clkbuf_16)
                  0.06    0.14   10.34 ^ clkbuf_2_1__f_clk/X (sky130_fd_sc_hd__clkbuf_16)
    12    0.04                           clknet_2_1__leaf_clk (net)
                  0.06    0.00   10.34 ^ _445_/CLK (sky130_fd_sc_hd__dfrtp_1)
                         -0.25   10.09   clock uncertainty
                          0.00   10.09   clock reconvergence pessimism
                          0.24   10.33   library recovery time
                                 10.33   data required time
-----------------------------------------------------------------------------
                                 10.33   data required time
                                 -2.38   data arrival time
-----------------------------------------------------------------------------
                                  7.95   slack (MET)


Startpoint: rst (input port clocked by clk)
Endpoint: _446_ (recovery check against rising-edge clock clk)
Path Group: asynchronous
Path Type: max
Corner: Typical

Fanout     Cap    Slew   Delay    Time   Description
-----------------------------------------------------------------------------
                          0.00    0.00   clock clk (rise edge)
                          0.00    0.00   clock network delay (propagated)
                          2.00    2.00 v input external delay
                  0.01    0.00    2.00 v rst (in)
     1    0.00                           rst (net)
                  0.01    0.00    2.00 v input2/A (sky130_fd_sc_hd__buf_1)
                  0.05    0.10    2.11 v input2/X (sky130_fd_sc_hd__buf_1)
     3    0.01                           net2 (net)
                  0.05    0.00    2.11 v _389_/A (sky130_fd_sc_hd__buf_4)
                  0.08    0.21    2.31 v _389_/X (sky130_fd_sc_hd__buf_4)
    10    0.06                           _203_ (net)
                  0.08    0.00    2.31 v _398_/A (sky130_fd_sc_hd__inv_2)
                  0.03    0.06    2.38 ^ _398_/Y (sky130_fd_sc_hd__inv_2)
     1    0.00                           _040_ (net)
                  0.03    0.00    2.38 ^ _446_/RESET_B (sky130_fd_sc_hd__dfrtp_1)
                                  2.38   data arrival time

                         10.00   10.00   clock clk (rise edge)
                          0.00   10.00   clock source latency
                  0.08    0.05   10.05 ^ clk (in)
     1    0.02                           clk (net)
                  0.08    0.00   10.05 ^ clkbuf_0_clk/A (sky130_fd_sc_hd__clkbuf_16)
                  0.06    0.15   10.20 ^ clkbuf_0_clk/X (sky130_fd_sc_hd__clkbuf_16)
     4    0.04                           clknet_0_clk (net)
                  0.06    0.00   10.20 ^ clkbuf_2_1__f_clk/A (sky130_fd_sc_hd__clkbuf_16)
                  0.06    0.14   10.34 ^ clkbuf_2_1__f_clk/X (sky130_fd_sc_hd__clkbuf_16)
    12    0.04                           clknet_2_1__leaf_clk (net)
                  0.06    0.00   10.34 ^ _446_/CLK (sky130_fd_sc_hd__dfrtp_1)
                         -0.25   10.09   clock uncertainty
                          0.00   10.09   clock reconvergence pessimism
                          0.24   10.33   library recovery time
                                 10.33   data required time
-----------------------------------------------------------------------------
                                 10.33   data required time
                                 -2.38   data arrival time
-----------------------------------------------------------------------------
                                  7.95   slack (MET)


Startpoint: rst (input port clocked by clk)
Endpoint: _447_ (recovery check against rising-edge clock clk)
Path Group: asynchronous
Path Type: max
Corner: Typical

Fanout     Cap    Slew   Delay    Time   Description
-----------------------------------------------------------------------------
                          0.00    0.00   clock clk (rise edge)
                          0.00    0.00   clock network delay (propagated)
                          2.00    2.00 v input external delay
                  0.01    0.00    2.00 v rst (in)
     1    0.00                           rst (net)
                  0.01    0.00    2.00 v input2/A (sky130_fd_sc_hd__buf_1)
                  0.05    0.10    2.11 v input2/X (sky130_fd_sc_hd__buf_1)
     3    0.01                           net2 (net)
                  0.05    0.00    2.11 v _389_/A (sky130_fd_sc_hd__buf_4)
                  0.08    0.21    2.31 v _389_/X (sky130_fd_sc_hd__buf_4)
    10    0.06                           _203_ (net)
                  0.08    0.00    2.31 v _399_/A (sky130_fd_sc_hd__inv_2)
                  0.04    0.07    2.38 ^ _399_/Y (sky130_fd_sc_hd__inv_2)
     1    0.00                           _041_ (net)
                  0.04    0.00    2.38 ^ _447_/RESET_B (sky130_fd_sc_hd__dfrtp_1)
                                  2.38   data arrival time

                         10.00   10.00   clock clk (rise edge)
                          0.00   10.00   clock source latency
                  0.08    0.05   10.05 ^ clk (in)
     1    0.02                           clk (net)
                  0.08    0.00   10.05 ^ clkbuf_0_clk/A (sky130_fd_sc_hd__clkbuf_16)
                  0.06    0.15   10.20 ^ clkbuf_0_clk/X (sky130_fd_sc_hd__clkbuf_16)
     4    0.04                           clknet_0_clk (net)
                  0.06    0.00   10.20 ^ clkbuf_2_0__f_clk/A (sky130_fd_sc_hd__clkbuf_16)
                  0.06    0.14   10.34 ^ clkbuf_2_0__f_clk/X (sky130_fd_sc_hd__clkbuf_16)
    14    0.04                           clknet_2_0__leaf_clk (net)
                  0.06    0.00   10.34 ^ _447_/CLK (sky130_fd_sc_hd__dfrtp_1)
                         -0.25   10.09   clock uncertainty
                          0.00   10.09   clock reconvergence pessimism
                          0.24   10.33   library recovery time
                                 10.33   data required time
-----------------------------------------------------------------------------
                                 10.33   data required time
                                 -2.38   data arrival time
-----------------------------------------------------------------------------
                                  7.95   slack (MET)


Startpoint: rst (input port clocked by clk)
Endpoint: _450_ (recovery check against rising-edge clock clk)
Path Group: asynchronous
Path Type: max
Corner: Typical

Fanout     Cap    Slew   Delay    Time   Description
-----------------------------------------------------------------------------
                          0.00    0.00   clock clk (rise edge)
                          0.00    0.00   clock network delay (propagated)
                          2.00    2.00 v input external delay
                  0.01    0.00    2.00 v rst (in)
     1    0.00                           rst (net)
                  0.01    0.00    2.00 v input2/A (sky130_fd_sc_hd__buf_1)
                  0.05    0.10    2.11 v input2/X (sky130_fd_sc_hd__buf_1)
     3    0.01                           net2 (net)
                  0.05    0.00    2.11 v _355_/A (sky130_fd_sc_hd__buf_4)
                  0.08    0.20    2.31 v _355_/X (sky130_fd_sc_hd__buf_4)
    10    0.05                           _199_ (net)
                  0.08    0.00    2.31 v _402_/A (sky130_fd_sc_hd__inv_2)
                  0.04    0.07    2.38 ^ _402_/Y (sky130_fd_sc_hd__inv_2)
     1    0.01                           _044_ (net)
                  0.04    0.00    2.38 ^ _450_/RESET_B (sky130_fd_sc_hd__dfrtp_1)
                                  2.38   data arrival time

                         10.00   10.00   clock clk (rise edge)
                          0.00   10.00   clock source latency
                  0.08    0.05   10.05 ^ clk (in)
     1    0.02                           clk (net)
                  0.08    0.00   10.05 ^ clkbuf_0_clk/A (sky130_fd_sc_hd__clkbuf_16)
                  0.06    0.15   10.20 ^ clkbuf_0_clk/X (sky130_fd_sc_hd__clkbuf_16)
     4    0.04                           clknet_0_clk (net)
                  0.06    0.00   10.20 ^ clkbuf_2_0__f_clk/A (sky130_fd_sc_hd__clkbuf_16)
                  0.06    0.14   10.34 ^ clkbuf_2_0__f_clk/X (sky130_fd_sc_hd__clkbuf_16)
    14    0.04                           clknet_2_0__leaf_clk (net)
                  0.06    0.00   10.34 ^ _450_/CLK (sky130_fd_sc_hd__dfrtp_1)
                         -0.25   10.09   clock uncertainty
                          0.00   10.09   clock reconvergence pessimism
                          0.24   10.33   library recovery time
                                 10.33   data required time
-----------------------------------------------------------------------------
                                 10.33   data required time
                                 -2.38   data arrival time
-----------------------------------------------------------------------------
                                  7.95   slack (MET)


Startpoint: rst (input port clocked by clk)
Endpoint: _454_ (recovery check against rising-edge clock clk)
Path Group: asynchronous
Path Type: max
Corner: Typical

Fanout     Cap    Slew   Delay    Time   Description
-----------------------------------------------------------------------------
                          0.00    0.00   clock clk (rise edge)
                          0.00    0.00   clock network delay (propagated)
                          2.00    2.00 v input external delay
                  0.01    0.00    2.00 v rst (in)
     1    0.00                           rst (net)
                  0.01    0.00    2.00 v input2/A (sky130_fd_sc_hd__buf_1)
                  0.05    0.10    2.11 v input2/X (sky130_fd_sc_hd__buf_1)
     3    0.01                           net2 (net)
                  0.05    0.00    2.11 v _355_/A (sky130_fd_sc_hd__buf_4)
                  0.08    0.20    2.31 v _355_/X (sky130_fd_sc_hd__buf_4)
    10    0.05                           _199_ (net)
                  0.08    0.00    2.31 v _406_/A (sky130_fd_sc_hd__inv_2)
                  0.03    0.06    2.37 ^ _406_/Y (sky130_fd_sc_hd__inv_2)
     1    0.00                           _048_ (net)
                  0.03    0.00    2.37 ^ _454_/RESET_B (sky130_fd_sc_hd__dfrtp_1)
                                  2.37   data arrival time

                         10.00   10.00   clock clk (rise edge)
                          0.00   10.00   clock source latency
                  0.08    0.05   10.05 ^ clk (in)
     1    0.02                           clk (net)
                  0.08    0.00   10.05 ^ clkbuf_0_clk/A (sky130_fd_sc_hd__clkbuf_16)
                  0.06    0.15   10.20 ^ clkbuf_0_clk/X (sky130_fd_sc_hd__clkbuf_16)
     4    0.04                           clknet_0_clk (net)
                  0.06    0.00   10.20 ^ clkbuf_2_1__f_clk/A (sky130_fd_sc_hd__clkbuf_16)
                  0.06    0.14   10.34 ^ clkbuf_2_1__f_clk/X (sky130_fd_sc_hd__clkbuf_16)
    12    0.04                           clknet_2_1__leaf_clk (net)
                  0.06    0.00   10.34 ^ _454_/CLK (sky130_fd_sc_hd__dfrtp_1)
                         -0.25   10.09   clock uncertainty
                          0.00   10.09   clock reconvergence pessimism
                          0.24   10.33   library recovery time
                                 10.33   data required time
-----------------------------------------------------------------------------
                                 10.33   data required time
                                 -2.37   data arrival time
-----------------------------------------------------------------------------
                                  7.96   slack (MET)


Startpoint: rst (input port clocked by clk)
Endpoint: _455_ (recovery check against rising-edge clock clk)
Path Group: asynchronous
Path Type: max
Corner: Typical

Fanout     Cap    Slew   Delay    Time   Description
-----------------------------------------------------------------------------
                          0.00    0.00   clock clk (rise edge)
                          0.00    0.00   clock network delay (propagated)
                          2.00    2.00 v input external delay
                  0.01    0.00    2.00 v rst (in)
     1    0.00                           rst (net)
                  0.01    0.00    2.00 v input2/A (sky130_fd_sc_hd__buf_1)
                  0.05    0.10    2.11 v input2/X (sky130_fd_sc_hd__buf_1)
     3    0.01                           net2 (net)
                  0.05    0.00    2.11 v _355_/A (sky130_fd_sc_hd__buf_4)
                  0.08    0.20    2.31 v _355_/X (sky130_fd_sc_hd__buf_4)
    10    0.05                           _199_ (net)
                  0.08    0.00    2.31 v _407_/A (sky130_fd_sc_hd__inv_2)
                  0.03    0.06    2.37 ^ _407_/Y (sky130_fd_sc_hd__inv_2)
     1    0.00                           _049_ (net)
                  0.03    0.00    2.37 ^ _455_/RESET_B (sky130_fd_sc_hd__dfrtp_1)
                                  2.37   data arrival time

                         10.00   10.00   clock clk (rise edge)
                          0.00   10.00   clock source latency
                  0.08    0.05   10.05 ^ clk (in)
     1    0.02                           clk (net)
                  0.08    0.00   10.05 ^ clkbuf_0_clk/A (sky130_fd_sc_hd__clkbuf_16)
                  0.06    0.15   10.20 ^ clkbuf_0_clk/X (sky130_fd_sc_hd__clkbuf_16)
     4    0.04                           clknet_0_clk (net)
                  0.06    0.00   10.20 ^ clkbuf_2_1__f_clk/A (sky130_fd_sc_hd__clkbuf_16)
                  0.06    0.14   10.34 ^ clkbuf_2_1__f_clk/X (sky130_fd_sc_hd__clkbuf_16)
    12    0.04                           clknet_2_1__leaf_clk (net)
                  0.06    0.00   10.34 ^ _455_/CLK (sky130_fd_sc_hd__dfrtp_1)
                         -0.25   10.09   clock uncertainty
                          0.00   10.09   clock reconvergence pessimism
                          0.24   10.33   library recovery time
                                 10.33   data required time
-----------------------------------------------------------------------------
                                 10.33   data required time
                                 -2.37   data arrival time
-----------------------------------------------------------------------------
                                  7.96   slack (MET)


Startpoint: rst (input port clocked by clk)
Endpoint: _452_ (recovery check against rising-edge clock clk)
Path Group: asynchronous
Path Type: max
Corner: Typical

Fanout     Cap    Slew   Delay    Time   Description
-----------------------------------------------------------------------------
                          0.00    0.00   clock clk (rise edge)
                          0.00    0.00   clock network delay (propagated)
                          2.00    2.00 v input external delay
                  0.01    0.00    2.00 v rst (in)
     1    0.00                           rst (net)
                  0.01    0.00    2.00 v input2/A (sky130_fd_sc_hd__buf_1)
                  0.05    0.10    2.11 v input2/X (sky130_fd_sc_hd__buf_1)
     3    0.01                           net2 (net)
                  0.05    0.00    2.11 v _355_/A (sky130_fd_sc_hd__buf_4)
                  0.08    0.20    2.31 v _355_/X (sky130_fd_sc_hd__buf_4)
    10    0.05                           _199_ (net)
                  0.08    0.00    2.31 v _404_/A (sky130_fd_sc_hd__inv_2)
                  0.03    0.06    2.37 ^ _404_/Y (sky130_fd_sc_hd__inv_2)
     1    0.00                           _046_ (net)
                  0.03    0.00    2.37 ^ _452_/RESET_B (sky130_fd_sc_hd__dfrtp_1)
                                  2.37   data arrival time

                         10.00   10.00   clock clk (rise edge)
                          0.00   10.00   clock source latency
                  0.08    0.05   10.05 ^ clk (in)
     1    0.02                           clk (net)
                  0.08    0.00   10.05 ^ clkbuf_0_clk/A (sky130_fd_sc_hd__clkbuf_16)
                  0.06    0.15   10.20 ^ clkbuf_0_clk/X (sky130_fd_sc_hd__clkbuf_16)
     4    0.04                           clknet_0_clk (net)
                  0.06    0.00   10.20 ^ clkbuf_2_1__f_clk/A (sky130_fd_sc_hd__clkbuf_16)
                  0.06    0.14   10.34 ^ clkbuf_2_1__f_clk/X (sky130_fd_sc_hd__clkbuf_16)
    12    0.04                           clknet_2_1__leaf_clk (net)
                  0.06    0.00   10.34 ^ _452_/CLK (sky130_fd_sc_hd__dfrtp_1)
                         -0.25   10.09   clock uncertainty
                          0.00   10.09   clock reconvergence pessimism
                          0.24   10.33   library recovery time
                                 10.33   data required time
-----------------------------------------------------------------------------
                                 10.33   data required time
                                 -2.37   data arrival time
-----------------------------------------------------------------------------
                                  7.96   slack (MET)


Startpoint: rst (input port clocked by clk)
Endpoint: _451_ (recovery check against rising-edge clock clk)
Path Group: asynchronous
Path Type: max
Corner: Typical

Fanout     Cap    Slew   Delay    Time   Description
-----------------------------------------------------------------------------
                          0.00    0.00   clock clk (rise edge)
                          0.00    0.00   clock network delay (propagated)
                          2.00    2.00 v input external delay
                  0.01    0.00    2.00 v rst (in)
     1    0.00                           rst (net)
                  0.01    0.00    2.00 v input2/A (sky130_fd_sc_hd__buf_1)
                  0.05    0.10    2.11 v input2/X (sky130_fd_sc_hd__buf_1)
     3    0.01                           net2 (net)
                  0.05    0.00    2.11 v _355_/A (sky130_fd_sc_hd__buf_4)
                  0.08    0.20    2.31 v _355_/X (sky130_fd_sc_hd__buf_4)
    10    0.05                           _199_ (net)
                  0.08    0.00    2.31 v _403_/A (sky130_fd_sc_hd__inv_2)
                  0.04    0.06    2.37 ^ _403_/Y (sky130_fd_sc_hd__inv_2)
     1    0.00                           _045_ (net)
                  0.04    0.00    2.37 ^ _451_/RESET_B (sky130_fd_sc_hd__dfrtp_1)
                                  2.37   data arrival time

                         10.00   10.00   clock clk (rise edge)
                          0.00   10.00   clock source latency
                  0.08    0.05   10.05 ^ clk (in)
     1    0.02                           clk (net)
                  0.08    0.00   10.05 ^ clkbuf_0_clk/A (sky130_fd_sc_hd__clkbuf_16)
                  0.06    0.15   10.20 ^ clkbuf_0_clk/X (sky130_fd_sc_hd__clkbuf_16)
     4    0.04                           clknet_0_clk (net)
                  0.06    0.00   10.20 ^ clkbuf_2_0__f_clk/A (sky130_fd_sc_hd__clkbuf_16)
                  0.06    0.14   10.34 ^ clkbuf_2_0__f_clk/X (sky130_fd_sc_hd__clkbuf_16)
    14    0.04                           clknet_2_0__leaf_clk (net)
                  0.06    0.00   10.34 ^ _451_/CLK (sky130_fd_sc_hd__dfrtp_1)
                         -0.25   10.09   clock uncertainty
                          0.00   10.09   clock reconvergence pessimism
                          0.24   10.33   library recovery time
                                 10.33   data required time
-----------------------------------------------------------------------------
                                 10.33   data required time
                                 -2.37   data arrival time
-----------------------------------------------------------------------------
                                  7.96   slack (MET)


Startpoint: rst (input port clocked by clk)
Endpoint: _453_ (recovery check against rising-edge clock clk)
Path Group: asynchronous
Path Type: max
Corner: Typical

Fanout     Cap    Slew   Delay    Time   Description
-----------------------------------------------------------------------------
                          0.00    0.00   clock clk (rise edge)
                          0.00    0.00   clock network delay (propagated)
                          2.00    2.00 v input external delay
                  0.01    0.00    2.00 v rst (in)
     1    0.00                           rst (net)
                  0.01    0.00    2.00 v input2/A (sky130_fd_sc_hd__buf_1)
                  0.05    0.10    2.11 v input2/X (sky130_fd_sc_hd__buf_1)
     3    0.01                           net2 (net)
                  0.05    0.00    2.11 v _355_/A (sky130_fd_sc_hd__buf_4)
                  0.08    0.20    2.31 v _355_/X (sky130_fd_sc_hd__buf_4)
    10    0.05                           _199_ (net)
                  0.08    0.00    2.31 v _405_/A (sky130_fd_sc_hd__inv_2)
                  0.03    0.06    2.37 ^ _405_/Y (sky130_fd_sc_hd__inv_2)
     1    0.00                           _047_ (net)
                  0.03    0.00    2.37 ^ _453_/RESET_B (sky130_fd_sc_hd__dfrtp_1)
                                  2.37   data arrival time

                         10.00   10.00   clock clk (rise edge)
                          0.00   10.00   clock source latency
                  0.08    0.05   10.05 ^ clk (in)
     1    0.02                           clk (net)
                  0.08    0.00   10.05 ^ clkbuf_0_clk/A (sky130_fd_sc_hd__clkbuf_16)
                  0.06    0.15   10.20 ^ clkbuf_0_clk/X (sky130_fd_sc_hd__clkbuf_16)
     4    0.04                           clknet_0_clk (net)
                  0.06    0.00   10.20 ^ clkbuf_2_1__f_clk/A (sky130_fd_sc_hd__clkbuf_16)
                  0.06    0.14   10.34 ^ clkbuf_2_1__f_clk/X (sky130_fd_sc_hd__clkbuf_16)
    12    0.04                           clknet_2_1__leaf_clk (net)
                  0.06    0.00   10.34 ^ _453_/CLK (sky130_fd_sc_hd__dfrtp_1)
                         -0.25   10.09   clock uncertainty
                          0.00   10.09   clock reconvergence pessimism
                          0.24   10.33   library recovery time
                                 10.33   data required time
-----------------------------------------------------------------------------
                                 10.33   data required time
                                 -2.37   data arrival time
-----------------------------------------------------------------------------
                                  7.96   slack (MET)


Startpoint: rst (input port clocked by clk)
Endpoint: _449_ (recovery check against rising-edge clock clk)
Path Group: asynchronous
Path Type: max
Corner: Typical

Fanout     Cap    Slew   Delay    Time   Description
-----------------------------------------------------------------------------
                          0.00    0.00   clock clk (rise edge)
                          0.00    0.00   clock network delay (propagated)
                          2.00    2.00 v input external delay
                  0.01    0.00    2.00 v rst (in)
     1    0.00                           rst (net)
                  0.01    0.00    2.00 v input2/A (sky130_fd_sc_hd__buf_1)
                  0.05    0.10    2.11 v input2/X (sky130_fd_sc_hd__buf_1)
     3    0.01                           net2 (net)
                  0.05    0.00    2.11 v _355_/A (sky130_fd_sc_hd__buf_4)
                  0.08    0.20    2.31 v _355_/X (sky130_fd_sc_hd__buf_4)
    10    0.05                           _199_ (net)
                  0.08    0.00    2.31 v _401_/A (sky130_fd_sc_hd__inv_2)
                  0.03    0.06    2.37 ^ _401_/Y (sky130_fd_sc_hd__inv_2)
     1    0.00                           _043_ (net)
                  0.03    0.00    2.37 ^ _449_/RESET_B (sky130_fd_sc_hd__dfrtp_1)
                                  2.37   data arrival time

                         10.00   10.00   clock clk (rise edge)
                          0.00   10.00   clock source latency
                  0.08    0.05   10.05 ^ clk (in)
     1    0.02                           clk (net)
                  0.08    0.00   10.05 ^ clkbuf_0_clk/A (sky130_fd_sc_hd__clkbuf_16)
                  0.06    0.15   10.20 ^ clkbuf_0_clk/X (sky130_fd_sc_hd__clkbuf_16)
     4    0.04                           clknet_0_clk (net)
                  0.06    0.00   10.20 ^ clkbuf_2_0__f_clk/A (sky130_fd_sc_hd__clkbuf_16)
                  0.06    0.14   10.34 ^ clkbuf_2_0__f_clk/X (sky130_fd_sc_hd__clkbuf_16)
    14    0.04                           clknet_2_0__leaf_clk (net)
                  0.06    0.00   10.34 ^ _449_/CLK (sky130_fd_sc_hd__dfrtp_1)
                         -0.25   10.09   clock uncertainty
                          0.00   10.09   clock reconvergence pessimism
                          0.24   10.33   library recovery time
                                 10.33   data required time
-----------------------------------------------------------------------------
                                 10.33   data required time
                                 -2.37   data arrival time
-----------------------------------------------------------------------------
                                  7.96   slack (MET)


Startpoint: rst (input port clocked by clk)
Endpoint: _448_ (recovery check against rising-edge clock clk)
Path Group: asynchronous
Path Type: max
Corner: Typical

Fanout     Cap    Slew   Delay    Time   Description
-----------------------------------------------------------------------------
                          0.00    0.00   clock clk (rise edge)
                          0.00    0.00   clock network delay (propagated)
                          2.00    2.00 v input external delay
                  0.01    0.00    2.00 v rst (in)
     1    0.00                           rst (net)
                  0.01    0.00    2.00 v input2/A (sky130_fd_sc_hd__buf_1)
                  0.05    0.10    2.11 v input2/X (sky130_fd_sc_hd__buf_1)
     3    0.01                           net2 (net)
                  0.05    0.00    2.11 v _355_/A (sky130_fd_sc_hd__buf_4)
                  0.08    0.20    2.31 v _355_/X (sky130_fd_sc_hd__buf_4)
    10    0.05                           _199_ (net)
                  0.08    0.00    2.31 v _400_/A (sky130_fd_sc_hd__inv_2)
                  0.03    0.06    2.37 ^ _400_/Y (sky130_fd_sc_hd__inv_2)
     1    0.00                           _042_ (net)
                  0.03    0.00    2.37 ^ _448_/RESET_B (sky130_fd_sc_hd__dfrtp_1)
                                  2.37   data arrival time

                         10.00   10.00   clock clk (rise edge)
                          0.00   10.00   clock source latency
                  0.08    0.05   10.05 ^ clk (in)
     1    0.02                           clk (net)
                  0.08    0.00   10.05 ^ clkbuf_0_clk/A (sky130_fd_sc_hd__clkbuf_16)
                  0.06    0.15   10.20 ^ clkbuf_0_clk/X (sky130_fd_sc_hd__clkbuf_16)
     4    0.04                           clknet_0_clk (net)
                  0.06    0.00   10.20 ^ clkbuf_2_0__f_clk/A (sky130_fd_sc_hd__clkbuf_16)
                  0.06    0.14   10.34 ^ clkbuf_2_0__f_clk/X (sky130_fd_sc_hd__clkbuf_16)
    14    0.04                           clknet_2_0__leaf_clk (net)
                  0.06    0.00   10.34 ^ _448_/CLK (sky130_fd_sc_hd__dfrtp_1)
                         -0.25   10.09   clock uncertainty
                          0.00   10.09   clock reconvergence pessimism
                          0.24   10.33   library recovery time
                                 10.33   data required time
-----------------------------------------------------------------------------
                                 10.33   data required time
                                 -2.37   data arrival time
-----------------------------------------------------------------------------
                                  7.96   slack (MET)



