
===========================================================================
report_checks -path_delay min (Hold)
============================================================================
======================= Fastest Corner ===================================

Startpoint: _415_ (rising edge-triggered flip-flop clocked by clk)
Endpoint: _415_ (rising edge-triggered flip-flop clocked by clk)
Path Group: clk
Path Type: min
Corner: Fastest

Fanout     Cap    Slew   Delay    Time   Description
-----------------------------------------------------------------------------
                          0.00    0.00   clock clk (rise edge)
                          0.00    0.00   clock source latency
                  0.06    0.04    0.04 ^ clk (in)
     1    0.02                           clk (net)
                  0.06    0.00    0.04 ^ clkbuf_0_clk/A (sky130_fd_sc_hd__clkbuf_16)
                  0.05    0.10    0.14 ^ clkbuf_0_clk/X (sky130_fd_sc_hd__clkbuf_16)
     4    0.04                           clknet_0_clk (net)
                  0.05    0.00    0.14 ^ clkbuf_2_2__f_clk/A (sky130_fd_sc_hd__clkbuf_16)
                  0.04    0.09    0.23 ^ clkbuf_2_2__f_clk/X (sky130_fd_sc_hd__clkbuf_16)
    10    0.03                           clknet_2_2__leaf_clk (net)
                  0.04    0.00    0.23 ^ _415_/CLK (sky130_fd_sc_hd__dfrtp_1)
                  0.07    0.22    0.45 ^ _415_/Q (sky130_fd_sc_hd__dfrtp_1)
     3    0.01                           clk_count[7] (net)
                  0.07    0.00    0.45 ^ _332_/S (sky130_fd_sc_hd__mux2_1)
                  0.03    0.08    0.53 ^ _332_/X (sky130_fd_sc_hd__mux2_1)
     1    0.00                           _185_ (net)
                  0.03    0.00    0.53 ^ _333_/A (sky130_fd_sc_hd__clkbuf_1)
                  0.03    0.05    0.58 ^ _333_/X (sky130_fd_sc_hd__clkbuf_1)
     1    0.00                           _057_ (net)
                  0.03    0.00    0.58 ^ _415_/D (sky130_fd_sc_hd__dfrtp_1)
                                  0.58   data arrival time

                          0.00    0.00   clock clk (rise edge)
                          0.00    0.00   clock source latency
                  0.06    0.04    0.04 ^ clk (in)
     1    0.02                           clk (net)
                  0.06    0.00    0.04 ^ clkbuf_0_clk/A (sky130_fd_sc_hd__clkbuf_16)
                  0.05    0.11    0.15 ^ clkbuf_0_clk/X (sky130_fd_sc_hd__clkbuf_16)
     4    0.04                           clknet_0_clk (net)
                  0.05    0.00    0.15 ^ clkbuf_2_2__f_clk/A (sky130_fd_sc_hd__clkbuf_16)
                  0.04    0.10    0.25 ^ clkbuf_2_2__f_clk/X (sky130_fd_sc_hd__clkbuf_16)
    10    0.03                           clknet_2_2__leaf_clk (net)
                  0.04    0.00    0.25 ^ _415_/CLK (sky130_fd_sc_hd__dfrtp_1)
                          0.25    0.50   clock uncertainty
                         -0.02    0.48   clock reconvergence pessimism
                         -0.02    0.46   library hold time
                                  0.46   data required time
-----------------------------------------------------------------------------
                                  0.46   data required time
                                 -0.58   data arrival time
-----------------------------------------------------------------------------
                                  0.12   slack (MET)


Startpoint: _449_ (rising edge-triggered flip-flop clocked by clk)
Endpoint: _431_ (rising edge-triggered flip-flop clocked by clk)
Path Group: clk
Path Type: min
Corner: Fastest

Fanout     Cap    Slew   Delay    Time   Description
-----------------------------------------------------------------------------
                          0.00    0.00   clock clk (rise edge)
                          0.00    0.00   clock source latency
                  0.06    0.04    0.04 ^ clk (in)
     1    0.02                           clk (net)
                  0.06    0.00    0.04 ^ clkbuf_0_clk/A (sky130_fd_sc_hd__clkbuf_16)
                  0.05    0.10    0.14 ^ clkbuf_0_clk/X (sky130_fd_sc_hd__clkbuf_16)
     4    0.04                           clknet_0_clk (net)
                  0.05    0.00    0.14 ^ clkbuf_2_0__f_clk/A (sky130_fd_sc_hd__clkbuf_16)
                  0.05    0.10    0.23 ^ clkbuf_2_0__f_clk/X (sky130_fd_sc_hd__clkbuf_16)
    14    0.04                           clknet_2_0__leaf_clk (net)
                  0.05    0.00    0.23 ^ _449_/CLK (sky130_fd_sc_hd__dfrtp_1)
                  0.07    0.22    0.46 ^ _449_/Q (sky130_fd_sc_hd__dfrtp_1)
     3    0.01                           rx_shift[5] (net)
                  0.07    0.00    0.46 ^ _283_/A0 (sky130_fd_sc_hd__mux2_1)
                  0.03    0.08    0.54 ^ _283_/X (sky130_fd_sc_hd__mux2_1)
     1    0.00                           _150_ (net)
                  0.03    0.00    0.54 ^ _284_/A (sky130_fd_sc_hd__clkbuf_1)
                  0.03    0.05    0.58 ^ _284_/X (sky130_fd_sc_hd__clkbuf_1)
     1    0.00                           _071_ (net)
                  0.03    0.00    0.58 ^ _431_/D (sky130_fd_sc_hd__dfrtp_1)
                                  0.58   data arrival time

                          0.00    0.00   clock clk (rise edge)
                          0.00    0.00   clock source latency
                  0.06    0.04    0.04 ^ clk (in)
     1    0.02                           clk (net)
                  0.06    0.00    0.04 ^ clkbuf_0_clk/A (sky130_fd_sc_hd__clkbuf_16)
                  0.05    0.11    0.15 ^ clkbuf_0_clk/X (sky130_fd_sc_hd__clkbuf_16)
     4    0.04                           clknet_0_clk (net)
                  0.05    0.00    0.15 ^ clkbuf_2_0__f_clk/A (sky130_fd_sc_hd__clkbuf_16)
                  0.05    0.11    0.26 ^ clkbuf_2_0__f_clk/X (sky130_fd_sc_hd__clkbuf_16)
    14    0.04                           clknet_2_0__leaf_clk (net)
                  0.05    0.00    0.26 ^ _431_/CLK (sky130_fd_sc_hd__dfrtp_1)
                          0.25    0.51   clock uncertainty
                         -0.02    0.49   clock reconvergence pessimism
                         -0.02    0.47   library hold time
                                  0.47   data required time
-----------------------------------------------------------------------------
                                  0.47   data required time
                                 -0.58   data arrival time
-----------------------------------------------------------------------------
                                  0.12   slack (MET)


Startpoint: _447_ (rising edge-triggered flip-flop clocked by clk)
Endpoint: _429_ (rising edge-triggered flip-flop clocked by clk)
Path Group: clk
Path Type: min
Corner: Fastest

Fanout     Cap    Slew   Delay    Time   Description
-----------------------------------------------------------------------------
                          0.00    0.00   clock clk (rise edge)
                          0.00    0.00   clock source latency
                  0.06    0.04    0.04 ^ clk (in)
     1    0.02                           clk (net)
                  0.06    0.00    0.04 ^ clkbuf_0_clk/A (sky130_fd_sc_hd__clkbuf_16)
                  0.05    0.10    0.14 ^ clkbuf_0_clk/X (sky130_fd_sc_hd__clkbuf_16)
     4    0.04                           clknet_0_clk (net)
                  0.05    0.00    0.14 ^ clkbuf_2_0__f_clk/A (sky130_fd_sc_hd__clkbuf_16)
                  0.05    0.10    0.23 ^ clkbuf_2_0__f_clk/X (sky130_fd_sc_hd__clkbuf_16)
    14    0.04                           clknet_2_0__leaf_clk (net)
                  0.05    0.00    0.23 ^ _447_/CLK (sky130_fd_sc_hd__dfrtp_1)
                  0.07    0.23    0.46 ^ _447_/Q (sky130_fd_sc_hd__dfrtp_1)
     3    0.01                           rx_shift[3] (net)
                  0.07    0.00    0.46 ^ _287_/A0 (sky130_fd_sc_hd__mux2_1)
                  0.03    0.08    0.54 ^ _287_/X (sky130_fd_sc_hd__mux2_1)
     1    0.00                           _152_ (net)
                  0.03    0.00    0.54 ^ _288_/A (sky130_fd_sc_hd__clkbuf_1)
                  0.03    0.05    0.58 ^ _288_/X (sky130_fd_sc_hd__clkbuf_1)
     1    0.00                           _069_ (net)
                  0.03    0.00    0.58 ^ _429_/D (sky130_fd_sc_hd__dfrtp_1)
                                  0.58   data arrival time

                          0.00    0.00   clock clk (rise edge)
                          0.00    0.00   clock source latency
                  0.06    0.04    0.04 ^ clk (in)
     1    0.02                           clk (net)
                  0.06    0.00    0.04 ^ clkbuf_0_clk/A (sky130_fd_sc_hd__clkbuf_16)
                  0.05    0.11    0.15 ^ clkbuf_0_clk/X (sky130_fd_sc_hd__clkbuf_16)
     4    0.04                           clknet_0_clk (net)
                  0.05    0.00    0.15 ^ clkbuf_2_0__f_clk/A (sky130_fd_sc_hd__clkbuf_16)
                  0.05    0.11    0.26 ^ clkbuf_2_0__f_clk/X (sky130_fd_sc_hd__clkbuf_16)
    14    0.04                           clknet_2_0__leaf_clk (net)
                  0.05    0.00    0.26 ^ _429_/CLK (sky130_fd_sc_hd__dfrtp_1)
                          0.25    0.51   clock uncertainty
                         -0.02    0.48   clock reconvergence pessimism
                         -0.02    0.47   library hold time
                                  0.47   data required time
-----------------------------------------------------------------------------
                                  0.47   data required time
                                 -0.58   data arrival time
-----------------------------------------------------------------------------
                                  0.12   slack (MET)


Startpoint: _428_ (rising edge-triggered flip-flop clocked by clk)
Endpoint: _428_ (rising edge-triggered flip-flop clocked by clk)
Path Group: clk
Path Type: min
Corner: Fastest

Fanout     Cap    Slew   Delay    Time   Description
-----------------------------------------------------------------------------
                          0.00    0.00   clock clk (rise edge)
                          0.00    0.00   clock source latency
                  0.06    0.04    0.04 ^ clk (in)
     1    0.02                           clk (net)
                  0.06    0.00    0.04 ^ clkbuf_0_clk/A (sky130_fd_sc_hd__clkbuf_16)
                  0.05    0.10    0.14 ^ clkbuf_0_clk/X (sky130_fd_sc_hd__clkbuf_16)
     4    0.04                           clknet_0_clk (net)
                  0.05    0.00    0.14 ^ clkbuf_2_0__f_clk/A (sky130_fd_sc_hd__clkbuf_16)
                  0.05    0.10    0.23 ^ clkbuf_2_0__f_clk/X (sky130_fd_sc_hd__clkbuf_16)
    14    0.04                           clknet_2_0__leaf_clk (net)
                  0.05    0.00    0.24 ^ _428_/CLK (sky130_fd_sc_hd__dfrtp_1)
                  0.07    0.22    0.46 ^ _428_/Q (sky130_fd_sc_hd__dfrtp_1)
     2    0.01                           net18 (net)
                  0.07    0.00    0.46 ^ _289_/A1 (sky130_fd_sc_hd__mux2_1)
                  0.03    0.08    0.54 ^ _289_/X (sky130_fd_sc_hd__mux2_1)
     1    0.00                           _153_ (net)
                  0.03    0.00    0.54 ^ _290_/A (sky130_fd_sc_hd__clkbuf_1)
                  0.03    0.05    0.58 ^ _290_/X (sky130_fd_sc_hd__clkbuf_1)
     1    0.00                           _068_ (net)
                  0.03    0.00    0.58 ^ _428_/D (sky130_fd_sc_hd__dfrtp_1)
                                  0.58   data arrival time

                          0.00    0.00   clock clk (rise edge)
                          0.00    0.00   clock source latency
                  0.06    0.04    0.04 ^ clk (in)
     1    0.02                           clk (net)
                  0.06    0.00    0.04 ^ clkbuf_0_clk/A (sky130_fd_sc_hd__clkbuf_16)
                  0.05    0.11    0.15 ^ clkbuf_0_clk/X (sky130_fd_sc_hd__clkbuf_16)
     4    0.04                           clknet_0_clk (net)
                  0.05    0.00    0.15 ^ clkbuf_2_0__f_clk/A (sky130_fd_sc_hd__clkbuf_16)
                  0.05    0.11    0.26 ^ clkbuf_2_0__f_clk/X (sky130_fd_sc_hd__clkbuf_16)
    14    0.04                           clknet_2_0__leaf_clk (net)
                  0.05    0.00    0.26 ^ _428_/CLK (sky130_fd_sc_hd__dfrtp_1)
                          0.25    0.51   clock uncertainty
                         -0.02    0.49   clock reconvergence pessimism
                         -0.02    0.47   library hold time
                                  0.47   data required time
-----------------------------------------------------------------------------
                                  0.47   data required time
                                 -0.58   data arrival time
-----------------------------------------------------------------------------
                                  0.12   slack (MET)


Startpoint: _435_ (rising edge-triggered flip-flop clocked by clk)
Endpoint: _435_ (rising edge-triggered flip-flop clocked by clk)
Path Group: clk
Path Type: min
Corner: Fastest

Fanout     Cap    Slew   Delay    Time   Description
-----------------------------------------------------------------------------
                          0.00    0.00   clock clk (rise edge)
                          0.00    0.00   clock source latency
                  0.06    0.04    0.04 ^ clk (in)
     1    0.02                           clk (net)
                  0.06    0.00    0.04 ^ clkbuf_0_clk/A (sky130_fd_sc_hd__clkbuf_16)
                  0.05    0.10    0.14 ^ clkbuf_0_clk/X (sky130_fd_sc_hd__clkbuf_16)
     4    0.04                           clknet_0_clk (net)
                  0.05    0.00    0.14 ^ clkbuf_2_0__f_clk/A (sky130_fd_sc_hd__clkbuf_16)
                  0.05    0.10    0.23 ^ clkbuf_2_0__f_clk/X (sky130_fd_sc_hd__clkbuf_16)
    14    0.04                           clknet_2_0__leaf_clk (net)
                  0.05    0.00    0.24 ^ _435_/CLK (sky130_fd_sc_hd__dfrtp_2)
                  0.06    0.27    0.50 v _435_/Q (sky130_fd_sc_hd__dfrtp_2)
     4    0.02                           net24 (net)
                  0.06    0.00    0.50 v _235_/A (sky130_fd_sc_hd__inv_2)
                  0.03    0.04    0.55 ^ _235_/Y (sky130_fd_sc_hd__inv_2)
     2    0.01                           _123_ (net)
                  0.03    0.00    0.55 ^ _274_/A1 (sky130_fd_sc_hd__a21oi_1)
                  0.03    0.03    0.58 v _274_/Y (sky130_fd_sc_hd__a21oi_1)
     1    0.00                           _075_ (net)
                  0.03    0.00    0.58 v _435_/D (sky130_fd_sc_hd__dfrtp_2)
                                  0.58   data arrival time

                          0.00    0.00   clock clk (rise edge)
                          0.00    0.00   clock source latency
                  0.06    0.04    0.04 ^ clk (in)
     1    0.02                           clk (net)
                  0.06    0.00    0.04 ^ clkbuf_0_clk/A (sky130_fd_sc_hd__clkbuf_16)
                  0.05    0.11    0.15 ^ clkbuf_0_clk/X (sky130_fd_sc_hd__clkbuf_16)
     4    0.04                           clknet_0_clk (net)
                  0.05    0.00    0.15 ^ clkbuf_2_0__f_clk/A (sky130_fd_sc_hd__clkbuf_16)
                  0.05    0.11    0.26 ^ clkbuf_2_0__f_clk/X (sky130_fd_sc_hd__clkbuf_16)
    14    0.04                           clknet_2_0__leaf_clk (net)
                  0.05    0.00    0.26 ^ _435_/CLK (sky130_fd_sc_hd__dfrtp_2)
                          0.25    0.51   clock uncertainty
                         -0.02    0.49   clock reconvergence pessimism
                         -0.03    0.46   library hold time
                                  0.46   data required time
-----------------------------------------------------------------------------
                                  0.46   data required time
                                 -0.58   data arrival time
-----------------------------------------------------------------------------
                                  0.12   slack (MET)


Startpoint: _423_ (rising edge-triggered flip-flop clocked by clk)
Endpoint: _423_ (rising edge-triggered flip-flop clocked by clk)
Path Group: clk
Path Type: min
Corner: Fastest

Fanout     Cap    Slew   Delay    Time   Description
-----------------------------------------------------------------------------
                          0.00    0.00   clock clk (rise edge)
                          0.00    0.00   clock source latency
                  0.06    0.04    0.04 ^ clk (in)
     1    0.02                           clk (net)
                  0.06    0.00    0.04 ^ clkbuf_0_clk/A (sky130_fd_sc_hd__clkbuf_16)
                  0.05    0.10    0.14 ^ clkbuf_0_clk/X (sky130_fd_sc_hd__clkbuf_16)
     4    0.04                           clknet_0_clk (net)
                  0.05    0.00    0.14 ^ clkbuf_2_2__f_clk/A (sky130_fd_sc_hd__clkbuf_16)
                  0.04    0.09    0.23 ^ clkbuf_2_2__f_clk/X (sky130_fd_sc_hd__clkbuf_16)
    10    0.03                           clknet_2_2__leaf_clk (net)
                  0.04    0.00    0.23 ^ _423_/CLK (sky130_fd_sc_hd__dfrtp_1)
                  0.05    0.24    0.47 v _423_/Q (sky130_fd_sc_hd__dfrtp_1)
     3    0.01                           clk_count[15] (net)
                  0.05    0.00    0.47 v _295_/A (sky130_fd_sc_hd__inv_2)
                  0.03    0.04    0.51 ^ _295_/Y (sky130_fd_sc_hd__inv_2)
     1    0.00                           _156_ (net)
                  0.03    0.00    0.51 ^ _303_/A1 (sky130_fd_sc_hd__o31a_1)
                  0.03    0.08    0.58 ^ _303_/X (sky130_fd_sc_hd__o31a_1)
     1    0.00                           _065_ (net)
                  0.03    0.00    0.58 ^ _423_/D (sky130_fd_sc_hd__dfrtp_1)
                                  0.58   data arrival time

                          0.00    0.00   clock clk (rise edge)
                          0.00    0.00   clock source latency
                  0.06    0.04    0.04 ^ clk (in)
     1    0.02                           clk (net)
                  0.06    0.00    0.04 ^ clkbuf_0_clk/A (sky130_fd_sc_hd__clkbuf_16)
                  0.05    0.11    0.15 ^ clkbuf_0_clk/X (sky130_fd_sc_hd__clkbuf_16)
     4    0.04                           clknet_0_clk (net)
                  0.05    0.00    0.15 ^ clkbuf_2_2__f_clk/A (sky130_fd_sc_hd__clkbuf_16)
                  0.04    0.10    0.25 ^ clkbuf_2_2__f_clk/X (sky130_fd_sc_hd__clkbuf_16)
    10    0.03                           clknet_2_2__leaf_clk (net)
                  0.04    0.00    0.25 ^ _423_/CLK (sky130_fd_sc_hd__dfrtp_1)
                          0.25    0.50   clock uncertainty
                         -0.02    0.48   clock reconvergence pessimism
                         -0.02    0.46   library hold time
                                  0.46   data required time
-----------------------------------------------------------------------------
                                  0.46   data required time
                                 -0.58   data arrival time
-----------------------------------------------------------------------------
                                  0.12   slack (MET)


Startpoint: _453_ (rising edge-triggered flip-flop clocked by clk)
Endpoint: _453_ (rising edge-triggered flip-flop clocked by clk)
Path Group: clk
Path Type: min
Corner: Fastest

Fanout     Cap    Slew   Delay    Time   Description
-----------------------------------------------------------------------------
                          0.00    0.00   clock clk (rise edge)
                          0.00    0.00   clock source latency
                  0.06    0.04    0.04 ^ clk (in)
     1    0.02                           clk (net)
                  0.06    0.00    0.04 ^ clkbuf_0_clk/A (sky130_fd_sc_hd__clkbuf_16)
                  0.05    0.10    0.14 ^ clkbuf_0_clk/X (sky130_fd_sc_hd__clkbuf_16)
     4    0.04                           clknet_0_clk (net)
                  0.05    0.00    0.14 ^ clkbuf_2_1__f_clk/A (sky130_fd_sc_hd__clkbuf_16)
                  0.04    0.09    0.23 ^ clkbuf_2_1__f_clk/X (sky130_fd_sc_hd__clkbuf_16)
    12    0.04                           clknet_2_1__leaf_clk (net)
                  0.04    0.00    0.23 ^ _453_/CLK (sky130_fd_sc_hd__dfrtp_1)
                  0.08    0.23    0.46 ^ _453_/Q (sky130_fd_sc_hd__dfrtp_1)
     4    0.01                           bit_count[1] (net)
                  0.08    0.00    0.46 ^ _229_/A0 (sky130_fd_sc_hd__mux2_1)
                  0.03    0.08    0.54 ^ _229_/X (sky130_fd_sc_hd__mux2_1)
     1    0.00                           _119_ (net)
                  0.03    0.00    0.54 ^ _230_/A (sky130_fd_sc_hd__clkbuf_1)
                  0.03    0.05    0.59 ^ _230_/X (sky130_fd_sc_hd__clkbuf_1)
     1    0.00                           _093_ (net)
                  0.03    0.00    0.59 ^ _453_/D (sky130_fd_sc_hd__dfrtp_1)
                                  0.59   data arrival time

                          0.00    0.00   clock clk (rise edge)
                          0.00    0.00   clock source latency
                  0.06    0.04    0.04 ^ clk (in)
     1    0.02                           clk (net)
                  0.06    0.00    0.04 ^ clkbuf_0_clk/A (sky130_fd_sc_hd__clkbuf_16)
                  0.05    0.11    0.15 ^ clkbuf_0_clk/X (sky130_fd_sc_hd__clkbuf_16)
     4    0.04                           clknet_0_clk (net)
                  0.05    0.00    0.15 ^ clkbuf_2_1__f_clk/A (sky130_fd_sc_hd__clkbuf_16)
                  0.04    0.10    0.26 ^ clkbuf_2_1__f_clk/X (sky130_fd_sc_hd__clkbuf_16)
    12    0.04                           clknet_2_1__leaf_clk (net)
                  0.04    0.00    0.26 ^ _453_/CLK (sky130_fd_sc_hd__dfrtp_1)
                          0.25    0.51   clock uncertainty
                         -0.02    0.48   clock reconvergence pessimism
                         -0.02    0.46   library hold time
                                  0.46   data required time
-----------------------------------------------------------------------------
                                  0.46   data required time
                                 -0.59   data arrival time
-----------------------------------------------------------------------------
                                  0.13   slack (MET)


Startpoint: _419_ (rising edge-triggered flip-flop clocked by clk)
Endpoint: _419_ (rising edge-triggered flip-flop clocked by clk)
Path Group: clk
Path Type: min
Corner: Fastest

Fanout     Cap    Slew   Delay    Time   Description
-----------------------------------------------------------------------------
                          0.00    0.00   clock clk (rise edge)
                          0.00    0.00   clock source latency
                  0.06    0.04    0.04 ^ clk (in)
     1    0.02                           clk (net)
                  0.06    0.00    0.04 ^ clkbuf_0_clk/A (sky130_fd_sc_hd__clkbuf_16)
                  0.05    0.10    0.14 ^ clkbuf_0_clk/X (sky130_fd_sc_hd__clkbuf_16)
     4    0.04                           clknet_0_clk (net)
                  0.05    0.00    0.14 ^ clkbuf_2_3__f_clk/A (sky130_fd_sc_hd__clkbuf_16)
                  0.04    0.10    0.23 ^ clkbuf_2_3__f_clk/X (sky130_fd_sc_hd__clkbuf_16)
    12    0.04                           clknet_2_3__leaf_clk (net)
                  0.04    0.00    0.23 ^ _419_/CLK (sky130_fd_sc_hd__dfrtp_1)
                  0.08    0.23    0.46 ^ _419_/Q (sky130_fd_sc_hd__dfrtp_1)
     3    0.01                           clk_count[11] (net)
                  0.08    0.00    0.46 ^ _317_/S (sky130_fd_sc_hd__mux2_1)
                  0.03    0.08    0.54 ^ _317_/X (sky130_fd_sc_hd__mux2_1)
     1    0.00                           _174_ (net)
                  0.03    0.00    0.54 ^ _318_/A (sky130_fd_sc_hd__clkbuf_1)
                  0.03    0.05    0.59 ^ _318_/X (sky130_fd_sc_hd__clkbuf_1)
     1    0.00                           _061_ (net)
                  0.03    0.00    0.59 ^ _419_/D (sky130_fd_sc_hd__dfrtp_1)
                                  0.59   data arrival time

                          0.00    0.00   clock clk (rise edge)
                          0.00    0.00   clock source latency
                  0.06    0.04    0.04 ^ clk (in)
     1    0.02                           clk (net)
                  0.06    0.00    0.04 ^ clkbuf_0_clk/A (sky130_fd_sc_hd__clkbuf_16)
                  0.05    0.11    0.15 ^ clkbuf_0_clk/X (sky130_fd_sc_hd__clkbuf_16)
     4    0.04                           clknet_0_clk (net)
                  0.05    0.00    0.15 ^ clkbuf_2_3__f_clk/A (sky130_fd_sc_hd__clkbuf_16)
                  0.04    0.11    0.26 ^ clkbuf_2_3__f_clk/X (sky130_fd_sc_hd__clkbuf_16)
    12    0.04                           clknet_2_3__leaf_clk (net)
                  0.04    0.00    0.26 ^ _419_/CLK (sky130_fd_sc_hd__dfrtp_1)
                          0.25    0.51   clock uncertainty
                         -0.02    0.48   clock reconvergence pessimism
                         -0.02    0.46   library hold time
                                  0.46   data required time
-----------------------------------------------------------------------------
                                  0.46   data required time
                                 -0.59   data arrival time
-----------------------------------------------------------------------------
                                  0.13   slack (MET)


Startpoint: _411_ (rising edge-triggered flip-flop clocked by clk)
Endpoint: _411_ (rising edge-triggered flip-flop clocked by clk)
Path Group: clk
Path Type: min
Corner: Fastest

Fanout     Cap    Slew   Delay    Time   Description
-----------------------------------------------------------------------------
                          0.00    0.00   clock clk (rise edge)
                          0.00    0.00   clock source latency
                  0.06    0.04    0.04 ^ clk (in)
     1    0.02                           clk (net)
                  0.06    0.00    0.04 ^ clkbuf_0_clk/A (sky130_fd_sc_hd__clkbuf_16)
                  0.05    0.10    0.14 ^ clkbuf_0_clk/X (sky130_fd_sc_hd__clkbuf_16)
     4    0.04                           clknet_0_clk (net)
                  0.05    0.00    0.14 ^ clkbuf_2_0__f_clk/A (sky130_fd_sc_hd__clkbuf_16)
                  0.05    0.10    0.23 ^ clkbuf_2_0__f_clk/X (sky130_fd_sc_hd__clkbuf_16)
    14    0.04                           clknet_2_0__leaf_clk (net)
                  0.05    0.00    0.24 ^ _411_/CLK (sky130_fd_sc_hd__dfrtp_1)
                  0.10    0.25    0.48 ^ _411_/Q (sky130_fd_sc_hd__dfrtp_1)
     4    0.01                           clk_count[3] (net)
                  0.10    0.00    0.48 ^ _345_/B1 (sky130_fd_sc_hd__a41o_1)
                  0.03    0.06    0.54 ^ _345_/X (sky130_fd_sc_hd__a41o_1)
     1    0.00                           _194_ (net)
                  0.03    0.00    0.54 ^ _346_/B1 (sky130_fd_sc_hd__o31a_1)
                  0.04    0.06    0.60 ^ _346_/X (sky130_fd_sc_hd__o31a_1)
     1    0.00                           _053_ (net)
                  0.04    0.00    0.60 ^ _411_/D (sky130_fd_sc_hd__dfrtp_1)
                                  0.60   data arrival time

                          0.00    0.00   clock clk (rise edge)
                          0.00    0.00   clock source latency
                  0.06    0.04    0.04 ^ clk (in)
     1    0.02                           clk (net)
                  0.06    0.00    0.04 ^ clkbuf_0_clk/A (sky130_fd_sc_hd__clkbuf_16)
                  0.05    0.11    0.15 ^ clkbuf_0_clk/X (sky130_fd_sc_hd__clkbuf_16)
     4    0.04                           clknet_0_clk (net)
                  0.05    0.00    0.15 ^ clkbuf_2_0__f_clk/A (sky130_fd_sc_hd__clkbuf_16)
                  0.05    0.11    0.26 ^ clkbuf_2_0__f_clk/X (sky130_fd_sc_hd__clkbuf_16)
    14    0.04                           clknet_2_0__leaf_clk (net)
                  0.05    0.00    0.26 ^ _411_/CLK (sky130_fd_sc_hd__dfrtp_1)
                          0.25    0.51   clock uncertainty
                         -0.02    0.49   clock reconvergence pessimism
                         -0.02    0.47   library hold time
                                  0.47   data required time
-----------------------------------------------------------------------------
                                  0.47   data required time
                                 -0.60   data arrival time
-----------------------------------------------------------------------------
                                  0.13   slack (MET)


Startpoint: _450_ (rising edge-triggered flip-flop clocked by clk)
Endpoint: _432_ (rising edge-triggered flip-flop clocked by clk)
Path Group: clk
Path Type: min
Corner: Fastest

Fanout     Cap    Slew   Delay    Time   Description
-----------------------------------------------------------------------------
                          0.00    0.00   clock clk (rise edge)
                          0.00    0.00   clock source latency
                  0.06    0.04    0.04 ^ clk (in)
     1    0.02                           clk (net)
                  0.06    0.00    0.04 ^ clkbuf_0_clk/A (sky130_fd_sc_hd__clkbuf_16)
                  0.05    0.10    0.14 ^ clkbuf_0_clk/X (sky130_fd_sc_hd__clkbuf_16)
     4    0.04                           clknet_0_clk (net)
                  0.05    0.00    0.14 ^ clkbuf_2_0__f_clk/A (sky130_fd_sc_hd__clkbuf_16)
                  0.05    0.10    0.23 ^ clkbuf_2_0__f_clk/X (sky130_fd_sc_hd__clkbuf_16)
    14    0.04                           clknet_2_0__leaf_clk (net)
                  0.05    0.00    0.23 ^ _450_/CLK (sky130_fd_sc_hd__dfrtp_1)
                  0.09    0.23    0.47 ^ _450_/Q (sky130_fd_sc_hd__dfrtp_1)
     3    0.01                           rx_shift[6] (net)
                  0.09    0.00    0.47 ^ _281_/A0 (sky130_fd_sc_hd__mux2_1)
                  0.03    0.08    0.55 ^ _281_/X (sky130_fd_sc_hd__mux2_1)
     1    0.00                           _149_ (net)
                  0.03    0.00    0.55 ^ _282_/A (sky130_fd_sc_hd__clkbuf_1)
                  0.03    0.05    0.60 ^ _282_/X (sky130_fd_sc_hd__clkbuf_1)
     1    0.00                           _072_ (net)
                  0.03    0.00    0.60 ^ _432_/D (sky130_fd_sc_hd__dfrtp_1)
                                  0.60   data arrival time

                          0.00    0.00   clock clk (rise edge)
                          0.00    0.00   clock source latency
                  0.06    0.04    0.04 ^ clk (in)
     1    0.02                           clk (net)
                  0.06    0.00    0.04 ^ clkbuf_0_clk/A (sky130_fd_sc_hd__clkbuf_16)
                  0.05    0.11    0.15 ^ clkbuf_0_clk/X (sky130_fd_sc_hd__clkbuf_16)
     4    0.04                           clknet_0_clk (net)
                  0.05    0.00    0.15 ^ clkbuf_2_0__f_clk/A (sky130_fd_sc_hd__clkbuf_16)
                  0.05    0.11    0.26 ^ clkbuf_2_0__f_clk/X (sky130_fd_sc_hd__clkbuf_16)
    14    0.04                           clknet_2_0__leaf_clk (net)
                  0.05    0.00    0.26 ^ _432_/CLK (sky130_fd_sc_hd__dfrtp_1)
                          0.25    0.51   clock uncertainty
                         -0.02    0.49   clock reconvergence pessimism
                         -0.02    0.47   library hold time
                                  0.47   data required time
-----------------------------------------------------------------------------
                                  0.47   data required time
                                 -0.60   data arrival time
-----------------------------------------------------------------------------
                                  0.13   slack (MET)


Startpoint: _409_ (rising edge-triggered flip-flop clocked by clk)
Endpoint: _409_ (rising edge-triggered flip-flop clocked by clk)
Path Group: clk
Path Type: min
Corner: Fastest

Fanout     Cap    Slew   Delay    Time   Description
-----------------------------------------------------------------------------
                          0.00    0.00   clock clk (rise edge)
                          0.00    0.00   clock source latency
                  0.06    0.04    0.04 ^ clk (in)
     1    0.02                           clk (net)
                  0.06    0.00    0.04 ^ clkbuf_0_clk/A (sky130_fd_sc_hd__clkbuf_16)
                  0.05    0.10    0.14 ^ clkbuf_0_clk/X (sky130_fd_sc_hd__clkbuf_16)
     4    0.04                           clknet_0_clk (net)
                  0.05    0.00    0.14 ^ clkbuf_2_2__f_clk/A (sky130_fd_sc_hd__clkbuf_16)
                  0.04    0.09    0.23 ^ clkbuf_2_2__f_clk/X (sky130_fd_sc_hd__clkbuf_16)
    10    0.03                           clknet_2_2__leaf_clk (net)
                  0.04    0.00    0.23 ^ _409_/CLK (sky130_fd_sc_hd__dfrtp_4)
                  0.07    0.27    0.50 ^ _409_/Q (sky130_fd_sc_hd__dfrtp_4)
     7    0.02                           clk_count[1] (net)
                  0.07    0.00    0.50 ^ _350_/C1 (sky130_fd_sc_hd__o211a_1)
                  0.04    0.07    0.57 ^ _350_/X (sky130_fd_sc_hd__o211a_1)
     1    0.00                           _197_ (net)
                  0.04    0.00    0.57 ^ _351_/B (sky130_fd_sc_hd__nor2_1)
                  0.02    0.02    0.59 v _351_/Y (sky130_fd_sc_hd__nor2_1)
     1    0.00                           _051_ (net)
                  0.02    0.00    0.59 v _409_/D (sky130_fd_sc_hd__dfrtp_4)
                                  0.59   data arrival time

                          0.00    0.00   clock clk (rise edge)
                          0.00    0.00   clock source latency
                  0.06    0.04    0.04 ^ clk (in)
     1    0.02                           clk (net)
                  0.06    0.00    0.04 ^ clkbuf_0_clk/A (sky130_fd_sc_hd__clkbuf_16)
                  0.05    0.11    0.15 ^ clkbuf_0_clk/X (sky130_fd_sc_hd__clkbuf_16)
     4    0.04                           clknet_0_clk (net)
                  0.05    0.00    0.15 ^ clkbuf_2_2__f_clk/A (sky130_fd_sc_hd__clkbuf_16)
                  0.04    0.10    0.25 ^ clkbuf_2_2__f_clk/X (sky130_fd_sc_hd__clkbuf_16)
    10    0.03                           clknet_2_2__leaf_clk (net)
                  0.04    0.00    0.25 ^ _409_/CLK (sky130_fd_sc_hd__dfrtp_4)
                          0.25    0.50   clock uncertainty
                         -0.02    0.48   clock reconvergence pessimism
                         -0.02    0.46   library hold time
                                  0.46   data required time
-----------------------------------------------------------------------------
                                  0.46   data required time
                                 -0.59   data arrival time
-----------------------------------------------------------------------------
                                  0.13   slack (MET)


Startpoint: _430_ (rising edge-triggered flip-flop clocked by clk)
Endpoint: _430_ (rising edge-triggered flip-flop clocked by clk)
Path Group: clk
Path Type: min
Corner: Fastest

Fanout     Cap    Slew   Delay    Time   Description
-----------------------------------------------------------------------------
                          0.00    0.00   clock clk (rise edge)
                          0.00    0.00   clock source latency
                  0.06    0.04    0.04 ^ clk (in)
     1    0.02                           clk (net)
                  0.06    0.00    0.04 ^ clkbuf_0_clk/A (sky130_fd_sc_hd__clkbuf_16)
                  0.05    0.10    0.14 ^ clkbuf_0_clk/X (sky130_fd_sc_hd__clkbuf_16)
     4    0.04                           clknet_0_clk (net)
                  0.05    0.00    0.14 ^ clkbuf_2_0__f_clk/A (sky130_fd_sc_hd__clkbuf_16)
                  0.05    0.10    0.23 ^ clkbuf_2_0__f_clk/X (sky130_fd_sc_hd__clkbuf_16)
    14    0.04                           clknet_2_0__leaf_clk (net)
                  0.05    0.00    0.24 ^ _430_/CLK (sky130_fd_sc_hd__dfrtp_1)
                  0.09    0.24    0.47 ^ _430_/Q (sky130_fd_sc_hd__dfrtp_1)
     2    0.01                           net20 (net)
                  0.09    0.00    0.47 ^ _285_/A1 (sky130_fd_sc_hd__mux2_1)
                  0.03    0.08    0.55 ^ _285_/X (sky130_fd_sc_hd__mux2_1)
     1    0.00                           _151_ (net)
                  0.03    0.00    0.55 ^ _286_/A (sky130_fd_sc_hd__clkbuf_1)
                  0.03    0.05    0.60 ^ _286_/X (sky130_fd_sc_hd__clkbuf_1)
     1    0.00                           _070_ (net)
                  0.03    0.00    0.60 ^ _430_/D (sky130_fd_sc_hd__dfrtp_1)
                                  0.60   data arrival time

                          0.00    0.00   clock clk (rise edge)
                          0.00    0.00   clock source latency
                  0.06    0.04    0.04 ^ clk (in)
     1    0.02                           clk (net)
                  0.06    0.00    0.04 ^ clkbuf_0_clk/A (sky130_fd_sc_hd__clkbuf_16)
                  0.05    0.11    0.15 ^ clkbuf_0_clk/X (sky130_fd_sc_hd__clkbuf_16)
     4    0.04                           clknet_0_clk (net)
                  0.05    0.00    0.15 ^ clkbuf_2_0__f_clk/A (sky130_fd_sc_hd__clkbuf_16)
                  0.05    0.11    0.26 ^ clkbuf_2_0__f_clk/X (sky130_fd_sc_hd__clkbuf_16)
    14    0.04                           clknet_2_0__leaf_clk (net)
                  0.05    0.00    0.26 ^ _430_/CLK (sky130_fd_sc_hd__dfrtp_1)
                          0.25    0.51   clock uncertainty
                         -0.02    0.49   clock reconvergence pessimism
                         -0.02    0.47   library hold time
                                  0.47   data required time
-----------------------------------------------------------------------------
                                  0.47   data required time
                                 -0.60   data arrival time
-----------------------------------------------------------------------------
                                  0.13   slack (MET)


Startpoint: _421_ (rising edge-triggered flip-flop clocked by clk)
Endpoint: _421_ (rising edge-triggered flip-flop clocked by clk)
Path Group: clk
Path Type: min
Corner: Fastest

Fanout     Cap    Slew   Delay    Time   Description
-----------------------------------------------------------------------------
                          0.00    0.00   clock clk (rise edge)
                          0.00    0.00   clock source latency
                  0.06    0.04    0.04 ^ clk (in)
     1    0.02                           clk (net)
                  0.06    0.00    0.04 ^ clkbuf_0_clk/A (sky130_fd_sc_hd__clkbuf_16)
                  0.05    0.10    0.14 ^ clkbuf_0_clk/X (sky130_fd_sc_hd__clkbuf_16)
     4    0.04                           clknet_0_clk (net)
                  0.05    0.00    0.14 ^ clkbuf_2_3__f_clk/A (sky130_fd_sc_hd__clkbuf_16)
                  0.04    0.10    0.23 ^ clkbuf_2_3__f_clk/X (sky130_fd_sc_hd__clkbuf_16)
    12    0.04                           clknet_2_3__leaf_clk (net)
                  0.04    0.00    0.23 ^ _421_/CLK (sky130_fd_sc_hd__dfrtp_1)
                  0.09    0.23    0.47 ^ _421_/Q (sky130_fd_sc_hd__dfrtp_1)
     3    0.01                           clk_count[13] (net)
                  0.09    0.00    0.47 ^ _309_/S (sky130_fd_sc_hd__mux2_1)
                  0.03    0.08    0.55 ^ _309_/X (sky130_fd_sc_hd__mux2_1)
     1    0.00                           _168_ (net)
                  0.03    0.00    0.55 ^ _310_/A (sky130_fd_sc_hd__clkbuf_1)
                  0.03    0.05    0.60 ^ _310_/X (sky130_fd_sc_hd__clkbuf_1)
     1    0.00                           _063_ (net)
                  0.03    0.00    0.60 ^ _421_/D (sky130_fd_sc_hd__dfrtp_1)
                                  0.60   data arrival time

                          0.00    0.00   clock clk (rise edge)
                          0.00    0.00   clock source latency
                  0.06    0.04    0.04 ^ clk (in)
     1    0.02                           clk (net)
                  0.06    0.00    0.04 ^ clkbuf_0_clk/A (sky130_fd_sc_hd__clkbuf_16)
                  0.05    0.11    0.15 ^ clkbuf_0_clk/X (sky130_fd_sc_hd__clkbuf_16)
     4    0.04                           clknet_0_clk (net)
                  0.05    0.00    0.15 ^ clkbuf_2_3__f_clk/A (sky130_fd_sc_hd__clkbuf_16)
                  0.04    0.11    0.26 ^ clkbuf_2_3__f_clk/X (sky130_fd_sc_hd__clkbuf_16)
    12    0.04                           clknet_2_3__leaf_clk (net)
                  0.04    0.00    0.26 ^ _421_/CLK (sky130_fd_sc_hd__dfrtp_1)
                          0.25    0.51   clock uncertainty
                         -0.02    0.48   clock reconvergence pessimism
                         -0.02    0.46   library hold time
                                  0.46   data required time
-----------------------------------------------------------------------------
                                  0.46   data required time
                                 -0.60   data arrival time
-----------------------------------------------------------------------------
                                  0.13   slack (MET)


Startpoint: _434_ (rising edge-triggered flip-flop clocked by clk)
Endpoint: _434_ (rising edge-triggered flip-flop clocked by clk)
Path Group: clk
Path Type: min
Corner: Fastest

Fanout     Cap    Slew   Delay    Time   Description
-----------------------------------------------------------------------------
                          0.00    0.00   clock clk (rise edge)
                          0.00    0.00   clock source latency
                  0.06    0.04    0.04 ^ clk (in)
     1    0.02                           clk (net)
                  0.06    0.00    0.04 ^ clkbuf_0_clk/A (sky130_fd_sc_hd__clkbuf_16)
                  0.05    0.10    0.14 ^ clkbuf_0_clk/X (sky130_fd_sc_hd__clkbuf_16)
     4    0.04                           clknet_0_clk (net)
                  0.05    0.00    0.14 ^ clkbuf_2_1__f_clk/A (sky130_fd_sc_hd__clkbuf_16)
                  0.04    0.09    0.23 ^ clkbuf_2_1__f_clk/X (sky130_fd_sc_hd__clkbuf_16)
    12    0.04                           clknet_2_1__leaf_clk (net)
                  0.04    0.00    0.23 ^ _434_/CLK (sky130_fd_sc_hd__dfrtp_1)
                  0.08    0.23    0.46 ^ _434_/Q (sky130_fd_sc_hd__dfrtp_1)
     2    0.01                           net15 (net)
                  0.08    0.00    0.46 ^ _277_/A1 (sky130_fd_sc_hd__mux2_1)
                  0.04    0.09    0.55 ^ _277_/X (sky130_fd_sc_hd__mux2_1)
     1    0.00                           _147_ (net)
                  0.04    0.00    0.55 ^ _278_/A (sky130_fd_sc_hd__clkbuf_1)
                  0.04    0.05    0.60 ^ _278_/X (sky130_fd_sc_hd__clkbuf_1)
     1    0.00                           _074_ (net)
                  0.04    0.00    0.60 ^ _434_/D (sky130_fd_sc_hd__dfrtp_1)
                                  0.60   data arrival time

                          0.00    0.00   clock clk (rise edge)
                          0.00    0.00   clock source latency
                  0.06    0.04    0.04 ^ clk (in)
     1    0.02                           clk (net)
                  0.06    0.00    0.04 ^ clkbuf_0_clk/A (sky130_fd_sc_hd__clkbuf_16)
                  0.05    0.11    0.15 ^ clkbuf_0_clk/X (sky130_fd_sc_hd__clkbuf_16)
     4    0.04                           clknet_0_clk (net)
                  0.05    0.00    0.15 ^ clkbuf_2_1__f_clk/A (sky130_fd_sc_hd__clkbuf_16)
                  0.04    0.10    0.26 ^ clkbuf_2_1__f_clk/X (sky130_fd_sc_hd__clkbuf_16)
    12    0.04                           clknet_2_1__leaf_clk (net)
                  0.04    0.00    0.26 ^ _434_/CLK (sky130_fd_sc_hd__dfrtp_1)
                          0.25    0.51   clock uncertainty
                         -0.02    0.48   clock reconvergence pessimism
                         -0.02    0.46   library hold time
                                  0.46   data required time
-----------------------------------------------------------------------------
                                  0.46   data required time
                                 -0.60   data arrival time
-----------------------------------------------------------------------------
                                  0.14   slack (MET)


Startpoint: _413_ (rising edge-triggered flip-flop clocked by clk)
Endpoint: _413_ (rising edge-triggered flip-flop clocked by clk)
Path Group: clk
Path Type: min
Corner: Fastest

Fanout     Cap    Slew   Delay    Time   Description
-----------------------------------------------------------------------------
                          0.00    0.00   clock clk (rise edge)
                          0.00    0.00   clock source latency
                  0.06    0.04    0.04 ^ clk (in)
     1    0.02                           clk (net)
                  0.06    0.00    0.04 ^ clkbuf_0_clk/A (sky130_fd_sc_hd__clkbuf_16)
                  0.05    0.10    0.14 ^ clkbuf_0_clk/X (sky130_fd_sc_hd__clkbuf_16)
     4    0.04                           clknet_0_clk (net)
                  0.05    0.00    0.14 ^ clkbuf_2_2__f_clk/A (sky130_fd_sc_hd__clkbuf_16)
                  0.04    0.09    0.23 ^ clkbuf_2_2__f_clk/X (sky130_fd_sc_hd__clkbuf_16)
    10    0.03                           clknet_2_2__leaf_clk (net)
                  0.04    0.00    0.23 ^ _413_/CLK (sky130_fd_sc_hd__dfrtp_1)
                  0.09    0.24    0.47 ^ _413_/Q (sky130_fd_sc_hd__dfrtp_1)
     4    0.01                           clk_count[5] (net)
                  0.09    0.00    0.47 ^ _339_/S (sky130_fd_sc_hd__mux2_1)
                  0.03    0.08    0.55 ^ _339_/X (sky130_fd_sc_hd__mux2_1)
     1    0.00                           _190_ (net)
                  0.03    0.00    0.55 ^ _340_/A (sky130_fd_sc_hd__clkbuf_1)
                  0.03    0.05    0.60 ^ _340_/X (sky130_fd_sc_hd__clkbuf_1)
     1    0.00                           _055_ (net)
                  0.03    0.00    0.60 ^ _413_/D (sky130_fd_sc_hd__dfrtp_1)
                                  0.60   data arrival time

                          0.00    0.00   clock clk (rise edge)
                          0.00    0.00   clock source latency
                  0.06    0.04    0.04 ^ clk (in)
     1    0.02                           clk (net)
                  0.06    0.00    0.04 ^ clkbuf_0_clk/A (sky130_fd_sc_hd__clkbuf_16)
                  0.05    0.11    0.15 ^ clkbuf_0_clk/X (sky130_fd_sc_hd__clkbuf_16)
     4    0.04                           clknet_0_clk (net)
                  0.05    0.00    0.15 ^ clkbuf_2_2__f_clk/A (sky130_fd_sc_hd__clkbuf_16)
                  0.04    0.10    0.25 ^ clkbuf_2_2__f_clk/X (sky130_fd_sc_hd__clkbuf_16)
    10    0.03                           clknet_2_2__leaf_clk (net)
                  0.04    0.00    0.25 ^ _413_/CLK (sky130_fd_sc_hd__dfrtp_1)
                          0.25    0.50   clock uncertainty
                         -0.02    0.48   clock reconvergence pessimism
                         -0.02    0.46   library hold time
                                  0.46   data required time
-----------------------------------------------------------------------------
                                  0.46   data required time
                                 -0.60   data arrival time
-----------------------------------------------------------------------------
                                  0.14   slack (MET)


Startpoint: _452_ (rising edge-triggered flip-flop clocked by clk)
Endpoint: _452_ (rising edge-triggered flip-flop clocked by clk)
Path Group: clk
Path Type: min
Corner: Fastest

Fanout     Cap    Slew   Delay    Time   Description
-----------------------------------------------------------------------------
                          0.00    0.00   clock clk (rise edge)
                          0.00    0.00   clock source latency
                  0.06    0.04    0.04 ^ clk (in)
     1    0.02                           clk (net)
                  0.06    0.00    0.04 ^ clkbuf_0_clk/A (sky130_fd_sc_hd__clkbuf_16)
                  0.05    0.10    0.14 ^ clkbuf_0_clk/X (sky130_fd_sc_hd__clkbuf_16)
     4    0.04                           clknet_0_clk (net)
                  0.05    0.00    0.14 ^ clkbuf_2_1__f_clk/A (sky130_fd_sc_hd__clkbuf_16)
                  0.04    0.09    0.23 ^ clkbuf_2_1__f_clk/X (sky130_fd_sc_hd__clkbuf_16)
    12    0.04                           clknet_2_1__leaf_clk (net)
                  0.04    0.00    0.23 ^ _452_/CLK (sky130_fd_sc_hd__dfrtp_1)
                  0.10    0.24    0.47 ^ _452_/Q (sky130_fd_sc_hd__dfrtp_1)
     5    0.01                           bit_count[0] (net)
                  0.10    0.00    0.47 ^ _233_/A0 (sky130_fd_sc_hd__mux2_1)
                  0.03    0.08    0.56 ^ _233_/X (sky130_fd_sc_hd__mux2_1)
     1    0.00                           _122_ (net)
                  0.03    0.00    0.56 ^ _234_/A (sky130_fd_sc_hd__clkbuf_1)
                  0.03    0.05    0.60 ^ _234_/X (sky130_fd_sc_hd__clkbuf_1)
     1    0.00                           _092_ (net)
                  0.03    0.00    0.60 ^ _452_/D (sky130_fd_sc_hd__dfrtp_1)
                                  0.60   data arrival time

                          0.00    0.00   clock clk (rise edge)
                          0.00    0.00   clock source latency
                  0.06    0.04    0.04 ^ clk (in)
     1    0.02                           clk (net)
                  0.06    0.00    0.04 ^ clkbuf_0_clk/A (sky130_fd_sc_hd__clkbuf_16)
                  0.05    0.11    0.15 ^ clkbuf_0_clk/X (sky130_fd_sc_hd__clkbuf_16)
     4    0.04                           clknet_0_clk (net)
                  0.05    0.00    0.15 ^ clkbuf_2_1__f_clk/A (sky130_fd_sc_hd__clkbuf_16)
                  0.04    0.10    0.26 ^ clkbuf_2_1__f_clk/X (sky130_fd_sc_hd__clkbuf_16)
    12    0.04                           clknet_2_1__leaf_clk (net)
                  0.04    0.00    0.26 ^ _452_/CLK (sky130_fd_sc_hd__dfrtp_1)
                          0.25    0.51   clock uncertainty
                         -0.02    0.48   clock reconvergence pessimism
                         -0.02    0.46   library hold time
                                  0.46   data required time
-----------------------------------------------------------------------------
                                  0.46   data required time
                                 -0.60   data arrival time
-----------------------------------------------------------------------------
                                  0.14   slack (MET)


Startpoint: _453_ (rising edge-triggered flip-flop clocked by clk)
Endpoint: _454_ (rising edge-triggered flip-flop clocked by clk)
Path Group: clk
Path Type: min
Corner: Fastest

Fanout     Cap    Slew   Delay    Time   Description
-----------------------------------------------------------------------------
                          0.00    0.00   clock clk (rise edge)
                          0.00    0.00   clock source latency
                  0.06    0.04    0.04 ^ clk (in)
     1    0.02                           clk (net)
                  0.06    0.00    0.04 ^ clkbuf_0_clk/A (sky130_fd_sc_hd__clkbuf_16)
                  0.05    0.10    0.14 ^ clkbuf_0_clk/X (sky130_fd_sc_hd__clkbuf_16)
     4    0.04                           clknet_0_clk (net)
                  0.05    0.00    0.14 ^ clkbuf_2_1__f_clk/A (sky130_fd_sc_hd__clkbuf_16)
                  0.04    0.09    0.23 ^ clkbuf_2_1__f_clk/X (sky130_fd_sc_hd__clkbuf_16)
    12    0.04                           clknet_2_1__leaf_clk (net)
                  0.04    0.00    0.23 ^ _453_/CLK (sky130_fd_sc_hd__dfrtp_1)
                  0.08    0.23    0.46 ^ _453_/Q (sky130_fd_sc_hd__dfrtp_1)
     4    0.01                           bit_count[1] (net)
                  0.08    0.00    0.46 ^ _224_/A (sky130_fd_sc_hd__nand2_1)
                  0.04    0.04    0.50 v _224_/Y (sky130_fd_sc_hd__nand2_1)
     2    0.01                           _115_ (net)
                  0.04    0.00    0.50 v _225_/B (sky130_fd_sc_hd__nand2_1)
                  0.02    0.04    0.54 ^ _225_/Y (sky130_fd_sc_hd__nand2_1)
     1    0.00                           _116_ (net)
                  0.02    0.00    0.54 ^ _226_/B2 (sky130_fd_sc_hd__a2bb2o_1)
                  0.03    0.07    0.61 ^ _226_/X (sky130_fd_sc_hd__a2bb2o_1)
     1    0.00                           _094_ (net)
                  0.03    0.00    0.61 ^ _454_/D (sky130_fd_sc_hd__dfrtp_1)
                                  0.61   data arrival time

                          0.00    0.00   clock clk (rise edge)
                          0.00    0.00   clock source latency
                  0.06    0.04    0.04 ^ clk (in)
     1    0.02                           clk (net)
                  0.06    0.00    0.04 ^ clkbuf_0_clk/A (sky130_fd_sc_hd__clkbuf_16)
                  0.05    0.11    0.15 ^ clkbuf_0_clk/X (sky130_fd_sc_hd__clkbuf_16)
     4    0.04                           clknet_0_clk (net)
                  0.05    0.00    0.15 ^ clkbuf_2_1__f_clk/A (sky130_fd_sc_hd__clkbuf_16)
                  0.04    0.10    0.26 ^ clkbuf_2_1__f_clk/X (sky130_fd_sc_hd__clkbuf_16)
    12    0.04                           clknet_2_1__leaf_clk (net)
                  0.04    0.00    0.26 ^ _454_/CLK (sky130_fd_sc_hd__dfrtp_1)
                          0.25    0.51   clock uncertainty
                         -0.02    0.48   clock reconvergence pessimism
                         -0.02    0.46   library hold time
                                  0.46   data required time
-----------------------------------------------------------------------------
                                  0.46   data required time
                                 -0.61   data arrival time
-----------------------------------------------------------------------------
                                  0.14   slack (MET)


Startpoint: _410_ (rising edge-triggered flip-flop clocked by clk)
Endpoint: _410_ (rising edge-triggered flip-flop clocked by clk)
Path Group: clk
Path Type: min
Corner: Fastest

Fanout     Cap    Slew   Delay    Time   Description
-----------------------------------------------------------------------------
                          0.00    0.00   clock clk (rise edge)
                          0.00    0.00   clock source latency
                  0.06    0.04    0.04 ^ clk (in)
     1    0.02                           clk (net)
                  0.06    0.00    0.04 ^ clkbuf_0_clk/A (sky130_fd_sc_hd__clkbuf_16)
                  0.05    0.10    0.14 ^ clkbuf_0_clk/X (sky130_fd_sc_hd__clkbuf_16)
     4    0.04                           clknet_0_clk (net)
                  0.05    0.00    0.14 ^ clkbuf_2_0__f_clk/A (sky130_fd_sc_hd__clkbuf_16)
                  0.05    0.10    0.23 ^ clkbuf_2_0__f_clk/X (sky130_fd_sc_hd__clkbuf_16)
    14    0.04                           clknet_2_0__leaf_clk (net)
                  0.05    0.00    0.24 ^ _410_/CLK (sky130_fd_sc_hd__dfrtp_2)
                  0.08    0.25    0.48 ^ _410_/Q (sky130_fd_sc_hd__dfrtp_2)
     6    0.02                           clk_count[2] (net)
                  0.08    0.00    0.48 ^ _347_/B1 (sky130_fd_sc_hd__a21o_1)
                  0.03    0.05    0.53 ^ _347_/X (sky130_fd_sc_hd__a21o_1)
     1    0.00                           _195_ (net)
                  0.03    0.00    0.53 ^ _348_/A3 (sky130_fd_sc_hd__a32o_1)
                  0.03    0.08    0.61 ^ _348_/X (sky130_fd_sc_hd__a32o_1)
     1    0.00                           _052_ (net)
                  0.03    0.00    0.61 ^ _410_/D (sky130_fd_sc_hd__dfrtp_2)
                                  0.61   data arrival time

                          0.00    0.00   clock clk (rise edge)
                          0.00    0.00   clock source latency
                  0.06    0.04    0.04 ^ clk (in)
     1    0.02                           clk (net)
                  0.06    0.00    0.04 ^ clkbuf_0_clk/A (sky130_fd_sc_hd__clkbuf_16)
                  0.05    0.11    0.15 ^ clkbuf_0_clk/X (sky130_fd_sc_hd__clkbuf_16)
     4    0.04                           clknet_0_clk (net)
                  0.05    0.00    0.15 ^ clkbuf_2_0__f_clk/A (sky130_fd_sc_hd__clkbuf_16)
                  0.05    0.11    0.26 ^ clkbuf_2_0__f_clk/X (sky130_fd_sc_hd__clkbuf_16)
    14    0.04                           clknet_2_0__leaf_clk (net)
                  0.05    0.00    0.26 ^ _410_/CLK (sky130_fd_sc_hd__dfrtp_2)
                          0.25    0.51   clock uncertainty
                         -0.02    0.49   clock reconvergence pessimism
                         -0.02    0.47   library hold time
                                  0.47   data required time
-----------------------------------------------------------------------------
                                  0.47   data required time
                                 -0.61   data arrival time
-----------------------------------------------------------------------------
                                  0.15   slack (MET)


Startpoint: _440_ (rising edge-triggered flip-flop clocked by clk)
Endpoint: _441_ (rising edge-triggered flip-flop clocked by clk)
Path Group: clk
Path Type: min
Corner: Fastest

Fanout     Cap    Slew   Delay    Time   Description
-----------------------------------------------------------------------------
                          0.00    0.00   clock clk (rise edge)
                          0.00    0.00   clock source latency
                  0.06    0.04    0.04 ^ clk (in)
     1    0.02                           clk (net)
                  0.06    0.00    0.04 ^ clkbuf_0_clk/A (sky130_fd_sc_hd__clkbuf_16)
                  0.05    0.10    0.14 ^ clkbuf_0_clk/X (sky130_fd_sc_hd__clkbuf_16)
     4    0.04                           clknet_0_clk (net)
                  0.05    0.00    0.14 ^ clkbuf_2_3__f_clk/A (sky130_fd_sc_hd__clkbuf_16)
                  0.04    0.10    0.23 ^ clkbuf_2_3__f_clk/X (sky130_fd_sc_hd__clkbuf_16)
    12    0.04                           clknet_2_3__leaf_clk (net)
                  0.04    0.00    0.23 ^ _440_/CLK (sky130_fd_sc_hd__dfrtp_1)
                  0.04    0.20    0.43 ^ _440_/Q (sky130_fd_sc_hd__dfrtp_1)
     2    0.00                           tx_shift[3] (net)
                  0.04    0.00    0.43 ^ _254_/A1 (sky130_fd_sc_hd__mux2_1)
                  0.03    0.07    0.51 ^ _254_/X (sky130_fd_sc_hd__mux2_1)
     1    0.00                           _132_ (net)
                  0.03    0.00    0.51 ^ _255_/A1 (sky130_fd_sc_hd__mux2_1)
                  0.03    0.07    0.58 ^ _255_/X (sky130_fd_sc_hd__mux2_1)
     1    0.00                           _133_ (net)
                  0.03    0.00    0.58 ^ _256_/A (sky130_fd_sc_hd__clkbuf_1)
                  0.03    0.05    0.62 ^ _256_/X (sky130_fd_sc_hd__clkbuf_1)
     1    0.00                           _081_ (net)
                  0.03    0.00    0.62 ^ _441_/D (sky130_fd_sc_hd__dfrtp_1)
                                  0.62   data arrival time

                          0.00    0.00   clock clk (rise edge)
                          0.00    0.00   clock source latency
                  0.06    0.04    0.04 ^ clk (in)
     1    0.02                           clk (net)
                  0.06    0.00    0.04 ^ clkbuf_0_clk/A (sky130_fd_sc_hd__clkbuf_16)
                  0.05    0.11    0.15 ^ clkbuf_0_clk/X (sky130_fd_sc_hd__clkbuf_16)
     4    0.04                           clknet_0_clk (net)
                  0.05    0.00    0.15 ^ clkbuf_2_1__f_clk/A (sky130_fd_sc_hd__clkbuf_16)
                  0.04    0.10    0.26 ^ clkbuf_2_1__f_clk/X (sky130_fd_sc_hd__clkbuf_16)
    12    0.04                           clknet_2_1__leaf_clk (net)
                  0.04    0.00    0.26 ^ _441_/CLK (sky130_fd_sc_hd__dfrtp_1)
                          0.25    0.51   clock uncertainty
                         -0.01    0.49   clock reconvergence pessimism
                         -0.02    0.47   library hold time
                                  0.47   data required time
-----------------------------------------------------------------------------
                                  0.47   data required time
                                 -0.62   data arrival time
-----------------------------------------------------------------------------
                                  0.15   slack (MET)


Startpoint: _422_ (rising edge-triggered flip-flop clocked by clk)
Endpoint: _422_ (rising edge-triggered flip-flop clocked by clk)
Path Group: clk
Path Type: min
Corner: Fastest

Fanout     Cap    Slew   Delay    Time   Description
-----------------------------------------------------------------------------
                          0.00    0.00   clock clk (rise edge)
                          0.00    0.00   clock source latency
                  0.06    0.04    0.04 ^ clk (in)
     1    0.02                           clk (net)
                  0.06    0.00    0.04 ^ clkbuf_0_clk/A (sky130_fd_sc_hd__clkbuf_16)
                  0.05    0.10    0.14 ^ clkbuf_0_clk/X (sky130_fd_sc_hd__clkbuf_16)
     4    0.04                           clknet_0_clk (net)
                  0.05    0.00    0.14 ^ clkbuf_2_2__f_clk/A (sky130_fd_sc_hd__clkbuf_16)
                  0.04    0.09    0.23 ^ clkbuf_2_2__f_clk/X (sky130_fd_sc_hd__clkbuf_16)
    10    0.03                           clknet_2_2__leaf_clk (net)
                  0.04    0.00    0.23 ^ _422_/CLK (sky130_fd_sc_hd__dfrtp_1)
                  0.08    0.23    0.46 ^ _422_/Q (sky130_fd_sc_hd__dfrtp_1)
     4    0.01                           clk_count[14] (net)
                  0.08    0.00    0.46 ^ _301_/A1 (sky130_fd_sc_hd__a21oi_1)
                  0.04    0.05    0.50 v _301_/Y (sky130_fd_sc_hd__a21oi_1)
     2    0.01                           _162_ (net)
                  0.04    0.00    0.50 v _305_/A2 (sky130_fd_sc_hd__o21a_1)
                  0.02    0.10    0.60 v _305_/X (sky130_fd_sc_hd__o21a_1)
     1    0.00                           _064_ (net)
                  0.02    0.00    0.60 v _422_/D (sky130_fd_sc_hd__dfrtp_1)
                                  0.60   data arrival time

                          0.00    0.00   clock clk (rise edge)
                          0.00    0.00   clock source latency
                  0.06    0.04    0.04 ^ clk (in)
     1    0.02                           clk (net)
                  0.06    0.00    0.04 ^ clkbuf_0_clk/A (sky130_fd_sc_hd__clkbuf_16)
                  0.05    0.11    0.15 ^ clkbuf_0_clk/X (sky130_fd_sc_hd__clkbuf_16)
     4    0.04                           clknet_0_clk (net)
                  0.05    0.00    0.15 ^ clkbuf_2_2__f_clk/A (sky130_fd_sc_hd__clkbuf_16)
                  0.04    0.10    0.25 ^ clkbuf_2_2__f_clk/X (sky130_fd_sc_hd__clkbuf_16)
    10    0.03                           clknet_2_2__leaf_clk (net)
                  0.04    0.00    0.25 ^ _422_/CLK (sky130_fd_sc_hd__dfrtp_1)
                          0.25    0.50   clock uncertainty
                         -0.02    0.48   clock reconvergence pessimism
                         -0.03    0.45   library hold time
                                  0.45   data required time
-----------------------------------------------------------------------------
                                  0.45   data required time
                                 -0.60   data arrival time
-----------------------------------------------------------------------------
                                  0.15   slack (MET)


Startpoint: _437_ (rising edge-triggered flip-flop clocked by clk)
Endpoint: _438_ (rising edge-triggered flip-flop clocked by clk)
Path Group: clk
Path Type: min
Corner: Fastest

Fanout     Cap    Slew   Delay    Time   Description
-----------------------------------------------------------------------------
                          0.00    0.00   clock clk (rise edge)
                          0.00    0.00   clock source latency
                  0.06    0.04    0.04 ^ clk (in)
     1    0.02                           clk (net)
                  0.06    0.00    0.04 ^ clkbuf_0_clk/A (sky130_fd_sc_hd__clkbuf_16)
                  0.05    0.10    0.14 ^ clkbuf_0_clk/X (sky130_fd_sc_hd__clkbuf_16)
     4    0.04                           clknet_0_clk (net)
                  0.05    0.00    0.14 ^ clkbuf_2_3__f_clk/A (sky130_fd_sc_hd__clkbuf_16)
                  0.04    0.10    0.23 ^ clkbuf_2_3__f_clk/X (sky130_fd_sc_hd__clkbuf_16)
    12    0.04                           clknet_2_3__leaf_clk (net)
                  0.04    0.00    0.23 ^ _437_/CLK (sky130_fd_sc_hd__dfrtp_1)
                  0.04    0.20    0.43 ^ _437_/Q (sky130_fd_sc_hd__dfrtp_1)
     2    0.00                           tx_shift[0] (net)
                  0.04    0.00    0.43 ^ _263_/A1 (sky130_fd_sc_hd__mux2_1)
                  0.03    0.07    0.51 ^ _263_/X (sky130_fd_sc_hd__mux2_1)
     1    0.00                           _138_ (net)
                  0.03    0.00    0.51 ^ _264_/A1 (sky130_fd_sc_hd__mux2_1)
                  0.03    0.07    0.57 ^ _264_/X (sky130_fd_sc_hd__mux2_1)
     1    0.00                           _139_ (net)
                  0.03    0.00    0.57 ^ _265_/A (sky130_fd_sc_hd__clkbuf_1)
                  0.03    0.05    0.62 ^ _265_/X (sky130_fd_sc_hd__clkbuf_1)
     1    0.00                           _078_ (net)
                  0.03    0.00    0.62 ^ _438_/D (sky130_fd_sc_hd__dfrtp_1)
                                  0.62   data arrival time

                          0.00    0.00   clock clk (rise edge)
                          0.00    0.00   clock source latency
                  0.06    0.04    0.04 ^ clk (in)
     1    0.02                           clk (net)
                  0.06    0.00    0.04 ^ clkbuf_0_clk/A (sky130_fd_sc_hd__clkbuf_16)
                  0.05    0.11    0.15 ^ clkbuf_0_clk/X (sky130_fd_sc_hd__clkbuf_16)
     4    0.04                           clknet_0_clk (net)
                  0.05    0.00    0.15 ^ clkbuf_2_3__f_clk/A (sky130_fd_sc_hd__clkbuf_16)
                  0.04    0.11    0.26 ^ clkbuf_2_3__f_clk/X (sky130_fd_sc_hd__clkbuf_16)
    12    0.04                           clknet_2_3__leaf_clk (net)
                  0.04    0.00    0.26 ^ _438_/CLK (sky130_fd_sc_hd__dfrtp_1)
                          0.25    0.51   clock uncertainty
                         -0.02    0.48   clock reconvergence pessimism
                         -0.02    0.46   library hold time
                                  0.46   data required time
-----------------------------------------------------------------------------
                                  0.46   data required time
                                 -0.62   data arrival time
-----------------------------------------------------------------------------
                                  0.16   slack (MET)


Startpoint: _442_ (rising edge-triggered flip-flop clocked by clk)
Endpoint: _443_ (rising edge-triggered flip-flop clocked by clk)
Path Group: clk
Path Type: min
Corner: Fastest

Fanout     Cap    Slew   Delay    Time   Description
-----------------------------------------------------------------------------
                          0.00    0.00   clock clk (rise edge)
                          0.00    0.00   clock source latency
                  0.06    0.04    0.04 ^ clk (in)
     1    0.02                           clk (net)
                  0.06    0.00    0.04 ^ clkbuf_0_clk/A (sky130_fd_sc_hd__clkbuf_16)
                  0.05    0.10    0.14 ^ clkbuf_0_clk/X (sky130_fd_sc_hd__clkbuf_16)
     4    0.04                           clknet_0_clk (net)
                  0.05    0.00    0.14 ^ clkbuf_2_1__f_clk/A (sky130_fd_sc_hd__clkbuf_16)
                  0.04    0.09    0.23 ^ clkbuf_2_1__f_clk/X (sky130_fd_sc_hd__clkbuf_16)
    12    0.04                           clknet_2_1__leaf_clk (net)
                  0.04    0.00    0.23 ^ _442_/CLK (sky130_fd_sc_hd__dfrtp_1)
                  0.05    0.20    0.43 ^ _442_/Q (sky130_fd_sc_hd__dfrtp_1)
     2    0.01                           tx_shift[5] (net)
                  0.05    0.00    0.43 ^ _248_/A1 (sky130_fd_sc_hd__mux2_1)
                  0.03    0.07    0.51 ^ _248_/X (sky130_fd_sc_hd__mux2_1)
     1    0.00                           _128_ (net)
                  0.03    0.00    0.51 ^ _249_/A1 (sky130_fd_sc_hd__mux2_1)
                  0.03    0.07    0.58 ^ _249_/X (sky130_fd_sc_hd__mux2_1)
     1    0.00                           _129_ (net)
                  0.03    0.00    0.58 ^ _250_/A (sky130_fd_sc_hd__clkbuf_1)
                  0.03    0.05    0.62 ^ _250_/X (sky130_fd_sc_hd__clkbuf_1)
     1    0.00                           _083_ (net)
                  0.03    0.00    0.62 ^ _443_/D (sky130_fd_sc_hd__dfrtp_1)
                                  0.62   data arrival time

                          0.00    0.00   clock clk (rise edge)
                          0.00    0.00   clock source latency
                  0.06    0.04    0.04 ^ clk (in)
     1    0.02                           clk (net)
                  0.06    0.00    0.04 ^ clkbuf_0_clk/A (sky130_fd_sc_hd__clkbuf_16)
                  0.05    0.11    0.15 ^ clkbuf_0_clk/X (sky130_fd_sc_hd__clkbuf_16)
     4    0.04                           clknet_0_clk (net)
                  0.05    0.00    0.15 ^ clkbuf_2_1__f_clk/A (sky130_fd_sc_hd__clkbuf_16)
                  0.04    0.10    0.26 ^ clkbuf_2_1__f_clk/X (sky130_fd_sc_hd__clkbuf_16)
    12    0.04                           clknet_2_1__leaf_clk (net)
                  0.04    0.00    0.26 ^ _443_/CLK (sky130_fd_sc_hd__dfrtp_1)
                          0.25    0.51   clock uncertainty
                         -0.02    0.48   clock reconvergence pessimism
                         -0.02    0.46   library hold time
                                  0.46   data required time
-----------------------------------------------------------------------------
                                  0.46   data required time
                                 -0.62   data arrival time
-----------------------------------------------------------------------------
                                  0.16   slack (MET)


Startpoint: _438_ (rising edge-triggered flip-flop clocked by clk)
Endpoint: _439_ (rising edge-triggered flip-flop clocked by clk)
Path Group: clk
Path Type: min
Corner: Fastest

Fanout     Cap    Slew   Delay    Time   Description
-----------------------------------------------------------------------------
                          0.00    0.00   clock clk (rise edge)
                          0.00    0.00   clock source latency
                  0.06    0.04    0.04 ^ clk (in)
     1    0.02                           clk (net)
                  0.06    0.00    0.04 ^ clkbuf_0_clk/A (sky130_fd_sc_hd__clkbuf_16)
                  0.05    0.10    0.14 ^ clkbuf_0_clk/X (sky130_fd_sc_hd__clkbuf_16)
     4    0.04                           clknet_0_clk (net)
                  0.05    0.00    0.14 ^ clkbuf_2_3__f_clk/A (sky130_fd_sc_hd__clkbuf_16)
                  0.04    0.10    0.23 ^ clkbuf_2_3__f_clk/X (sky130_fd_sc_hd__clkbuf_16)
    12    0.04                           clknet_2_3__leaf_clk (net)
                  0.04    0.00    0.23 ^ _438_/CLK (sky130_fd_sc_hd__dfrtp_1)
                  0.05    0.20    0.44 ^ _438_/Q (sky130_fd_sc_hd__dfrtp_1)
     2    0.01                           tx_shift[1] (net)
                  0.05    0.00    0.44 ^ _260_/A1 (sky130_fd_sc_hd__mux2_1)
                  0.03    0.07    0.51 ^ _260_/X (sky130_fd_sc_hd__mux2_1)
     1    0.00                           _136_ (net)
                  0.03    0.00    0.51 ^ _261_/A1 (sky130_fd_sc_hd__mux2_1)
                  0.03    0.07    0.58 ^ _261_/X (sky130_fd_sc_hd__mux2_1)
     1    0.00                           _137_ (net)
                  0.03    0.00    0.58 ^ _262_/A (sky130_fd_sc_hd__clkbuf_1)
                  0.03    0.05    0.63 ^ _262_/X (sky130_fd_sc_hd__clkbuf_1)
     1    0.00                           _079_ (net)
                  0.03    0.00    0.63 ^ _439_/D (sky130_fd_sc_hd__dfrtp_1)
                                  0.63   data arrival time

                          0.00    0.00   clock clk (rise edge)
                          0.00    0.00   clock source latency
                  0.06    0.04    0.04 ^ clk (in)
     1    0.02                           clk (net)
                  0.06    0.00    0.04 ^ clkbuf_0_clk/A (sky130_fd_sc_hd__clkbuf_16)
                  0.05    0.11    0.15 ^ clkbuf_0_clk/X (sky130_fd_sc_hd__clkbuf_16)
     4    0.04                           clknet_0_clk (net)
                  0.05    0.00    0.15 ^ clkbuf_2_3__f_clk/A (sky130_fd_sc_hd__clkbuf_16)
                  0.04    0.11    0.26 ^ clkbuf_2_3__f_clk/X (sky130_fd_sc_hd__clkbuf_16)
    12    0.04                           clknet_2_3__leaf_clk (net)
                  0.04    0.00    0.26 ^ _439_/CLK (sky130_fd_sc_hd__dfrtp_1)
                          0.25    0.51   clock uncertainty
                         -0.02    0.48   clock reconvergence pessimism
                         -0.02    0.46   library hold time
                                  0.46   data required time
-----------------------------------------------------------------------------
                                  0.46   data required time
                                 -0.63   data arrival time
-----------------------------------------------------------------------------
                                  0.16   slack (MET)


Startpoint: _418_ (rising edge-triggered flip-flop clocked by clk)
Endpoint: _418_ (rising edge-triggered flip-flop clocked by clk)
Path Group: clk
Path Type: min
Corner: Fastest

Fanout     Cap    Slew   Delay    Time   Description
-----------------------------------------------------------------------------
                          0.00    0.00   clock clk (rise edge)
                          0.00    0.00   clock source latency
                  0.06    0.04    0.04 ^ clk (in)
     1    0.02                           clk (net)
                  0.06    0.00    0.04 ^ clkbuf_0_clk/A (sky130_fd_sc_hd__clkbuf_16)
                  0.05    0.10    0.14 ^ clkbuf_0_clk/X (sky130_fd_sc_hd__clkbuf_16)
     4    0.04                           clknet_0_clk (net)
                  0.05    0.00    0.14 ^ clkbuf_2_3__f_clk/A (sky130_fd_sc_hd__clkbuf_16)
                  0.04    0.10    0.23 ^ clkbuf_2_3__f_clk/X (sky130_fd_sc_hd__clkbuf_16)
    12    0.04                           clknet_2_3__leaf_clk (net)
                  0.04    0.00    0.23 ^ _418_/CLK (sky130_fd_sc_hd__dfrtp_1)
                  0.09    0.23    0.47 ^ _418_/Q (sky130_fd_sc_hd__dfrtp_1)
     4    0.01                           clk_count[10] (net)
                  0.09    0.00    0.47 ^ _319_/B1 (sky130_fd_sc_hd__a21o_1)
                  0.03    0.05    0.52 ^ _319_/X (sky130_fd_sc_hd__a21o_1)
     1    0.00                           _175_ (net)
                  0.03    0.00    0.52 ^ _320_/B (sky130_fd_sc_hd__and2_1)
                  0.03    0.07    0.58 ^ _320_/X (sky130_fd_sc_hd__and2_1)
     1    0.00                           _176_ (net)
                  0.03    0.00    0.58 ^ _321_/A (sky130_fd_sc_hd__clkbuf_1)
                  0.03    0.05    0.63 ^ _321_/X (sky130_fd_sc_hd__clkbuf_1)
     1    0.00                           _060_ (net)
                  0.03    0.00    0.63 ^ _418_/D (sky130_fd_sc_hd__dfrtp_1)
                                  0.63   data arrival time

                          0.00    0.00   clock clk (rise edge)
                          0.00    0.00   clock source latency
                  0.06    0.04    0.04 ^ clk (in)
     1    0.02                           clk (net)
                  0.06    0.00    0.04 ^ clkbuf_0_clk/A (sky130_fd_sc_hd__clkbuf_16)
                  0.05    0.11    0.15 ^ clkbuf_0_clk/X (sky130_fd_sc_hd__clkbuf_16)
     4    0.04                           clknet_0_clk (net)
                  0.05    0.00    0.15 ^ clkbuf_2_3__f_clk/A (sky130_fd_sc_hd__clkbuf_16)
                  0.04    0.11    0.26 ^ clkbuf_2_3__f_clk/X (sky130_fd_sc_hd__clkbuf_16)
    12    0.04                           clknet_2_3__leaf_clk (net)
                  0.04    0.00    0.26 ^ _418_/CLK (sky130_fd_sc_hd__dfrtp_1)
                          0.25    0.51   clock uncertainty
                         -0.02    0.48   clock reconvergence pessimism
                         -0.02    0.46   library hold time
                                  0.46   data required time
-----------------------------------------------------------------------------
                                  0.46   data required time
                                 -0.63   data arrival time
-----------------------------------------------------------------------------
                                  0.17   slack (MET)


Startpoint: _439_ (rising edge-triggered flip-flop clocked by clk)
Endpoint: _440_ (rising edge-triggered flip-flop clocked by clk)
Path Group: clk
Path Type: min
Corner: Fastest

Fanout     Cap    Slew   Delay    Time   Description
-----------------------------------------------------------------------------
                          0.00    0.00   clock clk (rise edge)
                          0.00    0.00   clock source latency
                  0.06    0.04    0.04 ^ clk (in)
     1    0.02                           clk (net)
                  0.06    0.00    0.04 ^ clkbuf_0_clk/A (sky130_fd_sc_hd__clkbuf_16)
                  0.05    0.10    0.14 ^ clkbuf_0_clk/X (sky130_fd_sc_hd__clkbuf_16)
     4    0.04                           clknet_0_clk (net)
                  0.05    0.00    0.14 ^ clkbuf_2_3__f_clk/A (sky130_fd_sc_hd__clkbuf_16)
                  0.04    0.10    0.23 ^ clkbuf_2_3__f_clk/X (sky130_fd_sc_hd__clkbuf_16)
    12    0.04                           clknet_2_3__leaf_clk (net)
                  0.04    0.00    0.23 ^ _439_/CLK (sky130_fd_sc_hd__dfrtp_1)
                  0.05    0.21    0.44 ^ _439_/Q (sky130_fd_sc_hd__dfrtp_1)
     2    0.01                           tx_shift[2] (net)
                  0.05    0.00    0.44 ^ _257_/A1 (sky130_fd_sc_hd__mux2_1)
                  0.03    0.07    0.51 ^ _257_/X (sky130_fd_sc_hd__mux2_1)
     1    0.00                           _134_ (net)
                  0.03    0.00    0.51 ^ _258_/A1 (sky130_fd_sc_hd__mux2_1)
                  0.03    0.07    0.58 ^ _258_/X (sky130_fd_sc_hd__mux2_1)
     1    0.00                           _135_ (net)
                  0.03    0.00    0.58 ^ _259_/A (sky130_fd_sc_hd__clkbuf_1)
                  0.03    0.05    0.63 ^ _259_/X (sky130_fd_sc_hd__clkbuf_1)
     1    0.00                           _080_ (net)
                  0.03    0.00    0.63 ^ _440_/D (sky130_fd_sc_hd__dfrtp_1)
                                  0.63   data arrival time

                          0.00    0.00   clock clk (rise edge)
                          0.00    0.00   clock source latency
                  0.06    0.04    0.04 ^ clk (in)
     1    0.02                           clk (net)
                  0.06    0.00    0.04 ^ clkbuf_0_clk/A (sky130_fd_sc_hd__clkbuf_16)
                  0.05    0.11    0.15 ^ clkbuf_0_clk/X (sky130_fd_sc_hd__clkbuf_16)
     4    0.04                           clknet_0_clk (net)
                  0.05    0.00    0.15 ^ clkbuf_2_3__f_clk/A (sky130_fd_sc_hd__clkbuf_16)
                  0.04    0.11    0.26 ^ clkbuf_2_3__f_clk/X (sky130_fd_sc_hd__clkbuf_16)
    12    0.04                           clknet_2_3__leaf_clk (net)
                  0.04    0.00    0.26 ^ _440_/CLK (sky130_fd_sc_hd__dfrtp_1)
                          0.25    0.51   clock uncertainty
                         -0.02    0.48   clock reconvergence pessimism
                         -0.02    0.46   library hold time
                                  0.46   data required time
-----------------------------------------------------------------------------
                                  0.46   data required time
                                 -0.63   data arrival time
-----------------------------------------------------------------------------
                                  0.17   slack (MET)


Startpoint: _441_ (rising edge-triggered flip-flop clocked by clk)
Endpoint: _442_ (rising edge-triggered flip-flop clocked by clk)
Path Group: clk
Path Type: min
Corner: Fastest

Fanout     Cap    Slew   Delay    Time   Description
-----------------------------------------------------------------------------
                          0.00    0.00   clock clk (rise edge)
                          0.00    0.00   clock source latency
                  0.06    0.04    0.04 ^ clk (in)
     1    0.02                           clk (net)
                  0.06    0.00    0.04 ^ clkbuf_0_clk/A (sky130_fd_sc_hd__clkbuf_16)
                  0.05    0.10    0.14 ^ clkbuf_0_clk/X (sky130_fd_sc_hd__clkbuf_16)
     4    0.04                           clknet_0_clk (net)
                  0.05    0.00    0.14 ^ clkbuf_2_1__f_clk/A (sky130_fd_sc_hd__clkbuf_16)
                  0.04    0.09    0.23 ^ clkbuf_2_1__f_clk/X (sky130_fd_sc_hd__clkbuf_16)
    12    0.04                           clknet_2_1__leaf_clk (net)
                  0.04    0.00    0.23 ^ _441_/CLK (sky130_fd_sc_hd__dfrtp_1)
                  0.05    0.21    0.44 ^ _441_/Q (sky130_fd_sc_hd__dfrtp_1)
     2    0.01                           tx_shift[4] (net)
                  0.05    0.00    0.44 ^ _251_/A1 (sky130_fd_sc_hd__mux2_1)
                  0.03    0.07    0.51 ^ _251_/X (sky130_fd_sc_hd__mux2_1)
     1    0.00                           _130_ (net)
                  0.03    0.00    0.51 ^ _252_/A1 (sky130_fd_sc_hd__mux2_1)
                  0.03    0.07    0.58 ^ _252_/X (sky130_fd_sc_hd__mux2_1)
     1    0.00                           _131_ (net)
                  0.03    0.00    0.58 ^ _253_/A (sky130_fd_sc_hd__clkbuf_1)
                  0.03    0.05    0.63 ^ _253_/X (sky130_fd_sc_hd__clkbuf_1)
     1    0.00                           _082_ (net)
                  0.03    0.00    0.63 ^ _442_/D (sky130_fd_sc_hd__dfrtp_1)
                                  0.63   data arrival time

                          0.00    0.00   clock clk (rise edge)
                          0.00    0.00   clock source latency
                  0.06    0.04    0.04 ^ clk (in)
     1    0.02                           clk (net)
                  0.06    0.00    0.04 ^ clkbuf_0_clk/A (sky130_fd_sc_hd__clkbuf_16)
                  0.05    0.11    0.15 ^ clkbuf_0_clk/X (sky130_fd_sc_hd__clkbuf_16)
     4    0.04                           clknet_0_clk (net)
                  0.05    0.00    0.15 ^ clkbuf_2_1__f_clk/A (sky130_fd_sc_hd__clkbuf_16)
                  0.04    0.10    0.26 ^ clkbuf_2_1__f_clk/X (sky130_fd_sc_hd__clkbuf_16)
    12    0.04                           clknet_2_1__leaf_clk (net)
                  0.04    0.00    0.26 ^ _442_/CLK (sky130_fd_sc_hd__dfrtp_1)
                          0.25    0.51   clock uncertainty
                         -0.02    0.48   clock reconvergence pessimism
                         -0.02    0.46   library hold time
                                  0.46   data required time
-----------------------------------------------------------------------------
                                  0.46   data required time
                                 -0.63   data arrival time
-----------------------------------------------------------------------------
                                  0.17   slack (MET)


Startpoint: _408_ (rising edge-triggered flip-flop clocked by clk)
Endpoint: _408_ (rising edge-triggered flip-flop clocked by clk)
Path Group: clk
Path Type: min
Corner: Fastest

Fanout     Cap    Slew   Delay    Time   Description
-----------------------------------------------------------------------------
                          0.00    0.00   clock clk (rise edge)
                          0.00    0.00   clock source latency
                  0.06    0.04    0.04 ^ clk (in)
     1    0.02                           clk (net)
                  0.06    0.00    0.04 ^ clkbuf_0_clk/A (sky130_fd_sc_hd__clkbuf_16)
                  0.05    0.10    0.14 ^ clkbuf_0_clk/X (sky130_fd_sc_hd__clkbuf_16)
     4    0.04                           clknet_0_clk (net)
                  0.05    0.00    0.14 ^ clkbuf_2_0__f_clk/A (sky130_fd_sc_hd__clkbuf_16)
                  0.05    0.10    0.23 ^ clkbuf_2_0__f_clk/X (sky130_fd_sc_hd__clkbuf_16)
    14    0.04                           clknet_2_0__leaf_clk (net)
                  0.05    0.00    0.24 ^ _408_/CLK (sky130_fd_sc_hd__dfrtp_4)
                  0.08    0.28    0.51 ^ _408_/Q (sky130_fd_sc_hd__dfrtp_4)
     8    0.03                           clk_count[0] (net)
                  0.08    0.00    0.51 ^ _352_/S (sky130_fd_sc_hd__mux2_1)
                  0.03    0.08    0.59 ^ _352_/X (sky130_fd_sc_hd__mux2_1)
     1    0.00                           _198_ (net)
                  0.03    0.00    0.59 ^ _353_/A (sky130_fd_sc_hd__clkbuf_1)
                  0.03    0.05    0.64 ^ _353_/X (sky130_fd_sc_hd__clkbuf_1)
     1    0.00                           _050_ (net)
                  0.03    0.00    0.64 ^ _408_/D (sky130_fd_sc_hd__dfrtp_4)
                                  0.64   data arrival time

                          0.00    0.00   clock clk (rise edge)
                          0.00    0.00   clock source latency
                  0.06    0.04    0.04 ^ clk (in)
     1    0.02                           clk (net)
                  0.06    0.00    0.04 ^ clkbuf_0_clk/A (sky130_fd_sc_hd__clkbuf_16)
                  0.05    0.11    0.15 ^ clkbuf_0_clk/X (sky130_fd_sc_hd__clkbuf_16)
     4    0.04                           clknet_0_clk (net)
                  0.05    0.00    0.15 ^ clkbuf_2_0__f_clk/A (sky130_fd_sc_hd__clkbuf_16)
                  0.05    0.11    0.26 ^ clkbuf_2_0__f_clk/X (sky130_fd_sc_hd__clkbuf_16)
    14    0.04                           clknet_2_0__leaf_clk (net)
                  0.05    0.00    0.26 ^ _408_/CLK (sky130_fd_sc_hd__dfrtp_4)
                          0.25    0.51   clock uncertainty
                         -0.02    0.49   clock reconvergence pessimism
                         -0.02    0.47   library hold time
                                  0.47   data required time
-----------------------------------------------------------------------------
                                  0.47   data required time
                                 -0.64   data arrival time
-----------------------------------------------------------------------------
                                  0.18   slack (MET)


Startpoint: _414_ (rising edge-triggered flip-flop clocked by clk)
Endpoint: _414_ (rising edge-triggered flip-flop clocked by clk)
Path Group: clk
Path Type: min
Corner: Fastest

Fanout     Cap    Slew   Delay    Time   Description
-----------------------------------------------------------------------------
                          0.00    0.00   clock clk (rise edge)
                          0.00    0.00   clock source latency
                  0.06    0.04    0.04 ^ clk (in)
     1    0.02                           clk (net)
                  0.06    0.00    0.04 ^ clkbuf_0_clk/A (sky130_fd_sc_hd__clkbuf_16)
                  0.05    0.10    0.14 ^ clkbuf_0_clk/X (sky130_fd_sc_hd__clkbuf_16)
     4    0.04                           clknet_0_clk (net)
                  0.05    0.00    0.14 ^ clkbuf_2_2__f_clk/A (sky130_fd_sc_hd__clkbuf_16)
                  0.04    0.09    0.23 ^ clkbuf_2_2__f_clk/X (sky130_fd_sc_hd__clkbuf_16)
    10    0.03                           clknet_2_2__leaf_clk (net)
                  0.04    0.00    0.23 ^ _414_/CLK (sky130_fd_sc_hd__dfrtp_1)
                  0.11    0.25    0.48 ^ _414_/Q (sky130_fd_sc_hd__dfrtp_1)
     6    0.02                           clk_count[6] (net)
                  0.11    0.00    0.48 ^ _334_/A_N (sky130_fd_sc_hd__and3b_1)
                  0.02    0.11    0.58 v _334_/X (sky130_fd_sc_hd__and3b_1)
     1    0.00                           _186_ (net)
                  0.02    0.00    0.58 v _335_/B1 (sky130_fd_sc_hd__a21o_1)
                  0.02    0.06    0.64 v _335_/X (sky130_fd_sc_hd__a21o_1)
     1    0.00                           _056_ (net)
                  0.02    0.00    0.64 v _414_/D (sky130_fd_sc_hd__dfrtp_1)
                                  0.64   data arrival time

                          0.00    0.00   clock clk (rise edge)
                          0.00    0.00   clock source latency
                  0.06    0.04    0.04 ^ clk (in)
     1    0.02                           clk (net)
                  0.06    0.00    0.04 ^ clkbuf_0_clk/A (sky130_fd_sc_hd__clkbuf_16)
                  0.05    0.11    0.15 ^ clkbuf_0_clk/X (sky130_fd_sc_hd__clkbuf_16)
     4    0.04                           clknet_0_clk (net)
                  0.05    0.00    0.15 ^ clkbuf_2_2__f_clk/A (sky130_fd_sc_hd__clkbuf_16)
                  0.04    0.10    0.25 ^ clkbuf_2_2__f_clk/X (sky130_fd_sc_hd__clkbuf_16)
    10    0.03                           clknet_2_2__leaf_clk (net)
                  0.04    0.00    0.25 ^ _414_/CLK (sky130_fd_sc_hd__dfrtp_1)
                          0.25    0.50   clock uncertainty
                         -0.02    0.48   clock reconvergence pessimism
                         -0.03    0.45   library hold time
                                  0.45   data required time
-----------------------------------------------------------------------------
                                  0.45   data required time
                                 -0.64   data arrival time
-----------------------------------------------------------------------------
                                  0.19   slack (MET)


Startpoint: _420_ (rising edge-triggered flip-flop clocked by clk)
Endpoint: _420_ (rising edge-triggered flip-flop clocked by clk)
Path Group: clk
Path Type: min
Corner: Fastest

Fanout     Cap    Slew   Delay    Time   Description
-----------------------------------------------------------------------------
                          0.00    0.00   clock clk (rise edge)
                          0.00    0.00   clock source latency
                  0.06    0.04    0.04 ^ clk (in)
     1    0.02                           clk (net)
                  0.06    0.00    0.04 ^ clkbuf_0_clk/A (sky130_fd_sc_hd__clkbuf_16)
                  0.05    0.10    0.14 ^ clkbuf_0_clk/X (sky130_fd_sc_hd__clkbuf_16)
     4    0.04                           clknet_0_clk (net)
                  0.05    0.00    0.14 ^ clkbuf_2_3__f_clk/A (sky130_fd_sc_hd__clkbuf_16)
                  0.04    0.10    0.23 ^ clkbuf_2_3__f_clk/X (sky130_fd_sc_hd__clkbuf_16)
    12    0.04                           clknet_2_3__leaf_clk (net)
                  0.04    0.00    0.23 ^ _420_/CLK (sky130_fd_sc_hd__dfrtp_1)
                  0.11    0.25    0.48 ^ _420_/Q (sky130_fd_sc_hd__dfrtp_1)
     6    0.01                           clk_count[12] (net)
                  0.11    0.00    0.48 ^ _311_/A_N (sky130_fd_sc_hd__and3b_1)
                  0.02    0.11    0.59 v _311_/X (sky130_fd_sc_hd__and3b_1)
     1    0.00                           _169_ (net)
                  0.02    0.00    0.59 v _312_/B1 (sky130_fd_sc_hd__a21o_1)
                  0.02    0.06    0.65 v _312_/X (sky130_fd_sc_hd__a21o_1)
     1    0.00                           _062_ (net)
                  0.02    0.00    0.65 v _420_/D (sky130_fd_sc_hd__dfrtp_1)
                                  0.65   data arrival time

                          0.00    0.00   clock clk (rise edge)
                          0.00    0.00   clock source latency
                  0.06    0.04    0.04 ^ clk (in)
     1    0.02                           clk (net)
                  0.06    0.00    0.04 ^ clkbuf_0_clk/A (sky130_fd_sc_hd__clkbuf_16)
                  0.05    0.11    0.15 ^ clkbuf_0_clk/X (sky130_fd_sc_hd__clkbuf_16)
     4    0.04                           clknet_0_clk (net)
                  0.05    0.00    0.15 ^ clkbuf_2_3__f_clk/A (sky130_fd_sc_hd__clkbuf_16)
                  0.04    0.11    0.26 ^ clkbuf_2_3__f_clk/X (sky130_fd_sc_hd__clkbuf_16)
    12    0.04                           clknet_2_3__leaf_clk (net)
                  0.04    0.00    0.26 ^ _420_/CLK (sky130_fd_sc_hd__dfrtp_1)
                          0.25    0.51   clock uncertainty
                         -0.02    0.48   clock reconvergence pessimism
                         -0.03    0.46   library hold time
                                  0.46   data required time
-----------------------------------------------------------------------------
                                  0.46   data required time
                                 -0.65   data arrival time
-----------------------------------------------------------------------------
                                  0.19   slack (MET)


Startpoint: _417_ (rising edge-triggered flip-flop clocked by clk)
Endpoint: _417_ (rising edge-triggered flip-flop clocked by clk)
Path Group: clk
Path Type: min
Corner: Fastest

Fanout     Cap    Slew   Delay    Time   Description
-----------------------------------------------------------------------------
                          0.00    0.00   clock clk (rise edge)
                          0.00    0.00   clock source latency
                  0.06    0.04    0.04 ^ clk (in)
     1    0.02                           clk (net)
                  0.06    0.00    0.04 ^ clkbuf_0_clk/A (sky130_fd_sc_hd__clkbuf_16)
                  0.05    0.10    0.14 ^ clkbuf_0_clk/X (sky130_fd_sc_hd__clkbuf_16)
     4    0.04                           clknet_0_clk (net)
                  0.05    0.00    0.14 ^ clkbuf_2_2__f_clk/A (sky130_fd_sc_hd__clkbuf_16)
                  0.04    0.09    0.23 ^ clkbuf_2_2__f_clk/X (sky130_fd_sc_hd__clkbuf_16)
    10    0.03                           clknet_2_2__leaf_clk (net)
                  0.04    0.00    0.23 ^ _417_/CLK (sky130_fd_sc_hd__dfrtp_1)
                  0.10    0.24    0.47 ^ _417_/Q (sky130_fd_sc_hd__dfrtp_1)
     5    0.01                           clk_count[9] (net)
                  0.10    0.00    0.47 ^ _323_/A (sky130_fd_sc_hd__or2_1)
                  0.02    0.07    0.53 ^ _323_/X (sky130_fd_sc_hd__or2_1)
     1    0.00                           _178_ (net)
                  0.02    0.00    0.53 ^ _325_/A2_N (sky130_fd_sc_hd__a2bb2o_1)
                  0.03    0.11    0.64 v _325_/X (sky130_fd_sc_hd__a2bb2o_1)
     1    0.00                           _059_ (net)
                  0.03    0.00    0.64 v _417_/D (sky130_fd_sc_hd__dfrtp_1)
                                  0.64   data arrival time

                          0.00    0.00   clock clk (rise edge)
                          0.00    0.00   clock source latency
                  0.06    0.04    0.04 ^ clk (in)
     1    0.02                           clk (net)
                  0.06    0.00    0.04 ^ clkbuf_0_clk/A (sky130_fd_sc_hd__clkbuf_16)
                  0.05    0.11    0.15 ^ clkbuf_0_clk/X (sky130_fd_sc_hd__clkbuf_16)
     4    0.04                           clknet_0_clk (net)
                  0.05    0.00    0.15 ^ clkbuf_2_2__f_clk/A (sky130_fd_sc_hd__clkbuf_16)
                  0.04    0.10    0.25 ^ clkbuf_2_2__f_clk/X (sky130_fd_sc_hd__clkbuf_16)
    10    0.03                           clknet_2_2__leaf_clk (net)
                  0.04    0.00    0.25 ^ _417_/CLK (sky130_fd_sc_hd__dfrtp_1)
                          0.25    0.50   clock uncertainty
                         -0.02    0.48   clock reconvergence pessimism
                         -0.03    0.45   library hold time
                                  0.45   data required time
-----------------------------------------------------------------------------
                                  0.45   data required time
                                 -0.64   data arrival time
-----------------------------------------------------------------------------
                                  0.19   slack (MET)


Startpoint: _454_ (rising edge-triggered flip-flop clocked by clk)
Endpoint: _455_ (rising edge-triggered flip-flop clocked by clk)
Path Group: clk
Path Type: min
Corner: Fastest

Fanout     Cap    Slew   Delay    Time   Description
-----------------------------------------------------------------------------
                          0.00    0.00   clock clk (rise edge)
                          0.00    0.00   clock source latency
                  0.06    0.04    0.04 ^ clk (in)
     1    0.02                           clk (net)
                  0.06    0.00    0.04 ^ clkbuf_0_clk/A (sky130_fd_sc_hd__clkbuf_16)
                  0.05    0.10    0.14 ^ clkbuf_0_clk/X (sky130_fd_sc_hd__clkbuf_16)
     4    0.04                           clknet_0_clk (net)
                  0.05    0.00    0.14 ^ clkbuf_2_1__f_clk/A (sky130_fd_sc_hd__clkbuf_16)
                  0.04    0.09    0.23 ^ clkbuf_2_1__f_clk/X (sky130_fd_sc_hd__clkbuf_16)
    12    0.04                           clknet_2_1__leaf_clk (net)
                  0.04    0.00    0.23 ^ _454_/CLK (sky130_fd_sc_hd__dfrtp_1)
                  0.03    0.22    0.45 v _454_/Q (sky130_fd_sc_hd__dfrtp_1)
     2    0.00                           bit_count[2] (net)
                  0.03    0.00    0.45 v _215_/A (sky130_fd_sc_hd__nand3_1)
                  0.05    0.05    0.51 ^ _215_/Y (sky130_fd_sc_hd__nand3_1)
     2    0.00                           _107_ (net)
                  0.05    0.00    0.51 ^ _219_/C (sky130_fd_sc_hd__and4_1)
                  0.05    0.11    0.62 ^ _219_/X (sky130_fd_sc_hd__and4_1)
     2    0.01                           _111_ (net)
                  0.05    0.00    0.62 ^ _220_/A2 (sky130_fd_sc_hd__o21a_1)
                  0.03    0.06    0.68 ^ _220_/X (sky130_fd_sc_hd__o21a_1)
     1    0.00                           _095_ (net)
                  0.03    0.00    0.68 ^ _455_/D (sky130_fd_sc_hd__dfrtp_1)
                                  0.68   data arrival time

                          0.00    0.00   clock clk (rise edge)
                          0.00    0.00   clock source latency
                  0.06    0.04    0.04 ^ clk (in)
     1    0.02                           clk (net)
                  0.06    0.00    0.04 ^ clkbuf_0_clk/A (sky130_fd_sc_hd__clkbuf_16)
                  0.05    0.11    0.15 ^ clkbuf_0_clk/X (sky130_fd_sc_hd__clkbuf_16)
     4    0.04                           clknet_0_clk (net)
                  0.05    0.00    0.15 ^ clkbuf_2_1__f_clk/A (sky130_fd_sc_hd__clkbuf_16)
                  0.04    0.10    0.26 ^ clkbuf_2_1__f_clk/X (sky130_fd_sc_hd__clkbuf_16)
    12    0.04                           clknet_2_1__leaf_clk (net)
                  0.04    0.00    0.26 ^ _455_/CLK (sky130_fd_sc_hd__dfrtp_1)
                          0.25    0.51   clock uncertainty
                         -0.02    0.48   clock reconvergence pessimism
                         -0.02    0.46   library hold time
                                  0.46   data required time
-----------------------------------------------------------------------------
                                  0.46   data required time
                                 -0.68   data arrival time
-----------------------------------------------------------------------------
                                  0.22   slack (MET)


Startpoint: _455_ (rising edge-triggered flip-flop clocked by clk)
Endpoint: _424_ (rising edge-triggered flip-flop clocked by clk)
Path Group: clk
Path Type: min
Corner: Fastest

Fanout     Cap    Slew   Delay    Time   Description
-----------------------------------------------------------------------------
                          0.00    0.00   clock clk (rise edge)
                          0.00    0.00   clock source latency
                  0.06    0.04    0.04 ^ clk (in)
     1    0.02                           clk (net)
                  0.06    0.00    0.04 ^ clkbuf_0_clk/A (sky130_fd_sc_hd__clkbuf_16)
                  0.05    0.10    0.14 ^ clkbuf_0_clk/X (sky130_fd_sc_hd__clkbuf_16)
     4    0.04                           clknet_0_clk (net)
                  0.05    0.00    0.14 ^ clkbuf_2_1__f_clk/A (sky130_fd_sc_hd__clkbuf_16)
                  0.04    0.09    0.23 ^ clkbuf_2_1__f_clk/X (sky130_fd_sc_hd__clkbuf_16)
    12    0.04                           clknet_2_1__leaf_clk (net)
                  0.04    0.00    0.23 ^ _455_/CLK (sky130_fd_sc_hd__dfrtp_1)
                  0.05    0.20    0.43 ^ _455_/Q (sky130_fd_sc_hd__dfrtp_1)
     2    0.01                           bit_count[3] (net)
                  0.05    0.00    0.43 ^ _216_/A (sky130_fd_sc_hd__nor2_1)
                  0.03    0.03    0.47 v _216_/Y (sky130_fd_sc_hd__nor2_1)
     2    0.01                           _108_ (net)
                  0.03    0.00    0.47 v _217_/D (sky130_fd_sc_hd__nand4_1)
                  0.08    0.08    0.55 ^ _217_/Y (sky130_fd_sc_hd__nand4_1)
     3    0.01                           _109_ (net)
                  0.08    0.00    0.55 ^ _270_/B (sky130_fd_sc_hd__and2_1)
                  0.03    0.08    0.63 ^ _270_/X (sky130_fd_sc_hd__and2_1)
     1    0.00                           _143_ (net)
                  0.03    0.00    0.63 ^ _271_/A (sky130_fd_sc_hd__clkbuf_1)
                  0.05    0.06    0.69 ^ _271_/X (sky130_fd_sc_hd__clkbuf_1)
     2    0.01                           _000_ (net)
                  0.05    0.00    0.69 ^ _424_/D (sky130_fd_sc_hd__dfrtp_2)
                                  0.69   data arrival time

                          0.00    0.00   clock clk (rise edge)
                          0.00    0.00   clock source latency
                  0.06    0.04    0.04 ^ clk (in)
     1    0.02                           clk (net)
                  0.06    0.00    0.04 ^ clkbuf_0_clk/A (sky130_fd_sc_hd__clkbuf_16)
                  0.05    0.11    0.15 ^ clkbuf_0_clk/X (sky130_fd_sc_hd__clkbuf_16)
     4    0.04                           clknet_0_clk (net)
                  0.05    0.00    0.15 ^ clkbuf_2_3__f_clk/A (sky130_fd_sc_hd__clkbuf_16)
                  0.04    0.11    0.26 ^ clkbuf_2_3__f_clk/X (sky130_fd_sc_hd__clkbuf_16)
    12    0.04                           clknet_2_3__leaf_clk (net)
                  0.04    0.00    0.26 ^ _424_/CLK (sky130_fd_sc_hd__dfrtp_2)
                          0.25    0.51   clock uncertainty
                         -0.01    0.49   clock reconvergence pessimism
                         -0.02    0.47   library hold time
                                  0.47   data required time
-----------------------------------------------------------------------------
                                  0.47   data required time
                                 -0.69   data arrival time
-----------------------------------------------------------------------------
                                  0.22   slack (MET)


Startpoint: _412_ (rising edge-triggered flip-flop clocked by clk)
Endpoint: _412_ (rising edge-triggered flip-flop clocked by clk)
Path Group: clk
Path Type: min
Corner: Fastest

Fanout     Cap    Slew   Delay    Time   Description
-----------------------------------------------------------------------------
                          0.00    0.00   clock clk (rise edge)
                          0.00    0.00   clock source latency
                  0.06    0.04    0.04 ^ clk (in)
     1    0.02                           clk (net)
                  0.06    0.00    0.04 ^ clkbuf_0_clk/A (sky130_fd_sc_hd__clkbuf_16)
                  0.05    0.10    0.14 ^ clkbuf_0_clk/X (sky130_fd_sc_hd__clkbuf_16)
     4    0.04                           clknet_0_clk (net)
                  0.05    0.00    0.14 ^ clkbuf_2_2__f_clk/A (sky130_fd_sc_hd__clkbuf_16)
                  0.04    0.09    0.23 ^ clkbuf_2_2__f_clk/X (sky130_fd_sc_hd__clkbuf_16)
    10    0.03                           clknet_2_2__leaf_clk (net)
                  0.04    0.00    0.23 ^ _412_/CLK (sky130_fd_sc_hd__dfrtp_1)
                  0.06    0.25    0.48 v _412_/Q (sky130_fd_sc_hd__dfrtp_1)
     5    0.01                           clk_count[4] (net)
                  0.06    0.00    0.48 v _336_/A (sky130_fd_sc_hd__nand2_1)
                  0.07    0.07    0.55 ^ _336_/Y (sky130_fd_sc_hd__nand2_1)
     3    0.01                           _187_ (net)
                  0.07    0.00    0.55 ^ _341_/C (sky130_fd_sc_hd__and3_1)
                  0.04    0.09    0.64 ^ _341_/X (sky130_fd_sc_hd__and3_1)
     1    0.00                           _191_ (net)
                  0.04    0.00    0.64 ^ _342_/B1 (sky130_fd_sc_hd__a21o_1)
                  0.02    0.04    0.69 ^ _342_/X (sky130_fd_sc_hd__a21o_1)
     1    0.00                           _054_ (net)
                  0.02    0.00    0.69 ^ _412_/D (sky130_fd_sc_hd__dfrtp_1)
                                  0.69   data arrival time

                          0.00    0.00   clock clk (rise edge)
                          0.00    0.00   clock source latency
                  0.06    0.04    0.04 ^ clk (in)
     1    0.02                           clk (net)
                  0.06    0.00    0.04 ^ clkbuf_0_clk/A (sky130_fd_sc_hd__clkbuf_16)
                  0.05    0.11    0.15 ^ clkbuf_0_clk/X (sky130_fd_sc_hd__clkbuf_16)
     4    0.04                           clknet_0_clk (net)
                  0.05    0.00    0.15 ^ clkbuf_2_2__f_clk/A (sky130_fd_sc_hd__clkbuf_16)
                  0.04    0.10    0.25 ^ clkbuf_2_2__f_clk/X (sky130_fd_sc_hd__clkbuf_16)
    10    0.03                           clknet_2_2__leaf_clk (net)
                  0.04    0.00    0.25 ^ _412_/CLK (sky130_fd_sc_hd__dfrtp_1)
                          0.25    0.50   clock uncertainty
                         -0.02    0.48   clock reconvergence pessimism
                         -0.02    0.46   library hold time
                                  0.46   data required time
-----------------------------------------------------------------------------
                                  0.46   data required time
                                 -0.69   data arrival time
-----------------------------------------------------------------------------
                                  0.23   slack (MET)


Startpoint: _416_ (rising edge-triggered flip-flop clocked by clk)
Endpoint: _416_ (rising edge-triggered flip-flop clocked by clk)
Path Group: clk
Path Type: min
Corner: Fastest

Fanout     Cap    Slew   Delay    Time   Description
-----------------------------------------------------------------------------
                          0.00    0.00   clock clk (rise edge)
                          0.00    0.00   clock source latency
                  0.06    0.04    0.04 ^ clk (in)
     1    0.02                           clk (net)
                  0.06    0.00    0.04 ^ clkbuf_0_clk/A (sky130_fd_sc_hd__clkbuf_16)
                  0.05    0.10    0.14 ^ clkbuf_0_clk/X (sky130_fd_sc_hd__clkbuf_16)
     4    0.04                           clknet_0_clk (net)
                  0.05    0.00    0.14 ^ clkbuf_2_2__f_clk/A (sky130_fd_sc_hd__clkbuf_16)
                  0.04    0.09    0.23 ^ clkbuf_2_2__f_clk/X (sky130_fd_sc_hd__clkbuf_16)
    10    0.03                           clknet_2_2__leaf_clk (net)
                  0.04    0.00    0.23 ^ _416_/CLK (sky130_fd_sc_hd__dfrtp_1)
                  0.06    0.25    0.48 v _416_/Q (sky130_fd_sc_hd__dfrtp_1)
     5    0.01                           clk_count[8] (net)
                  0.06    0.00    0.48 v _322_/A (sky130_fd_sc_hd__nand3_1)
                  0.07    0.08    0.56 ^ _322_/Y (sky130_fd_sc_hd__nand3_1)
     3    0.01                           _177_ (net)
                  0.07    0.00    0.56 ^ _324_/A2 (sky130_fd_sc_hd__a21o_1)
                  0.04    0.08    0.64 ^ _324_/X (sky130_fd_sc_hd__a21o_1)
     2    0.01                           _179_ (net)
                  0.04    0.00    0.64 ^ _327_/A2 (sky130_fd_sc_hd__a21o_1)
                  0.02    0.06    0.70 ^ _327_/X (sky130_fd_sc_hd__a21o_1)
     1    0.00                           _058_ (net)
                  0.02    0.00    0.70 ^ _416_/D (sky130_fd_sc_hd__dfrtp_1)
                                  0.70   data arrival time

                          0.00    0.00   clock clk (rise edge)
                          0.00    0.00   clock source latency
                  0.06    0.04    0.04 ^ clk (in)
     1    0.02                           clk (net)
                  0.06    0.00    0.04 ^ clkbuf_0_clk/A (sky130_fd_sc_hd__clkbuf_16)
                  0.05    0.11    0.15 ^ clkbuf_0_clk/X (sky130_fd_sc_hd__clkbuf_16)
     4    0.04                           clknet_0_clk (net)
                  0.05    0.00    0.15 ^ clkbuf_2_2__f_clk/A (sky130_fd_sc_hd__clkbuf_16)
                  0.04    0.10    0.25 ^ clkbuf_2_2__f_clk/X (sky130_fd_sc_hd__clkbuf_16)
    10    0.03                           clknet_2_2__leaf_clk (net)
                  0.04    0.00    0.25 ^ _416_/CLK (sky130_fd_sc_hd__dfrtp_1)
                          0.25    0.50   clock uncertainty
                         -0.02    0.48   clock reconvergence pessimism
                         -0.02    0.46   library hold time
                                  0.46   data required time
-----------------------------------------------------------------------------
                                  0.46   data required time
                                 -0.70   data arrival time
-----------------------------------------------------------------------------
                                  0.24   slack (MET)


Startpoint: _435_ (rising edge-triggered flip-flop clocked by clk)
Endpoint: _444_ (rising edge-triggered flip-flop clocked by clk)
Path Group: clk
Path Type: min
Corner: Fastest

Fanout     Cap    Slew   Delay    Time   Description
-----------------------------------------------------------------------------
                          0.00    0.00   clock clk (rise edge)
                          0.00    0.00   clock source latency
                  0.06    0.04    0.04 ^ clk (in)
     1    0.02                           clk (net)
                  0.06    0.00    0.04 ^ clkbuf_0_clk/A (sky130_fd_sc_hd__clkbuf_16)
                  0.05    0.10    0.14 ^ clkbuf_0_clk/X (sky130_fd_sc_hd__clkbuf_16)
     4    0.04                           clknet_0_clk (net)
                  0.05    0.00    0.14 ^ clkbuf_2_0__f_clk/A (sky130_fd_sc_hd__clkbuf_16)
                  0.05    0.10    0.23 ^ clkbuf_2_0__f_clk/X (sky130_fd_sc_hd__clkbuf_16)
    14    0.04                           clknet_2_0__leaf_clk (net)
                  0.05    0.00    0.24 ^ _435_/CLK (sky130_fd_sc_hd__dfrtp_2)
                  0.09    0.25    0.49 ^ _435_/Q (sky130_fd_sc_hd__dfrtp_2)
     4    0.02                           net24 (net)
                  0.09    0.00    0.49 ^ _235_/A (sky130_fd_sc_hd__inv_2)
                  0.02    0.02    0.51 v _235_/Y (sky130_fd_sc_hd__inv_2)
     2    0.01                           _123_ (net)
                  0.02    0.00    0.51 v _236_/A (sky130_fd_sc_hd__nand2_1)
                  0.06    0.06    0.57 ^ _236_/Y (sky130_fd_sc_hd__nand2_1)
     2    0.01                           _124_ (net)
                  0.06    0.00    0.57 ^ _239_/B (sky130_fd_sc_hd__nor2_2)
                  0.06    0.06    0.62 v _239_/Y (sky130_fd_sc_hd__nor2_2)
     8    0.03                           _127_ (net)
                  0.06    0.00    0.62 v _247_/B1 (sky130_fd_sc_hd__a22o_1)
                  0.02    0.08    0.71 v _247_/X (sky130_fd_sc_hd__a22o_1)
     1    0.00                           _084_ (net)
                  0.02    0.00    0.71 v _444_/D (sky130_fd_sc_hd__dfrtp_1)
                                  0.71   data arrival time

                          0.00    0.00   clock clk (rise edge)
                          0.00    0.00   clock source latency
                  0.06    0.04    0.04 ^ clk (in)
     1    0.02                           clk (net)
                  0.06    0.00    0.04 ^ clkbuf_0_clk/A (sky130_fd_sc_hd__clkbuf_16)
                  0.05    0.11    0.15 ^ clkbuf_0_clk/X (sky130_fd_sc_hd__clkbuf_16)
     4    0.04                           clknet_0_clk (net)
                  0.05    0.00    0.15 ^ clkbuf_2_3__f_clk/A (sky130_fd_sc_hd__clkbuf_16)
                  0.04    0.11    0.26 ^ clkbuf_2_3__f_clk/X (sky130_fd_sc_hd__clkbuf_16)
    12    0.04                           clknet_2_3__leaf_clk (net)
                  0.04    0.00    0.26 ^ _444_/CLK (sky130_fd_sc_hd__dfrtp_1)
                          0.25    0.51   clock uncertainty
                         -0.01    0.49   clock reconvergence pessimism
                         -0.03    0.47   library hold time
                                  0.47   data required time
-----------------------------------------------------------------------------
                                  0.47   data required time
                                 -0.71   data arrival time
-----------------------------------------------------------------------------
                                  0.24   slack (MET)


Startpoint: _435_ (rising edge-triggered flip-flop clocked by clk)
Endpoint: _445_ (rising edge-triggered flip-flop clocked by clk)
Path Group: clk
Path Type: min
Corner: Fastest

Fanout     Cap    Slew   Delay    Time   Description
-----------------------------------------------------------------------------
                          0.00    0.00   clock clk (rise edge)
                          0.00    0.00   clock source latency
                  0.06    0.04    0.04 ^ clk (in)
     1    0.02                           clk (net)
                  0.06    0.00    0.04 ^ clkbuf_0_clk/A (sky130_fd_sc_hd__clkbuf_16)
                  0.05    0.10    0.14 ^ clkbuf_0_clk/X (sky130_fd_sc_hd__clkbuf_16)
     4    0.04                           clknet_0_clk (net)
                  0.05    0.00    0.14 ^ clkbuf_2_0__f_clk/A (sky130_fd_sc_hd__clkbuf_16)
                  0.05    0.10    0.23 ^ clkbuf_2_0__f_clk/X (sky130_fd_sc_hd__clkbuf_16)
    14    0.04                           clknet_2_0__leaf_clk (net)
                  0.05    0.00    0.24 ^ _435_/CLK (sky130_fd_sc_hd__dfrtp_2)
                  0.09    0.25    0.49 ^ _435_/Q (sky130_fd_sc_hd__dfrtp_2)
     4    0.02                           net24 (net)
                  0.09    0.00    0.49 ^ _235_/A (sky130_fd_sc_hd__inv_2)
                  0.02    0.02    0.51 v _235_/Y (sky130_fd_sc_hd__inv_2)
     2    0.01                           _123_ (net)
                  0.02    0.00    0.51 v _236_/A (sky130_fd_sc_hd__nand2_1)
                  0.06    0.06    0.57 ^ _236_/Y (sky130_fd_sc_hd__nand2_1)
     2    0.01                           _124_ (net)
                  0.06    0.00    0.57 ^ _239_/B (sky130_fd_sc_hd__nor2_2)
                  0.06    0.06    0.62 v _239_/Y (sky130_fd_sc_hd__nor2_2)
     8    0.03                           _127_ (net)
                  0.06    0.00    0.62 v _246_/B1 (sky130_fd_sc_hd__a22o_1)
                  0.02    0.09    0.71 v _246_/X (sky130_fd_sc_hd__a22o_1)
     1    0.00                           _085_ (net)
                  0.02    0.00    0.71 v _445_/D (sky130_fd_sc_hd__dfrtp_1)
                                  0.71   data arrival time

                          0.00    0.00   clock clk (rise edge)
                          0.00    0.00   clock source latency
                  0.06    0.04    0.04 ^ clk (in)
     1    0.02                           clk (net)
                  0.06    0.00    0.04 ^ clkbuf_0_clk/A (sky130_fd_sc_hd__clkbuf_16)
                  0.05    0.11    0.15 ^ clkbuf_0_clk/X (sky130_fd_sc_hd__clkbuf_16)
     4    0.04                           clknet_0_clk (net)
                  0.05    0.00    0.15 ^ clkbuf_2_1__f_clk/A (sky130_fd_sc_hd__clkbuf_16)
                  0.04    0.10    0.26 ^ clkbuf_2_1__f_clk/X (sky130_fd_sc_hd__clkbuf_16)
    12    0.04                           clknet_2_1__leaf_clk (net)
                  0.04    0.00    0.26 ^ _445_/CLK (sky130_fd_sc_hd__dfrtp_1)
                          0.25    0.51   clock uncertainty
                         -0.01    0.49   clock reconvergence pessimism
                         -0.03    0.46   library hold time
                                  0.46   data required time
-----------------------------------------------------------------------------
                                  0.46   data required time
                                 -0.71   data arrival time
-----------------------------------------------------------------------------
                                  0.25   slack (MET)


Startpoint: _435_ (rising edge-triggered flip-flop clocked by clk)
Endpoint: _446_ (rising edge-triggered flip-flop clocked by clk)
Path Group: clk
Path Type: min
Corner: Fastest

Fanout     Cap    Slew   Delay    Time   Description
-----------------------------------------------------------------------------
                          0.00    0.00   clock clk (rise edge)
                          0.00    0.00   clock source latency
                  0.06    0.04    0.04 ^ clk (in)
     1    0.02                           clk (net)
                  0.06    0.00    0.04 ^ clkbuf_0_clk/A (sky130_fd_sc_hd__clkbuf_16)
                  0.05    0.10    0.14 ^ clkbuf_0_clk/X (sky130_fd_sc_hd__clkbuf_16)
     4    0.04                           clknet_0_clk (net)
                  0.05    0.00    0.14 ^ clkbuf_2_0__f_clk/A (sky130_fd_sc_hd__clkbuf_16)
                  0.05    0.10    0.23 ^ clkbuf_2_0__f_clk/X (sky130_fd_sc_hd__clkbuf_16)
    14    0.04                           clknet_2_0__leaf_clk (net)
                  0.05    0.00    0.24 ^ _435_/CLK (sky130_fd_sc_hd__dfrtp_2)
                  0.09    0.25    0.49 ^ _435_/Q (sky130_fd_sc_hd__dfrtp_2)
     4    0.02                           net24 (net)
                  0.09    0.00    0.49 ^ _235_/A (sky130_fd_sc_hd__inv_2)
                  0.02    0.02    0.51 v _235_/Y (sky130_fd_sc_hd__inv_2)
     2    0.01                           _123_ (net)
                  0.02    0.00    0.51 v _236_/A (sky130_fd_sc_hd__nand2_1)
                  0.06    0.06    0.57 ^ _236_/Y (sky130_fd_sc_hd__nand2_1)
     2    0.01                           _124_ (net)
                  0.06    0.00    0.57 ^ _239_/B (sky130_fd_sc_hd__nor2_2)
                  0.06    0.06    0.62 v _239_/Y (sky130_fd_sc_hd__nor2_2)
     8    0.03                           _127_ (net)
                  0.06    0.00    0.62 v _245_/B1 (sky130_fd_sc_hd__a22o_1)
                  0.02    0.09    0.71 v _245_/X (sky130_fd_sc_hd__a22o_1)
     1    0.00                           _086_ (net)
                  0.02    0.00    0.71 v _446_/D (sky130_fd_sc_hd__dfrtp_1)
                                  0.71   data arrival time

                          0.00    0.00   clock clk (rise edge)
                          0.00    0.00   clock source latency
                  0.06    0.04    0.04 ^ clk (in)
     1    0.02                           clk (net)
                  0.06    0.00    0.04 ^ clkbuf_0_clk/A (sky130_fd_sc_hd__clkbuf_16)
                  0.05    0.11    0.15 ^ clkbuf_0_clk/X (sky130_fd_sc_hd__clkbuf_16)
     4    0.04                           clknet_0_clk (net)
                  0.05    0.00    0.15 ^ clkbuf_2_1__f_clk/A (sky130_fd_sc_hd__clkbuf_16)
                  0.04    0.10    0.26 ^ clkbuf_2_1__f_clk/X (sky130_fd_sc_hd__clkbuf_16)
    12    0.04                           clknet_2_1__leaf_clk (net)
                  0.04    0.00    0.26 ^ _446_/CLK (sky130_fd_sc_hd__dfrtp_1)
                          0.25    0.51   clock uncertainty
                         -0.01    0.49   clock reconvergence pessimism
                         -0.03    0.46   library hold time
                                  0.46   data required time
-----------------------------------------------------------------------------
                                  0.46   data required time
                                 -0.71   data arrival time
-----------------------------------------------------------------------------
                                  0.25   slack (MET)


Startpoint: _455_ (rising edge-triggered flip-flop clocked by clk)
Endpoint: _425_ (rising edge-triggered flip-flop clocked by clk)
Path Group: clk
Path Type: min
Corner: Fastest

Fanout     Cap    Slew   Delay    Time   Description
-----------------------------------------------------------------------------
                          0.00    0.00   clock clk (rise edge)
                          0.00    0.00   clock source latency
                  0.06    0.04    0.04 ^ clk (in)
     1    0.02                           clk (net)
                  0.06    0.00    0.04 ^ clkbuf_0_clk/A (sky130_fd_sc_hd__clkbuf_16)
                  0.05    0.10    0.14 ^ clkbuf_0_clk/X (sky130_fd_sc_hd__clkbuf_16)
     4    0.04                           clknet_0_clk (net)
                  0.05    0.00    0.14 ^ clkbuf_2_1__f_clk/A (sky130_fd_sc_hd__clkbuf_16)
                  0.04    0.09    0.23 ^ clkbuf_2_1__f_clk/X (sky130_fd_sc_hd__clkbuf_16)
    12    0.04                           clknet_2_1__leaf_clk (net)
                  0.04    0.00    0.23 ^ _455_/CLK (sky130_fd_sc_hd__dfrtp_1)
                  0.05    0.20    0.43 ^ _455_/Q (sky130_fd_sc_hd__dfrtp_1)
     2    0.01                           bit_count[3] (net)
                  0.05    0.00    0.43 ^ _216_/A (sky130_fd_sc_hd__nor2_1)
                  0.03    0.03    0.47 v _216_/Y (sky130_fd_sc_hd__nor2_1)
     2    0.01                           _108_ (net)
                  0.03    0.00    0.47 v _217_/D (sky130_fd_sc_hd__nand4_1)
                  0.08    0.08    0.55 ^ _217_/Y (sky130_fd_sc_hd__nand4_1)
     3    0.01                           _109_ (net)
                  0.08    0.00    0.55 ^ _218_/A (sky130_fd_sc_hd__buf_4)
                  0.13    0.15    0.70 ^ _218_/X (sky130_fd_sc_hd__buf_4)
    10    0.06                           _110_ (net)
                  0.13    0.00    0.70 ^ _354_/A (sky130_fd_sc_hd__inv_2)
                  0.02    0.01    0.71 v _354_/Y (sky130_fd_sc_hd__inv_2)
     1    0.00                           _001_ (net)
                  0.02    0.00    0.71 v _425_/D (sky130_fd_sc_hd__dfrtp_1)
                                  0.71   data arrival time

                          0.00    0.00   clock clk (rise edge)
                          0.00    0.00   clock source latency
                  0.06    0.04    0.04 ^ clk (in)
     1    0.02                           clk (net)
                  0.06    0.00    0.04 ^ clkbuf_0_clk/A (sky130_fd_sc_hd__clkbuf_16)
                  0.05    0.11    0.15 ^ clkbuf_0_clk/X (sky130_fd_sc_hd__clkbuf_16)
     4    0.04                           clknet_0_clk (net)
                  0.05    0.00    0.15 ^ clkbuf_2_2__f_clk/A (sky130_fd_sc_hd__clkbuf_16)
                  0.04    0.10    0.25 ^ clkbuf_2_2__f_clk/X (sky130_fd_sc_hd__clkbuf_16)
    10    0.03                           clknet_2_2__leaf_clk (net)
                  0.04    0.00    0.25 ^ _425_/CLK (sky130_fd_sc_hd__dfrtp_1)
                          0.25    0.50   clock uncertainty
                         -0.01    0.49   clock reconvergence pessimism
                         -0.03    0.46   library hold time
                                  0.46   data required time
-----------------------------------------------------------------------------
                                  0.46   data required time
                                 -0.71   data arrival time
-----------------------------------------------------------------------------
                                  0.25   slack (MET)


Startpoint: _435_ (rising edge-triggered flip-flop clocked by clk)
Endpoint: _448_ (rising edge-triggered flip-flop clocked by clk)
Path Group: clk
Path Type: min
Corner: Fastest

Fanout     Cap    Slew   Delay    Time   Description
-----------------------------------------------------------------------------
                          0.00    0.00   clock clk (rise edge)
                          0.00    0.00   clock source latency
                  0.06    0.04    0.04 ^ clk (in)
     1    0.02                           clk (net)
                  0.06    0.00    0.04 ^ clkbuf_0_clk/A (sky130_fd_sc_hd__clkbuf_16)
                  0.05    0.10    0.14 ^ clkbuf_0_clk/X (sky130_fd_sc_hd__clkbuf_16)
     4    0.04                           clknet_0_clk (net)
                  0.05    0.00    0.14 ^ clkbuf_2_0__f_clk/A (sky130_fd_sc_hd__clkbuf_16)
                  0.05    0.10    0.23 ^ clkbuf_2_0__f_clk/X (sky130_fd_sc_hd__clkbuf_16)
    14    0.04                           clknet_2_0__leaf_clk (net)
                  0.05    0.00    0.24 ^ _435_/CLK (sky130_fd_sc_hd__dfrtp_2)
                  0.09    0.25    0.49 ^ _435_/Q (sky130_fd_sc_hd__dfrtp_2)
     4    0.02                           net24 (net)
                  0.09    0.00    0.49 ^ _235_/A (sky130_fd_sc_hd__inv_2)
                  0.02    0.02    0.51 v _235_/Y (sky130_fd_sc_hd__inv_2)
     2    0.01                           _123_ (net)
                  0.02    0.00    0.51 v _236_/A (sky130_fd_sc_hd__nand2_1)
                  0.06    0.06    0.57 ^ _236_/Y (sky130_fd_sc_hd__nand2_1)
     2    0.01                           _124_ (net)
                  0.06    0.00    0.57 ^ _239_/B (sky130_fd_sc_hd__nor2_2)
                  0.06    0.06    0.62 v _239_/Y (sky130_fd_sc_hd__nor2_2)
     8    0.03                           _127_ (net)
                  0.06    0.00    0.62 v _243_/B1 (sky130_fd_sc_hd__a22o_1)
                  0.02    0.09    0.71 v _243_/X (sky130_fd_sc_hd__a22o_1)
     1    0.00                           _088_ (net)
                  0.02    0.00    0.71 v _448_/D (sky130_fd_sc_hd__dfrtp_1)
                                  0.71   data arrival time

                          0.00    0.00   clock clk (rise edge)
                          0.00    0.00   clock source latency
                  0.06    0.04    0.04 ^ clk (in)
     1    0.02                           clk (net)
                  0.06    0.00    0.04 ^ clkbuf_0_clk/A (sky130_fd_sc_hd__clkbuf_16)
                  0.05    0.11    0.15 ^ clkbuf_0_clk/X (sky130_fd_sc_hd__clkbuf_16)
     4    0.04                           clknet_0_clk (net)
                  0.05    0.00    0.15 ^ clkbuf_2_0__f_clk/A (sky130_fd_sc_hd__clkbuf_16)
                  0.05    0.11    0.26 ^ clkbuf_2_0__f_clk/X (sky130_fd_sc_hd__clkbuf_16)
    14    0.04                           clknet_2_0__leaf_clk (net)
                  0.05    0.00    0.26 ^ _448_/CLK (sky130_fd_sc_hd__dfrtp_1)
                          0.25    0.51   clock uncertainty
                         -0.02    0.48   clock reconvergence pessimism
                         -0.03    0.46   library hold time
                                  0.46   data required time
-----------------------------------------------------------------------------
                                  0.46   data required time
                                 -0.71   data arrival time
-----------------------------------------------------------------------------
                                  0.25   slack (MET)


Startpoint: _455_ (rising edge-triggered flip-flop clocked by clk)
Endpoint: _436_ (rising edge-triggered flip-flop clocked by clk)
Path Group: clk
Path Type: min
Corner: Fastest

Fanout     Cap    Slew   Delay    Time   Description
-----------------------------------------------------------------------------
                          0.00    0.00   clock clk (rise edge)
                          0.00    0.00   clock source latency
                  0.06    0.04    0.04 ^ clk (in)
     1    0.02                           clk (net)
                  0.06    0.00    0.04 ^ clkbuf_0_clk/A (sky130_fd_sc_hd__clkbuf_16)
                  0.05    0.10    0.14 ^ clkbuf_0_clk/X (sky130_fd_sc_hd__clkbuf_16)
     4    0.04                           clknet_0_clk (net)
                  0.05    0.00    0.14 ^ clkbuf_2_1__f_clk/A (sky130_fd_sc_hd__clkbuf_16)
                  0.04    0.09    0.23 ^ clkbuf_2_1__f_clk/X (sky130_fd_sc_hd__clkbuf_16)
    12    0.04                           clknet_2_1__leaf_clk (net)
                  0.04    0.00    0.23 ^ _455_/CLK (sky130_fd_sc_hd__dfrtp_1)
                  0.05    0.20    0.43 ^ _455_/Q (sky130_fd_sc_hd__dfrtp_1)
     2    0.01                           bit_count[3] (net)
                  0.05    0.00    0.43 ^ _216_/A (sky130_fd_sc_hd__nor2_1)
                  0.03    0.03    0.47 v _216_/Y (sky130_fd_sc_hd__nor2_1)
     2    0.01                           _108_ (net)
                  0.03    0.00    0.47 v _217_/D (sky130_fd_sc_hd__nand4_1)
                  0.08    0.08    0.55 ^ _217_/Y (sky130_fd_sc_hd__nand4_1)
     3    0.01                           _109_ (net)
                  0.08    0.00    0.55 ^ _270_/B (sky130_fd_sc_hd__and2_1)
                  0.03    0.08    0.63 ^ _270_/X (sky130_fd_sc_hd__and2_1)
     1    0.00                           _143_ (net)
                  0.03    0.00    0.63 ^ _271_/A (sky130_fd_sc_hd__clkbuf_1)
                  0.05    0.06    0.69 ^ _271_/X (sky130_fd_sc_hd__clkbuf_1)
     2    0.01                           _000_ (net)
                  0.05    0.00    0.69 ^ _272_/B1_N (sky130_fd_sc_hd__a21bo_1)
                  0.02    0.09    0.78 v _272_/X (sky130_fd_sc_hd__a21bo_1)
     1    0.00                           _076_ (net)
                  0.02    0.00    0.78 v _436_/D (sky130_fd_sc_hd__dfstp_1)
                                  0.78   data arrival time

                          0.00    0.00   clock clk (rise edge)
                          0.00    0.00   clock source latency
                  0.06    0.04    0.04 ^ clk (in)
     1    0.02                           clk (net)
                  0.06    0.00    0.04 ^ clkbuf_0_clk/A (sky130_fd_sc_hd__clkbuf_16)
                  0.05    0.11    0.15 ^ clkbuf_0_clk/X (sky130_fd_sc_hd__clkbuf_16)
     4    0.04                           clknet_0_clk (net)
                  0.05    0.00    0.15 ^ clkbuf_2_3__f_clk/A (sky130_fd_sc_hd__clkbuf_16)
                  0.04    0.11    0.26 ^ clkbuf_2_3__f_clk/X (sky130_fd_sc_hd__clkbuf_16)
    12    0.04                           clknet_2_3__leaf_clk (net)
                  0.04    0.00    0.26 ^ _436_/CLK (sky130_fd_sc_hd__dfstp_1)
                          0.25    0.51   clock uncertainty
                         -0.01    0.49   clock reconvergence pessimism
                         -0.01    0.48   library hold time
                                  0.48   data required time
-----------------------------------------------------------------------------
                                  0.48   data required time
                                 -0.78   data arrival time
-----------------------------------------------------------------------------
                                  0.30   slack (MET)


Startpoint: _455_ (rising edge-triggered flip-flop clocked by clk)
Endpoint: _433_ (rising edge-triggered flip-flop clocked by clk)
Path Group: clk
Path Type: min
Corner: Fastest

Fanout     Cap    Slew   Delay    Time   Description
-----------------------------------------------------------------------------
                          0.00    0.00   clock clk (rise edge)
                          0.00    0.00   clock source latency
                  0.06    0.04    0.04 ^ clk (in)
     1    0.02                           clk (net)
                  0.06    0.00    0.04 ^ clkbuf_0_clk/A (sky130_fd_sc_hd__clkbuf_16)
                  0.05    0.10    0.14 ^ clkbuf_0_clk/X (sky130_fd_sc_hd__clkbuf_16)
     4    0.04                           clknet_0_clk (net)
                  0.05    0.00    0.14 ^ clkbuf_2_1__f_clk/A (sky130_fd_sc_hd__clkbuf_16)
                  0.04    0.09    0.23 ^ clkbuf_2_1__f_clk/X (sky130_fd_sc_hd__clkbuf_16)
    12    0.04                           clknet_2_1__leaf_clk (net)
                  0.04    0.00    0.23 ^ _455_/CLK (sky130_fd_sc_hd__dfrtp_1)
                  0.05    0.20    0.43 ^ _455_/Q (sky130_fd_sc_hd__dfrtp_1)
     2    0.01                           bit_count[3] (net)
                  0.05    0.00    0.43 ^ _216_/A (sky130_fd_sc_hd__nor2_1)
                  0.03    0.03    0.47 v _216_/Y (sky130_fd_sc_hd__nor2_1)
     2    0.01                           _108_ (net)
                  0.03    0.00    0.47 v _217_/D (sky130_fd_sc_hd__nand4_1)
                  0.08    0.08    0.55 ^ _217_/Y (sky130_fd_sc_hd__nand4_1)
     3    0.01                           _109_ (net)
                  0.08    0.00    0.55 ^ _218_/A (sky130_fd_sc_hd__buf_4)
                  0.13    0.15    0.70 ^ _218_/X (sky130_fd_sc_hd__buf_4)
    10    0.06                           _110_ (net)
                  0.13    0.00    0.70 ^ _279_/S (sky130_fd_sc_hd__mux2_1)
                  0.03    0.09    0.79 ^ _279_/X (sky130_fd_sc_hd__mux2_1)
     1    0.00                           _148_ (net)
                  0.03    0.00    0.79 ^ _280_/A (sky130_fd_sc_hd__clkbuf_1)
                  0.03    0.05    0.84 ^ _280_/X (sky130_fd_sc_hd__clkbuf_1)
     1    0.00                           _073_ (net)
                  0.03    0.00    0.84 ^ _433_/D (sky130_fd_sc_hd__dfrtp_1)
                                  0.84   data arrival time

                          0.00    0.00   clock clk (rise edge)
                          0.00    0.00   clock source latency
                  0.06    0.04    0.04 ^ clk (in)
     1    0.02                           clk (net)
                  0.06    0.00    0.04 ^ clkbuf_0_clk/A (sky130_fd_sc_hd__clkbuf_16)
                  0.05    0.11    0.15 ^ clkbuf_0_clk/X (sky130_fd_sc_hd__clkbuf_16)
     4    0.04                           clknet_0_clk (net)
                  0.05    0.00    0.15 ^ clkbuf_2_1__f_clk/A (sky130_fd_sc_hd__clkbuf_16)
                  0.04    0.10    0.26 ^ clkbuf_2_1__f_clk/X (sky130_fd_sc_hd__clkbuf_16)
    12    0.04                           clknet_2_1__leaf_clk (net)
                  0.04    0.00    0.26 ^ _433_/CLK (sky130_fd_sc_hd__dfrtp_1)
                          0.25    0.51   clock uncertainty
                         -0.02    0.48   clock reconvergence pessimism
                         -0.02    0.46   library hold time
                                  0.46   data required time
-----------------------------------------------------------------------------
                                  0.46   data required time
                                 -0.84   data arrival time
-----------------------------------------------------------------------------
                                  0.38   slack (MET)


Startpoint: _447_ (rising edge-triggered flip-flop clocked by clk)
Endpoint: _447_ (rising edge-triggered flip-flop clocked by clk)
Path Group: clk
Path Type: min
Corner: Fastest

Fanout     Cap    Slew   Delay    Time   Description
-----------------------------------------------------------------------------
                          0.00    0.00   clock clk (rise edge)
                          0.00    0.00   clock source latency
                  0.06    0.04    0.04 ^ clk (in)
     1    0.02                           clk (net)
                  0.06    0.00    0.04 ^ clkbuf_0_clk/A (sky130_fd_sc_hd__clkbuf_16)
                  0.05    0.10    0.14 ^ clkbuf_0_clk/X (sky130_fd_sc_hd__clkbuf_16)
     4    0.04                           clknet_0_clk (net)
                  0.05    0.00    0.14 ^ clkbuf_2_0__f_clk/A (sky130_fd_sc_hd__clkbuf_16)
                  0.05    0.10    0.23 ^ clkbuf_2_0__f_clk/X (sky130_fd_sc_hd__clkbuf_16)
    14    0.04                           clknet_2_0__leaf_clk (net)
                  0.05    0.00    0.23 ^ _447_/CLK (sky130_fd_sc_hd__dfrtp_1)
                  0.07    0.23    0.46 ^ _447_/Q (sky130_fd_sc_hd__dfrtp_1)
     3    0.01                           rx_shift[3] (net)
                  0.07    0.00    0.46 ^ _244_/A1 (sky130_fd_sc_hd__a22o_1)
                  0.03    0.07    0.53 ^ _244_/X (sky130_fd_sc_hd__a22o_1)
     1    0.00                           _087_ (net)
                  0.03    0.00    0.53 ^ hold3/A (sky130_fd_sc_hd__dlygate4sd3_1)
                  0.04    0.35    0.88 ^ hold3/X (sky130_fd_sc_hd__dlygate4sd3_1)
     1    0.00                           net28 (net)
                  0.04    0.00    0.88 ^ _447_/D (sky130_fd_sc_hd__dfrtp_1)
                                  0.88   data arrival time

                          0.00    0.00   clock clk (rise edge)
                          0.00    0.00   clock source latency
                  0.06    0.04    0.04 ^ clk (in)
     1    0.02                           clk (net)
                  0.06    0.00    0.04 ^ clkbuf_0_clk/A (sky130_fd_sc_hd__clkbuf_16)
                  0.05    0.11    0.15 ^ clkbuf_0_clk/X (sky130_fd_sc_hd__clkbuf_16)
     4    0.04                           clknet_0_clk (net)
                  0.05    0.00    0.15 ^ clkbuf_2_0__f_clk/A (sky130_fd_sc_hd__clkbuf_16)
                  0.05    0.11    0.26 ^ clkbuf_2_0__f_clk/X (sky130_fd_sc_hd__clkbuf_16)
    14    0.04                           clknet_2_0__leaf_clk (net)
                  0.05    0.00    0.26 ^ _447_/CLK (sky130_fd_sc_hd__dfrtp_1)
                          0.25    0.51   clock uncertainty
                         -0.02    0.48   clock reconvergence pessimism
                         -0.02    0.47   library hold time
                                  0.47   data required time
-----------------------------------------------------------------------------
                                  0.47   data required time
                                 -0.88   data arrival time
-----------------------------------------------------------------------------
                                  0.42   slack (MET)


Startpoint: _449_ (rising edge-triggered flip-flop clocked by clk)
Endpoint: _449_ (rising edge-triggered flip-flop clocked by clk)
Path Group: clk
Path Type: min
Corner: Fastest

Fanout     Cap    Slew   Delay    Time   Description
-----------------------------------------------------------------------------
                          0.00    0.00   clock clk (rise edge)
                          0.00    0.00   clock source latency
                  0.06    0.04    0.04 ^ clk (in)
     1    0.02                           clk (net)
                  0.06    0.00    0.04 ^ clkbuf_0_clk/A (sky130_fd_sc_hd__clkbuf_16)
                  0.05    0.10    0.14 ^ clkbuf_0_clk/X (sky130_fd_sc_hd__clkbuf_16)
     4    0.04                           clknet_0_clk (net)
                  0.05    0.00    0.14 ^ clkbuf_2_0__f_clk/A (sky130_fd_sc_hd__clkbuf_16)
                  0.05    0.10    0.23 ^ clkbuf_2_0__f_clk/X (sky130_fd_sc_hd__clkbuf_16)
    14    0.04                           clknet_2_0__leaf_clk (net)
                  0.05    0.00    0.23 ^ _449_/CLK (sky130_fd_sc_hd__dfrtp_1)
                  0.07    0.22    0.46 ^ _449_/Q (sky130_fd_sc_hd__dfrtp_1)
     3    0.01                           rx_shift[5] (net)
                  0.07    0.00    0.46 ^ _242_/A1 (sky130_fd_sc_hd__a22o_1)
                  0.03    0.08    0.53 ^ _242_/X (sky130_fd_sc_hd__a22o_1)
     1    0.00                           _089_ (net)
                  0.03    0.00    0.53 ^ hold8/A (sky130_fd_sc_hd__dlygate4sd3_1)
                  0.04    0.35    0.88 ^ hold8/X (sky130_fd_sc_hd__dlygate4sd3_1)
     1    0.00                           net33 (net)
                  0.04    0.00    0.88 ^ _449_/D (sky130_fd_sc_hd__dfrtp_1)
                                  0.88   data arrival time

                          0.00    0.00   clock clk (rise edge)
                          0.00    0.00   clock source latency
                  0.06    0.04    0.04 ^ clk (in)
     1    0.02                           clk (net)
                  0.06    0.00    0.04 ^ clkbuf_0_clk/A (sky130_fd_sc_hd__clkbuf_16)
                  0.05    0.11    0.15 ^ clkbuf_0_clk/X (sky130_fd_sc_hd__clkbuf_16)
     4    0.04                           clknet_0_clk (net)
                  0.05    0.00    0.15 ^ clkbuf_2_0__f_clk/A (sky130_fd_sc_hd__clkbuf_16)
                  0.05    0.11    0.26 ^ clkbuf_2_0__f_clk/X (sky130_fd_sc_hd__clkbuf_16)
    14    0.04                           clknet_2_0__leaf_clk (net)
                  0.05    0.00    0.26 ^ _449_/CLK (sky130_fd_sc_hd__dfrtp_1)
                          0.25    0.51   clock uncertainty
                         -0.02    0.48   clock reconvergence pessimism
                         -0.02    0.47   library hold time
                                  0.47   data required time
-----------------------------------------------------------------------------
                                  0.47   data required time
                                 -0.88   data arrival time
-----------------------------------------------------------------------------
                                  0.42   slack (MET)


Startpoint: _450_ (rising edge-triggered flip-flop clocked by clk)
Endpoint: _451_ (rising edge-triggered flip-flop clocked by clk)
Path Group: clk
Path Type: min
Corner: Fastest

Fanout     Cap    Slew   Delay    Time   Description
-----------------------------------------------------------------------------
                          0.00    0.00   clock clk (rise edge)
                          0.00    0.00   clock source latency
                  0.06    0.04    0.04 ^ clk (in)
     1    0.02                           clk (net)
                  0.06    0.00    0.04 ^ clkbuf_0_clk/A (sky130_fd_sc_hd__clkbuf_16)
                  0.05    0.10    0.14 ^ clkbuf_0_clk/X (sky130_fd_sc_hd__clkbuf_16)
     4    0.04                           clknet_0_clk (net)
                  0.05    0.00    0.14 ^ clkbuf_2_0__f_clk/A (sky130_fd_sc_hd__clkbuf_16)
                  0.05    0.10    0.23 ^ clkbuf_2_0__f_clk/X (sky130_fd_sc_hd__clkbuf_16)
    14    0.04                           clknet_2_0__leaf_clk (net)
                  0.05    0.00    0.23 ^ _450_/CLK (sky130_fd_sc_hd__dfrtp_1)
                  0.09    0.23    0.47 ^ _450_/Q (sky130_fd_sc_hd__dfrtp_1)
     3    0.01                           rx_shift[6] (net)
                  0.09    0.00    0.47 ^ _240_/B2 (sky130_fd_sc_hd__a22o_1)
                  0.03    0.07    0.54 ^ _240_/X (sky130_fd_sc_hd__a22o_1)
     1    0.00                           _091_ (net)
                  0.03    0.00    0.54 ^ hold5/A (sky130_fd_sc_hd__dlygate4sd3_1)
                  0.04    0.35    0.89 ^ hold5/X (sky130_fd_sc_hd__dlygate4sd3_1)
     1    0.00                           net30 (net)
                  0.04    0.00    0.89 ^ _451_/D (sky130_fd_sc_hd__dfrtp_1)
                                  0.89   data arrival time

                          0.00    0.00   clock clk (rise edge)
                          0.00    0.00   clock source latency
                  0.06    0.04    0.04 ^ clk (in)
     1    0.02                           clk (net)
                  0.06    0.00    0.04 ^ clkbuf_0_clk/A (sky130_fd_sc_hd__clkbuf_16)
                  0.05    0.11    0.15 ^ clkbuf_0_clk/X (sky130_fd_sc_hd__clkbuf_16)
     4    0.04                           clknet_0_clk (net)
                  0.05    0.00    0.15 ^ clkbuf_2_0__f_clk/A (sky130_fd_sc_hd__clkbuf_16)
                  0.05    0.11    0.26 ^ clkbuf_2_0__f_clk/X (sky130_fd_sc_hd__clkbuf_16)
    14    0.04                           clknet_2_0__leaf_clk (net)
                  0.05    0.00    0.26 ^ _451_/CLK (sky130_fd_sc_hd__dfrtp_1)
                          0.25    0.51   clock uncertainty
                         -0.02    0.48   clock reconvergence pessimism
                         -0.02    0.47   library hold time
                                  0.47   data required time
-----------------------------------------------------------------------------
                                  0.47   data required time
                                 -0.89   data arrival time
-----------------------------------------------------------------------------
                                  0.42   slack (MET)


Startpoint: _450_ (rising edge-triggered flip-flop clocked by clk)
Endpoint: _450_ (rising edge-triggered flip-flop clocked by clk)
Path Group: clk
Path Type: min
Corner: Fastest

Fanout     Cap    Slew   Delay    Time   Description
-----------------------------------------------------------------------------
                          0.00    0.00   clock clk (rise edge)
                          0.00    0.00   clock source latency
                  0.06    0.04    0.04 ^ clk (in)
     1    0.02                           clk (net)
                  0.06    0.00    0.04 ^ clkbuf_0_clk/A (sky130_fd_sc_hd__clkbuf_16)
                  0.05    0.10    0.14 ^ clkbuf_0_clk/X (sky130_fd_sc_hd__clkbuf_16)
     4    0.04                           clknet_0_clk (net)
                  0.05    0.00    0.14 ^ clkbuf_2_0__f_clk/A (sky130_fd_sc_hd__clkbuf_16)
                  0.05    0.10    0.23 ^ clkbuf_2_0__f_clk/X (sky130_fd_sc_hd__clkbuf_16)
    14    0.04                           clknet_2_0__leaf_clk (net)
                  0.05    0.00    0.23 ^ _450_/CLK (sky130_fd_sc_hd__dfrtp_1)
                  0.09    0.23    0.47 ^ _450_/Q (sky130_fd_sc_hd__dfrtp_1)
     3    0.01                           rx_shift[6] (net)
                  0.09    0.00    0.47 ^ _241_/A1 (sky130_fd_sc_hd__a22o_1)
                  0.03    0.08    0.55 ^ _241_/X (sky130_fd_sc_hd__a22o_1)
     1    0.00                           _090_ (net)
                  0.03    0.00    0.55 ^ hold10/A (sky130_fd_sc_hd__dlygate4sd3_1)
                  0.04    0.35    0.90 ^ hold10/X (sky130_fd_sc_hd__dlygate4sd3_1)
     1    0.00                           net35 (net)
                  0.04    0.00    0.90 ^ _450_/D (sky130_fd_sc_hd__dfrtp_1)
                                  0.90   data arrival time

                          0.00    0.00   clock clk (rise edge)
                          0.00    0.00   clock source latency
                  0.06    0.04    0.04 ^ clk (in)
     1    0.02                           clk (net)
                  0.06    0.00    0.04 ^ clkbuf_0_clk/A (sky130_fd_sc_hd__clkbuf_16)
                  0.05    0.11    0.15 ^ clkbuf_0_clk/X (sky130_fd_sc_hd__clkbuf_16)
     4    0.04                           clknet_0_clk (net)
                  0.05    0.00    0.15 ^ clkbuf_2_0__f_clk/A (sky130_fd_sc_hd__clkbuf_16)
                  0.05    0.11    0.26 ^ clkbuf_2_0__f_clk/X (sky130_fd_sc_hd__clkbuf_16)
    14    0.04                           clknet_2_0__leaf_clk (net)
                  0.05    0.00    0.26 ^ _450_/CLK (sky130_fd_sc_hd__dfrtp_1)
                          0.25    0.51   clock uncertainty
                         -0.02    0.48   clock reconvergence pessimism
                         -0.02    0.46   library hold time
                                  0.46   data required time
-----------------------------------------------------------------------------
                                  0.46   data required time
                                 -0.90   data arrival time
-----------------------------------------------------------------------------
                                  0.44   slack (MET)


Startpoint: _437_ (rising edge-triggered flip-flop clocked by clk)
Endpoint: _437_ (rising edge-triggered flip-flop clocked by clk)
Path Group: clk
Path Type: min
Corner: Fastest

Fanout     Cap    Slew   Delay    Time   Description
-----------------------------------------------------------------------------
                          0.00    0.00   clock clk (rise edge)
                          0.00    0.00   clock source latency
                  0.06    0.04    0.04 ^ clk (in)
     1    0.02                           clk (net)
                  0.06    0.00    0.04 ^ clkbuf_0_clk/A (sky130_fd_sc_hd__clkbuf_16)
                  0.05    0.10    0.14 ^ clkbuf_0_clk/X (sky130_fd_sc_hd__clkbuf_16)
     4    0.04                           clknet_0_clk (net)
                  0.05    0.00    0.14 ^ clkbuf_2_3__f_clk/A (sky130_fd_sc_hd__clkbuf_16)
                  0.04    0.10    0.23 ^ clkbuf_2_3__f_clk/X (sky130_fd_sc_hd__clkbuf_16)
    12    0.04                           clknet_2_3__leaf_clk (net)
                  0.04    0.00    0.23 ^ _437_/CLK (sky130_fd_sc_hd__dfrtp_1)
                  0.04    0.20    0.43 ^ _437_/Q (sky130_fd_sc_hd__dfrtp_1)
     2    0.00                           tx_shift[0] (net)
                  0.04    0.00    0.43 ^ hold21/A (sky130_fd_sc_hd__dlygate4sd3_1)
                  0.04    0.36    0.79 ^ hold21/X (sky130_fd_sc_hd__dlygate4sd3_1)
     1    0.00                           net46 (net)
                  0.04    0.00    0.79 ^ _267_/A0 (sky130_fd_sc_hd__mux2_1)
                  0.03    0.07    0.86 ^ _267_/X (sky130_fd_sc_hd__mux2_1)
     1    0.00                           _141_ (net)
                  0.03    0.00    0.86 ^ _268_/A (sky130_fd_sc_hd__clkbuf_1)
                  0.03    0.05    0.91 ^ _268_/X (sky130_fd_sc_hd__clkbuf_1)
     1    0.00                           _077_ (net)
                  0.03    0.00    0.91 ^ _437_/D (sky130_fd_sc_hd__dfrtp_1)
                                  0.91   data arrival time

                          0.00    0.00   clock clk (rise edge)
                          0.00    0.00   clock source latency
                  0.06    0.04    0.04 ^ clk (in)
     1    0.02                           clk (net)
                  0.06    0.00    0.04 ^ clkbuf_0_clk/A (sky130_fd_sc_hd__clkbuf_16)
                  0.05    0.11    0.15 ^ clkbuf_0_clk/X (sky130_fd_sc_hd__clkbuf_16)
     4    0.04                           clknet_0_clk (net)
                  0.05    0.00    0.15 ^ clkbuf_2_3__f_clk/A (sky130_fd_sc_hd__clkbuf_16)
                  0.04    0.11    0.26 ^ clkbuf_2_3__f_clk/X (sky130_fd_sc_hd__clkbuf_16)
    12    0.04                           clknet_2_3__leaf_clk (net)
                  0.04    0.00    0.26 ^ _437_/CLK (sky130_fd_sc_hd__dfrtp_1)
                          0.25    0.51   clock uncertainty
                         -0.02    0.48   clock reconvergence pessimism
                         -0.02    0.46   library hold time
                                  0.46   data required time
-----------------------------------------------------------------------------
                                  0.46   data required time
                                 -0.91   data arrival time
-----------------------------------------------------------------------------
                                  0.44   slack (MET)


Startpoint: _444_ (rising edge-triggered flip-flop clocked by clk)
Endpoint: _426_ (rising edge-triggered flip-flop clocked by clk)
Path Group: clk
Path Type: min
Corner: Fastest

Fanout     Cap    Slew   Delay    Time   Description
-----------------------------------------------------------------------------
                          0.00    0.00   clock clk (rise edge)
                          0.00    0.00   clock source latency
                  0.06    0.04    0.04 ^ clk (in)
     1    0.02                           clk (net)
                  0.06    0.00    0.04 ^ clkbuf_0_clk/A (sky130_fd_sc_hd__clkbuf_16)
                  0.05    0.10    0.14 ^ clkbuf_0_clk/X (sky130_fd_sc_hd__clkbuf_16)
     4    0.04                           clknet_0_clk (net)
                  0.05    0.00    0.14 ^ clkbuf_2_3__f_clk/A (sky130_fd_sc_hd__clkbuf_16)
                  0.04    0.10    0.23 ^ clkbuf_2_3__f_clk/X (sky130_fd_sc_hd__clkbuf_16)
    12    0.04                           clknet_2_3__leaf_clk (net)
                  0.04    0.00    0.23 ^ _444_/CLK (sky130_fd_sc_hd__dfrtp_1)
                  0.06    0.22    0.45 ^ _444_/Q (sky130_fd_sc_hd__dfrtp_1)
     2    0.01                           rx_shift[0] (net)
                  0.06    0.00    0.45 ^ _293_/A0 (sky130_fd_sc_hd__mux2_1)
                  0.03    0.07    0.52 ^ _293_/X (sky130_fd_sc_hd__mux2_1)
     1    0.00                           _155_ (net)
                  0.03    0.00    0.52 ^ hold34/A (sky130_fd_sc_hd__dlygate4sd3_1)
                  0.04    0.35    0.88 ^ hold34/X (sky130_fd_sc_hd__dlygate4sd3_1)
     1    0.00                           net59 (net)
                  0.04    0.00    0.88 ^ _294_/A (sky130_fd_sc_hd__clkbuf_1)
                  0.03    0.05    0.93 ^ _294_/X (sky130_fd_sc_hd__clkbuf_1)
     1    0.00                           _066_ (net)
                  0.03    0.00    0.93 ^ _426_/D (sky130_fd_sc_hd__dfrtp_1)
                                  0.93   data arrival time

                          0.00    0.00   clock clk (rise edge)
                          0.00    0.00   clock source latency
                  0.06    0.04    0.04 ^ clk (in)
     1    0.02                           clk (net)
                  0.06    0.00    0.04 ^ clkbuf_0_clk/A (sky130_fd_sc_hd__clkbuf_16)
                  0.05    0.11    0.15 ^ clkbuf_0_clk/X (sky130_fd_sc_hd__clkbuf_16)
     4    0.04                           clknet_0_clk (net)
                  0.05    0.00    0.15 ^ clkbuf_2_3__f_clk/A (sky130_fd_sc_hd__clkbuf_16)
                  0.04    0.11    0.26 ^ clkbuf_2_3__f_clk/X (sky130_fd_sc_hd__clkbuf_16)
    12    0.04                           clknet_2_3__leaf_clk (net)
                  0.04    0.00    0.26 ^ _426_/CLK (sky130_fd_sc_hd__dfrtp_1)
                          0.25    0.51   clock uncertainty
                         -0.02    0.48   clock reconvergence pessimism
                         -0.02    0.46   library hold time
                                  0.46   data required time
-----------------------------------------------------------------------------
                                  0.46   data required time
                                 -0.93   data arrival time
-----------------------------------------------------------------------------
                                  0.46   slack (MET)


Startpoint: _427_ (rising edge-triggered flip-flop clocked by clk)
Endpoint: _427_ (rising edge-triggered flip-flop clocked by clk)
Path Group: clk
Path Type: min
Corner: Fastest

Fanout     Cap    Slew   Delay    Time   Description
-----------------------------------------------------------------------------
                          0.00    0.00   clock clk (rise edge)
                          0.00    0.00   clock source latency
                  0.06    0.04    0.04 ^ clk (in)
     1    0.02                           clk (net)
                  0.06    0.00    0.04 ^ clkbuf_0_clk/A (sky130_fd_sc_hd__clkbuf_16)
                  0.05    0.10    0.14 ^ clkbuf_0_clk/X (sky130_fd_sc_hd__clkbuf_16)
     4    0.04                           clknet_0_clk (net)
                  0.05    0.00    0.14 ^ clkbuf_2_1__f_clk/A (sky130_fd_sc_hd__clkbuf_16)
                  0.04    0.09    0.23 ^ clkbuf_2_1__f_clk/X (sky130_fd_sc_hd__clkbuf_16)
    12    0.04                           clknet_2_1__leaf_clk (net)
                  0.04    0.00    0.23 ^ _427_/CLK (sky130_fd_sc_hd__dfrtp_1)
                  0.06    0.21    0.45 ^ _427_/Q (sky130_fd_sc_hd__dfrtp_1)
     2    0.01                           net17 (net)
                  0.06    0.00    0.45 ^ _291_/A1 (sky130_fd_sc_hd__mux2_1)
                  0.03    0.08    0.52 ^ _291_/X (sky130_fd_sc_hd__mux2_1)
     1    0.00                           _154_ (net)
                  0.03    0.00    0.52 ^ hold36/A (sky130_fd_sc_hd__dlygate4sd3_1)
                  0.04    0.36    0.88 ^ hold36/X (sky130_fd_sc_hd__dlygate4sd3_1)
     1    0.00                           net61 (net)
                  0.04    0.00    0.88 ^ _292_/A (sky130_fd_sc_hd__clkbuf_1)
                  0.03    0.05    0.93 ^ _292_/X (sky130_fd_sc_hd__clkbuf_1)
     1    0.00                           _067_ (net)
                  0.03    0.00    0.93 ^ _427_/D (sky130_fd_sc_hd__dfrtp_1)
                                  0.93   data arrival time

                          0.00    0.00   clock clk (rise edge)
                          0.00    0.00   clock source latency
                  0.06    0.04    0.04 ^ clk (in)
     1    0.02                           clk (net)
                  0.06    0.00    0.04 ^ clkbuf_0_clk/A (sky130_fd_sc_hd__clkbuf_16)
                  0.05    0.11    0.15 ^ clkbuf_0_clk/X (sky130_fd_sc_hd__clkbuf_16)
     4    0.04                           clknet_0_clk (net)
                  0.05    0.00    0.15 ^ clkbuf_2_1__f_clk/A (sky130_fd_sc_hd__clkbuf_16)
                  0.04    0.10    0.26 ^ clkbuf_2_1__f_clk/X (sky130_fd_sc_hd__clkbuf_16)
    12    0.04                           clknet_2_1__leaf_clk (net)
                  0.04    0.00    0.26 ^ _427_/CLK (sky130_fd_sc_hd__dfrtp_1)
                          0.25    0.51   clock uncertainty
                         -0.02    0.48   clock reconvergence pessimism
                         -0.02    0.46   library hold time
                                  0.46   data required time
-----------------------------------------------------------------------------
                                  0.46   data required time
                                 -0.93   data arrival time
-----------------------------------------------------------------------------
                                  0.47   slack (MET)


Startpoint: rst (input port clocked by clk)
Endpoint: _448_ (removal check against rising-edge clock clk)
Path Group: asynchronous
Path Type: min
Corner: Fastest

Fanout     Cap    Slew   Delay    Time   Description
-----------------------------------------------------------------------------
                          0.00    0.00   clock clk (rise edge)
                          0.00    0.00   clock network delay (propagated)
                          2.00    2.00 v input external delay
                  0.00    0.00    2.00 v rst (in)
     1    0.00                           rst (net)
                  0.00    0.00    2.00 v input2/A (sky130_fd_sc_hd__buf_1)
                  0.04    0.06    2.06 v input2/X (sky130_fd_sc_hd__buf_1)
     3    0.01                           net2 (net)
                  0.04    0.00    2.06 v _355_/A (sky130_fd_sc_hd__buf_4)
                  0.06    0.12    2.18 v _355_/X (sky130_fd_sc_hd__buf_4)
    10    0.05                           _199_ (net)
                  0.06    0.00    2.18 v _400_/A (sky130_fd_sc_hd__inv_2)
                  0.02    0.04    2.22 ^ _400_/Y (sky130_fd_sc_hd__inv_2)
     1    0.00                           _042_ (net)
                  0.02    0.00    2.22 ^ _448_/RESET_B (sky130_fd_sc_hd__dfrtp_1)
                                  2.22   data arrival time

                          0.00    0.00   clock clk (rise edge)
                          0.00    0.00   clock source latency
                  0.06    0.04    0.04 ^ clk (in)
     1    0.02                           clk (net)
                  0.06    0.00    0.04 ^ clkbuf_0_clk/A (sky130_fd_sc_hd__clkbuf_16)
                  0.05    0.11    0.15 ^ clkbuf_0_clk/X (sky130_fd_sc_hd__clkbuf_16)
     4    0.04                           clknet_0_clk (net)
                  0.05    0.00    0.15 ^ clkbuf_2_0__f_clk/A (sky130_fd_sc_hd__clkbuf_16)
                  0.05    0.11    0.26 ^ clkbuf_2_0__f_clk/X (sky130_fd_sc_hd__clkbuf_16)
    14    0.04                           clknet_2_0__leaf_clk (net)
                  0.05    0.00    0.26 ^ _448_/CLK (sky130_fd_sc_hd__dfrtp_1)
                          0.25    0.51   clock uncertainty
                          0.00    0.51   clock reconvergence pessimism
                          0.20    0.71   library removal time
                                  0.71   data required time
-----------------------------------------------------------------------------
                                  0.71   data required time
                                 -2.22   data arrival time
-----------------------------------------------------------------------------
                                  1.51   slack (MET)


Startpoint: rst (input port clocked by clk)
Endpoint: _449_ (removal check against rising-edge clock clk)
Path Group: asynchronous
Path Type: min
Corner: Fastest

Fanout     Cap    Slew   Delay    Time   Description
-----------------------------------------------------------------------------
                          0.00    0.00   clock clk (rise edge)
                          0.00    0.00   clock network delay (propagated)
                          2.00    2.00 v input external delay
                  0.00    0.00    2.00 v rst (in)
     1    0.00                           rst (net)
                  0.00    0.00    2.00 v input2/A (sky130_fd_sc_hd__buf_1)
                  0.04    0.06    2.06 v input2/X (sky130_fd_sc_hd__buf_1)
     3    0.01                           net2 (net)
                  0.04    0.00    2.06 v _355_/A (sky130_fd_sc_hd__buf_4)
                  0.06    0.12    2.18 v _355_/X (sky130_fd_sc_hd__buf_4)
    10    0.05                           _199_ (net)
                  0.06    0.00    2.18 v _401_/A (sky130_fd_sc_hd__inv_2)
                  0.03    0.04    2.22 ^ _401_/Y (sky130_fd_sc_hd__inv_2)
     1    0.00                           _043_ (net)
                  0.03    0.00    2.22 ^ _449_/RESET_B (sky130_fd_sc_hd__dfrtp_1)
                                  2.22   data arrival time

                          0.00    0.00   clock clk (rise edge)
                          0.00    0.00   clock source latency
                  0.06    0.04    0.04 ^ clk (in)
     1    0.02                           clk (net)
                  0.06    0.00    0.04 ^ clkbuf_0_clk/A (sky130_fd_sc_hd__clkbuf_16)
                  0.05    0.11    0.15 ^ clkbuf_0_clk/X (sky130_fd_sc_hd__clkbuf_16)
     4    0.04                           clknet_0_clk (net)
                  0.05    0.00    0.15 ^ clkbuf_2_0__f_clk/A (sky130_fd_sc_hd__clkbuf_16)
                  0.05    0.11    0.26 ^ clkbuf_2_0__f_clk/X (sky130_fd_sc_hd__clkbuf_16)
    14    0.04                           clknet_2_0__leaf_clk (net)
                  0.05    0.00    0.26 ^ _449_/CLK (sky130_fd_sc_hd__dfrtp_1)
                          0.25    0.51   clock uncertainty
                          0.00    0.51   clock reconvergence pessimism
                          0.20    0.71   library removal time
                                  0.71   data required time
-----------------------------------------------------------------------------
                                  0.71   data required time
                                 -2.22   data arrival time
-----------------------------------------------------------------------------
                                  1.51   slack (MET)


Startpoint: rst (input port clocked by clk)
Endpoint: _451_ (removal check against rising-edge clock clk)
Path Group: asynchronous
Path Type: min
Corner: Fastest

Fanout     Cap    Slew   Delay    Time   Description
-----------------------------------------------------------------------------
                          0.00    0.00   clock clk (rise edge)
                          0.00    0.00   clock network delay (propagated)
                          2.00    2.00 v input external delay
                  0.00    0.00    2.00 v rst (in)
     1    0.00                           rst (net)
                  0.00    0.00    2.00 v input2/A (sky130_fd_sc_hd__buf_1)
                  0.04    0.06    2.06 v input2/X (sky130_fd_sc_hd__buf_1)
     3    0.01                           net2 (net)
                  0.04    0.00    2.06 v _355_/A (sky130_fd_sc_hd__buf_4)
                  0.06    0.12    2.18 v _355_/X (sky130_fd_sc_hd__buf_4)
    10    0.05                           _199_ (net)
                  0.06    0.00    2.18 v _403_/A (sky130_fd_sc_hd__inv_2)
                  0.03    0.04    2.22 ^ _403_/Y (sky130_fd_sc_hd__inv_2)
     1    0.00                           _045_ (net)
                  0.03    0.00    2.22 ^ _451_/RESET_B (sky130_fd_sc_hd__dfrtp_1)
                                  2.22   data arrival time

                          0.00    0.00   clock clk (rise edge)
                          0.00    0.00   clock source latency
                  0.06    0.04    0.04 ^ clk (in)
     1    0.02                           clk (net)
                  0.06    0.00    0.04 ^ clkbuf_0_clk/A (sky130_fd_sc_hd__clkbuf_16)
                  0.05    0.11    0.15 ^ clkbuf_0_clk/X (sky130_fd_sc_hd__clkbuf_16)
     4    0.04                           clknet_0_clk (net)
                  0.05    0.00    0.15 ^ clkbuf_2_0__f_clk/A (sky130_fd_sc_hd__clkbuf_16)
                  0.05    0.11    0.26 ^ clkbuf_2_0__f_clk/X (sky130_fd_sc_hd__clkbuf_16)
    14    0.04                           clknet_2_0__leaf_clk (net)
                  0.05    0.00    0.26 ^ _451_/CLK (sky130_fd_sc_hd__dfrtp_1)
                          0.25    0.51   clock uncertainty
                          0.00    0.51   clock reconvergence pessimism
                          0.20    0.71   library removal time
                                  0.71   data required time
-----------------------------------------------------------------------------
                                  0.71   data required time
                                 -2.22   data arrival time
-----------------------------------------------------------------------------
                                  1.52   slack (MET)


Startpoint: rst (input port clocked by clk)
Endpoint: _453_ (removal check against rising-edge clock clk)
Path Group: asynchronous
Path Type: min
Corner: Fastest

Fanout     Cap    Slew   Delay    Time   Description
-----------------------------------------------------------------------------
                          0.00    0.00   clock clk (rise edge)
                          0.00    0.00   clock network delay (propagated)
                          2.00    2.00 v input external delay
                  0.00    0.00    2.00 v rst (in)
     1    0.00                           rst (net)
                  0.00    0.00    2.00 v input2/A (sky130_fd_sc_hd__buf_1)
                  0.04    0.06    2.06 v input2/X (sky130_fd_sc_hd__buf_1)
     3    0.01                           net2 (net)
                  0.04    0.00    2.06 v _355_/A (sky130_fd_sc_hd__buf_4)
                  0.06    0.12    2.18 v _355_/X (sky130_fd_sc_hd__buf_4)
    10    0.05                           _199_ (net)
                  0.06    0.00    2.18 v _405_/A (sky130_fd_sc_hd__inv_2)
                  0.02    0.04    2.22 ^ _405_/Y (sky130_fd_sc_hd__inv_2)
     1    0.00                           _047_ (net)
                  0.02    0.00    2.22 ^ _453_/RESET_B (sky130_fd_sc_hd__dfrtp_1)
                                  2.22   data arrival time

                          0.00    0.00   clock clk (rise edge)
                          0.00    0.00   clock source latency
                  0.06    0.04    0.04 ^ clk (in)
     1    0.02                           clk (net)
                  0.06    0.00    0.04 ^ clkbuf_0_clk/A (sky130_fd_sc_hd__clkbuf_16)
                  0.05    0.11    0.15 ^ clkbuf_0_clk/X (sky130_fd_sc_hd__clkbuf_16)
     4    0.04                           clknet_0_clk (net)
                  0.05    0.00    0.15 ^ clkbuf_2_1__f_clk/A (sky130_fd_sc_hd__clkbuf_16)
                  0.04    0.10    0.26 ^ clkbuf_2_1__f_clk/X (sky130_fd_sc_hd__clkbuf_16)
    12    0.04                           clknet_2_1__leaf_clk (net)
                  0.04    0.00    0.26 ^ _453_/CLK (sky130_fd_sc_hd__dfrtp_1)
                          0.25    0.51   clock uncertainty
                          0.00    0.51   clock reconvergence pessimism
                          0.20    0.70   library removal time
                                  0.70   data required time
-----------------------------------------------------------------------------
                                  0.70   data required time
                                 -2.22   data arrival time
-----------------------------------------------------------------------------
                                  1.52   slack (MET)


Startpoint: rst (input port clocked by clk)
Endpoint: _452_ (removal check against rising-edge clock clk)
Path Group: asynchronous
Path Type: min
Corner: Fastest

Fanout     Cap    Slew   Delay    Time   Description
-----------------------------------------------------------------------------
                          0.00    0.00   clock clk (rise edge)
                          0.00    0.00   clock network delay (propagated)
                          2.00    2.00 v input external delay
                  0.00    0.00    2.00 v rst (in)
     1    0.00                           rst (net)
                  0.00    0.00    2.00 v input2/A (sky130_fd_sc_hd__buf_1)
                  0.04    0.06    2.06 v input2/X (sky130_fd_sc_hd__buf_1)
     3    0.01                           net2 (net)
                  0.04    0.00    2.06 v _355_/A (sky130_fd_sc_hd__buf_4)
                  0.06    0.12    2.18 v _355_/X (sky130_fd_sc_hd__buf_4)
    10    0.05                           _199_ (net)
                  0.06    0.00    2.18 v _404_/A (sky130_fd_sc_hd__inv_2)
                  0.02    0.04    2.22 ^ _404_/Y (sky130_fd_sc_hd__inv_2)
     1    0.00                           _046_ (net)
                  0.02    0.00    2.22 ^ _452_/RESET_B (sky130_fd_sc_hd__dfrtp_1)
                                  2.22   data arrival time

                          0.00    0.00   clock clk (rise edge)
                          0.00    0.00   clock source latency
                  0.06    0.04    0.04 ^ clk (in)
     1    0.02                           clk (net)
                  0.06    0.00    0.04 ^ clkbuf_0_clk/A (sky130_fd_sc_hd__clkbuf_16)
                  0.05    0.11    0.15 ^ clkbuf_0_clk/X (sky130_fd_sc_hd__clkbuf_16)
     4    0.04                           clknet_0_clk (net)
                  0.05    0.00    0.15 ^ clkbuf_2_1__f_clk/A (sky130_fd_sc_hd__clkbuf_16)
                  0.04    0.10    0.26 ^ clkbuf_2_1__f_clk/X (sky130_fd_sc_hd__clkbuf_16)
    12    0.04                           clknet_2_1__leaf_clk (net)
                  0.04    0.00    0.26 ^ _452_/CLK (sky130_fd_sc_hd__dfrtp_1)
                          0.25    0.51   clock uncertainty
                          0.00    0.51   clock reconvergence pessimism
                          0.20    0.70   library removal time
                                  0.70   data required time
-----------------------------------------------------------------------------
                                  0.70   data required time
                                 -2.22   data arrival time
-----------------------------------------------------------------------------
                                  1.52   slack (MET)


Startpoint: rst (input port clocked by clk)
Endpoint: _450_ (removal check against rising-edge clock clk)
Path Group: asynchronous
Path Type: min
Corner: Fastest

Fanout     Cap    Slew   Delay    Time   Description
-----------------------------------------------------------------------------
                          0.00    0.00   clock clk (rise edge)
                          0.00    0.00   clock network delay (propagated)
                          2.00    2.00 v input external delay
                  0.00    0.00    2.00 v rst (in)
     1    0.00                           rst (net)
                  0.00    0.00    2.00 v input2/A (sky130_fd_sc_hd__buf_1)
                  0.04    0.06    2.06 v input2/X (sky130_fd_sc_hd__buf_1)
     3    0.01                           net2 (net)
                  0.04    0.00    2.06 v _355_/A (sky130_fd_sc_hd__buf_4)
                  0.06    0.12    2.18 v _355_/X (sky130_fd_sc_hd__buf_4)
    10    0.05                           _199_ (net)
                  0.06    0.00    2.18 v _402_/A (sky130_fd_sc_hd__inv_2)
                  0.03    0.04    2.23 ^ _402_/Y (sky130_fd_sc_hd__inv_2)
     1    0.01                           _044_ (net)
                  0.03    0.00    2.23 ^ _450_/RESET_B (sky130_fd_sc_hd__dfrtp_1)
                                  2.23   data arrival time

                          0.00    0.00   clock clk (rise edge)
                          0.00    0.00   clock source latency
                  0.06    0.04    0.04 ^ clk (in)
     1    0.02                           clk (net)
                  0.06    0.00    0.04 ^ clkbuf_0_clk/A (sky130_fd_sc_hd__clkbuf_16)
                  0.05    0.11    0.15 ^ clkbuf_0_clk/X (sky130_fd_sc_hd__clkbuf_16)
     4    0.04                           clknet_0_clk (net)
                  0.05    0.00    0.15 ^ clkbuf_2_0__f_clk/A (sky130_fd_sc_hd__clkbuf_16)
                  0.05    0.11    0.26 ^ clkbuf_2_0__f_clk/X (sky130_fd_sc_hd__clkbuf_16)
    14    0.04                           clknet_2_0__leaf_clk (net)
                  0.05    0.00    0.26 ^ _450_/CLK (sky130_fd_sc_hd__dfrtp_1)
                          0.25    0.51   clock uncertainty
                          0.00    0.51   clock reconvergence pessimism
                          0.20    0.71   library removal time
                                  0.71   data required time
-----------------------------------------------------------------------------
                                  0.71   data required time
                                 -2.23   data arrival time
-----------------------------------------------------------------------------
                                  1.52   slack (MET)


Startpoint: rst (input port clocked by clk)
Endpoint: _455_ (removal check against rising-edge clock clk)
Path Group: asynchronous
Path Type: min
Corner: Fastest

Fanout     Cap    Slew   Delay    Time   Description
-----------------------------------------------------------------------------
                          0.00    0.00   clock clk (rise edge)
                          0.00    0.00   clock network delay (propagated)
                          2.00    2.00 v input external delay
                  0.00    0.00    2.00 v rst (in)
     1    0.00                           rst (net)
                  0.00    0.00    2.00 v input2/A (sky130_fd_sc_hd__buf_1)
                  0.04    0.06    2.06 v input2/X (sky130_fd_sc_hd__buf_1)
     3    0.01                           net2 (net)
                  0.04    0.00    2.06 v _355_/A (sky130_fd_sc_hd__buf_4)
                  0.06    0.12    2.18 v _355_/X (sky130_fd_sc_hd__buf_4)
    10    0.05                           _199_ (net)
                  0.06    0.00    2.18 v _407_/A (sky130_fd_sc_hd__inv_2)
                  0.02    0.04    2.22 ^ _407_/Y (sky130_fd_sc_hd__inv_2)
     1    0.00                           _049_ (net)
                  0.02    0.00    2.22 ^ _455_/RESET_B (sky130_fd_sc_hd__dfrtp_1)
                                  2.22   data arrival time

                          0.00    0.00   clock clk (rise edge)
                          0.00    0.00   clock source latency
                  0.06    0.04    0.04 ^ clk (in)
     1    0.02                           clk (net)
                  0.06    0.00    0.04 ^ clkbuf_0_clk/A (sky130_fd_sc_hd__clkbuf_16)
                  0.05    0.11    0.15 ^ clkbuf_0_clk/X (sky130_fd_sc_hd__clkbuf_16)
     4    0.04                           clknet_0_clk (net)
                  0.05    0.00    0.15 ^ clkbuf_2_1__f_clk/A (sky130_fd_sc_hd__clkbuf_16)
                  0.04    0.10    0.26 ^ clkbuf_2_1__f_clk/X (sky130_fd_sc_hd__clkbuf_16)
    12    0.04                           clknet_2_1__leaf_clk (net)
                  0.04    0.00    0.26 ^ _455_/CLK (sky130_fd_sc_hd__dfrtp_1)
                          0.25    0.51   clock uncertainty
                          0.00    0.51   clock reconvergence pessimism
                          0.20    0.70   library removal time
                                  0.70   data required time
-----------------------------------------------------------------------------
                                  0.70   data required time
                                 -2.22   data arrival time
-----------------------------------------------------------------------------
                                  1.52   slack (MET)


Startpoint: rst (input port clocked by clk)
Endpoint: _454_ (removal check against rising-edge clock clk)
Path Group: asynchronous
Path Type: min
Corner: Fastest

Fanout     Cap    Slew   Delay    Time   Description
-----------------------------------------------------------------------------
                          0.00    0.00   clock clk (rise edge)
                          0.00    0.00   clock network delay (propagated)
                          2.00    2.00 v input external delay
                  0.00    0.00    2.00 v rst (in)
     1    0.00                           rst (net)
                  0.00    0.00    2.00 v input2/A (sky130_fd_sc_hd__buf_1)
                  0.04    0.06    2.06 v input2/X (sky130_fd_sc_hd__buf_1)
     3    0.01                           net2 (net)
                  0.04    0.00    2.06 v _355_/A (sky130_fd_sc_hd__buf_4)
                  0.06    0.12    2.18 v _355_/X (sky130_fd_sc_hd__buf_4)
    10    0.05                           _199_ (net)
                  0.06    0.00    2.18 v _406_/A (sky130_fd_sc_hd__inv_2)
                  0.02    0.04    2.22 ^ _406_/Y (sky130_fd_sc_hd__inv_2)
     1    0.00                           _048_ (net)
                  0.02    0.00    2.22 ^ _454_/RESET_B (sky130_fd_sc_hd__dfrtp_1)
                                  2.22   data arrival time

                          0.00    0.00   clock clk (rise edge)
                          0.00    0.00   clock source latency
                  0.06    0.04    0.04 ^ clk (in)
     1    0.02                           clk (net)
                  0.06    0.00    0.04 ^ clkbuf_0_clk/A (sky130_fd_sc_hd__clkbuf_16)
                  0.05    0.11    0.15 ^ clkbuf_0_clk/X (sky130_fd_sc_hd__clkbuf_16)
     4    0.04                           clknet_0_clk (net)
                  0.05    0.00    0.15 ^ clkbuf_2_1__f_clk/A (sky130_fd_sc_hd__clkbuf_16)
                  0.04    0.10    0.26 ^ clkbuf_2_1__f_clk/X (sky130_fd_sc_hd__clkbuf_16)
    12    0.04                           clknet_2_1__leaf_clk (net)
                  0.04    0.00    0.26 ^ _454_/CLK (sky130_fd_sc_hd__dfrtp_1)
                          0.25    0.51   clock uncertainty
                          0.00    0.51   clock reconvergence pessimism
                          0.20    0.70   library removal time
                                  0.70   data required time
-----------------------------------------------------------------------------
                                  0.70   data required time
                                 -2.22   data arrival time
-----------------------------------------------------------------------------
                                  1.52   slack (MET)


Startpoint: rst (input port clocked by clk)
Endpoint: _447_ (removal check against rising-edge clock clk)
Path Group: asynchronous
Path Type: min
Corner: Fastest

Fanout     Cap    Slew   Delay    Time   Description
-----------------------------------------------------------------------------
                          0.00    0.00   clock clk (rise edge)
                          0.00    0.00   clock network delay (propagated)
                          2.00    2.00 v input external delay
                  0.00    0.00    2.00 v rst (in)
     1    0.00                           rst (net)
                  0.00    0.00    2.00 v input2/A (sky130_fd_sc_hd__buf_1)
                  0.04    0.06    2.06 v input2/X (sky130_fd_sc_hd__buf_1)
     3    0.01                           net2 (net)
                  0.04    0.00    2.06 v _389_/A (sky130_fd_sc_hd__buf_4)
                  0.06    0.12    2.19 v _389_/X (sky130_fd_sc_hd__buf_4)
    10    0.06                           _203_ (net)
                  0.06    0.00    2.19 v _399_/A (sky130_fd_sc_hd__inv_2)
                  0.03    0.04    2.23 ^ _399_/Y (sky130_fd_sc_hd__inv_2)
     1    0.00                           _041_ (net)
                  0.03    0.00    2.23 ^ _447_/RESET_B (sky130_fd_sc_hd__dfrtp_1)
                                  2.23   data arrival time

                          0.00    0.00   clock clk (rise edge)
                          0.00    0.00   clock source latency
                  0.06    0.04    0.04 ^ clk (in)
     1    0.02                           clk (net)
                  0.06    0.00    0.04 ^ clkbuf_0_clk/A (sky130_fd_sc_hd__clkbuf_16)
                  0.05    0.11    0.15 ^ clkbuf_0_clk/X (sky130_fd_sc_hd__clkbuf_16)
     4    0.04                           clknet_0_clk (net)
                  0.05    0.00    0.15 ^ clkbuf_2_0__f_clk/A (sky130_fd_sc_hd__clkbuf_16)
                  0.05    0.11    0.26 ^ clkbuf_2_0__f_clk/X (sky130_fd_sc_hd__clkbuf_16)
    14    0.04                           clknet_2_0__leaf_clk (net)
                  0.05    0.00    0.26 ^ _447_/CLK (sky130_fd_sc_hd__dfrtp_1)
                          0.25    0.51   clock uncertainty
                          0.00    0.51   clock reconvergence pessimism
                          0.20    0.71   library removal time
                                  0.71   data required time
-----------------------------------------------------------------------------
                                  0.71   data required time
                                 -2.23   data arrival time
-----------------------------------------------------------------------------
                                  1.52   slack (MET)


Startpoint: rst (input port clocked by clk)
Endpoint: _446_ (removal check against rising-edge clock clk)
Path Group: asynchronous
Path Type: min
Corner: Fastest

Fanout     Cap    Slew   Delay    Time   Description
-----------------------------------------------------------------------------
                          0.00    0.00   clock clk (rise edge)
                          0.00    0.00   clock network delay (propagated)
                          2.00    2.00 v input external delay
                  0.00    0.00    2.00 v rst (in)
     1    0.00                           rst (net)
                  0.00    0.00    2.00 v input2/A (sky130_fd_sc_hd__buf_1)
                  0.04    0.06    2.06 v input2/X (sky130_fd_sc_hd__buf_1)
     3    0.01                           net2 (net)
                  0.04    0.00    2.06 v _389_/A (sky130_fd_sc_hd__buf_4)
                  0.06    0.12    2.19 v _389_/X (sky130_fd_sc_hd__buf_4)
    10    0.06                           _203_ (net)
                  0.06    0.00    2.19 v _398_/A (sky130_fd_sc_hd__inv_2)
                  0.03    0.04    2.23 ^ _398_/Y (sky130_fd_sc_hd__inv_2)
     1    0.00                           _040_ (net)
                  0.03    0.00    2.23 ^ _446_/RESET_B (sky130_fd_sc_hd__dfrtp_1)
                                  2.23   data arrival time

                          0.00    0.00   clock clk (rise edge)
                          0.00    0.00   clock source latency
                  0.06    0.04    0.04 ^ clk (in)
     1    0.02                           clk (net)
                  0.06    0.00    0.04 ^ clkbuf_0_clk/A (sky130_fd_sc_hd__clkbuf_16)
                  0.05    0.11    0.15 ^ clkbuf_0_clk/X (sky130_fd_sc_hd__clkbuf_16)
     4    0.04                           clknet_0_clk (net)
                  0.05    0.00    0.15 ^ clkbuf_2_1__f_clk/A (sky130_fd_sc_hd__clkbuf_16)
                  0.04    0.10    0.26 ^ clkbuf_2_1__f_clk/X (sky130_fd_sc_hd__clkbuf_16)
    12    0.04                           clknet_2_1__leaf_clk (net)
                  0.04    0.00    0.26 ^ _446_/CLK (sky130_fd_sc_hd__dfrtp_1)
                          0.25    0.51   clock uncertainty
                          0.00    0.51   clock reconvergence pessimism
                          0.20    0.70   library removal time
                                  0.70   data required time
-----------------------------------------------------------------------------
                                  0.70   data required time
                                 -2.23   data arrival time
-----------------------------------------------------------------------------
                                  1.52   slack (MET)


Startpoint: rst (input port clocked by clk)
Endpoint: _445_ (removal check against rising-edge clock clk)
Path Group: asynchronous
Path Type: min
Corner: Fastest

Fanout     Cap    Slew   Delay    Time   Description
-----------------------------------------------------------------------------
                          0.00    0.00   clock clk (rise edge)
                          0.00    0.00   clock network delay (propagated)
                          2.00    2.00 v input external delay
                  0.00    0.00    2.00 v rst (in)
     1    0.00                           rst (net)
                  0.00    0.00    2.00 v input2/A (sky130_fd_sc_hd__buf_1)
                  0.04    0.06    2.06 v input2/X (sky130_fd_sc_hd__buf_1)
     3    0.01                           net2 (net)
                  0.04    0.00    2.06 v _389_/A (sky130_fd_sc_hd__buf_4)
                  0.06    0.12    2.19 v _389_/X (sky130_fd_sc_hd__buf_4)
    10    0.06                           _203_ (net)
                  0.06    0.00    2.19 v _397_/A (sky130_fd_sc_hd__inv_2)
                  0.03    0.04    2.23 ^ _397_/Y (sky130_fd_sc_hd__inv_2)
     1    0.00                           _039_ (net)
                  0.03    0.00    2.23 ^ _445_/RESET_B (sky130_fd_sc_hd__dfrtp_1)
                                  2.23   data arrival time

                          0.00    0.00   clock clk (rise edge)
                          0.00    0.00   clock source latency
                  0.06    0.04    0.04 ^ clk (in)
     1    0.02                           clk (net)
                  0.06    0.00    0.04 ^ clkbuf_0_clk/A (sky130_fd_sc_hd__clkbuf_16)
                  0.05    0.11    0.15 ^ clkbuf_0_clk/X (sky130_fd_sc_hd__clkbuf_16)
     4    0.04                           clknet_0_clk (net)
                  0.05    0.00    0.15 ^ clkbuf_2_1__f_clk/A (sky130_fd_sc_hd__clkbuf_16)
                  0.04    0.10    0.26 ^ clkbuf_2_1__f_clk/X (sky130_fd_sc_hd__clkbuf_16)
    12    0.04                           clknet_2_1__leaf_clk (net)
                  0.04    0.00    0.26 ^ _445_/CLK (sky130_fd_sc_hd__dfrtp_1)
                          0.25    0.51   clock uncertainty
                          0.00    0.51   clock reconvergence pessimism
                          0.20    0.70   library removal time
                                  0.70   data required time
-----------------------------------------------------------------------------
                                  0.70   data required time
                                 -2.23   data arrival time
-----------------------------------------------------------------------------
                                  1.52   slack (MET)


Startpoint: rst (input port clocked by clk)
Endpoint: _438_ (removal check against rising-edge clock clk)
Path Group: asynchronous
Path Type: min
Corner: Fastest

Fanout     Cap    Slew   Delay    Time   Description
-----------------------------------------------------------------------------
                          0.00    0.00   clock clk (rise edge)
                          0.00    0.00   clock network delay (propagated)
                          2.00    2.00 v input external delay
                  0.00    0.00    2.00 v rst (in)
     1    0.00                           rst (net)
                  0.00    0.00    2.00 v input2/A (sky130_fd_sc_hd__buf_1)
                  0.04    0.06    2.06 v input2/X (sky130_fd_sc_hd__buf_1)
     3    0.01                           net2 (net)
                  0.04    0.00    2.06 v _389_/A (sky130_fd_sc_hd__buf_4)
                  0.06    0.12    2.19 v _389_/X (sky130_fd_sc_hd__buf_4)
    10    0.06                           _203_ (net)
                  0.06    0.00    2.19 v _390_/A (sky130_fd_sc_hd__inv_2)
                  0.03    0.04    2.23 ^ _390_/Y (sky130_fd_sc_hd__inv_2)
     1    0.00                           _032_ (net)
                  0.03    0.00    2.23 ^ _438_/RESET_B (sky130_fd_sc_hd__dfrtp_1)
                                  2.23   data arrival time

                          0.00    0.00   clock clk (rise edge)
                          0.00    0.00   clock source latency
                  0.06    0.04    0.04 ^ clk (in)
     1    0.02                           clk (net)
                  0.06    0.00    0.04 ^ clkbuf_0_clk/A (sky130_fd_sc_hd__clkbuf_16)
                  0.05    0.11    0.15 ^ clkbuf_0_clk/X (sky130_fd_sc_hd__clkbuf_16)
     4    0.04                           clknet_0_clk (net)
                  0.05    0.00    0.15 ^ clkbuf_2_3__f_clk/A (sky130_fd_sc_hd__clkbuf_16)
                  0.04    0.11    0.26 ^ clkbuf_2_3__f_clk/X (sky130_fd_sc_hd__clkbuf_16)
    12    0.04                           clknet_2_3__leaf_clk (net)
                  0.04    0.00    0.26 ^ _438_/CLK (sky130_fd_sc_hd__dfrtp_1)
                          0.25    0.51   clock uncertainty
                          0.00    0.51   clock reconvergence pessimism
                          0.20    0.71   library removal time
                                  0.71   data required time
-----------------------------------------------------------------------------
                                  0.71   data required time
                                 -2.23   data arrival time
-----------------------------------------------------------------------------
                                  1.52   slack (MET)


Startpoint: rst (input port clocked by clk)
Endpoint: _439_ (removal check against rising-edge clock clk)
Path Group: asynchronous
Path Type: min
Corner: Fastest

Fanout     Cap    Slew   Delay    Time   Description
-----------------------------------------------------------------------------
                          0.00    0.00   clock clk (rise edge)
                          0.00    0.00   clock network delay (propagated)
                          2.00    2.00 v input external delay
                  0.00    0.00    2.00 v rst (in)
     1    0.00                           rst (net)
                  0.00    0.00    2.00 v input2/A (sky130_fd_sc_hd__buf_1)
                  0.04    0.06    2.06 v input2/X (sky130_fd_sc_hd__buf_1)
     3    0.01                           net2 (net)
                  0.04    0.00    2.06 v _389_/A (sky130_fd_sc_hd__buf_4)
                  0.06    0.12    2.19 v _389_/X (sky130_fd_sc_hd__buf_4)
    10    0.06                           _203_ (net)
                  0.06    0.00    2.19 v _391_/A (sky130_fd_sc_hd__inv_2)
                  0.03    0.04    2.23 ^ _391_/Y (sky130_fd_sc_hd__inv_2)
     1    0.00                           _033_ (net)
                  0.03    0.00    2.23 ^ _439_/RESET_B (sky130_fd_sc_hd__dfrtp_1)
                                  2.23   data arrival time

                          0.00    0.00   clock clk (rise edge)
                          0.00    0.00   clock source latency
                  0.06    0.04    0.04 ^ clk (in)
     1    0.02                           clk (net)
                  0.06    0.00    0.04 ^ clkbuf_0_clk/A (sky130_fd_sc_hd__clkbuf_16)
                  0.05    0.11    0.15 ^ clkbuf_0_clk/X (sky130_fd_sc_hd__clkbuf_16)
     4    0.04                           clknet_0_clk (net)
                  0.05    0.00    0.15 ^ clkbuf_2_3__f_clk/A (sky130_fd_sc_hd__clkbuf_16)
                  0.04    0.11    0.26 ^ clkbuf_2_3__f_clk/X (sky130_fd_sc_hd__clkbuf_16)
    12    0.04                           clknet_2_3__leaf_clk (net)
                  0.04    0.00    0.26 ^ _439_/CLK (sky130_fd_sc_hd__dfrtp_1)
                          0.25    0.51   clock uncertainty
                          0.00    0.51   clock reconvergence pessimism
                          0.20    0.71   library removal time
                                  0.71   data required time
-----------------------------------------------------------------------------
                                  0.71   data required time
                                 -2.23   data arrival time
-----------------------------------------------------------------------------
                                  1.52   slack (MET)


Startpoint: rst (input port clocked by clk)
Endpoint: _442_ (removal check against rising-edge clock clk)
Path Group: asynchronous
Path Type: min
Corner: Fastest

Fanout     Cap    Slew   Delay    Time   Description
-----------------------------------------------------------------------------
                          0.00    0.00   clock clk (rise edge)
                          0.00    0.00   clock network delay (propagated)
                          2.00    2.00 v input external delay
                  0.00    0.00    2.00 v rst (in)
     1    0.00                           rst (net)
                  0.00    0.00    2.00 v input2/A (sky130_fd_sc_hd__buf_1)
                  0.04    0.06    2.06 v input2/X (sky130_fd_sc_hd__buf_1)
     3    0.01                           net2 (net)
                  0.04    0.00    2.06 v _389_/A (sky130_fd_sc_hd__buf_4)
                  0.06    0.12    2.19 v _389_/X (sky130_fd_sc_hd__buf_4)
    10    0.06                           _203_ (net)
                  0.06    0.00    2.19 v _394_/A (sky130_fd_sc_hd__inv_2)
                  0.03    0.04    2.23 ^ _394_/Y (sky130_fd_sc_hd__inv_2)
     1    0.00                           _036_ (net)
                  0.03    0.00    2.23 ^ _442_/RESET_B (sky130_fd_sc_hd__dfrtp_1)
                                  2.23   data arrival time

                          0.00    0.00   clock clk (rise edge)
                          0.00    0.00   clock source latency
                  0.06    0.04    0.04 ^ clk (in)
     1    0.02                           clk (net)
                  0.06    0.00    0.04 ^ clkbuf_0_clk/A (sky130_fd_sc_hd__clkbuf_16)
                  0.05    0.11    0.15 ^ clkbuf_0_clk/X (sky130_fd_sc_hd__clkbuf_16)
     4    0.04                           clknet_0_clk (net)
                  0.05    0.00    0.15 ^ clkbuf_2_1__f_clk/A (sky130_fd_sc_hd__clkbuf_16)
                  0.04    0.10    0.26 ^ clkbuf_2_1__f_clk/X (sky130_fd_sc_hd__clkbuf_16)
    12    0.04                           clknet_2_1__leaf_clk (net)
                  0.04    0.00    0.26 ^ _442_/CLK (sky130_fd_sc_hd__dfrtp_1)
                          0.25    0.51   clock uncertainty
                          0.00    0.51   clock reconvergence pessimism
                          0.20    0.70   library removal time
                                  0.70   data required time
-----------------------------------------------------------------------------
                                  0.70   data required time
                                 -2.23   data arrival time
-----------------------------------------------------------------------------
                                  1.52   slack (MET)


Startpoint: rst (input port clocked by clk)
Endpoint: _444_ (removal check against rising-edge clock clk)
Path Group: asynchronous
Path Type: min
Corner: Fastest

Fanout     Cap    Slew   Delay    Time   Description
-----------------------------------------------------------------------------
                          0.00    0.00   clock clk (rise edge)
                          0.00    0.00   clock network delay (propagated)
                          2.00    2.00 v input external delay
                  0.00    0.00    2.00 v rst (in)
     1    0.00                           rst (net)
                  0.00    0.00    2.00 v input2/A (sky130_fd_sc_hd__buf_1)
                  0.04    0.06    2.06 v input2/X (sky130_fd_sc_hd__buf_1)
     3    0.01                           net2 (net)
                  0.04    0.00    2.06 v _389_/A (sky130_fd_sc_hd__buf_4)
                  0.06    0.12    2.19 v _389_/X (sky130_fd_sc_hd__buf_4)
    10    0.06                           _203_ (net)
                  0.06    0.00    2.19 v _396_/A (sky130_fd_sc_hd__inv_2)
                  0.03    0.04    2.23 ^ _396_/Y (sky130_fd_sc_hd__inv_2)
     1    0.00                           _038_ (net)
                  0.03    0.00    2.23 ^ _444_/RESET_B (sky130_fd_sc_hd__dfrtp_1)
                                  2.23   data arrival time

                          0.00    0.00   clock clk (rise edge)
                          0.00    0.00   clock source latency
                  0.06    0.04    0.04 ^ clk (in)
     1    0.02                           clk (net)
                  0.06    0.00    0.04 ^ clkbuf_0_clk/A (sky130_fd_sc_hd__clkbuf_16)
                  0.05    0.11    0.15 ^ clkbuf_0_clk/X (sky130_fd_sc_hd__clkbuf_16)
     4    0.04                           clknet_0_clk (net)
                  0.05    0.00    0.15 ^ clkbuf_2_3__f_clk/A (sky130_fd_sc_hd__clkbuf_16)
                  0.04    0.11    0.26 ^ clkbuf_2_3__f_clk/X (sky130_fd_sc_hd__clkbuf_16)
    12    0.04                           clknet_2_3__leaf_clk (net)
                  0.04    0.00    0.26 ^ _444_/CLK (sky130_fd_sc_hd__dfrtp_1)
                          0.25    0.51   clock uncertainty
                          0.00    0.51   clock reconvergence pessimism
                          0.20    0.71   library removal time
                                  0.71   data required time
-----------------------------------------------------------------------------
                                  0.71   data required time
                                 -2.23   data arrival time
-----------------------------------------------------------------------------
                                  1.52   slack (MET)


Startpoint: rst (input port clocked by clk)
Endpoint: _440_ (removal check against rising-edge clock clk)
Path Group: asynchronous
Path Type: min
Corner: Fastest

Fanout     Cap    Slew   Delay    Time   Description
-----------------------------------------------------------------------------
                          0.00    0.00   clock clk (rise edge)
                          0.00    0.00   clock network delay (propagated)
                          2.00    2.00 v input external delay
                  0.00    0.00    2.00 v rst (in)
     1    0.00                           rst (net)
                  0.00    0.00    2.00 v input2/A (sky130_fd_sc_hd__buf_1)
                  0.04    0.06    2.06 v input2/X (sky130_fd_sc_hd__buf_1)
     3    0.01                           net2 (net)
                  0.04    0.00    2.06 v _389_/A (sky130_fd_sc_hd__buf_4)
                  0.06    0.12    2.19 v _389_/X (sky130_fd_sc_hd__buf_4)
    10    0.06                           _203_ (net)
                  0.06    0.00    2.19 v _392_/A (sky130_fd_sc_hd__inv_2)
                  0.03    0.04    2.23 ^ _392_/Y (sky130_fd_sc_hd__inv_2)
     1    0.00                           _034_ (net)
                  0.03    0.00    2.23 ^ _440_/RESET_B (sky130_fd_sc_hd__dfrtp_1)
                                  2.23   data arrival time

                          0.00    0.00   clock clk (rise edge)
                          0.00    0.00   clock source latency
                  0.06    0.04    0.04 ^ clk (in)
     1    0.02                           clk (net)
                  0.06    0.00    0.04 ^ clkbuf_0_clk/A (sky130_fd_sc_hd__clkbuf_16)
                  0.05    0.11    0.15 ^ clkbuf_0_clk/X (sky130_fd_sc_hd__clkbuf_16)
     4    0.04                           clknet_0_clk (net)
                  0.05    0.00    0.15 ^ clkbuf_2_3__f_clk/A (sky130_fd_sc_hd__clkbuf_16)
                  0.04    0.11    0.26 ^ clkbuf_2_3__f_clk/X (sky130_fd_sc_hd__clkbuf_16)
    12    0.04                           clknet_2_3__leaf_clk (net)
                  0.04    0.00    0.26 ^ _440_/CLK (sky130_fd_sc_hd__dfrtp_1)
                          0.25    0.51   clock uncertainty
                          0.00    0.51   clock reconvergence pessimism
                          0.20    0.71   library removal time
                                  0.71   data required time
-----------------------------------------------------------------------------
                                  0.71   data required time
                                 -2.23   data arrival time
-----------------------------------------------------------------------------
                                  1.52   slack (MET)


Startpoint: rst (input port clocked by clk)
Endpoint: _441_ (removal check against rising-edge clock clk)
Path Group: asynchronous
Path Type: min
Corner: Fastest

Fanout     Cap    Slew   Delay    Time   Description
-----------------------------------------------------------------------------
                          0.00    0.00   clock clk (rise edge)
                          0.00    0.00   clock network delay (propagated)
                          2.00    2.00 v input external delay
                  0.00    0.00    2.00 v rst (in)
     1    0.00                           rst (net)
                  0.00    0.00    2.00 v input2/A (sky130_fd_sc_hd__buf_1)
                  0.04    0.06    2.06 v input2/X (sky130_fd_sc_hd__buf_1)
     3    0.01                           net2 (net)
                  0.04    0.00    2.06 v _389_/A (sky130_fd_sc_hd__buf_4)
                  0.06    0.12    2.19 v _389_/X (sky130_fd_sc_hd__buf_4)
    10    0.06                           _203_ (net)
                  0.06    0.00    2.19 v _393_/A (sky130_fd_sc_hd__inv_2)
                  0.03    0.04    2.23 ^ _393_/Y (sky130_fd_sc_hd__inv_2)
     1    0.00                           _035_ (net)
                  0.03    0.00    2.23 ^ _441_/RESET_B (sky130_fd_sc_hd__dfrtp_1)
                                  2.23   data arrival time

                          0.00    0.00   clock clk (rise edge)
                          0.00    0.00   clock source latency
                  0.06    0.04    0.04 ^ clk (in)
     1    0.02                           clk (net)
                  0.06    0.00    0.04 ^ clkbuf_0_clk/A (sky130_fd_sc_hd__clkbuf_16)
                  0.05    0.11    0.15 ^ clkbuf_0_clk/X (sky130_fd_sc_hd__clkbuf_16)
     4    0.04                           clknet_0_clk (net)
                  0.05    0.00    0.15 ^ clkbuf_2_1__f_clk/A (sky130_fd_sc_hd__clkbuf_16)
                  0.04    0.10    0.26 ^ clkbuf_2_1__f_clk/X (sky130_fd_sc_hd__clkbuf_16)
    12    0.04                           clknet_2_1__leaf_clk (net)
                  0.04    0.00    0.26 ^ _441_/CLK (sky130_fd_sc_hd__dfrtp_1)
                          0.25    0.51   clock uncertainty
                          0.00    0.51   clock reconvergence pessimism
                          0.20    0.70   library removal time
                                  0.70   data required time
-----------------------------------------------------------------------------
                                  0.70   data required time
                                 -2.23   data arrival time
-----------------------------------------------------------------------------
                                  1.52   slack (MET)


Startpoint: rst (input port clocked by clk)
Endpoint: _443_ (removal check against rising-edge clock clk)
Path Group: asynchronous
Path Type: min
Corner: Fastest

Fanout     Cap    Slew   Delay    Time   Description
-----------------------------------------------------------------------------
                          0.00    0.00   clock clk (rise edge)
                          0.00    0.00   clock network delay (propagated)
                          2.00    2.00 v input external delay
                  0.00    0.00    2.00 v rst (in)
     1    0.00                           rst (net)
                  0.00    0.00    2.00 v input2/A (sky130_fd_sc_hd__buf_1)
                  0.04    0.06    2.06 v input2/X (sky130_fd_sc_hd__buf_1)
     3    0.01                           net2 (net)
                  0.04    0.00    2.06 v _389_/A (sky130_fd_sc_hd__buf_4)
                  0.06    0.12    2.19 v _389_/X (sky130_fd_sc_hd__buf_4)
    10    0.06                           _203_ (net)
                  0.06    0.00    2.19 v _395_/A (sky130_fd_sc_hd__inv_2)
                  0.03    0.04    2.23 ^ _395_/Y (sky130_fd_sc_hd__inv_2)
     1    0.00                           _037_ (net)
                  0.03    0.00    2.23 ^ _443_/RESET_B (sky130_fd_sc_hd__dfrtp_1)
                                  2.23   data arrival time

                          0.00    0.00   clock clk (rise edge)
                          0.00    0.00   clock source latency
                  0.06    0.04    0.04 ^ clk (in)
     1    0.02                           clk (net)
                  0.06    0.00    0.04 ^ clkbuf_0_clk/A (sky130_fd_sc_hd__clkbuf_16)
                  0.05    0.11    0.15 ^ clkbuf_0_clk/X (sky130_fd_sc_hd__clkbuf_16)
     4    0.04                           clknet_0_clk (net)
                  0.05    0.00    0.15 ^ clkbuf_2_1__f_clk/A (sky130_fd_sc_hd__clkbuf_16)
                  0.04    0.10    0.26 ^ clkbuf_2_1__f_clk/X (sky130_fd_sc_hd__clkbuf_16)
    12    0.04                           clknet_2_1__leaf_clk (net)
                  0.04    0.00    0.26 ^ _443_/CLK (sky130_fd_sc_hd__dfrtp_1)
                          0.25    0.51   clock uncertainty
                          0.00    0.51   clock reconvergence pessimism
                          0.20    0.70   library removal time
                                  0.70   data required time
-----------------------------------------------------------------------------
                                  0.70   data required time
                                 -2.23   data arrival time
-----------------------------------------------------------------------------
                                  1.52   slack (MET)


Startpoint: rst (input port clocked by clk)
Endpoint: _435_ (removal check against rising-edge clock clk)
Path Group: asynchronous
Path Type: min
Corner: Fastest

Fanout     Cap    Slew   Delay    Time   Description
-----------------------------------------------------------------------------
                          0.00    0.00   clock clk (rise edge)
                          0.00    0.00   clock network delay (propagated)
                          2.00    2.00 v input external delay
                  0.00    0.00    2.00 v rst (in)
     1    0.00                           rst (net)
                  0.00    0.00    2.00 v input2/A (sky130_fd_sc_hd__buf_1)
                  0.04    0.06    2.06 v input2/X (sky130_fd_sc_hd__buf_1)
     3    0.01                           net2 (net)
                  0.04    0.00    2.06 v _378_/A (sky130_fd_sc_hd__buf_4)
                  0.06    0.13    2.19 v _378_/X (sky130_fd_sc_hd__buf_4)
    10    0.07                           _202_ (net)
                  0.06    0.00    2.19 v _386_/A (sky130_fd_sc_hd__inv_2)
                  0.03    0.04    2.23 ^ _386_/Y (sky130_fd_sc_hd__inv_2)
     1    0.00                           _029_ (net)
                  0.03    0.00    2.23 ^ _435_/RESET_B (sky130_fd_sc_hd__dfrtp_2)
                                  2.23   data arrival time

                          0.00    0.00   clock clk (rise edge)
                          0.00    0.00   clock source latency
                  0.06    0.04    0.04 ^ clk (in)
     1    0.02                           clk (net)
                  0.06    0.00    0.04 ^ clkbuf_0_clk/A (sky130_fd_sc_hd__clkbuf_16)
                  0.05    0.11    0.15 ^ clkbuf_0_clk/X (sky130_fd_sc_hd__clkbuf_16)
     4    0.04                           clknet_0_clk (net)
                  0.05    0.00    0.15 ^ clkbuf_2_0__f_clk/A (sky130_fd_sc_hd__clkbuf_16)
                  0.05    0.11    0.26 ^ clkbuf_2_0__f_clk/X (sky130_fd_sc_hd__clkbuf_16)
    14    0.04                           clknet_2_0__leaf_clk (net)
                  0.05    0.00    0.26 ^ _435_/CLK (sky130_fd_sc_hd__dfrtp_2)
                          0.25    0.51   clock uncertainty
                          0.00    0.51   clock reconvergence pessimism
                          0.20    0.71   library removal time
                                  0.71   data required time
-----------------------------------------------------------------------------
                                  0.71   data required time
                                 -2.23   data arrival time
-----------------------------------------------------------------------------
                                  1.53   slack (MET)


Startpoint: rst (input port clocked by clk)
Endpoint: _428_ (removal check against rising-edge clock clk)
Path Group: asynchronous
Path Type: min
Corner: Fastest

Fanout     Cap    Slew   Delay    Time   Description
-----------------------------------------------------------------------------
                          0.00    0.00   clock clk (rise edge)
                          0.00    0.00   clock network delay (propagated)
                          2.00    2.00 v input external delay
                  0.00    0.00    2.00 v rst (in)
     1    0.00                           rst (net)
                  0.00    0.00    2.00 v input2/A (sky130_fd_sc_hd__buf_1)
                  0.04    0.06    2.06 v input2/X (sky130_fd_sc_hd__buf_1)
     3    0.01                           net2 (net)
                  0.04    0.00    2.06 v _378_/A (sky130_fd_sc_hd__buf_4)
                  0.06    0.13    2.19 v _378_/X (sky130_fd_sc_hd__buf_4)
    10    0.07                           _202_ (net)
                  0.06    0.00    2.19 v _379_/A (sky130_fd_sc_hd__inv_2)
                  0.03    0.04    2.23 ^ _379_/Y (sky130_fd_sc_hd__inv_2)
     1    0.00                           _022_ (net)
                  0.03    0.00    2.23 ^ _428_/RESET_B (sky130_fd_sc_hd__dfrtp_1)
                                  2.23   data arrival time

                          0.00    0.00   clock clk (rise edge)
                          0.00    0.00   clock source latency
                  0.06    0.04    0.04 ^ clk (in)
     1    0.02                           clk (net)
                  0.06    0.00    0.04 ^ clkbuf_0_clk/A (sky130_fd_sc_hd__clkbuf_16)
                  0.05    0.11    0.15 ^ clkbuf_0_clk/X (sky130_fd_sc_hd__clkbuf_16)
     4    0.04                           clknet_0_clk (net)
                  0.05    0.00    0.15 ^ clkbuf_2_0__f_clk/A (sky130_fd_sc_hd__clkbuf_16)
                  0.05    0.11    0.26 ^ clkbuf_2_0__f_clk/X (sky130_fd_sc_hd__clkbuf_16)
    14    0.04                           clknet_2_0__leaf_clk (net)
                  0.05    0.00    0.26 ^ _428_/CLK (sky130_fd_sc_hd__dfrtp_1)
                          0.25    0.51   clock uncertainty
                          0.00    0.51   clock reconvergence pessimism
                          0.20    0.71   library removal time
                                  0.71   data required time
-----------------------------------------------------------------------------
                                  0.71   data required time
                                 -2.23   data arrival time
-----------------------------------------------------------------------------
                                  1.53   slack (MET)


Startpoint: rst (input port clocked by clk)
Endpoint: _432_ (removal check against rising-edge clock clk)
Path Group: asynchronous
Path Type: min
Corner: Fastest

Fanout     Cap    Slew   Delay    Time   Description
-----------------------------------------------------------------------------
                          0.00    0.00   clock clk (rise edge)
                          0.00    0.00   clock network delay (propagated)
                          2.00    2.00 v input external delay
                  0.00    0.00    2.00 v rst (in)
     1    0.00                           rst (net)
                  0.00    0.00    2.00 v input2/A (sky130_fd_sc_hd__buf_1)
                  0.04    0.06    2.06 v input2/X (sky130_fd_sc_hd__buf_1)
     3    0.01                           net2 (net)
                  0.04    0.00    2.06 v _378_/A (sky130_fd_sc_hd__buf_4)
                  0.06    0.13    2.19 v _378_/X (sky130_fd_sc_hd__buf_4)
    10    0.07                           _202_ (net)
                  0.06    0.00    2.19 v _383_/A (sky130_fd_sc_hd__inv_2)
                  0.03    0.04    2.23 ^ _383_/Y (sky130_fd_sc_hd__inv_2)
     1    0.00                           _026_ (net)
                  0.03    0.00    2.23 ^ _432_/RESET_B (sky130_fd_sc_hd__dfrtp_1)
                                  2.23   data arrival time

                          0.00    0.00   clock clk (rise edge)
                          0.00    0.00   clock source latency
                  0.06    0.04    0.04 ^ clk (in)
     1    0.02                           clk (net)
                  0.06    0.00    0.04 ^ clkbuf_0_clk/A (sky130_fd_sc_hd__clkbuf_16)
                  0.05    0.11    0.15 ^ clkbuf_0_clk/X (sky130_fd_sc_hd__clkbuf_16)
     4    0.04                           clknet_0_clk (net)
                  0.05    0.00    0.15 ^ clkbuf_2_0__f_clk/A (sky130_fd_sc_hd__clkbuf_16)
                  0.05    0.11    0.26 ^ clkbuf_2_0__f_clk/X (sky130_fd_sc_hd__clkbuf_16)
    14    0.04                           clknet_2_0__leaf_clk (net)
                  0.05    0.00    0.26 ^ _432_/CLK (sky130_fd_sc_hd__dfrtp_1)
                          0.25    0.51   clock uncertainty
                          0.00    0.51   clock reconvergence pessimism
                          0.20    0.71   library removal time
                                  0.71   data required time
-----------------------------------------------------------------------------
                                  0.71   data required time
                                 -2.23   data arrival time
-----------------------------------------------------------------------------
                                  1.53   slack (MET)


Startpoint: rst (input port clocked by clk)
Endpoint: _430_ (removal check against rising-edge clock clk)
Path Group: asynchronous
Path Type: min
Corner: Fastest

Fanout     Cap    Slew   Delay    Time   Description
-----------------------------------------------------------------------------
                          0.00    0.00   clock clk (rise edge)
                          0.00    0.00   clock network delay (propagated)
                          2.00    2.00 v input external delay
                  0.00    0.00    2.00 v rst (in)
     1    0.00                           rst (net)
                  0.00    0.00    2.00 v input2/A (sky130_fd_sc_hd__buf_1)
                  0.04    0.06    2.06 v input2/X (sky130_fd_sc_hd__buf_1)
     3    0.01                           net2 (net)
                  0.04    0.00    2.06 v _378_/A (sky130_fd_sc_hd__buf_4)
                  0.06    0.13    2.19 v _378_/X (sky130_fd_sc_hd__buf_4)
    10    0.07                           _202_ (net)
                  0.06    0.00    2.19 v _381_/A (sky130_fd_sc_hd__inv_2)
                  0.03    0.04    2.23 ^ _381_/Y (sky130_fd_sc_hd__inv_2)
     1    0.00                           _024_ (net)
                  0.03    0.00    2.23 ^ _430_/RESET_B (sky130_fd_sc_hd__dfrtp_1)
                                  2.23   data arrival time

                          0.00    0.00   clock clk (rise edge)
                          0.00    0.00   clock source latency
                  0.06    0.04    0.04 ^ clk (in)
     1    0.02                           clk (net)
                  0.06    0.00    0.04 ^ clkbuf_0_clk/A (sky130_fd_sc_hd__clkbuf_16)
                  0.05    0.11    0.15 ^ clkbuf_0_clk/X (sky130_fd_sc_hd__clkbuf_16)
     4    0.04                           clknet_0_clk (net)
                  0.05    0.00    0.15 ^ clkbuf_2_0__f_clk/A (sky130_fd_sc_hd__clkbuf_16)
                  0.05    0.11    0.26 ^ clkbuf_2_0__f_clk/X (sky130_fd_sc_hd__clkbuf_16)
    14    0.04                           clknet_2_0__leaf_clk (net)
                  0.05    0.00    0.26 ^ _430_/CLK (sky130_fd_sc_hd__dfrtp_1)
                          0.25    0.51   clock uncertainty
                          0.00    0.51   clock reconvergence pessimism
                          0.20    0.71   library removal time
                                  0.71   data required time
-----------------------------------------------------------------------------
                                  0.71   data required time
                                 -2.23   data arrival time
-----------------------------------------------------------------------------
                                  1.53   slack (MET)


Startpoint: rst (input port clocked by clk)
Endpoint: _431_ (removal check against rising-edge clock clk)
Path Group: asynchronous
Path Type: min
Corner: Fastest

Fanout     Cap    Slew   Delay    Time   Description
-----------------------------------------------------------------------------
                          0.00    0.00   clock clk (rise edge)
                          0.00    0.00   clock network delay (propagated)
                          2.00    2.00 v input external delay
                  0.00    0.00    2.00 v rst (in)
     1    0.00                           rst (net)
                  0.00    0.00    2.00 v input2/A (sky130_fd_sc_hd__buf_1)
                  0.04    0.06    2.06 v input2/X (sky130_fd_sc_hd__buf_1)
     3    0.01                           net2 (net)
                  0.04    0.00    2.06 v _378_/A (sky130_fd_sc_hd__buf_4)
                  0.06    0.13    2.19 v _378_/X (sky130_fd_sc_hd__buf_4)
    10    0.07                           _202_ (net)
                  0.06    0.00    2.19 v _382_/A (sky130_fd_sc_hd__inv_2)
                  0.03    0.04    2.23 ^ _382_/Y (sky130_fd_sc_hd__inv_2)
     1    0.00                           _025_ (net)
                  0.03    0.00    2.23 ^ _431_/RESET_B (sky130_fd_sc_hd__dfrtp_1)
                                  2.23   data arrival time

                          0.00    0.00   clock clk (rise edge)
                          0.00    0.00   clock source latency
                  0.06    0.04    0.04 ^ clk (in)
     1    0.02                           clk (net)
                  0.06    0.00    0.04 ^ clkbuf_0_clk/A (sky130_fd_sc_hd__clkbuf_16)
                  0.05    0.11    0.15 ^ clkbuf_0_clk/X (sky130_fd_sc_hd__clkbuf_16)
     4    0.04                           clknet_0_clk (net)
                  0.05    0.00    0.15 ^ clkbuf_2_0__f_clk/A (sky130_fd_sc_hd__clkbuf_16)
                  0.05    0.11    0.26 ^ clkbuf_2_0__f_clk/X (sky130_fd_sc_hd__clkbuf_16)
    14    0.04                           clknet_2_0__leaf_clk (net)
                  0.05    0.00    0.26 ^ _431_/CLK (sky130_fd_sc_hd__dfrtp_1)
                          0.25    0.51   clock uncertainty
                          0.00    0.51   clock reconvergence pessimism
                          0.20    0.71   library removal time
                                  0.71   data required time
-----------------------------------------------------------------------------
                                  0.71   data required time
                                 -2.23   data arrival time
-----------------------------------------------------------------------------
                                  1.53   slack (MET)


Startpoint: rst (input port clocked by clk)
Endpoint: _429_ (removal check against rising-edge clock clk)
Path Group: asynchronous
Path Type: min
Corner: Fastest

Fanout     Cap    Slew   Delay    Time   Description
-----------------------------------------------------------------------------
                          0.00    0.00   clock clk (rise edge)
                          0.00    0.00   clock network delay (propagated)
                          2.00    2.00 v input external delay
                  0.00    0.00    2.00 v rst (in)
     1    0.00                           rst (net)
                  0.00    0.00    2.00 v input2/A (sky130_fd_sc_hd__buf_1)
                  0.04    0.06    2.06 v input2/X (sky130_fd_sc_hd__buf_1)
     3    0.01                           net2 (net)
                  0.04    0.00    2.06 v _378_/A (sky130_fd_sc_hd__buf_4)
                  0.06    0.13    2.19 v _378_/X (sky130_fd_sc_hd__buf_4)
    10    0.07                           _202_ (net)
                  0.06    0.00    2.19 v _380_/A (sky130_fd_sc_hd__inv_2)
                  0.03    0.04    2.24 ^ _380_/Y (sky130_fd_sc_hd__inv_2)
     1    0.00                           _023_ (net)
                  0.03    0.00    2.24 ^ _429_/RESET_B (sky130_fd_sc_hd__dfrtp_1)
                                  2.24   data arrival time

                          0.00    0.00   clock clk (rise edge)
                          0.00    0.00   clock source latency
                  0.06    0.04    0.04 ^ clk (in)
     1    0.02                           clk (net)
                  0.06    0.00    0.04 ^ clkbuf_0_clk/A (sky130_fd_sc_hd__clkbuf_16)
                  0.05    0.11    0.15 ^ clkbuf_0_clk/X (sky130_fd_sc_hd__clkbuf_16)
     4    0.04                           clknet_0_clk (net)
                  0.05    0.00    0.15 ^ clkbuf_2_0__f_clk/A (sky130_fd_sc_hd__clkbuf_16)
                  0.05    0.11    0.26 ^ clkbuf_2_0__f_clk/X (sky130_fd_sc_hd__clkbuf_16)
    14    0.04                           clknet_2_0__leaf_clk (net)
                  0.05    0.00    0.26 ^ _429_/CLK (sky130_fd_sc_hd__dfrtp_1)
                          0.25    0.51   clock uncertainty
                          0.00    0.51   clock reconvergence pessimism
                          0.20    0.71   library removal time
                                  0.71   data required time
-----------------------------------------------------------------------------
                                  0.71   data required time
                                 -2.24   data arrival time
-----------------------------------------------------------------------------
                                  1.53   slack (MET)


Startpoint: rst (input port clocked by clk)
Endpoint: _437_ (removal check against rising-edge clock clk)
Path Group: asynchronous
Path Type: min
Corner: Fastest

Fanout     Cap    Slew   Delay    Time   Description
-----------------------------------------------------------------------------
                          0.00    0.00   clock clk (rise edge)
                          0.00    0.00   clock network delay (propagated)
                          2.00    2.00 v input external delay
                  0.00    0.00    2.00 v rst (in)
     1    0.00                           rst (net)
                  0.00    0.00    2.00 v input2/A (sky130_fd_sc_hd__buf_1)
                  0.04    0.06    2.06 v input2/X (sky130_fd_sc_hd__buf_1)
     3    0.01                           net2 (net)
                  0.04    0.00    2.06 v _378_/A (sky130_fd_sc_hd__buf_4)
                  0.06    0.13    2.19 v _378_/X (sky130_fd_sc_hd__buf_4)
    10    0.07                           _202_ (net)
                  0.06    0.00    2.19 v _388_/A (sky130_fd_sc_hd__inv_2)
                  0.03    0.04    2.23 ^ _388_/Y (sky130_fd_sc_hd__inv_2)
     1    0.00                           _031_ (net)
                  0.03    0.00    2.23 ^ _437_/RESET_B (sky130_fd_sc_hd__dfrtp_1)
                                  2.23   data arrival time

                          0.00    0.00   clock clk (rise edge)
                          0.00    0.00   clock source latency
                  0.06    0.04    0.04 ^ clk (in)
     1    0.02                           clk (net)
                  0.06    0.00    0.04 ^ clkbuf_0_clk/A (sky130_fd_sc_hd__clkbuf_16)
                  0.05    0.11    0.15 ^ clkbuf_0_clk/X (sky130_fd_sc_hd__clkbuf_16)
     4    0.04                           clknet_0_clk (net)
                  0.05    0.00    0.15 ^ clkbuf_2_3__f_clk/A (sky130_fd_sc_hd__clkbuf_16)
                  0.04    0.11    0.26 ^ clkbuf_2_3__f_clk/X (sky130_fd_sc_hd__clkbuf_16)
    12    0.04                           clknet_2_3__leaf_clk (net)
                  0.04    0.00    0.26 ^ _437_/CLK (sky130_fd_sc_hd__dfrtp_1)
                          0.25    0.51   clock uncertainty
                          0.00    0.51   clock reconvergence pessimism
                          0.20    0.71   library removal time
                                  0.71   data required time
-----------------------------------------------------------------------------
                                  0.71   data required time
                                 -2.23   data arrival time
-----------------------------------------------------------------------------
                                  1.53   slack (MET)


Startpoint: rst (input port clocked by clk)
Endpoint: _434_ (removal check against rising-edge clock clk)
Path Group: asynchronous
Path Type: min
Corner: Fastest

Fanout     Cap    Slew   Delay    Time   Description
-----------------------------------------------------------------------------
                          0.00    0.00   clock clk (rise edge)
                          0.00    0.00   clock network delay (propagated)
                          2.00    2.00 v input external delay
                  0.00    0.00    2.00 v rst (in)
     1    0.00                           rst (net)
                  0.00    0.00    2.00 v input2/A (sky130_fd_sc_hd__buf_1)
                  0.04    0.06    2.06 v input2/X (sky130_fd_sc_hd__buf_1)
     3    0.01                           net2 (net)
                  0.04    0.00    2.06 v _378_/A (sky130_fd_sc_hd__buf_4)
                  0.06    0.13    2.19 v _378_/X (sky130_fd_sc_hd__buf_4)
    10    0.07                           _202_ (net)
                  0.06    0.00    2.19 v _385_/A (sky130_fd_sc_hd__inv_2)
                  0.03    0.04    2.23 ^ _385_/Y (sky130_fd_sc_hd__inv_2)
     1    0.00                           _028_ (net)
                  0.03    0.00    2.23 ^ _434_/RESET_B (sky130_fd_sc_hd__dfrtp_1)
                                  2.23   data arrival time

                          0.00    0.00   clock clk (rise edge)
                          0.00    0.00   clock source latency
                  0.06    0.04    0.04 ^ clk (in)
     1    0.02                           clk (net)
                  0.06    0.00    0.04 ^ clkbuf_0_clk/A (sky130_fd_sc_hd__clkbuf_16)
                  0.05    0.11    0.15 ^ clkbuf_0_clk/X (sky130_fd_sc_hd__clkbuf_16)
     4    0.04                           clknet_0_clk (net)
                  0.05    0.00    0.15 ^ clkbuf_2_1__f_clk/A (sky130_fd_sc_hd__clkbuf_16)
                  0.04    0.10    0.26 ^ clkbuf_2_1__f_clk/X (sky130_fd_sc_hd__clkbuf_16)
    12    0.04                           clknet_2_1__leaf_clk (net)
                  0.04    0.00    0.26 ^ _434_/CLK (sky130_fd_sc_hd__dfrtp_1)
                          0.25    0.51   clock uncertainty
                          0.00    0.51   clock reconvergence pessimism
                          0.20    0.70   library removal time
                                  0.70   data required time
-----------------------------------------------------------------------------
                                  0.70   data required time
                                 -2.23   data arrival time
-----------------------------------------------------------------------------
                                  1.53   slack (MET)


Startpoint: rst (input port clocked by clk)
Endpoint: _433_ (removal check against rising-edge clock clk)
Path Group: asynchronous
Path Type: min
Corner: Fastest

Fanout     Cap    Slew   Delay    Time   Description
-----------------------------------------------------------------------------
                          0.00    0.00   clock clk (rise edge)
                          0.00    0.00   clock network delay (propagated)
                          2.00    2.00 v input external delay
                  0.00    0.00    2.00 v rst (in)
     1    0.00                           rst (net)
                  0.00    0.00    2.00 v input2/A (sky130_fd_sc_hd__buf_1)
                  0.04    0.06    2.06 v input2/X (sky130_fd_sc_hd__buf_1)
     3    0.01                           net2 (net)
                  0.04    0.00    2.06 v _378_/A (sky130_fd_sc_hd__buf_4)
                  0.06    0.13    2.19 v _378_/X (sky130_fd_sc_hd__buf_4)
    10    0.07                           _202_ (net)
                  0.06    0.00    2.19 v _384_/A (sky130_fd_sc_hd__inv_2)
                  0.03    0.04    2.24 ^ _384_/Y (sky130_fd_sc_hd__inv_2)
     1    0.00                           _027_ (net)
                  0.03    0.00    2.24 ^ _433_/RESET_B (sky130_fd_sc_hd__dfrtp_1)
                                  2.24   data arrival time

                          0.00    0.00   clock clk (rise edge)
                          0.00    0.00   clock source latency
                  0.06    0.04    0.04 ^ clk (in)
     1    0.02                           clk (net)
                  0.06    0.00    0.04 ^ clkbuf_0_clk/A (sky130_fd_sc_hd__clkbuf_16)
                  0.05    0.11    0.15 ^ clkbuf_0_clk/X (sky130_fd_sc_hd__clkbuf_16)
     4    0.04                           clknet_0_clk (net)
                  0.05    0.00    0.15 ^ clkbuf_2_1__f_clk/A (sky130_fd_sc_hd__clkbuf_16)
                  0.04    0.10    0.26 ^ clkbuf_2_1__f_clk/X (sky130_fd_sc_hd__clkbuf_16)
    12    0.04                           clknet_2_1__leaf_clk (net)
                  0.04    0.00    0.26 ^ _433_/CLK (sky130_fd_sc_hd__dfrtp_1)
                          0.25    0.51   clock uncertainty
                          0.00    0.51   clock reconvergence pessimism
                          0.20    0.70   library removal time
                                  0.70   data required time
-----------------------------------------------------------------------------
                                  0.70   data required time
                                 -2.24   data arrival time
-----------------------------------------------------------------------------
                                  1.53   slack (MET)


Startpoint: rst (input port clocked by clk)
Endpoint: _436_ (removal check against rising-edge clock clk)
Path Group: asynchronous
Path Type: min
Corner: Fastest

Fanout     Cap    Slew   Delay    Time   Description
-----------------------------------------------------------------------------
                          0.00    0.00   clock clk (rise edge)
                          0.00    0.00   clock network delay (propagated)
                          2.00    2.00 v input external delay
                  0.00    0.00    2.00 v rst (in)
     1    0.00                           rst (net)
                  0.00    0.00    2.00 v input2/A (sky130_fd_sc_hd__buf_1)
                  0.04    0.06    2.06 v input2/X (sky130_fd_sc_hd__buf_1)
     3    0.01                           net2 (net)
                  0.04    0.00    2.06 v _378_/A (sky130_fd_sc_hd__buf_4)
                  0.06    0.13    2.19 v _378_/X (sky130_fd_sc_hd__buf_4)
    10    0.07                           _202_ (net)
                  0.06    0.00    2.19 v _387_/A (sky130_fd_sc_hd__inv_2)
                  0.03    0.04    2.24 ^ _387_/Y (sky130_fd_sc_hd__inv_2)
     1    0.00                           _030_ (net)
                  0.03    0.00    2.24 ^ _436_/SET_B (sky130_fd_sc_hd__dfstp_1)
                                  2.24   data arrival time

                          0.00    0.00   clock clk (rise edge)
                          0.00    0.00   clock source latency
                  0.06    0.04    0.04 ^ clk (in)
     1    0.02                           clk (net)
                  0.06    0.00    0.04 ^ clkbuf_0_clk/A (sky130_fd_sc_hd__clkbuf_16)
                  0.05    0.11    0.15 ^ clkbuf_0_clk/X (sky130_fd_sc_hd__clkbuf_16)
     4    0.04                           clknet_0_clk (net)
                  0.05    0.00    0.15 ^ clkbuf_2_3__f_clk/A (sky130_fd_sc_hd__clkbuf_16)
                  0.04    0.11    0.26 ^ clkbuf_2_3__f_clk/X (sky130_fd_sc_hd__clkbuf_16)
    12    0.04                           clknet_2_3__leaf_clk (net)
                  0.04    0.00    0.26 ^ _436_/CLK (sky130_fd_sc_hd__dfstp_1)
                          0.25    0.51   clock uncertainty
                          0.00    0.51   clock reconvergence pessimism
                          0.10    0.61   library removal time
                                  0.61   data required time
-----------------------------------------------------------------------------
                                  0.61   data required time
                                 -2.24   data arrival time
-----------------------------------------------------------------------------
                                  1.63   slack (MET)


Startpoint: rst (input port clocked by clk)
Endpoint: _408_ (removal check against rising-edge clock clk)
Path Group: asynchronous
Path Type: min
Corner: Fastest

Fanout     Cap    Slew   Delay    Time   Description
-----------------------------------------------------------------------------
                          0.00    0.00   clock clk (rise edge)
                          0.00    0.00   clock network delay (propagated)
                          2.00    2.00 v input external delay
                  0.00    0.00    2.00 v rst (in)
     1    0.00                           rst (net)
                  0.00    0.00    2.00 v input2/A (sky130_fd_sc_hd__buf_1)
                  0.04    0.06    2.06 v input2/X (sky130_fd_sc_hd__buf_1)
     3    0.01                           net2 (net)
                  0.04    0.00    2.06 v _355_/A (sky130_fd_sc_hd__buf_4)
                  0.06    0.12    2.18 v _355_/X (sky130_fd_sc_hd__buf_4)
    10    0.05                           _199_ (net)
                  0.06    0.00    2.18 v _356_/A (sky130_fd_sc_hd__buf_4)
                  0.06    0.13    2.31 v _356_/X (sky130_fd_sc_hd__buf_4)
    10    0.06                           _200_ (net)
                  0.06    0.00    2.31 v _357_/A (sky130_fd_sc_hd__inv_2)
                  0.03    0.04    2.35 ^ _357_/Y (sky130_fd_sc_hd__inv_2)
     1    0.00                           _002_ (net)
                  0.03    0.00    2.35 ^ _408_/RESET_B (sky130_fd_sc_hd__dfrtp_4)
                                  2.35   data arrival time

                          0.00    0.00   clock clk (rise edge)
                          0.00    0.00   clock source latency
                  0.06    0.04    0.04 ^ clk (in)
     1    0.02                           clk (net)
                  0.06    0.00    0.04 ^ clkbuf_0_clk/A (sky130_fd_sc_hd__clkbuf_16)
                  0.05    0.11    0.15 ^ clkbuf_0_clk/X (sky130_fd_sc_hd__clkbuf_16)
     4    0.04                           clknet_0_clk (net)
                  0.05    0.00    0.15 ^ clkbuf_2_0__f_clk/A (sky130_fd_sc_hd__clkbuf_16)
                  0.05    0.11    0.26 ^ clkbuf_2_0__f_clk/X (sky130_fd_sc_hd__clkbuf_16)
    14    0.04                           clknet_2_0__leaf_clk (net)
                  0.05    0.00    0.26 ^ _408_/CLK (sky130_fd_sc_hd__dfrtp_4)
                          0.25    0.51   clock uncertainty
                          0.00    0.51   clock reconvergence pessimism
                          0.20    0.71   library removal time
                                  0.71   data required time
-----------------------------------------------------------------------------
                                  0.71   data required time
                                 -2.35   data arrival time
-----------------------------------------------------------------------------
                                  1.64   slack (MET)


Startpoint: rst (input port clocked by clk)
Endpoint: _410_ (removal check against rising-edge clock clk)
Path Group: asynchronous
Path Type: min
Corner: Fastest

Fanout     Cap    Slew   Delay    Time   Description
-----------------------------------------------------------------------------
                          0.00    0.00   clock clk (rise edge)
                          0.00    0.00   clock network delay (propagated)
                          2.00    2.00 v input external delay
                  0.00    0.00    2.00 v rst (in)
     1    0.00                           rst (net)
                  0.00    0.00    2.00 v input2/A (sky130_fd_sc_hd__buf_1)
                  0.04    0.06    2.06 v input2/X (sky130_fd_sc_hd__buf_1)
     3    0.01                           net2 (net)
                  0.04    0.00    2.06 v _355_/A (sky130_fd_sc_hd__buf_4)
                  0.06    0.12    2.18 v _355_/X (sky130_fd_sc_hd__buf_4)
    10    0.05                           _199_ (net)
                  0.06    0.00    2.18 v _356_/A (sky130_fd_sc_hd__buf_4)
                  0.06    0.13    2.31 v _356_/X (sky130_fd_sc_hd__buf_4)
    10    0.06                           _200_ (net)
                  0.06    0.00    2.31 v _359_/A (sky130_fd_sc_hd__inv_2)
                  0.03    0.04    2.35 ^ _359_/Y (sky130_fd_sc_hd__inv_2)
     1    0.00                           _004_ (net)
                  0.03    0.00    2.35 ^ _410_/RESET_B (sky130_fd_sc_hd__dfrtp_2)
                                  2.35   data arrival time

                          0.00    0.00   clock clk (rise edge)
                          0.00    0.00   clock source latency
                  0.06    0.04    0.04 ^ clk (in)
     1    0.02                           clk (net)
                  0.06    0.00    0.04 ^ clkbuf_0_clk/A (sky130_fd_sc_hd__clkbuf_16)
                  0.05    0.11    0.15 ^ clkbuf_0_clk/X (sky130_fd_sc_hd__clkbuf_16)
     4    0.04                           clknet_0_clk (net)
                  0.05    0.00    0.15 ^ clkbuf_2_0__f_clk/A (sky130_fd_sc_hd__clkbuf_16)
                  0.05    0.11    0.26 ^ clkbuf_2_0__f_clk/X (sky130_fd_sc_hd__clkbuf_16)
    14    0.04                           clknet_2_0__leaf_clk (net)
                  0.05    0.00    0.26 ^ _410_/CLK (sky130_fd_sc_hd__dfrtp_2)
                          0.25    0.51   clock uncertainty
                          0.00    0.51   clock reconvergence pessimism
                          0.20    0.71   library removal time
                                  0.71   data required time
-----------------------------------------------------------------------------
                                  0.71   data required time
                                 -2.35   data arrival time
-----------------------------------------------------------------------------
                                  1.64   slack (MET)


Startpoint: rst (input port clocked by clk)
Endpoint: _411_ (removal check against rising-edge clock clk)
Path Group: asynchronous
Path Type: min
Corner: Fastest

Fanout     Cap    Slew   Delay    Time   Description
-----------------------------------------------------------------------------
                          0.00    0.00   clock clk (rise edge)
                          0.00    0.00   clock network delay (propagated)
                          2.00    2.00 v input external delay
                  0.00    0.00    2.00 v rst (in)
     1    0.00                           rst (net)
                  0.00    0.00    2.00 v input2/A (sky130_fd_sc_hd__buf_1)
                  0.04    0.06    2.06 v input2/X (sky130_fd_sc_hd__buf_1)
     3    0.01                           net2 (net)
                  0.04    0.00    2.06 v _355_/A (sky130_fd_sc_hd__buf_4)
                  0.06    0.12    2.18 v _355_/X (sky130_fd_sc_hd__buf_4)
    10    0.05                           _199_ (net)
                  0.06    0.00    2.18 v _356_/A (sky130_fd_sc_hd__buf_4)
                  0.06    0.13    2.31 v _356_/X (sky130_fd_sc_hd__buf_4)
    10    0.06                           _200_ (net)
                  0.06    0.00    2.31 v _360_/A (sky130_fd_sc_hd__inv_2)
                  0.03    0.04    2.35 ^ _360_/Y (sky130_fd_sc_hd__inv_2)
     1    0.00                           _005_ (net)
                  0.03    0.00    2.35 ^ _411_/RESET_B (sky130_fd_sc_hd__dfrtp_1)
                                  2.35   data arrival time

                          0.00    0.00   clock clk (rise edge)
                          0.00    0.00   clock source latency
                  0.06    0.04    0.04 ^ clk (in)
     1    0.02                           clk (net)
                  0.06    0.00    0.04 ^ clkbuf_0_clk/A (sky130_fd_sc_hd__clkbuf_16)
                  0.05    0.11    0.15 ^ clkbuf_0_clk/X (sky130_fd_sc_hd__clkbuf_16)
     4    0.04                           clknet_0_clk (net)
                  0.05    0.00    0.15 ^ clkbuf_2_0__f_clk/A (sky130_fd_sc_hd__clkbuf_16)
                  0.05    0.11    0.26 ^ clkbuf_2_0__f_clk/X (sky130_fd_sc_hd__clkbuf_16)
    14    0.04                           clknet_2_0__leaf_clk (net)
                  0.05    0.00    0.26 ^ _411_/CLK (sky130_fd_sc_hd__dfrtp_1)
                          0.25    0.51   clock uncertainty
                          0.00    0.51   clock reconvergence pessimism
                          0.20    0.71   library removal time
                                  0.71   data required time
-----------------------------------------------------------------------------
                                  0.71   data required time
                                 -2.35   data arrival time
-----------------------------------------------------------------------------
                                  1.65   slack (MET)


Startpoint: rst (input port clocked by clk)
Endpoint: _424_ (removal check against rising-edge clock clk)
Path Group: asynchronous
Path Type: min
Corner: Fastest

Fanout     Cap    Slew   Delay    Time   Description
-----------------------------------------------------------------------------
                          0.00    0.00   clock clk (rise edge)
                          0.00    0.00   clock network delay (propagated)
                          2.00    2.00 v input external delay
                  0.00    0.00    2.00 v rst (in)
     1    0.00                           rst (net)
                  0.00    0.00    2.00 v input2/A (sky130_fd_sc_hd__buf_1)
                  0.04    0.06    2.06 v input2/X (sky130_fd_sc_hd__buf_1)
     3    0.01                           net2 (net)
                  0.04    0.00    2.06 v _355_/A (sky130_fd_sc_hd__buf_4)
                  0.06    0.12    2.18 v _355_/X (sky130_fd_sc_hd__buf_4)
    10    0.05                           _199_ (net)
                  0.06    0.00    2.18 v _367_/A (sky130_fd_sc_hd__clkbuf_8)
                  0.06    0.13    2.31 v _367_/X (sky130_fd_sc_hd__clkbuf_8)
    10    0.07                           _201_ (net)
                  0.06    0.00    2.31 v _374_/A (sky130_fd_sc_hd__inv_2)
                  0.03    0.04    2.35 ^ _374_/Y (sky130_fd_sc_hd__inv_2)
     1    0.00                           _018_ (net)
                  0.03    0.00    2.35 ^ _424_/RESET_B (sky130_fd_sc_hd__dfrtp_2)
                                  2.35   data arrival time

                          0.00    0.00   clock clk (rise edge)
                          0.00    0.00   clock source latency
                  0.06    0.04    0.04 ^ clk (in)
     1    0.02                           clk (net)
                  0.06    0.00    0.04 ^ clkbuf_0_clk/A (sky130_fd_sc_hd__clkbuf_16)
                  0.05    0.11    0.15 ^ clkbuf_0_clk/X (sky130_fd_sc_hd__clkbuf_16)
     4    0.04                           clknet_0_clk (net)
                  0.05    0.00    0.15 ^ clkbuf_2_3__f_clk/A (sky130_fd_sc_hd__clkbuf_16)
                  0.04    0.11    0.26 ^ clkbuf_2_3__f_clk/X (sky130_fd_sc_hd__clkbuf_16)
    12    0.04                           clknet_2_3__leaf_clk (net)
                  0.04    0.00    0.26 ^ _424_/CLK (sky130_fd_sc_hd__dfrtp_2)
                          0.25    0.51   clock uncertainty
                          0.00    0.51   clock reconvergence pessimism
                          0.20    0.70   library removal time
                                  0.70   data required time
-----------------------------------------------------------------------------
                                  0.70   data required time
                                 -2.35   data arrival time
-----------------------------------------------------------------------------
                                  1.65   slack (MET)


Startpoint: rst (input port clocked by clk)
Endpoint: _420_ (removal check against rising-edge clock clk)
Path Group: asynchronous
Path Type: min
Corner: Fastest

Fanout     Cap    Slew   Delay    Time   Description
-----------------------------------------------------------------------------
                          0.00    0.00   clock clk (rise edge)
                          0.00    0.00   clock network delay (propagated)
                          2.00    2.00 v input external delay
                  0.00    0.00    2.00 v rst (in)
     1    0.00                           rst (net)
                  0.00    0.00    2.00 v input2/A (sky130_fd_sc_hd__buf_1)
                  0.04    0.06    2.06 v input2/X (sky130_fd_sc_hd__buf_1)
     3    0.01                           net2 (net)
                  0.04    0.00    2.06 v _355_/A (sky130_fd_sc_hd__buf_4)
                  0.06    0.12    2.18 v _355_/X (sky130_fd_sc_hd__buf_4)
    10    0.05                           _199_ (net)
                  0.06    0.00    2.18 v _367_/A (sky130_fd_sc_hd__clkbuf_8)
                  0.06    0.13    2.31 v _367_/X (sky130_fd_sc_hd__clkbuf_8)
    10    0.07                           _201_ (net)
                  0.06    0.00    2.31 v _370_/A (sky130_fd_sc_hd__inv_2)
                  0.03    0.04    2.35 ^ _370_/Y (sky130_fd_sc_hd__inv_2)
     1    0.00                           _014_ (net)
                  0.03    0.00    2.35 ^ _420_/RESET_B (sky130_fd_sc_hd__dfrtp_1)
                                  2.35   data arrival time

                          0.00    0.00   clock clk (rise edge)
                          0.00    0.00   clock source latency
                  0.06    0.04    0.04 ^ clk (in)
     1    0.02                           clk (net)
                  0.06    0.00    0.04 ^ clkbuf_0_clk/A (sky130_fd_sc_hd__clkbuf_16)
                  0.05    0.11    0.15 ^ clkbuf_0_clk/X (sky130_fd_sc_hd__clkbuf_16)
     4    0.04                           clknet_0_clk (net)
                  0.05    0.00    0.15 ^ clkbuf_2_3__f_clk/A (sky130_fd_sc_hd__clkbuf_16)
                  0.04    0.11    0.26 ^ clkbuf_2_3__f_clk/X (sky130_fd_sc_hd__clkbuf_16)
    12    0.04                           clknet_2_3__leaf_clk (net)
                  0.04    0.00    0.26 ^ _420_/CLK (sky130_fd_sc_hd__dfrtp_1)
                          0.25    0.51   clock uncertainty
                          0.00    0.51   clock reconvergence pessimism
                          0.20    0.70   library removal time
                                  0.70   data required time
-----------------------------------------------------------------------------
                                  0.70   data required time
                                 -2.35   data arrival time
-----------------------------------------------------------------------------
                                  1.65   slack (MET)


Startpoint: rst (input port clocked by clk)
Endpoint: _421_ (removal check against rising-edge clock clk)
Path Group: asynchronous
Path Type: min
Corner: Fastest

Fanout     Cap    Slew   Delay    Time   Description
-----------------------------------------------------------------------------
                          0.00    0.00   clock clk (rise edge)
                          0.00    0.00   clock network delay (propagated)
                          2.00    2.00 v input external delay
                  0.00    0.00    2.00 v rst (in)
     1    0.00                           rst (net)
                  0.00    0.00    2.00 v input2/A (sky130_fd_sc_hd__buf_1)
                  0.04    0.06    2.06 v input2/X (sky130_fd_sc_hd__buf_1)
     3    0.01                           net2 (net)
                  0.04    0.00    2.06 v _355_/A (sky130_fd_sc_hd__buf_4)
                  0.06    0.12    2.18 v _355_/X (sky130_fd_sc_hd__buf_4)
    10    0.05                           _199_ (net)
                  0.06    0.00    2.18 v _367_/A (sky130_fd_sc_hd__clkbuf_8)
                  0.06    0.13    2.31 v _367_/X (sky130_fd_sc_hd__clkbuf_8)
    10    0.07                           _201_ (net)
                  0.06    0.00    2.32 v _371_/A (sky130_fd_sc_hd__inv_2)
                  0.03    0.04    2.35 ^ _371_/Y (sky130_fd_sc_hd__inv_2)
     1    0.00                           _015_ (net)
                  0.03    0.00    2.35 ^ _421_/RESET_B (sky130_fd_sc_hd__dfrtp_1)
                                  2.35   data arrival time

                          0.00    0.00   clock clk (rise edge)
                          0.00    0.00   clock source latency
                  0.06    0.04    0.04 ^ clk (in)
     1    0.02                           clk (net)
                  0.06    0.00    0.04 ^ clkbuf_0_clk/A (sky130_fd_sc_hd__clkbuf_16)
                  0.05    0.11    0.15 ^ clkbuf_0_clk/X (sky130_fd_sc_hd__clkbuf_16)
     4    0.04                           clknet_0_clk (net)
                  0.05    0.00    0.15 ^ clkbuf_2_3__f_clk/A (sky130_fd_sc_hd__clkbuf_16)
                  0.04    0.11    0.26 ^ clkbuf_2_3__f_clk/X (sky130_fd_sc_hd__clkbuf_16)
    12    0.04                           clknet_2_3__leaf_clk (net)
                  0.04    0.00    0.26 ^ _421_/CLK (sky130_fd_sc_hd__dfrtp_1)
                          0.25    0.51   clock uncertainty
                          0.00    0.51   clock reconvergence pessimism
                          0.20    0.71   library removal time
                                  0.71   data required time
-----------------------------------------------------------------------------
                                  0.71   data required time
                                 -2.35   data arrival time
-----------------------------------------------------------------------------
                                  1.65   slack (MET)


Startpoint: rst (input port clocked by clk)
Endpoint: _426_ (removal check against rising-edge clock clk)
Path Group: asynchronous
Path Type: min
Corner: Fastest

Fanout     Cap    Slew   Delay    Time   Description
-----------------------------------------------------------------------------
                          0.00    0.00   clock clk (rise edge)
                          0.00    0.00   clock network delay (propagated)
                          2.00    2.00 v input external delay
                  0.00    0.00    2.00 v rst (in)
     1    0.00                           rst (net)
                  0.00    0.00    2.00 v input2/A (sky130_fd_sc_hd__buf_1)
                  0.04    0.06    2.06 v input2/X (sky130_fd_sc_hd__buf_1)
     3    0.01                           net2 (net)
                  0.04    0.00    2.06 v _355_/A (sky130_fd_sc_hd__buf_4)
                  0.06    0.12    2.18 v _355_/X (sky130_fd_sc_hd__buf_4)
    10    0.05                           _199_ (net)
                  0.06    0.00    2.18 v _367_/A (sky130_fd_sc_hd__clkbuf_8)
                  0.06    0.13    2.31 v _367_/X (sky130_fd_sc_hd__clkbuf_8)
    10    0.07                           _201_ (net)
                  0.06    0.00    2.32 v _376_/A (sky130_fd_sc_hd__inv_2)
                  0.03    0.04    2.35 ^ _376_/Y (sky130_fd_sc_hd__inv_2)
     1    0.00                           _020_ (net)
                  0.03    0.00    2.35 ^ _426_/RESET_B (sky130_fd_sc_hd__dfrtp_1)
                                  2.35   data arrival time

                          0.00    0.00   clock clk (rise edge)
                          0.00    0.00   clock source latency
                  0.06    0.04    0.04 ^ clk (in)
     1    0.02                           clk (net)
                  0.06    0.00    0.04 ^ clkbuf_0_clk/A (sky130_fd_sc_hd__clkbuf_16)
                  0.05    0.11    0.15 ^ clkbuf_0_clk/X (sky130_fd_sc_hd__clkbuf_16)
     4    0.04                           clknet_0_clk (net)
                  0.05    0.00    0.15 ^ clkbuf_2_3__f_clk/A (sky130_fd_sc_hd__clkbuf_16)
                  0.04    0.11    0.26 ^ clkbuf_2_3__f_clk/X (sky130_fd_sc_hd__clkbuf_16)
    12    0.04                           clknet_2_3__leaf_clk (net)
                  0.04    0.00    0.26 ^ _426_/CLK (sky130_fd_sc_hd__dfrtp_1)
                          0.25    0.51   clock uncertainty
                          0.00    0.51   clock reconvergence pessimism
                          0.20    0.70   library removal time
                                  0.70   data required time
-----------------------------------------------------------------------------
                                  0.70   data required time
                                 -2.35   data arrival time
-----------------------------------------------------------------------------
                                  1.65   slack (MET)


Startpoint: rst (input port clocked by clk)
Endpoint: _419_ (removal check against rising-edge clock clk)
Path Group: asynchronous
Path Type: min
Corner: Fastest

Fanout     Cap    Slew   Delay    Time   Description
-----------------------------------------------------------------------------
                          0.00    0.00   clock clk (rise edge)
                          0.00    0.00   clock network delay (propagated)
                          2.00    2.00 v input external delay
                  0.00    0.00    2.00 v rst (in)
     1    0.00                           rst (net)
                  0.00    0.00    2.00 v input2/A (sky130_fd_sc_hd__buf_1)
                  0.04    0.06    2.06 v input2/X (sky130_fd_sc_hd__buf_1)
     3    0.01                           net2 (net)
                  0.04    0.00    2.06 v _355_/A (sky130_fd_sc_hd__buf_4)
                  0.06    0.12    2.18 v _355_/X (sky130_fd_sc_hd__buf_4)
    10    0.05                           _199_ (net)
                  0.06    0.00    2.18 v _367_/A (sky130_fd_sc_hd__clkbuf_8)
                  0.06    0.13    2.31 v _367_/X (sky130_fd_sc_hd__clkbuf_8)
    10    0.07                           _201_ (net)
                  0.06    0.00    2.32 v _369_/A (sky130_fd_sc_hd__inv_2)
                  0.03    0.04    2.35 ^ _369_/Y (sky130_fd_sc_hd__inv_2)
     1    0.00                           _013_ (net)
                  0.03    0.00    2.35 ^ _419_/RESET_B (sky130_fd_sc_hd__dfrtp_1)
                                  2.35   data arrival time

                          0.00    0.00   clock clk (rise edge)
                          0.00    0.00   clock source latency
                  0.06    0.04    0.04 ^ clk (in)
     1    0.02                           clk (net)
                  0.06    0.00    0.04 ^ clkbuf_0_clk/A (sky130_fd_sc_hd__clkbuf_16)
                  0.05    0.11    0.15 ^ clkbuf_0_clk/X (sky130_fd_sc_hd__clkbuf_16)
     4    0.04                           clknet_0_clk (net)
                  0.05    0.00    0.15 ^ clkbuf_2_3__f_clk/A (sky130_fd_sc_hd__clkbuf_16)
                  0.04    0.11    0.26 ^ clkbuf_2_3__f_clk/X (sky130_fd_sc_hd__clkbuf_16)
    12    0.04                           clknet_2_3__leaf_clk (net)
                  0.04    0.00    0.26 ^ _419_/CLK (sky130_fd_sc_hd__dfrtp_1)
                          0.25    0.51   clock uncertainty
                          0.00    0.51   clock reconvergence pessimism
                          0.20    0.70   library removal time
                                  0.70   data required time
-----------------------------------------------------------------------------
                                  0.70   data required time
                                 -2.35   data arrival time
-----------------------------------------------------------------------------
                                  1.65   slack (MET)


Startpoint: rst (input port clocked by clk)
Endpoint: _418_ (removal check against rising-edge clock clk)
Path Group: asynchronous
Path Type: min
Corner: Fastest

Fanout     Cap    Slew   Delay    Time   Description
-----------------------------------------------------------------------------
                          0.00    0.00   clock clk (rise edge)
                          0.00    0.00   clock network delay (propagated)
                          2.00    2.00 v input external delay
                  0.00    0.00    2.00 v rst (in)
     1    0.00                           rst (net)
                  0.00    0.00    2.00 v input2/A (sky130_fd_sc_hd__buf_1)
                  0.04    0.06    2.06 v input2/X (sky130_fd_sc_hd__buf_1)
     3    0.01                           net2 (net)
                  0.04    0.00    2.06 v _355_/A (sky130_fd_sc_hd__buf_4)
                  0.06    0.12    2.18 v _355_/X (sky130_fd_sc_hd__buf_4)
    10    0.05                           _199_ (net)
                  0.06    0.00    2.18 v _367_/A (sky130_fd_sc_hd__clkbuf_8)
                  0.06    0.13    2.31 v _367_/X (sky130_fd_sc_hd__clkbuf_8)
    10    0.07                           _201_ (net)
                  0.06    0.00    2.31 v _368_/A (sky130_fd_sc_hd__inv_2)
                  0.03    0.04    2.35 ^ _368_/Y (sky130_fd_sc_hd__inv_2)
     1    0.00                           _012_ (net)
                  0.03    0.00    2.35 ^ _418_/RESET_B (sky130_fd_sc_hd__dfrtp_1)
                                  2.35   data arrival time

                          0.00    0.00   clock clk (rise edge)
                          0.00    0.00   clock source latency
                  0.06    0.04    0.04 ^ clk (in)
     1    0.02                           clk (net)
                  0.06    0.00    0.04 ^ clkbuf_0_clk/A (sky130_fd_sc_hd__clkbuf_16)
                  0.05    0.11    0.15 ^ clkbuf_0_clk/X (sky130_fd_sc_hd__clkbuf_16)
     4    0.04                           clknet_0_clk (net)
                  0.05    0.00    0.15 ^ clkbuf_2_3__f_clk/A (sky130_fd_sc_hd__clkbuf_16)
                  0.04    0.11    0.26 ^ clkbuf_2_3__f_clk/X (sky130_fd_sc_hd__clkbuf_16)
    12    0.04                           clknet_2_3__leaf_clk (net)
                  0.04    0.00    0.26 ^ _418_/CLK (sky130_fd_sc_hd__dfrtp_1)
                          0.25    0.51   clock uncertainty
                          0.00    0.51   clock reconvergence pessimism
                          0.20    0.70   library removal time
                                  0.70   data required time
-----------------------------------------------------------------------------
                                  0.70   data required time
                                 -2.35   data arrival time
-----------------------------------------------------------------------------
                                  1.65   slack (MET)


Startpoint: rst (input port clocked by clk)
Endpoint: _427_ (removal check against rising-edge clock clk)
Path Group: asynchronous
Path Type: min
Corner: Fastest

Fanout     Cap    Slew   Delay    Time   Description
-----------------------------------------------------------------------------
                          0.00    0.00   clock clk (rise edge)
                          0.00    0.00   clock network delay (propagated)
                          2.00    2.00 v input external delay
                  0.00    0.00    2.00 v rst (in)
     1    0.00                           rst (net)
                  0.00    0.00    2.00 v input2/A (sky130_fd_sc_hd__buf_1)
                  0.04    0.06    2.06 v input2/X (sky130_fd_sc_hd__buf_1)
     3    0.01                           net2 (net)
                  0.04    0.00    2.06 v _355_/A (sky130_fd_sc_hd__buf_4)
                  0.06    0.12    2.18 v _355_/X (sky130_fd_sc_hd__buf_4)
    10    0.05                           _199_ (net)
                  0.06    0.00    2.18 v _367_/A (sky130_fd_sc_hd__clkbuf_8)
                  0.06    0.13    2.31 v _367_/X (sky130_fd_sc_hd__clkbuf_8)
    10    0.07                           _201_ (net)
                  0.06    0.00    2.31 v _377_/A (sky130_fd_sc_hd__inv_2)
                  0.03    0.04    2.35 ^ _377_/Y (sky130_fd_sc_hd__inv_2)
     1    0.00                           _021_ (net)
                  0.03    0.00    2.35 ^ _427_/RESET_B (sky130_fd_sc_hd__dfrtp_1)
                                  2.35   data arrival time

                          0.00    0.00   clock clk (rise edge)
                          0.00    0.00   clock source latency
                  0.06    0.04    0.04 ^ clk (in)
     1    0.02                           clk (net)
                  0.06    0.00    0.04 ^ clkbuf_0_clk/A (sky130_fd_sc_hd__clkbuf_16)
                  0.05    0.11    0.15 ^ clkbuf_0_clk/X (sky130_fd_sc_hd__clkbuf_16)
     4    0.04                           clknet_0_clk (net)
                  0.05    0.00    0.15 ^ clkbuf_2_1__f_clk/A (sky130_fd_sc_hd__clkbuf_16)
                  0.04    0.10    0.26 ^ clkbuf_2_1__f_clk/X (sky130_fd_sc_hd__clkbuf_16)
    12    0.04                           clknet_2_1__leaf_clk (net)
                  0.04    0.00    0.26 ^ _427_/CLK (sky130_fd_sc_hd__dfrtp_1)
                          0.25    0.51   clock uncertainty
                          0.00    0.51   clock reconvergence pessimism
                          0.20    0.70   library removal time
                                  0.70   data required time
-----------------------------------------------------------------------------
                                  0.70   data required time
                                 -2.35   data arrival time
-----------------------------------------------------------------------------
                                  1.65   slack (MET)


Startpoint: rst (input port clocked by clk)
Endpoint: _423_ (removal check against rising-edge clock clk)
Path Group: asynchronous
Path Type: min
Corner: Fastest

Fanout     Cap    Slew   Delay    Time   Description
-----------------------------------------------------------------------------
                          0.00    0.00   clock clk (rise edge)
                          0.00    0.00   clock network delay (propagated)
                          2.00    2.00 v input external delay
                  0.00    0.00    2.00 v rst (in)
     1    0.00                           rst (net)
                  0.00    0.00    2.00 v input2/A (sky130_fd_sc_hd__buf_1)
                  0.04    0.06    2.06 v input2/X (sky130_fd_sc_hd__buf_1)
     3    0.01                           net2 (net)
                  0.04    0.00    2.06 v _355_/A (sky130_fd_sc_hd__buf_4)
                  0.06    0.12    2.18 v _355_/X (sky130_fd_sc_hd__buf_4)
    10    0.05                           _199_ (net)
                  0.06    0.00    2.18 v _367_/A (sky130_fd_sc_hd__clkbuf_8)
                  0.06    0.13    2.31 v _367_/X (sky130_fd_sc_hd__clkbuf_8)
    10    0.07                           _201_ (net)
                  0.06    0.00    2.31 v _373_/A (sky130_fd_sc_hd__inv_2)
                  0.03    0.04    2.35 ^ _373_/Y (sky130_fd_sc_hd__inv_2)
     1    0.00                           _017_ (net)
                  0.03    0.00    2.35 ^ _423_/RESET_B (sky130_fd_sc_hd__dfrtp_1)
                                  2.35   data arrival time

                          0.00    0.00   clock clk (rise edge)
                          0.00    0.00   clock source latency
                  0.06    0.04    0.04 ^ clk (in)
     1    0.02                           clk (net)
                  0.06    0.00    0.04 ^ clkbuf_0_clk/A (sky130_fd_sc_hd__clkbuf_16)
                  0.05    0.11    0.15 ^ clkbuf_0_clk/X (sky130_fd_sc_hd__clkbuf_16)
     4    0.04                           clknet_0_clk (net)
                  0.05    0.00    0.15 ^ clkbuf_2_2__f_clk/A (sky130_fd_sc_hd__clkbuf_16)
                  0.04    0.10    0.25 ^ clkbuf_2_2__f_clk/X (sky130_fd_sc_hd__clkbuf_16)
    10    0.03                           clknet_2_2__leaf_clk (net)
                  0.04    0.00    0.25 ^ _423_/CLK (sky130_fd_sc_hd__dfrtp_1)
                          0.25    0.50   clock uncertainty
                          0.00    0.50   clock reconvergence pessimism
                          0.20    0.70   library removal time
                                  0.70   data required time
-----------------------------------------------------------------------------
                                  0.70   data required time
                                 -2.35   data arrival time
-----------------------------------------------------------------------------
                                  1.65   slack (MET)


Startpoint: rst (input port clocked by clk)
Endpoint: _422_ (removal check against rising-edge clock clk)
Path Group: asynchronous
Path Type: min
Corner: Fastest

Fanout     Cap    Slew   Delay    Time   Description
-----------------------------------------------------------------------------
                          0.00    0.00   clock clk (rise edge)
                          0.00    0.00   clock network delay (propagated)
                          2.00    2.00 v input external delay
                  0.00    0.00    2.00 v rst (in)
     1    0.00                           rst (net)
                  0.00    0.00    2.00 v input2/A (sky130_fd_sc_hd__buf_1)
                  0.04    0.06    2.06 v input2/X (sky130_fd_sc_hd__buf_1)
     3    0.01                           net2 (net)
                  0.04    0.00    2.06 v _355_/A (sky130_fd_sc_hd__buf_4)
                  0.06    0.12    2.18 v _355_/X (sky130_fd_sc_hd__buf_4)
    10    0.05                           _199_ (net)
                  0.06    0.00    2.18 v _367_/A (sky130_fd_sc_hd__clkbuf_8)
                  0.06    0.13    2.31 v _367_/X (sky130_fd_sc_hd__clkbuf_8)
    10    0.07                           _201_ (net)
                  0.06    0.00    2.31 v _372_/A (sky130_fd_sc_hd__inv_2)
                  0.02    0.04    2.35 ^ _372_/Y (sky130_fd_sc_hd__inv_2)
     1    0.00                           _016_ (net)
                  0.02    0.00    2.35 ^ _422_/RESET_B (sky130_fd_sc_hd__dfrtp_1)
                                  2.35   data arrival time

                          0.00    0.00   clock clk (rise edge)
                          0.00    0.00   clock source latency
                  0.06    0.04    0.04 ^ clk (in)
     1    0.02                           clk (net)
                  0.06    0.00    0.04 ^ clkbuf_0_clk/A (sky130_fd_sc_hd__clkbuf_16)
                  0.05    0.11    0.15 ^ clkbuf_0_clk/X (sky130_fd_sc_hd__clkbuf_16)
     4    0.04                           clknet_0_clk (net)
                  0.05    0.00    0.15 ^ clkbuf_2_2__f_clk/A (sky130_fd_sc_hd__clkbuf_16)
                  0.04    0.10    0.25 ^ clkbuf_2_2__f_clk/X (sky130_fd_sc_hd__clkbuf_16)
    10    0.03                           clknet_2_2__leaf_clk (net)
                  0.04    0.00    0.25 ^ _422_/CLK (sky130_fd_sc_hd__dfrtp_1)
                          0.25    0.50   clock uncertainty
                          0.00    0.50   clock reconvergence pessimism
                          0.20    0.70   library removal time
                                  0.70   data required time
-----------------------------------------------------------------------------
                                  0.70   data required time
                                 -2.35   data arrival time
-----------------------------------------------------------------------------
                                  1.65   slack (MET)


Startpoint: rst (input port clocked by clk)
Endpoint: _409_ (removal check against rising-edge clock clk)
Path Group: asynchronous
Path Type: min
Corner: Fastest

Fanout     Cap    Slew   Delay    Time   Description
-----------------------------------------------------------------------------
                          0.00    0.00   clock clk (rise edge)
                          0.00    0.00   clock network delay (propagated)
                          2.00    2.00 v input external delay
                  0.00    0.00    2.00 v rst (in)
     1    0.00                           rst (net)
                  0.00    0.00    2.00 v input2/A (sky130_fd_sc_hd__buf_1)
                  0.04    0.06    2.06 v input2/X (sky130_fd_sc_hd__buf_1)
     3    0.01                           net2 (net)
                  0.04    0.00    2.06 v _355_/A (sky130_fd_sc_hd__buf_4)
                  0.06    0.12    2.18 v _355_/X (sky130_fd_sc_hd__buf_4)
    10    0.05                           _199_ (net)
                  0.06    0.00    2.18 v _356_/A (sky130_fd_sc_hd__buf_4)
                  0.06    0.13    2.31 v _356_/X (sky130_fd_sc_hd__buf_4)
    10    0.06                           _200_ (net)
                  0.06    0.00    2.31 v _358_/A (sky130_fd_sc_hd__inv_2)
                  0.03    0.04    2.35 ^ _358_/Y (sky130_fd_sc_hd__inv_2)
     1    0.00                           _003_ (net)
                  0.03    0.00    2.35 ^ _409_/RESET_B (sky130_fd_sc_hd__dfrtp_4)
                                  2.35   data arrival time

                          0.00    0.00   clock clk (rise edge)
                          0.00    0.00   clock source latency
                  0.06    0.04    0.04 ^ clk (in)
     1    0.02                           clk (net)
                  0.06    0.00    0.04 ^ clkbuf_0_clk/A (sky130_fd_sc_hd__clkbuf_16)
                  0.05    0.11    0.15 ^ clkbuf_0_clk/X (sky130_fd_sc_hd__clkbuf_16)
     4    0.04                           clknet_0_clk (net)
                  0.05    0.00    0.15 ^ clkbuf_2_2__f_clk/A (sky130_fd_sc_hd__clkbuf_16)
                  0.04    0.10    0.25 ^ clkbuf_2_2__f_clk/X (sky130_fd_sc_hd__clkbuf_16)
    10    0.03                           clknet_2_2__leaf_clk (net)
                  0.04    0.00    0.25 ^ _409_/CLK (sky130_fd_sc_hd__dfrtp_4)
                          0.25    0.50   clock uncertainty
                          0.00    0.50   clock reconvergence pessimism
                          0.20    0.70   library removal time
                                  0.70   data required time
-----------------------------------------------------------------------------
                                  0.70   data required time
                                 -2.35   data arrival time
-----------------------------------------------------------------------------
                                  1.65   slack (MET)


Startpoint: rst (input port clocked by clk)
Endpoint: _425_ (removal check against rising-edge clock clk)
Path Group: asynchronous
Path Type: min
Corner: Fastest

Fanout     Cap    Slew   Delay    Time   Description
-----------------------------------------------------------------------------
                          0.00    0.00   clock clk (rise edge)
                          0.00    0.00   clock network delay (propagated)
                          2.00    2.00 v input external delay
                  0.00    0.00    2.00 v rst (in)
     1    0.00                           rst (net)
                  0.00    0.00    2.00 v input2/A (sky130_fd_sc_hd__buf_1)
                  0.04    0.06    2.06 v input2/X (sky130_fd_sc_hd__buf_1)
     3    0.01                           net2 (net)
                  0.04    0.00    2.06 v _355_/A (sky130_fd_sc_hd__buf_4)
                  0.06    0.12    2.18 v _355_/X (sky130_fd_sc_hd__buf_4)
    10    0.05                           _199_ (net)
                  0.06    0.00    2.18 v _367_/A (sky130_fd_sc_hd__clkbuf_8)
                  0.06    0.13    2.31 v _367_/X (sky130_fd_sc_hd__clkbuf_8)
    10    0.07                           _201_ (net)
                  0.06    0.00    2.31 v _375_/A (sky130_fd_sc_hd__inv_2)
                  0.03    0.04    2.35 ^ _375_/Y (sky130_fd_sc_hd__inv_2)
     1    0.00                           _019_ (net)
                  0.03    0.00    2.35 ^ _425_/RESET_B (sky130_fd_sc_hd__dfrtp_1)
                                  2.35   data arrival time

                          0.00    0.00   clock clk (rise edge)
                          0.00    0.00   clock source latency
                  0.06    0.04    0.04 ^ clk (in)
     1    0.02                           clk (net)
                  0.06    0.00    0.04 ^ clkbuf_0_clk/A (sky130_fd_sc_hd__clkbuf_16)
                  0.05    0.11    0.15 ^ clkbuf_0_clk/X (sky130_fd_sc_hd__clkbuf_16)
     4    0.04                           clknet_0_clk (net)
                  0.05    0.00    0.15 ^ clkbuf_2_2__f_clk/A (sky130_fd_sc_hd__clkbuf_16)
                  0.04    0.10    0.25 ^ clkbuf_2_2__f_clk/X (sky130_fd_sc_hd__clkbuf_16)
    10    0.03                           clknet_2_2__leaf_clk (net)
                  0.04    0.00    0.25 ^ _425_/CLK (sky130_fd_sc_hd__dfrtp_1)
                          0.25    0.50   clock uncertainty
                          0.00    0.50   clock reconvergence pessimism
                          0.20    0.70   library removal time
                                  0.70   data required time
-----------------------------------------------------------------------------
                                  0.70   data required time
                                 -2.35   data arrival time
-----------------------------------------------------------------------------
                                  1.65   slack (MET)


Startpoint: rst (input port clocked by clk)
Endpoint: _414_ (removal check against rising-edge clock clk)
Path Group: asynchronous
Path Type: min
Corner: Fastest

Fanout     Cap    Slew   Delay    Time   Description
-----------------------------------------------------------------------------
                          0.00    0.00   clock clk (rise edge)
                          0.00    0.00   clock network delay (propagated)
                          2.00    2.00 v input external delay
                  0.00    0.00    2.00 v rst (in)
     1    0.00                           rst (net)
                  0.00    0.00    2.00 v input2/A (sky130_fd_sc_hd__buf_1)
                  0.04    0.06    2.06 v input2/X (sky130_fd_sc_hd__buf_1)
     3    0.01                           net2 (net)
                  0.04    0.00    2.06 v _355_/A (sky130_fd_sc_hd__buf_4)
                  0.06    0.12    2.18 v _355_/X (sky130_fd_sc_hd__buf_4)
    10    0.05                           _199_ (net)
                  0.06    0.00    2.18 v _356_/A (sky130_fd_sc_hd__buf_4)
                  0.06    0.13    2.31 v _356_/X (sky130_fd_sc_hd__buf_4)
    10    0.06                           _200_ (net)
                  0.06    0.00    2.32 v _363_/A (sky130_fd_sc_hd__inv_2)
                  0.03    0.04    2.35 ^ _363_/Y (sky130_fd_sc_hd__inv_2)
     1    0.00                           _008_ (net)
                  0.03    0.00    2.35 ^ _414_/RESET_B (sky130_fd_sc_hd__dfrtp_1)
                                  2.35   data arrival time

                          0.00    0.00   clock clk (rise edge)
                          0.00    0.00   clock source latency
                  0.06    0.04    0.04 ^ clk (in)
     1    0.02                           clk (net)
                  0.06    0.00    0.04 ^ clkbuf_0_clk/A (sky130_fd_sc_hd__clkbuf_16)
                  0.05    0.11    0.15 ^ clkbuf_0_clk/X (sky130_fd_sc_hd__clkbuf_16)
     4    0.04                           clknet_0_clk (net)
                  0.05    0.00    0.15 ^ clkbuf_2_2__f_clk/A (sky130_fd_sc_hd__clkbuf_16)
                  0.04    0.10    0.25 ^ clkbuf_2_2__f_clk/X (sky130_fd_sc_hd__clkbuf_16)
    10    0.03                           clknet_2_2__leaf_clk (net)
                  0.04    0.00    0.25 ^ _414_/CLK (sky130_fd_sc_hd__dfrtp_1)
                          0.25    0.50   clock uncertainty
                          0.00    0.50   clock reconvergence pessimism
                          0.20    0.70   library removal time
                                  0.70   data required time
-----------------------------------------------------------------------------
                                  0.70   data required time
                                 -2.35   data arrival time
-----------------------------------------------------------------------------
                                  1.65   slack (MET)


Startpoint: rst (input port clocked by clk)
Endpoint: _413_ (removal check against rising-edge clock clk)
Path Group: asynchronous
Path Type: min
Corner: Fastest

Fanout     Cap    Slew   Delay    Time   Description
-----------------------------------------------------------------------------
                          0.00    0.00   clock clk (rise edge)
                          0.00    0.00   clock network delay (propagated)
                          2.00    2.00 v input external delay
                  0.00    0.00    2.00 v rst (in)
     1    0.00                           rst (net)
                  0.00    0.00    2.00 v input2/A (sky130_fd_sc_hd__buf_1)
                  0.04    0.06    2.06 v input2/X (sky130_fd_sc_hd__buf_1)
     3    0.01                           net2 (net)
                  0.04    0.00    2.06 v _355_/A (sky130_fd_sc_hd__buf_4)
                  0.06    0.12    2.18 v _355_/X (sky130_fd_sc_hd__buf_4)
    10    0.05                           _199_ (net)
                  0.06    0.00    2.18 v _356_/A (sky130_fd_sc_hd__buf_4)
                  0.06    0.13    2.31 v _356_/X (sky130_fd_sc_hd__buf_4)
    10    0.06                           _200_ (net)
                  0.06    0.00    2.32 v _362_/A (sky130_fd_sc_hd__inv_2)
                  0.03    0.04    2.35 ^ _362_/Y (sky130_fd_sc_hd__inv_2)
     1    0.00                           _007_ (net)
                  0.03    0.00    2.35 ^ _413_/RESET_B (sky130_fd_sc_hd__dfrtp_1)
                                  2.35   data arrival time

                          0.00    0.00   clock clk (rise edge)
                          0.00    0.00   clock source latency
                  0.06    0.04    0.04 ^ clk (in)
     1    0.02                           clk (net)
                  0.06    0.00    0.04 ^ clkbuf_0_clk/A (sky130_fd_sc_hd__clkbuf_16)
                  0.05    0.11    0.15 ^ clkbuf_0_clk/X (sky130_fd_sc_hd__clkbuf_16)
     4    0.04                           clknet_0_clk (net)
                  0.05    0.00    0.15 ^ clkbuf_2_2__f_clk/A (sky130_fd_sc_hd__clkbuf_16)
                  0.04    0.10    0.25 ^ clkbuf_2_2__f_clk/X (sky130_fd_sc_hd__clkbuf_16)
    10    0.03                           clknet_2_2__leaf_clk (net)
                  0.04    0.00    0.25 ^ _413_/CLK (sky130_fd_sc_hd__dfrtp_1)
                          0.25    0.50   clock uncertainty
                          0.00    0.50   clock reconvergence pessimism
                          0.20    0.70   library removal time
                                  0.70   data required time
-----------------------------------------------------------------------------
                                  0.70   data required time
                                 -2.35   data arrival time
-----------------------------------------------------------------------------
                                  1.65   slack (MET)


Startpoint: rst (input port clocked by clk)
Endpoint: _412_ (removal check against rising-edge clock clk)
Path Group: asynchronous
Path Type: min
Corner: Fastest

Fanout     Cap    Slew   Delay    Time   Description
-----------------------------------------------------------------------------
                          0.00    0.00   clock clk (rise edge)
                          0.00    0.00   clock network delay (propagated)
                          2.00    2.00 v input external delay
                  0.00    0.00    2.00 v rst (in)
     1    0.00                           rst (net)
                  0.00    0.00    2.00 v input2/A (sky130_fd_sc_hd__buf_1)
                  0.04    0.06    2.06 v input2/X (sky130_fd_sc_hd__buf_1)
     3    0.01                           net2 (net)
                  0.04    0.00    2.06 v _355_/A (sky130_fd_sc_hd__buf_4)
                  0.06    0.12    2.18 v _355_/X (sky130_fd_sc_hd__buf_4)
    10    0.05                           _199_ (net)
                  0.06    0.00    2.18 v _356_/A (sky130_fd_sc_hd__buf_4)
                  0.06    0.13    2.31 v _356_/X (sky130_fd_sc_hd__buf_4)
    10    0.06                           _200_ (net)
                  0.06    0.00    2.32 v _361_/A (sky130_fd_sc_hd__inv_2)
                  0.03    0.04    2.35 ^ _361_/Y (sky130_fd_sc_hd__inv_2)
     1    0.00                           _006_ (net)
                  0.03    0.00    2.35 ^ _412_/RESET_B (sky130_fd_sc_hd__dfrtp_1)
                                  2.35   data arrival time

                          0.00    0.00   clock clk (rise edge)
                          0.00    0.00   clock source latency
                  0.06    0.04    0.04 ^ clk (in)
     1    0.02                           clk (net)
                  0.06    0.00    0.04 ^ clkbuf_0_clk/A (sky130_fd_sc_hd__clkbuf_16)
                  0.05    0.11    0.15 ^ clkbuf_0_clk/X (sky130_fd_sc_hd__clkbuf_16)
     4    0.04                           clknet_0_clk (net)
                  0.05    0.00    0.15 ^ clkbuf_2_2__f_clk/A (sky130_fd_sc_hd__clkbuf_16)
                  0.04    0.10    0.25 ^ clkbuf_2_2__f_clk/X (sky130_fd_sc_hd__clkbuf_16)
    10    0.03                           clknet_2_2__leaf_clk (net)
                  0.04    0.00    0.25 ^ _412_/CLK (sky130_fd_sc_hd__dfrtp_1)
                          0.25    0.50   clock uncertainty
                          0.00    0.50   clock reconvergence pessimism
                          0.20    0.70   library removal time
                                  0.70   data required time
-----------------------------------------------------------------------------
                                  0.70   data required time
                                 -2.35   data arrival time
-----------------------------------------------------------------------------
                                  1.65   slack (MET)


Startpoint: rst (input port clocked by clk)
Endpoint: _417_ (removal check against rising-edge clock clk)
Path Group: asynchronous
Path Type: min
Corner: Fastest

Fanout     Cap    Slew   Delay    Time   Description
-----------------------------------------------------------------------------
                          0.00    0.00   clock clk (rise edge)
                          0.00    0.00   clock network delay (propagated)
                          2.00    2.00 v input external delay
                  0.00    0.00    2.00 v rst (in)
     1    0.00                           rst (net)
                  0.00    0.00    2.00 v input2/A (sky130_fd_sc_hd__buf_1)
                  0.04    0.06    2.06 v input2/X (sky130_fd_sc_hd__buf_1)
     3    0.01                           net2 (net)
                  0.04    0.00    2.06 v _355_/A (sky130_fd_sc_hd__buf_4)
                  0.06    0.12    2.18 v _355_/X (sky130_fd_sc_hd__buf_4)
    10    0.05                           _199_ (net)
                  0.06    0.00    2.18 v _356_/A (sky130_fd_sc_hd__buf_4)
                  0.06    0.13    2.31 v _356_/X (sky130_fd_sc_hd__buf_4)
    10    0.06                           _200_ (net)
                  0.06    0.00    2.32 v _366_/A (sky130_fd_sc_hd__inv_2)
                  0.03    0.04    2.35 ^ _366_/Y (sky130_fd_sc_hd__inv_2)
     1    0.00                           _011_ (net)
                  0.03    0.00    2.35 ^ _417_/RESET_B (sky130_fd_sc_hd__dfrtp_1)
                                  2.35   data arrival time

                          0.00    0.00   clock clk (rise edge)
                          0.00    0.00   clock source latency
                  0.06    0.04    0.04 ^ clk (in)
     1    0.02                           clk (net)
                  0.06    0.00    0.04 ^ clkbuf_0_clk/A (sky130_fd_sc_hd__clkbuf_16)
                  0.05    0.11    0.15 ^ clkbuf_0_clk/X (sky130_fd_sc_hd__clkbuf_16)
     4    0.04                           clknet_0_clk (net)
                  0.05    0.00    0.15 ^ clkbuf_2_2__f_clk/A (sky130_fd_sc_hd__clkbuf_16)
                  0.04    0.10    0.25 ^ clkbuf_2_2__f_clk/X (sky130_fd_sc_hd__clkbuf_16)
    10    0.03                           clknet_2_2__leaf_clk (net)
                  0.04    0.00    0.25 ^ _417_/CLK (sky130_fd_sc_hd__dfrtp_1)
                          0.25    0.50   clock uncertainty
                          0.00    0.50   clock reconvergence pessimism
                          0.20    0.70   library removal time
                                  0.70   data required time
-----------------------------------------------------------------------------
                                  0.70   data required time
                                 -2.35   data arrival time
-----------------------------------------------------------------------------
                                  1.65   slack (MET)


Startpoint: rst (input port clocked by clk)
Endpoint: _416_ (removal check against rising-edge clock clk)
Path Group: asynchronous
Path Type: min
Corner: Fastest

Fanout     Cap    Slew   Delay    Time   Description
-----------------------------------------------------------------------------
                          0.00    0.00   clock clk (rise edge)
                          0.00    0.00   clock network delay (propagated)
                          2.00    2.00 v input external delay
                  0.00    0.00    2.00 v rst (in)
     1    0.00                           rst (net)
                  0.00    0.00    2.00 v input2/A (sky130_fd_sc_hd__buf_1)
                  0.04    0.06    2.06 v input2/X (sky130_fd_sc_hd__buf_1)
     3    0.01                           net2 (net)
                  0.04    0.00    2.06 v _355_/A (sky130_fd_sc_hd__buf_4)
                  0.06    0.12    2.18 v _355_/X (sky130_fd_sc_hd__buf_4)
    10    0.05                           _199_ (net)
                  0.06    0.00    2.18 v _356_/A (sky130_fd_sc_hd__buf_4)
                  0.06    0.13    2.31 v _356_/X (sky130_fd_sc_hd__buf_4)
    10    0.06                           _200_ (net)
                  0.06    0.00    2.32 v _365_/A (sky130_fd_sc_hd__inv_2)
                  0.03    0.04    2.35 ^ _365_/Y (sky130_fd_sc_hd__inv_2)
     1    0.00                           _010_ (net)
                  0.03    0.00    2.35 ^ _416_/RESET_B (sky130_fd_sc_hd__dfrtp_1)
                                  2.35   data arrival time

                          0.00    0.00   clock clk (rise edge)
                          0.00    0.00   clock source latency
                  0.06    0.04    0.04 ^ clk (in)
     1    0.02                           clk (net)
                  0.06    0.00    0.04 ^ clkbuf_0_clk/A (sky130_fd_sc_hd__clkbuf_16)
                  0.05    0.11    0.15 ^ clkbuf_0_clk/X (sky130_fd_sc_hd__clkbuf_16)
     4    0.04                           clknet_0_clk (net)
                  0.05    0.00    0.15 ^ clkbuf_2_2__f_clk/A (sky130_fd_sc_hd__clkbuf_16)
                  0.04    0.10    0.25 ^ clkbuf_2_2__f_clk/X (sky130_fd_sc_hd__clkbuf_16)
    10    0.03                           clknet_2_2__leaf_clk (net)
                  0.04    0.00    0.25 ^ _416_/CLK (sky130_fd_sc_hd__dfrtp_1)
                          0.25    0.50   clock uncertainty
                          0.00    0.50   clock reconvergence pessimism
                          0.20    0.70   library removal time
                                  0.70   data required time
-----------------------------------------------------------------------------
                                  0.70   data required time
                                 -2.35   data arrival time
-----------------------------------------------------------------------------
                                  1.65   slack (MET)


Startpoint: rst (input port clocked by clk)
Endpoint: _415_ (removal check against rising-edge clock clk)
Path Group: asynchronous
Path Type: min
Corner: Fastest

Fanout     Cap    Slew   Delay    Time   Description
-----------------------------------------------------------------------------
                          0.00    0.00   clock clk (rise edge)
                          0.00    0.00   clock network delay (propagated)
                          2.00    2.00 v input external delay
                  0.00    0.00    2.00 v rst (in)
     1    0.00                           rst (net)
                  0.00    0.00    2.00 v input2/A (sky130_fd_sc_hd__buf_1)
                  0.04    0.06    2.06 v input2/X (sky130_fd_sc_hd__buf_1)
     3    0.01                           net2 (net)
                  0.04    0.00    2.06 v _355_/A (sky130_fd_sc_hd__buf_4)
                  0.06    0.12    2.18 v _355_/X (sky130_fd_sc_hd__buf_4)
    10    0.05                           _199_ (net)
                  0.06    0.00    2.18 v _356_/A (sky130_fd_sc_hd__buf_4)
                  0.06    0.13    2.31 v _356_/X (sky130_fd_sc_hd__buf_4)
    10    0.06                           _200_ (net)
                  0.06    0.00    2.32 v _364_/A (sky130_fd_sc_hd__inv_2)
                  0.03    0.04    2.35 ^ _364_/Y (sky130_fd_sc_hd__inv_2)
     1    0.00                           _009_ (net)
                  0.03    0.00    2.36 ^ _415_/RESET_B (sky130_fd_sc_hd__dfrtp_1)
                                  2.36   data arrival time

                          0.00    0.00   clock clk (rise edge)
                          0.00    0.00   clock source latency
                  0.06    0.04    0.04 ^ clk (in)
     1    0.02                           clk (net)
                  0.06    0.00    0.04 ^ clkbuf_0_clk/A (sky130_fd_sc_hd__clkbuf_16)
                  0.05    0.11    0.15 ^ clkbuf_0_clk/X (sky130_fd_sc_hd__clkbuf_16)
     4    0.04                           clknet_0_clk (net)
                  0.05    0.00    0.15 ^ clkbuf_2_2__f_clk/A (sky130_fd_sc_hd__clkbuf_16)
                  0.04    0.10    0.25 ^ clkbuf_2_2__f_clk/X (sky130_fd_sc_hd__clkbuf_16)
    10    0.03                           clknet_2_2__leaf_clk (net)
                  0.04    0.00    0.25 ^ _415_/CLK (sky130_fd_sc_hd__dfrtp_1)
                          0.25    0.50   clock uncertainty
                          0.00    0.50   clock reconvergence pessimism
                          0.20    0.70   library removal time
                                  0.70   data required time
-----------------------------------------------------------------------------
                                  0.70   data required time
                                 -2.36   data arrival time
-----------------------------------------------------------------------------
                                  1.65   slack (MET)


Startpoint: _425_ (rising edge-triggered flip-flop clocked by clk)
Endpoint: done (output port clocked by clk)
Path Group: clk
Path Type: min
Corner: Fastest

Fanout     Cap    Slew   Delay    Time   Description
-----------------------------------------------------------------------------
                          0.00    0.00   clock clk (rise edge)
                          0.00    0.00   clock source latency
                  0.06    0.04    0.04 ^ clk (in)
     1    0.02                           clk (net)
                  0.06    0.00    0.04 ^ clkbuf_0_clk/A (sky130_fd_sc_hd__clkbuf_16)
                  0.05    0.10    0.14 ^ clkbuf_0_clk/X (sky130_fd_sc_hd__clkbuf_16)
     4    0.04                           clknet_0_clk (net)
                  0.05    0.00    0.14 ^ clkbuf_2_2__f_clk/A (sky130_fd_sc_hd__clkbuf_16)
                  0.04    0.09    0.23 ^ clkbuf_2_2__f_clk/X (sky130_fd_sc_hd__clkbuf_16)
    10    0.03                           clknet_2_2__leaf_clk (net)
                  0.04    0.00    0.23 ^ _425_/CLK (sky130_fd_sc_hd__dfrtp_1)
                  0.04    0.20    0.43 ^ _425_/Q (sky130_fd_sc_hd__dfrtp_1)
     1    0.00                           net14 (net)
                  0.04    0.00    0.43 ^ output14/A (sky130_fd_sc_hd__clkbuf_4)
                  0.09    0.12    0.55 ^ output14/X (sky130_fd_sc_hd__clkbuf_4)
     1    0.04                           done (net)
                  0.09    0.00    0.55 ^ done (out)
                                  0.55   data arrival time

                          0.00    0.00   clock clk (rise edge)
                          0.00    0.00   clock network delay (propagated)
                          0.25    0.25   clock uncertainty
                          0.00    0.25   clock reconvergence pessimism
                         -2.00   -1.75   output external delay
                                 -1.75   data required time
-----------------------------------------------------------------------------
                                 -1.75   data required time
                                 -0.55   data arrival time
-----------------------------------------------------------------------------
                                  2.30   slack (MET)


Startpoint: _426_ (rising edge-triggered flip-flop clocked by clk)
Endpoint: rx_data[0] (output port clocked by clk)
Path Group: clk
Path Type: min
Corner: Fastest

Fanout     Cap    Slew   Delay    Time   Description
-----------------------------------------------------------------------------
                          0.00    0.00   clock clk (rise edge)
                          0.00    0.00   clock source latency
                  0.06    0.04    0.04 ^ clk (in)
     1    0.02                           clk (net)
                  0.06    0.00    0.04 ^ clkbuf_0_clk/A (sky130_fd_sc_hd__clkbuf_16)
                  0.05    0.10    0.14 ^ clkbuf_0_clk/X (sky130_fd_sc_hd__clkbuf_16)
     4    0.04                           clknet_0_clk (net)
                  0.05    0.00    0.14 ^ clkbuf_2_3__f_clk/A (sky130_fd_sc_hd__clkbuf_16)
                  0.04    0.10    0.23 ^ clkbuf_2_3__f_clk/X (sky130_fd_sc_hd__clkbuf_16)
    12    0.04                           clknet_2_3__leaf_clk (net)
                  0.04    0.00    0.23 ^ _426_/CLK (sky130_fd_sc_hd__dfrtp_1)
                  0.05    0.21    0.44 ^ _426_/Q (sky130_fd_sc_hd__dfrtp_1)
     2    0.01                           net16 (net)
                  0.05    0.00    0.44 ^ output16/A (sky130_fd_sc_hd__clkbuf_4)
                  0.09    0.13    0.57 ^ output16/X (sky130_fd_sc_hd__clkbuf_4)
     1    0.03                           rx_data[0] (net)
                  0.09    0.00    0.57 ^ rx_data[0] (out)
                                  0.57   data arrival time

                          0.00    0.00   clock clk (rise edge)
                          0.00    0.00   clock network delay (propagated)
                          0.25    0.25   clock uncertainty
                          0.00    0.25   clock reconvergence pessimism
                         -2.00   -1.75   output external delay
                                 -1.75   data required time
-----------------------------------------------------------------------------
                                 -1.75   data required time
                                 -0.57   data arrival time
-----------------------------------------------------------------------------
                                  2.32   slack (MET)


Startpoint: _436_ (rising edge-triggered flip-flop clocked by clk)
Endpoint: cs (output port clocked by clk)
Path Group: clk
Path Type: min
Corner: Fastest

Fanout     Cap    Slew   Delay    Time   Description
-----------------------------------------------------------------------------
                          0.00    0.00   clock clk (rise edge)
                          0.00    0.00   clock source latency
                  0.06    0.04    0.04 ^ clk (in)
     1    0.02                           clk (net)
                  0.06    0.00    0.04 ^ clkbuf_0_clk/A (sky130_fd_sc_hd__clkbuf_16)
                  0.05    0.10    0.14 ^ clkbuf_0_clk/X (sky130_fd_sc_hd__clkbuf_16)
     4    0.04                           clknet_0_clk (net)
                  0.05    0.00    0.14 ^ clkbuf_2_3__f_clk/A (sky130_fd_sc_hd__clkbuf_16)
                  0.04    0.10    0.23 ^ clkbuf_2_3__f_clk/X (sky130_fd_sc_hd__clkbuf_16)
    12    0.04                           clknet_2_3__leaf_clk (net)
                  0.04    0.00    0.23 ^ _436_/CLK (sky130_fd_sc_hd__dfstp_1)
                  0.03    0.22    0.45 v _436_/Q (sky130_fd_sc_hd__dfstp_1)
     2    0.01                           net13 (net)
                  0.03    0.00    0.45 v output13/A (sky130_fd_sc_hd__clkbuf_4)
                  0.06    0.12    0.57 v output13/X (sky130_fd_sc_hd__clkbuf_4)
     1    0.03                           cs (net)
                  0.06    0.00    0.57 v cs (out)
                                  0.57   data arrival time

                          0.00    0.00   clock clk (rise edge)
                          0.00    0.00   clock network delay (propagated)
                          0.25    0.25   clock uncertainty
                          0.00    0.25   clock reconvergence pessimism
                         -2.00   -1.75   output external delay
                                 -1.75   data required time
-----------------------------------------------------------------------------
                                 -1.75   data required time
                                 -0.57   data arrival time
-----------------------------------------------------------------------------
                                  2.32   slack (MET)


Startpoint: _432_ (rising edge-triggered flip-flop clocked by clk)
Endpoint: rx_data[6] (output port clocked by clk)
Path Group: clk
Path Type: min
Corner: Fastest

Fanout     Cap    Slew   Delay    Time   Description
-----------------------------------------------------------------------------
                          0.00    0.00   clock clk (rise edge)
                          0.00    0.00   clock source latency
                  0.06    0.04    0.04 ^ clk (in)
     1    0.02                           clk (net)
                  0.06    0.00    0.04 ^ clkbuf_0_clk/A (sky130_fd_sc_hd__clkbuf_16)
                  0.05    0.10    0.14 ^ clkbuf_0_clk/X (sky130_fd_sc_hd__clkbuf_16)
     4    0.04                           clknet_0_clk (net)
                  0.05    0.00    0.14 ^ clkbuf_2_0__f_clk/A (sky130_fd_sc_hd__clkbuf_16)
                  0.05    0.10    0.23 ^ clkbuf_2_0__f_clk/X (sky130_fd_sc_hd__clkbuf_16)
    14    0.04                           clknet_2_0__leaf_clk (net)
                  0.05    0.00    0.24 ^ _432_/CLK (sky130_fd_sc_hd__dfrtp_1)
                  0.06    0.21    0.45 ^ _432_/Q (sky130_fd_sc_hd__dfrtp_1)
     2    0.01                           net22 (net)
                  0.06    0.00    0.45 ^ output22/A (sky130_fd_sc_hd__clkbuf_4)
                  0.08    0.13    0.57 ^ output22/X (sky130_fd_sc_hd__clkbuf_4)
     1    0.03                           rx_data[6] (net)
                  0.08    0.00    0.57 ^ rx_data[6] (out)
                                  0.57   data arrival time

                          0.00    0.00   clock clk (rise edge)
                          0.00    0.00   clock network delay (propagated)
                          0.25    0.25   clock uncertainty
                          0.00    0.25   clock reconvergence pessimism
                         -2.00   -1.75   output external delay
                                 -1.75   data required time
-----------------------------------------------------------------------------
                                 -1.75   data required time
                                 -0.57   data arrival time
-----------------------------------------------------------------------------
                                  2.32   slack (MET)


Startpoint: _433_ (rising edge-triggered flip-flop clocked by clk)
Endpoint: rx_data[7] (output port clocked by clk)
Path Group: clk
Path Type: min
Corner: Fastest

Fanout     Cap    Slew   Delay    Time   Description
-----------------------------------------------------------------------------
                          0.00    0.00   clock clk (rise edge)
                          0.00    0.00   clock source latency
                  0.06    0.04    0.04 ^ clk (in)
     1    0.02                           clk (net)
                  0.06    0.00    0.04 ^ clkbuf_0_clk/A (sky130_fd_sc_hd__clkbuf_16)
                  0.05    0.10    0.14 ^ clkbuf_0_clk/X (sky130_fd_sc_hd__clkbuf_16)
     4    0.04                           clknet_0_clk (net)
                  0.05    0.00    0.14 ^ clkbuf_2_1__f_clk/A (sky130_fd_sc_hd__clkbuf_16)
                  0.04    0.09    0.23 ^ clkbuf_2_1__f_clk/X (sky130_fd_sc_hd__clkbuf_16)
    12    0.04                           clknet_2_1__leaf_clk (net)
                  0.04    0.00    0.23 ^ _433_/CLK (sky130_fd_sc_hd__dfrtp_1)
                  0.06    0.21    0.45 ^ _433_/Q (sky130_fd_sc_hd__dfrtp_1)
     2    0.01                           net23 (net)
                  0.06    0.00    0.45 ^ output23/A (sky130_fd_sc_hd__clkbuf_4)
                  0.08    0.13    0.57 ^ output23/X (sky130_fd_sc_hd__clkbuf_4)
     1    0.03                           rx_data[7] (net)
                  0.08    0.00    0.57 ^ rx_data[7] (out)
                                  0.57   data arrival time

                          0.00    0.00   clock clk (rise edge)
                          0.00    0.00   clock network delay (propagated)
                          0.25    0.25   clock uncertainty
                          0.00    0.25   clock reconvergence pessimism
                         -2.00   -1.75   output external delay
                                 -1.75   data required time
-----------------------------------------------------------------------------
                                 -1.75   data required time
                                 -0.57   data arrival time
-----------------------------------------------------------------------------
                                  2.32   slack (MET)


Startpoint: _427_ (rising edge-triggered flip-flop clocked by clk)
Endpoint: rx_data[1] (output port clocked by clk)
Path Group: clk
Path Type: min
Corner: Fastest

Fanout     Cap    Slew   Delay    Time   Description
-----------------------------------------------------------------------------
                          0.00    0.00   clock clk (rise edge)
                          0.00    0.00   clock source latency
                  0.06    0.04    0.04 ^ clk (in)
     1    0.02                           clk (net)
                  0.06    0.00    0.04 ^ clkbuf_0_clk/A (sky130_fd_sc_hd__clkbuf_16)
                  0.05    0.10    0.14 ^ clkbuf_0_clk/X (sky130_fd_sc_hd__clkbuf_16)
     4    0.04                           clknet_0_clk (net)
                  0.05    0.00    0.14 ^ clkbuf_2_1__f_clk/A (sky130_fd_sc_hd__clkbuf_16)
                  0.04    0.09    0.23 ^ clkbuf_2_1__f_clk/X (sky130_fd_sc_hd__clkbuf_16)
    12    0.04                           clknet_2_1__leaf_clk (net)
                  0.04    0.00    0.23 ^ _427_/CLK (sky130_fd_sc_hd__dfrtp_1)
                  0.06    0.21    0.45 ^ _427_/Q (sky130_fd_sc_hd__dfrtp_1)
     2    0.01                           net17 (net)
                  0.06    0.00    0.45 ^ output17/A (sky130_fd_sc_hd__clkbuf_4)
                  0.08    0.13    0.58 ^ output17/X (sky130_fd_sc_hd__clkbuf_4)
     1    0.03                           rx_data[1] (net)
                  0.08    0.00    0.58 ^ rx_data[1] (out)
                                  0.58   data arrival time

                          0.00    0.00   clock clk (rise edge)
                          0.00    0.00   clock network delay (propagated)
                          0.25    0.25   clock uncertainty
                          0.00    0.25   clock reconvergence pessimism
                         -2.00   -1.75   output external delay
                                 -1.75   data required time
-----------------------------------------------------------------------------
                                 -1.75   data required time
                                 -0.58   data arrival time
-----------------------------------------------------------------------------
                                  2.33   slack (MET)


Startpoint: _429_ (rising edge-triggered flip-flop clocked by clk)
Endpoint: rx_data[3] (output port clocked by clk)
Path Group: clk
Path Type: min
Corner: Fastest

Fanout     Cap    Slew   Delay    Time   Description
-----------------------------------------------------------------------------
                          0.00    0.00   clock clk (rise edge)
                          0.00    0.00   clock source latency
                  0.06    0.04    0.04 ^ clk (in)
     1    0.02                           clk (net)
                  0.06    0.00    0.04 ^ clkbuf_0_clk/A (sky130_fd_sc_hd__clkbuf_16)
                  0.05    0.10    0.14 ^ clkbuf_0_clk/X (sky130_fd_sc_hd__clkbuf_16)
     4    0.04                           clknet_0_clk (net)
                  0.05    0.00    0.14 ^ clkbuf_2_0__f_clk/A (sky130_fd_sc_hd__clkbuf_16)
                  0.05    0.10    0.23 ^ clkbuf_2_0__f_clk/X (sky130_fd_sc_hd__clkbuf_16)
    14    0.04                           clknet_2_0__leaf_clk (net)
                  0.05    0.00    0.23 ^ _429_/CLK (sky130_fd_sc_hd__dfrtp_1)
                  0.06    0.22    0.45 ^ _429_/Q (sky130_fd_sc_hd__dfrtp_1)
     2    0.01                           net19 (net)
                  0.06    0.00    0.45 ^ output19/A (sky130_fd_sc_hd__clkbuf_4)
                  0.08    0.13    0.58 ^ output19/X (sky130_fd_sc_hd__clkbuf_4)
     1    0.03                           rx_data[3] (net)
                  0.08    0.00    0.58 ^ rx_data[3] (out)
                                  0.58   data arrival time

                          0.00    0.00   clock clk (rise edge)
                          0.00    0.00   clock network delay (propagated)
                          0.25    0.25   clock uncertainty
                          0.00    0.25   clock reconvergence pessimism
                         -2.00   -1.75   output external delay
                                 -1.75   data required time
-----------------------------------------------------------------------------
                                 -1.75   data required time
                                 -0.58   data arrival time
-----------------------------------------------------------------------------
                                  2.33   slack (MET)


Startpoint: _431_ (rising edge-triggered flip-flop clocked by clk)
Endpoint: rx_data[5] (output port clocked by clk)
Path Group: clk
Path Type: min
Corner: Fastest

Fanout     Cap    Slew   Delay    Time   Description
-----------------------------------------------------------------------------
                          0.00    0.00   clock clk (rise edge)
                          0.00    0.00   clock source latency
                  0.06    0.04    0.04 ^ clk (in)
     1    0.02                           clk (net)
                  0.06    0.00    0.04 ^ clkbuf_0_clk/A (sky130_fd_sc_hd__clkbuf_16)
                  0.05    0.10    0.14 ^ clkbuf_0_clk/X (sky130_fd_sc_hd__clkbuf_16)
     4    0.04                           clknet_0_clk (net)
                  0.05    0.00    0.14 ^ clkbuf_2_0__f_clk/A (sky130_fd_sc_hd__clkbuf_16)
                  0.05    0.10    0.23 ^ clkbuf_2_0__f_clk/X (sky130_fd_sc_hd__clkbuf_16)
    14    0.04                           clknet_2_0__leaf_clk (net)
                  0.05    0.00    0.24 ^ _431_/CLK (sky130_fd_sc_hd__dfrtp_1)
                  0.06    0.21    0.45 ^ _431_/Q (sky130_fd_sc_hd__dfrtp_1)
     2    0.01                           net21 (net)
                  0.06    0.00    0.45 ^ output21/A (sky130_fd_sc_hd__clkbuf_4)
                  0.09    0.13    0.58 ^ output21/X (sky130_fd_sc_hd__clkbuf_4)
     1    0.03                           rx_data[5] (net)
                  0.09    0.00    0.58 ^ rx_data[5] (out)
                                  0.58   data arrival time

                          0.00    0.00   clock clk (rise edge)
                          0.00    0.00   clock network delay (propagated)
                          0.25    0.25   clock uncertainty
                          0.00    0.25   clock reconvergence pessimism
                         -2.00   -1.75   output external delay
                                 -1.75   data required time
-----------------------------------------------------------------------------
                                 -1.75   data required time
                                 -0.58   data arrival time
-----------------------------------------------------------------------------
                                  2.33   slack (MET)


Startpoint: _428_ (rising edge-triggered flip-flop clocked by clk)
Endpoint: rx_data[2] (output port clocked by clk)
Path Group: clk
Path Type: min
Corner: Fastest

Fanout     Cap    Slew   Delay    Time   Description
-----------------------------------------------------------------------------
                          0.00    0.00   clock clk (rise edge)
                          0.00    0.00   clock source latency
                  0.06    0.04    0.04 ^ clk (in)
     1    0.02                           clk (net)
                  0.06    0.00    0.04 ^ clkbuf_0_clk/A (sky130_fd_sc_hd__clkbuf_16)
                  0.05    0.10    0.14 ^ clkbuf_0_clk/X (sky130_fd_sc_hd__clkbuf_16)
     4    0.04                           clknet_0_clk (net)
                  0.05    0.00    0.14 ^ clkbuf_2_0__f_clk/A (sky130_fd_sc_hd__clkbuf_16)
                  0.05    0.10    0.23 ^ clkbuf_2_0__f_clk/X (sky130_fd_sc_hd__clkbuf_16)
    14    0.04                           clknet_2_0__leaf_clk (net)
                  0.05    0.00    0.24 ^ _428_/CLK (sky130_fd_sc_hd__dfrtp_1)
                  0.07    0.22    0.46 ^ _428_/Q (sky130_fd_sc_hd__dfrtp_1)
     2    0.01                           net18 (net)
                  0.07    0.00    0.46 ^ output18/A (sky130_fd_sc_hd__clkbuf_4)
                  0.08    0.13    0.59 ^ output18/X (sky130_fd_sc_hd__clkbuf_4)
     1    0.03                           rx_data[2] (net)
                  0.08    0.00    0.59 ^ rx_data[2] (out)
                                  0.59   data arrival time

                          0.00    0.00   clock clk (rise edge)
                          0.00    0.00   clock network delay (propagated)
                          0.25    0.25   clock uncertainty
                          0.00    0.25   clock reconvergence pessimism
                         -2.00   -1.75   output external delay
                                 -1.75   data required time
-----------------------------------------------------------------------------
                                 -1.75   data required time
                                 -0.59   data arrival time
-----------------------------------------------------------------------------
                                  2.34   slack (MET)


Startpoint: _434_ (rising edge-triggered flip-flop clocked by clk)
Endpoint: mosi (output port clocked by clk)
Path Group: clk
Path Type: min
Corner: Fastest

Fanout     Cap    Slew   Delay    Time   Description
-----------------------------------------------------------------------------
                          0.00    0.00   clock clk (rise edge)
                          0.00    0.00   clock source latency
                  0.06    0.04    0.04 ^ clk (in)
     1    0.02                           clk (net)
                  0.06    0.00    0.04 ^ clkbuf_0_clk/A (sky130_fd_sc_hd__clkbuf_16)
                  0.05    0.10    0.14 ^ clkbuf_0_clk/X (sky130_fd_sc_hd__clkbuf_16)
     4    0.04                           clknet_0_clk (net)
                  0.05    0.00    0.14 ^ clkbuf_2_1__f_clk/A (sky130_fd_sc_hd__clkbuf_16)
                  0.04    0.09    0.23 ^ clkbuf_2_1__f_clk/X (sky130_fd_sc_hd__clkbuf_16)
    12    0.04                           clknet_2_1__leaf_clk (net)
                  0.04    0.00    0.23 ^ _434_/CLK (sky130_fd_sc_hd__dfrtp_1)
                  0.08    0.23    0.46 ^ _434_/Q (sky130_fd_sc_hd__dfrtp_1)
     2    0.01                           net15 (net)
                  0.08    0.00    0.46 ^ output15/A (sky130_fd_sc_hd__clkbuf_4)
                  0.08    0.13    0.59 ^ output15/X (sky130_fd_sc_hd__clkbuf_4)
     1    0.03                           mosi (net)
                  0.08    0.00    0.59 ^ mosi (out)
                                  0.59   data arrival time

                          0.00    0.00   clock clk (rise edge)
                          0.00    0.00   clock network delay (propagated)
                          0.25    0.25   clock uncertainty
                          0.00    0.25   clock reconvergence pessimism
                         -2.00   -1.75   output external delay
                                 -1.75   data required time
-----------------------------------------------------------------------------
                                 -1.75   data required time
                                 -0.59   data arrival time
-----------------------------------------------------------------------------
                                  2.34   slack (MET)


Startpoint: _430_ (rising edge-triggered flip-flop clocked by clk)
Endpoint: rx_data[4] (output port clocked by clk)
Path Group: clk
Path Type: min
Corner: Fastest

Fanout     Cap    Slew   Delay    Time   Description
-----------------------------------------------------------------------------
                          0.00    0.00   clock clk (rise edge)
                          0.00    0.00   clock source latency
                  0.06    0.04    0.04 ^ clk (in)
     1    0.02                           clk (net)
                  0.06    0.00    0.04 ^ clkbuf_0_clk/A (sky130_fd_sc_hd__clkbuf_16)
                  0.05    0.10    0.14 ^ clkbuf_0_clk/X (sky130_fd_sc_hd__clkbuf_16)
     4    0.04                           clknet_0_clk (net)
                  0.05    0.00    0.14 ^ clkbuf_2_0__f_clk/A (sky130_fd_sc_hd__clkbuf_16)
                  0.05    0.10    0.23 ^ clkbuf_2_0__f_clk/X (sky130_fd_sc_hd__clkbuf_16)
    14    0.04                           clknet_2_0__leaf_clk (net)
                  0.05    0.00    0.24 ^ _430_/CLK (sky130_fd_sc_hd__dfrtp_1)
                  0.09    0.24    0.47 ^ _430_/Q (sky130_fd_sc_hd__dfrtp_1)
     2    0.01                           net20 (net)
                  0.09    0.00    0.47 ^ output20/A (sky130_fd_sc_hd__clkbuf_4)
                  0.08    0.14    0.61 ^ output20/X (sky130_fd_sc_hd__clkbuf_4)
     1    0.03                           rx_data[4] (net)
                  0.08    0.00    0.61 ^ rx_data[4] (out)
                                  0.61   data arrival time

                          0.00    0.00   clock clk (rise edge)
                          0.00    0.00   clock network delay (propagated)
                          0.25    0.25   clock uncertainty
                          0.00    0.25   clock reconvergence pessimism
                         -2.00   -1.75   output external delay
                                 -1.75   data required time
-----------------------------------------------------------------------------
                                 -1.75   data required time
                                 -0.61   data arrival time
-----------------------------------------------------------------------------
                                  2.36   slack (MET)


Startpoint: _424_ (rising edge-triggered flip-flop clocked by clk)
Endpoint: busy (output port clocked by clk)
Path Group: clk
Path Type: min
Corner: Fastest

Fanout     Cap    Slew   Delay    Time   Description
-----------------------------------------------------------------------------
                          0.00    0.00   clock clk (rise edge)
                          0.00    0.00   clock source latency
                  0.06    0.04    0.04 ^ clk (in)
     1    0.02                           clk (net)
                  0.06    0.00    0.04 ^ clkbuf_0_clk/A (sky130_fd_sc_hd__clkbuf_16)
                  0.05    0.10    0.14 ^ clkbuf_0_clk/X (sky130_fd_sc_hd__clkbuf_16)
     4    0.04                           clknet_0_clk (net)
                  0.05    0.00    0.14 ^ clkbuf_2_3__f_clk/A (sky130_fd_sc_hd__clkbuf_16)
                  0.04    0.10    0.23 ^ clkbuf_2_3__f_clk/X (sky130_fd_sc_hd__clkbuf_16)
    12    0.04                           clknet_2_3__leaf_clk (net)
                  0.04    0.00    0.23 ^ _424_/CLK (sky130_fd_sc_hd__dfrtp_2)
                  0.06    0.26    0.50 v _424_/Q (sky130_fd_sc_hd__dfrtp_2)
     4    0.02                           net12 (net)
                  0.06    0.00    0.50 v output12/A (sky130_fd_sc_hd__buf_2)
                  0.06    0.12    0.62 v output12/X (sky130_fd_sc_hd__buf_2)
     1    0.03                           busy (net)
                  0.06    0.00    0.62 v busy (out)
                                  0.62   data arrival time

                          0.00    0.00   clock clk (rise edge)
                          0.00    0.00   clock network delay (propagated)
                          0.25    0.25   clock uncertainty
                          0.00    0.25   clock reconvergence pessimism
                         -2.00   -1.75   output external delay
                                 -1.75   data required time
-----------------------------------------------------------------------------
                                 -1.75   data required time
                                 -0.62   data arrival time
-----------------------------------------------------------------------------
                                  2.37   slack (MET)


Startpoint: _435_ (rising edge-triggered flip-flop clocked by clk)
Endpoint: sclk (output port clocked by clk)
Path Group: clk
Path Type: min
Corner: Fastest

Fanout     Cap    Slew   Delay    Time   Description
-----------------------------------------------------------------------------
                          0.00    0.00   clock clk (rise edge)
                          0.00    0.00   clock source latency
                  0.06    0.04    0.04 ^ clk (in)
     1    0.02                           clk (net)
                  0.06    0.00    0.04 ^ clkbuf_0_clk/A (sky130_fd_sc_hd__clkbuf_16)
                  0.05    0.10    0.14 ^ clkbuf_0_clk/X (sky130_fd_sc_hd__clkbuf_16)
     4    0.04                           clknet_0_clk (net)
                  0.05    0.00    0.14 ^ clkbuf_2_0__f_clk/A (sky130_fd_sc_hd__clkbuf_16)
                  0.05    0.10    0.23 ^ clkbuf_2_0__f_clk/X (sky130_fd_sc_hd__clkbuf_16)
    14    0.04                           clknet_2_0__leaf_clk (net)
                  0.05    0.00    0.24 ^ _435_/CLK (sky130_fd_sc_hd__dfrtp_2)
                  0.06    0.27    0.50 v _435_/Q (sky130_fd_sc_hd__dfrtp_2)
     4    0.02                           net24 (net)
                  0.06    0.00    0.50 v output24/A (sky130_fd_sc_hd__buf_2)
                  0.06    0.12    0.63 v output24/X (sky130_fd_sc_hd__buf_2)
     1    0.03                           sclk (net)
                  0.06    0.00    0.63 v sclk (out)
                                  0.63   data arrival time

                          0.00    0.00   clock clk (rise edge)
                          0.00    0.00   clock network delay (propagated)
                          0.25    0.25   clock uncertainty
                          0.00    0.25   clock reconvergence pessimism
                         -2.00   -1.75   output external delay
                                 -1.75   data required time
-----------------------------------------------------------------------------
                                 -1.75   data required time
                                 -0.63   data arrival time
-----------------------------------------------------------------------------
                                  2.38   slack (MET)



======================= Slowest Corner ===================================

Startpoint: _415_ (rising edge-triggered flip-flop clocked by clk)
Endpoint: _415_ (rising edge-triggered flip-flop clocked by clk)
Path Group: clk
Path Type: min
Corner: Slowest

Fanout     Cap    Slew   Delay    Time   Description
-----------------------------------------------------------------------------
                          0.00    0.00   clock clk (rise edge)
                          0.00    0.00   clock source latency
                  0.12    0.08    0.08 ^ clk (in)
     1    0.02                           clk (net)
                  0.12    0.00    0.08 ^ clkbuf_0_clk/A (sky130_fd_sc_hd__clkbuf_16)
                  0.09    0.26    0.34 ^ clkbuf_0_clk/X (sky130_fd_sc_hd__clkbuf_16)
     4    0.04                           clknet_0_clk (net)
                  0.09    0.00    0.34 ^ clkbuf_2_2__f_clk/A (sky130_fd_sc_hd__clkbuf_16)
                  0.08    0.24    0.57 ^ clkbuf_2_2__f_clk/X (sky130_fd_sc_hd__clkbuf_16)
    10    0.03                           clknet_2_2__leaf_clk (net)
                  0.08    0.00    0.57 ^ _415_/CLK (sky130_fd_sc_hd__dfrtp_1)
                  0.15    0.67    1.24 ^ _415_/Q (sky130_fd_sc_hd__dfrtp_1)
     3    0.01                           clk_count[7] (net)
                  0.15    0.00    1.24 ^ _332_/S (sky130_fd_sc_hd__mux2_1)
                  0.07    0.25    1.50 ^ _332_/X (sky130_fd_sc_hd__mux2_1)
     1    0.00                           _185_ (net)
                  0.07    0.00    1.50 ^ _333_/A (sky130_fd_sc_hd__clkbuf_1)
                  0.06    0.13    1.63 ^ _333_/X (sky130_fd_sc_hd__clkbuf_1)
     1    0.00                           _057_ (net)
                  0.06    0.00    1.63 ^ _415_/D (sky130_fd_sc_hd__dfrtp_1)
                                  1.63   data arrival time

                          0.00    0.00   clock clk (rise edge)
                          0.00    0.00   clock source latency
                  0.12    0.08    0.08 ^ clk (in)
     1    0.02                           clk (net)
                  0.12    0.00    0.08 ^ clkbuf_0_clk/A (sky130_fd_sc_hd__clkbuf_16)
                  0.09    0.29    0.37 ^ clkbuf_0_clk/X (sky130_fd_sc_hd__clkbuf_16)
     4    0.04                           clknet_0_clk (net)
                  0.09    0.00    0.37 ^ clkbuf_2_2__f_clk/A (sky130_fd_sc_hd__clkbuf_16)
                  0.08    0.26    0.63 ^ clkbuf_2_2__f_clk/X (sky130_fd_sc_hd__clkbuf_16)
    10    0.03                           clknet_2_2__leaf_clk (net)
                  0.08    0.00    0.63 ^ _415_/CLK (sky130_fd_sc_hd__dfrtp_1)
                          0.25    0.88   clock uncertainty
                         -0.06    0.82   clock reconvergence pessimism
                         -0.07    0.75   library hold time
                                  0.75   data required time
-----------------------------------------------------------------------------
                                  0.75   data required time
                                 -1.63   data arrival time
-----------------------------------------------------------------------------
                                  0.88   slack (MET)


Startpoint: _447_ (rising edge-triggered flip-flop clocked by clk)
Endpoint: _429_ (rising edge-triggered flip-flop clocked by clk)
Path Group: clk
Path Type: min
Corner: Slowest

Fanout     Cap    Slew   Delay    Time   Description
-----------------------------------------------------------------------------
                          0.00    0.00   clock clk (rise edge)
                          0.00    0.00   clock source latency
                  0.12    0.08    0.08 ^ clk (in)
     1    0.02                           clk (net)
                  0.12    0.00    0.08 ^ clkbuf_0_clk/A (sky130_fd_sc_hd__clkbuf_16)
                  0.09    0.26    0.34 ^ clkbuf_0_clk/X (sky130_fd_sc_hd__clkbuf_16)
     4    0.04                           clknet_0_clk (net)
                  0.09    0.00    0.34 ^ clkbuf_2_0__f_clk/A (sky130_fd_sc_hd__clkbuf_16)
                  0.10    0.25    0.58 ^ clkbuf_2_0__f_clk/X (sky130_fd_sc_hd__clkbuf_16)
    14    0.04                           clknet_2_0__leaf_clk (net)
                  0.10    0.00    0.58 ^ _447_/CLK (sky130_fd_sc_hd__dfrtp_1)
                  0.16    0.69    1.27 ^ _447_/Q (sky130_fd_sc_hd__dfrtp_1)
     3    0.01                           rx_shift[3] (net)
                  0.16    0.00    1.27 ^ _287_/A0 (sky130_fd_sc_hd__mux2_1)
                  0.07    0.24    1.52 ^ _287_/X (sky130_fd_sc_hd__mux2_1)
     1    0.00                           _152_ (net)
                  0.07    0.00    1.52 ^ _288_/A (sky130_fd_sc_hd__clkbuf_1)
                  0.06    0.13    1.65 ^ _288_/X (sky130_fd_sc_hd__clkbuf_1)
     1    0.00                           _069_ (net)
                  0.06    0.00    1.65 ^ _429_/D (sky130_fd_sc_hd__dfrtp_1)
                                  1.65   data arrival time

                          0.00    0.00   clock clk (rise edge)
                          0.00    0.00   clock source latency
                  0.12    0.08    0.08 ^ clk (in)
     1    0.02                           clk (net)
                  0.12    0.00    0.08 ^ clkbuf_0_clk/A (sky130_fd_sc_hd__clkbuf_16)
                  0.09    0.29    0.37 ^ clkbuf_0_clk/X (sky130_fd_sc_hd__clkbuf_16)
     4    0.04                           clknet_0_clk (net)
                  0.09    0.00    0.37 ^ clkbuf_2_0__f_clk/A (sky130_fd_sc_hd__clkbuf_16)
                  0.10    0.28    0.65 ^ clkbuf_2_0__f_clk/X (sky130_fd_sc_hd__clkbuf_16)
    14    0.04                           clknet_2_0__leaf_clk (net)
                  0.10    0.00    0.65 ^ _429_/CLK (sky130_fd_sc_hd__dfrtp_1)
                          0.25    0.90   clock uncertainty
                         -0.06    0.84   clock reconvergence pessimism
                         -0.07    0.76   library hold time
                                  0.76   data required time
-----------------------------------------------------------------------------
                                  0.76   data required time
                                 -1.65   data arrival time
-----------------------------------------------------------------------------
                                  0.88   slack (MET)


Startpoint: _449_ (rising edge-triggered flip-flop clocked by clk)
Endpoint: _431_ (rising edge-triggered flip-flop clocked by clk)
Path Group: clk
Path Type: min
Corner: Slowest

Fanout     Cap    Slew   Delay    Time   Description
-----------------------------------------------------------------------------
                          0.00    0.00   clock clk (rise edge)
                          0.00    0.00   clock source latency
                  0.12    0.08    0.08 ^ clk (in)
     1    0.02                           clk (net)
                  0.12    0.00    0.08 ^ clkbuf_0_clk/A (sky130_fd_sc_hd__clkbuf_16)
                  0.09    0.26    0.34 ^ clkbuf_0_clk/X (sky130_fd_sc_hd__clkbuf_16)
     4    0.04                           clknet_0_clk (net)
                  0.09    0.00    0.34 ^ clkbuf_2_0__f_clk/A (sky130_fd_sc_hd__clkbuf_16)
                  0.10    0.25    0.58 ^ clkbuf_2_0__f_clk/X (sky130_fd_sc_hd__clkbuf_16)
    14    0.04                           clknet_2_0__leaf_clk (net)
                  0.10    0.00    0.58 ^ _449_/CLK (sky130_fd_sc_hd__dfrtp_1)
                  0.15    0.68    1.27 ^ _449_/Q (sky130_fd_sc_hd__dfrtp_1)
     3    0.01                           rx_shift[5] (net)
                  0.15    0.00    1.27 ^ _283_/A0 (sky130_fd_sc_hd__mux2_1)
                  0.07    0.25    1.51 ^ _283_/X (sky130_fd_sc_hd__mux2_1)
     1    0.00                           _150_ (net)
                  0.07    0.00    1.51 ^ _284_/A (sky130_fd_sc_hd__clkbuf_1)
                  0.06    0.13    1.65 ^ _284_/X (sky130_fd_sc_hd__clkbuf_1)
     1    0.00                           _071_ (net)
                  0.06    0.00    1.65 ^ _431_/D (sky130_fd_sc_hd__dfrtp_1)
                                  1.65   data arrival time

                          0.00    0.00   clock clk (rise edge)
                          0.00    0.00   clock source latency
                  0.12    0.08    0.08 ^ clk (in)
     1    0.02                           clk (net)
                  0.12    0.00    0.08 ^ clkbuf_0_clk/A (sky130_fd_sc_hd__clkbuf_16)
                  0.09    0.29    0.37 ^ clkbuf_0_clk/X (sky130_fd_sc_hd__clkbuf_16)
     4    0.04                           clknet_0_clk (net)
                  0.09    0.00    0.37 ^ clkbuf_2_0__f_clk/A (sky130_fd_sc_hd__clkbuf_16)
                  0.10    0.28    0.65 ^ clkbuf_2_0__f_clk/X (sky130_fd_sc_hd__clkbuf_16)
    14    0.04                           clknet_2_0__leaf_clk (net)
                  0.10    0.00    0.65 ^ _431_/CLK (sky130_fd_sc_hd__dfrtp_1)
                          0.25    0.90   clock uncertainty
                         -0.06    0.84   clock reconvergence pessimism
                         -0.07    0.76   library hold time
                                  0.76   data required time
-----------------------------------------------------------------------------
                                  0.76   data required time
                                 -1.65   data arrival time
-----------------------------------------------------------------------------
                                  0.88   slack (MET)


Startpoint: _428_ (rising edge-triggered flip-flop clocked by clk)
Endpoint: _428_ (rising edge-triggered flip-flop clocked by clk)
Path Group: clk
Path Type: min
Corner: Slowest

Fanout     Cap    Slew   Delay    Time   Description
-----------------------------------------------------------------------------
                          0.00    0.00   clock clk (rise edge)
                          0.00    0.00   clock source latency
                  0.12    0.08    0.08 ^ clk (in)
     1    0.02                           clk (net)
                  0.12    0.00    0.08 ^ clkbuf_0_clk/A (sky130_fd_sc_hd__clkbuf_16)
                  0.09    0.26    0.34 ^ clkbuf_0_clk/X (sky130_fd_sc_hd__clkbuf_16)
     4    0.04                           clknet_0_clk (net)
                  0.09    0.00    0.34 ^ clkbuf_2_0__f_clk/A (sky130_fd_sc_hd__clkbuf_16)
                  0.10    0.25    0.58 ^ clkbuf_2_0__f_clk/X (sky130_fd_sc_hd__clkbuf_16)
    14    0.04                           clknet_2_0__leaf_clk (net)
                  0.10    0.00    0.59 ^ _428_/CLK (sky130_fd_sc_hd__dfrtp_1)
                  0.15    0.68    1.27 ^ _428_/Q (sky130_fd_sc_hd__dfrtp_1)
     2    0.01                           net18 (net)
                  0.15    0.00    1.27 ^ _289_/A1 (sky130_fd_sc_hd__mux2_1)
                  0.07    0.25    1.52 ^ _289_/X (sky130_fd_sc_hd__mux2_1)
     1    0.00                           _153_ (net)
                  0.07    0.00    1.52 ^ _290_/A (sky130_fd_sc_hd__clkbuf_1)
                  0.06    0.14    1.66 ^ _290_/X (sky130_fd_sc_hd__clkbuf_1)
     1    0.00                           _068_ (net)
                  0.06    0.00    1.66 ^ _428_/D (sky130_fd_sc_hd__dfrtp_1)
                                  1.66   data arrival time

                          0.00    0.00   clock clk (rise edge)
                          0.00    0.00   clock source latency
                  0.12    0.08    0.08 ^ clk (in)
     1    0.02                           clk (net)
                  0.12    0.00    0.08 ^ clkbuf_0_clk/A (sky130_fd_sc_hd__clkbuf_16)
                  0.09    0.29    0.37 ^ clkbuf_0_clk/X (sky130_fd_sc_hd__clkbuf_16)
     4    0.04                           clknet_0_clk (net)
                  0.09    0.00    0.37 ^ clkbuf_2_0__f_clk/A (sky130_fd_sc_hd__clkbuf_16)
                  0.10    0.28    0.65 ^ clkbuf_2_0__f_clk/X (sky130_fd_sc_hd__clkbuf_16)
    14    0.04                           clknet_2_0__leaf_clk (net)
                  0.10    0.00    0.65 ^ _428_/CLK (sky130_fd_sc_hd__dfrtp_1)
                          0.25    0.90   clock uncertainty
                         -0.06    0.84   clock reconvergence pessimism
                         -0.07    0.76   library hold time
                                  0.76   data required time
-----------------------------------------------------------------------------
                                  0.76   data required time
                                 -1.66   data arrival time
-----------------------------------------------------------------------------
                                  0.89   slack (MET)


Startpoint: _435_ (rising edge-triggered flip-flop clocked by clk)
Endpoint: _435_ (rising edge-triggered flip-flop clocked by clk)
Path Group: clk
Path Type: min
Corner: Slowest

Fanout     Cap    Slew   Delay    Time   Description
-----------------------------------------------------------------------------
                          0.00    0.00   clock clk (rise edge)
                          0.00    0.00   clock source latency
                  0.12    0.08    0.08 ^ clk (in)
     1    0.02                           clk (net)
                  0.12    0.00    0.08 ^ clkbuf_0_clk/A (sky130_fd_sc_hd__clkbuf_16)
                  0.09    0.26    0.34 ^ clkbuf_0_clk/X (sky130_fd_sc_hd__clkbuf_16)
     4    0.04                           clknet_0_clk (net)
                  0.09    0.00    0.34 ^ clkbuf_2_0__f_clk/A (sky130_fd_sc_hd__clkbuf_16)
                  0.10    0.25    0.58 ^ clkbuf_2_0__f_clk/X (sky130_fd_sc_hd__clkbuf_16)
    14    0.04                           clknet_2_0__leaf_clk (net)
                  0.10    0.00    0.59 ^ _435_/CLK (sky130_fd_sc_hd__dfrtp_2)
                  0.20    0.78    1.37 ^ _435_/Q (sky130_fd_sc_hd__dfrtp_2)
     4    0.02                           net24 (net)
                  0.20    0.00    1.37 ^ _235_/A (sky130_fd_sc_hd__inv_2)
                  0.05    0.10    1.47 v _235_/Y (sky130_fd_sc_hd__inv_2)
     2    0.01                           _123_ (net)
                  0.05    0.00    1.47 v _274_/A1 (sky130_fd_sc_hd__a21oi_1)
                  0.15    0.18    1.66 ^ _274_/Y (sky130_fd_sc_hd__a21oi_1)
     1    0.00                           _075_ (net)
                  0.15    0.00    1.66 ^ _435_/D (sky130_fd_sc_hd__dfrtp_2)
                                  1.66   data arrival time

                          0.00    0.00   clock clk (rise edge)
                          0.00    0.00   clock source latency
                  0.12    0.08    0.08 ^ clk (in)
     1    0.02                           clk (net)
                  0.12    0.00    0.08 ^ clkbuf_0_clk/A (sky130_fd_sc_hd__clkbuf_16)
                  0.09    0.29    0.37 ^ clkbuf_0_clk/X (sky130_fd_sc_hd__clkbuf_16)
     4    0.04                           clknet_0_clk (net)
                  0.09    0.00    0.37 ^ clkbuf_2_0__f_clk/A (sky130_fd_sc_hd__clkbuf_16)
                  0.10    0.28    0.65 ^ clkbuf_2_0__f_clk/X (sky130_fd_sc_hd__clkbuf_16)
    14    0.04                           clknet_2_0__leaf_clk (net)
                  0.10    0.00    0.65 ^ _435_/CLK (sky130_fd_sc_hd__dfrtp_2)
                          0.25    0.90   clock uncertainty
                         -0.06    0.84   clock reconvergence pessimism
                         -0.09    0.74   library hold time
                                  0.74   data required time
-----------------------------------------------------------------------------
                                  0.74   data required time
                                 -1.66   data arrival time
-----------------------------------------------------------------------------
                                  0.91   slack (MET)


Startpoint: _419_ (rising edge-triggered flip-flop clocked by clk)
Endpoint: _419_ (rising edge-triggered flip-flop clocked by clk)
Path Group: clk
Path Type: min
Corner: Slowest

Fanout     Cap    Slew   Delay    Time   Description
-----------------------------------------------------------------------------
                          0.00    0.00   clock clk (rise edge)
                          0.00    0.00   clock source latency
                  0.12    0.08    0.08 ^ clk (in)
     1    0.02                           clk (net)
                  0.12    0.00    0.08 ^ clkbuf_0_clk/A (sky130_fd_sc_hd__clkbuf_16)
                  0.09    0.26    0.34 ^ clkbuf_0_clk/X (sky130_fd_sc_hd__clkbuf_16)
     4    0.04                           clknet_0_clk (net)
                  0.09    0.00    0.34 ^ clkbuf_2_3__f_clk/A (sky130_fd_sc_hd__clkbuf_16)
                  0.09    0.24    0.58 ^ clkbuf_2_3__f_clk/X (sky130_fd_sc_hd__clkbuf_16)
    12    0.04                           clknet_2_3__leaf_clk (net)
                  0.09    0.00    0.58 ^ _419_/CLK (sky130_fd_sc_hd__dfrtp_1)
                  0.17    0.69    1.27 ^ _419_/Q (sky130_fd_sc_hd__dfrtp_1)
     3    0.01                           clk_count[11] (net)
                  0.17    0.00    1.27 ^ _317_/S (sky130_fd_sc_hd__mux2_1)
                  0.07    0.26    1.54 ^ _317_/X (sky130_fd_sc_hd__mux2_1)
     1    0.00                           _174_ (net)
                  0.07    0.00    1.54 ^ _318_/A (sky130_fd_sc_hd__clkbuf_1)
                  0.06    0.14    1.67 ^ _318_/X (sky130_fd_sc_hd__clkbuf_1)
     1    0.00                           _061_ (net)
                  0.06    0.00    1.67 ^ _419_/D (sky130_fd_sc_hd__dfrtp_1)
                                  1.67   data arrival time

                          0.00    0.00   clock clk (rise edge)
                          0.00    0.00   clock source latency
                  0.12    0.08    0.08 ^ clk (in)
     1    0.02                           clk (net)
                  0.12    0.00    0.08 ^ clkbuf_0_clk/A (sky130_fd_sc_hd__clkbuf_16)
                  0.09    0.29    0.37 ^ clkbuf_0_clk/X (sky130_fd_sc_hd__clkbuf_16)
     4    0.04                           clknet_0_clk (net)
                  0.09    0.00    0.37 ^ clkbuf_2_3__f_clk/A (sky130_fd_sc_hd__clkbuf_16)
                  0.09    0.27    0.64 ^ clkbuf_2_3__f_clk/X (sky130_fd_sc_hd__clkbuf_16)
    12    0.04                           clknet_2_3__leaf_clk (net)
                  0.09    0.00    0.64 ^ _419_/CLK (sky130_fd_sc_hd__dfrtp_1)
                          0.25    0.89   clock uncertainty
                         -0.06    0.83   clock reconvergence pessimism
                         -0.07    0.76   library hold time
                                  0.76   data required time
-----------------------------------------------------------------------------
                                  0.76   data required time
                                 -1.67   data arrival time
-----------------------------------------------------------------------------
                                  0.92   slack (MET)


Startpoint: _453_ (rising edge-triggered flip-flop clocked by clk)
Endpoint: _453_ (rising edge-triggered flip-flop clocked by clk)
Path Group: clk
Path Type: min
Corner: Slowest

Fanout     Cap    Slew   Delay    Time   Description
-----------------------------------------------------------------------------
                          0.00    0.00   clock clk (rise edge)
                          0.00    0.00   clock source latency
                  0.12    0.08    0.08 ^ clk (in)
     1    0.02                           clk (net)
                  0.12    0.00    0.08 ^ clkbuf_0_clk/A (sky130_fd_sc_hd__clkbuf_16)
                  0.09    0.26    0.34 ^ clkbuf_0_clk/X (sky130_fd_sc_hd__clkbuf_16)
     4    0.04                           clknet_0_clk (net)
                  0.09    0.00    0.34 ^ clkbuf_2_1__f_clk/A (sky130_fd_sc_hd__clkbuf_16)
                  0.09    0.24    0.58 ^ clkbuf_2_1__f_clk/X (sky130_fd_sc_hd__clkbuf_16)
    12    0.04                           clknet_2_1__leaf_clk (net)
                  0.09    0.00    0.58 ^ _453_/CLK (sky130_fd_sc_hd__dfrtp_1)
                  0.17    0.69    1.27 ^ _453_/Q (sky130_fd_sc_hd__dfrtp_1)
     4    0.01                           bit_count[1] (net)
                  0.17    0.00    1.27 ^ _229_/A0 (sky130_fd_sc_hd__mux2_1)
                  0.08    0.26    1.53 ^ _229_/X (sky130_fd_sc_hd__mux2_1)
     1    0.00                           _119_ (net)
                  0.08    0.00    1.53 ^ _230_/A (sky130_fd_sc_hd__clkbuf_1)
                  0.07    0.14    1.67 ^ _230_/X (sky130_fd_sc_hd__clkbuf_1)
     1    0.00                           _093_ (net)
                  0.07    0.00    1.67 ^ _453_/D (sky130_fd_sc_hd__dfrtp_1)
                                  1.67   data arrival time

                          0.00    0.00   clock clk (rise edge)
                          0.00    0.00   clock source latency
                  0.12    0.08    0.08 ^ clk (in)
     1    0.02                           clk (net)
                  0.12    0.00    0.08 ^ clkbuf_0_clk/A (sky130_fd_sc_hd__clkbuf_16)
                  0.09    0.29    0.37 ^ clkbuf_0_clk/X (sky130_fd_sc_hd__clkbuf_16)
     4    0.04                           clknet_0_clk (net)
                  0.09    0.00    0.37 ^ clkbuf_2_1__f_clk/A (sky130_fd_sc_hd__clkbuf_16)
                  0.09    0.27    0.64 ^ clkbuf_2_1__f_clk/X (sky130_fd_sc_hd__clkbuf_16)
    12    0.04                           clknet_2_1__leaf_clk (net)
                  0.09    0.00    0.64 ^ _453_/CLK (sky130_fd_sc_hd__dfrtp_1)
                          0.25    0.89   clock uncertainty
                         -0.06    0.83   clock reconvergence pessimism
                         -0.07    0.76   library hold time
                                  0.76   data required time
-----------------------------------------------------------------------------
                                  0.76   data required time
                                 -1.67   data arrival time
-----------------------------------------------------------------------------
                                  0.92   slack (MET)


Startpoint: _450_ (rising edge-triggered flip-flop clocked by clk)
Endpoint: _432_ (rising edge-triggered flip-flop clocked by clk)
Path Group: clk
Path Type: min
Corner: Slowest

Fanout     Cap    Slew   Delay    Time   Description
-----------------------------------------------------------------------------
                          0.00    0.00   clock clk (rise edge)
                          0.00    0.00   clock source latency
                  0.12    0.08    0.08 ^ clk (in)
     1    0.02                           clk (net)
                  0.12    0.00    0.08 ^ clkbuf_0_clk/A (sky130_fd_sc_hd__clkbuf_16)
                  0.09    0.26    0.34 ^ clkbuf_0_clk/X (sky130_fd_sc_hd__clkbuf_16)
     4    0.04                           clknet_0_clk (net)
                  0.09    0.00    0.34 ^ clkbuf_2_0__f_clk/A (sky130_fd_sc_hd__clkbuf_16)
                  0.10    0.25    0.58 ^ clkbuf_2_0__f_clk/X (sky130_fd_sc_hd__clkbuf_16)
    14    0.04                           clknet_2_0__leaf_clk (net)
                  0.10    0.00    0.58 ^ _450_/CLK (sky130_fd_sc_hd__dfrtp_1)
                  0.19    0.71    1.30 ^ _450_/Q (sky130_fd_sc_hd__dfrtp_1)
     3    0.01                           rx_shift[6] (net)
                  0.19    0.00    1.30 ^ _281_/A0 (sky130_fd_sc_hd__mux2_1)
                  0.07    0.26    1.56 ^ _281_/X (sky130_fd_sc_hd__mux2_1)
     1    0.00                           _149_ (net)
                  0.07    0.00    1.56 ^ _282_/A (sky130_fd_sc_hd__clkbuf_1)
                  0.06    0.14    1.69 ^ _282_/X (sky130_fd_sc_hd__clkbuf_1)
     1    0.00                           _072_ (net)
                  0.06    0.00    1.69 ^ _432_/D (sky130_fd_sc_hd__dfrtp_1)
                                  1.69   data arrival time

                          0.00    0.00   clock clk (rise edge)
                          0.00    0.00   clock source latency
                  0.12    0.08    0.08 ^ clk (in)
     1    0.02                           clk (net)
                  0.12    0.00    0.08 ^ clkbuf_0_clk/A (sky130_fd_sc_hd__clkbuf_16)
                  0.09    0.29    0.37 ^ clkbuf_0_clk/X (sky130_fd_sc_hd__clkbuf_16)
     4    0.04                           clknet_0_clk (net)
                  0.09    0.00    0.37 ^ clkbuf_2_0__f_clk/A (sky130_fd_sc_hd__clkbuf_16)
                  0.10    0.28    0.65 ^ clkbuf_2_0__f_clk/X (sky130_fd_sc_hd__clkbuf_16)
    14    0.04                           clknet_2_0__leaf_clk (net)
                  0.10    0.00    0.65 ^ _432_/CLK (sky130_fd_sc_hd__dfrtp_1)
                          0.25    0.90   clock uncertainty
                         -0.06    0.84   clock reconvergence pessimism
                         -0.07    0.76   library hold time
                                  0.76   data required time
-----------------------------------------------------------------------------
                                  0.76   data required time
                                 -1.69   data arrival time
-----------------------------------------------------------------------------
                                  0.93   slack (MET)


Startpoint: _423_ (rising edge-triggered flip-flop clocked by clk)
Endpoint: _423_ (rising edge-triggered flip-flop clocked by clk)
Path Group: clk
Path Type: min
Corner: Slowest

Fanout     Cap    Slew   Delay    Time   Description
-----------------------------------------------------------------------------
                          0.00    0.00   clock clk (rise edge)
                          0.00    0.00   clock source latency
                  0.12    0.08    0.08 ^ clk (in)
     1    0.02                           clk (net)
                  0.12    0.00    0.08 ^ clkbuf_0_clk/A (sky130_fd_sc_hd__clkbuf_16)
                  0.09    0.26    0.34 ^ clkbuf_0_clk/X (sky130_fd_sc_hd__clkbuf_16)
     4    0.04                           clknet_0_clk (net)
                  0.09    0.00    0.34 ^ clkbuf_2_2__f_clk/A (sky130_fd_sc_hd__clkbuf_16)
                  0.08    0.24    0.57 ^ clkbuf_2_2__f_clk/X (sky130_fd_sc_hd__clkbuf_16)
    10    0.03                           clknet_2_2__leaf_clk (net)
                  0.08    0.00    0.57 ^ _423_/CLK (sky130_fd_sc_hd__dfrtp_1)
                  0.13    0.76    1.34 v _423_/Q (sky130_fd_sc_hd__dfrtp_1)
     3    0.01                           clk_count[15] (net)
                  0.13    0.00    1.34 v _295_/A (sky130_fd_sc_hd__inv_2)
                  0.06    0.10    1.43 ^ _295_/Y (sky130_fd_sc_hd__inv_2)
     1    0.00                           _156_ (net)
                  0.06    0.00    1.43 ^ _303_/A1 (sky130_fd_sc_hd__o31a_1)
                  0.08    0.24    1.67 ^ _303_/X (sky130_fd_sc_hd__o31a_1)
     1    0.00                           _065_ (net)
                  0.08    0.00    1.67 ^ _423_/D (sky130_fd_sc_hd__dfrtp_1)
                                  1.67   data arrival time

                          0.00    0.00   clock clk (rise edge)
                          0.00    0.00   clock source latency
                  0.12    0.08    0.08 ^ clk (in)
     1    0.02                           clk (net)
                  0.12    0.00    0.08 ^ clkbuf_0_clk/A (sky130_fd_sc_hd__clkbuf_16)
                  0.09    0.29    0.37 ^ clkbuf_0_clk/X (sky130_fd_sc_hd__clkbuf_16)
     4    0.04                           clknet_0_clk (net)
                  0.09    0.00    0.37 ^ clkbuf_2_2__f_clk/A (sky130_fd_sc_hd__clkbuf_16)
                  0.08    0.26    0.63 ^ clkbuf_2_2__f_clk/X (sky130_fd_sc_hd__clkbuf_16)
    10    0.03                           clknet_2_2__leaf_clk (net)
                  0.08    0.00    0.63 ^ _423_/CLK (sky130_fd_sc_hd__dfrtp_1)
                          0.25    0.88   clock uncertainty
                         -0.06    0.82   clock reconvergence pessimism
                         -0.08    0.75   library hold time
                                  0.75   data required time
-----------------------------------------------------------------------------
                                  0.75   data required time
                                 -1.67   data arrival time
-----------------------------------------------------------------------------
                                  0.93   slack (MET)


Startpoint: _421_ (rising edge-triggered flip-flop clocked by clk)
Endpoint: _421_ (rising edge-triggered flip-flop clocked by clk)
Path Group: clk
Path Type: min
Corner: Slowest

Fanout     Cap    Slew   Delay    Time   Description
-----------------------------------------------------------------------------
                          0.00    0.00   clock clk (rise edge)
                          0.00    0.00   clock source latency
                  0.12    0.08    0.08 ^ clk (in)
     1    0.02                           clk (net)
                  0.12    0.00    0.08 ^ clkbuf_0_clk/A (sky130_fd_sc_hd__clkbuf_16)
                  0.09    0.26    0.34 ^ clkbuf_0_clk/X (sky130_fd_sc_hd__clkbuf_16)
     4    0.04                           clknet_0_clk (net)
                  0.09    0.00    0.34 ^ clkbuf_2_3__f_clk/A (sky130_fd_sc_hd__clkbuf_16)
                  0.09    0.24    0.58 ^ clkbuf_2_3__f_clk/X (sky130_fd_sc_hd__clkbuf_16)
    12    0.04                           clknet_2_3__leaf_clk (net)
                  0.09    0.00    0.58 ^ _421_/CLK (sky130_fd_sc_hd__dfrtp_1)
                  0.18    0.70    1.28 ^ _421_/Q (sky130_fd_sc_hd__dfrtp_1)
     3    0.01                           clk_count[13] (net)
                  0.18    0.00    1.28 ^ _309_/S (sky130_fd_sc_hd__mux2_1)
                  0.07    0.27    1.55 ^ _309_/X (sky130_fd_sc_hd__mux2_1)
     1    0.00                           _168_ (net)
                  0.07    0.00    1.55 ^ _310_/A (sky130_fd_sc_hd__clkbuf_1)
                  0.07    0.14    1.69 ^ _310_/X (sky130_fd_sc_hd__clkbuf_1)
     1    0.00                           _063_ (net)
                  0.07    0.00    1.69 ^ _421_/D (sky130_fd_sc_hd__dfrtp_1)
                                  1.69   data arrival time

                          0.00    0.00   clock clk (rise edge)
                          0.00    0.00   clock source latency
                  0.12    0.08    0.08 ^ clk (in)
     1    0.02                           clk (net)
                  0.12    0.00    0.08 ^ clkbuf_0_clk/A (sky130_fd_sc_hd__clkbuf_16)
                  0.09    0.29    0.37 ^ clkbuf_0_clk/X (sky130_fd_sc_hd__clkbuf_16)
     4    0.04                           clknet_0_clk (net)
                  0.09    0.00    0.37 ^ clkbuf_2_3__f_clk/A (sky130_fd_sc_hd__clkbuf_16)
                  0.09    0.27    0.64 ^ clkbuf_2_3__f_clk/X (sky130_fd_sc_hd__clkbuf_16)
    12    0.04                           clknet_2_3__leaf_clk (net)
                  0.09    0.00    0.64 ^ _421_/CLK (sky130_fd_sc_hd__dfrtp_1)
                          0.25    0.89   clock uncertainty
                         -0.06    0.83   clock reconvergence pessimism
                         -0.07    0.76   library hold time
                                  0.76   data required time
-----------------------------------------------------------------------------
                                  0.76   data required time
                                 -1.69   data arrival time
-----------------------------------------------------------------------------
                                  0.93   slack (MET)


Startpoint: _430_ (rising edge-triggered flip-flop clocked by clk)
Endpoint: _430_ (rising edge-triggered flip-flop clocked by clk)
Path Group: clk
Path Type: min
Corner: Slowest

Fanout     Cap    Slew   Delay    Time   Description
-----------------------------------------------------------------------------
                          0.00    0.00   clock clk (rise edge)
                          0.00    0.00   clock source latency
                  0.12    0.08    0.08 ^ clk (in)
     1    0.02                           clk (net)
                  0.12    0.00    0.08 ^ clkbuf_0_clk/A (sky130_fd_sc_hd__clkbuf_16)
                  0.09    0.26    0.34 ^ clkbuf_0_clk/X (sky130_fd_sc_hd__clkbuf_16)
     4    0.04                           clknet_0_clk (net)
                  0.09    0.00    0.34 ^ clkbuf_2_0__f_clk/A (sky130_fd_sc_hd__clkbuf_16)
                  0.10    0.25    0.58 ^ clkbuf_2_0__f_clk/X (sky130_fd_sc_hd__clkbuf_16)
    14    0.04                           clknet_2_0__leaf_clk (net)
                  0.10    0.00    0.59 ^ _430_/CLK (sky130_fd_sc_hd__dfrtp_1)
                  0.20    0.72    1.30 ^ _430_/Q (sky130_fd_sc_hd__dfrtp_1)
     2    0.01                           net20 (net)
                  0.20    0.00    1.30 ^ _285_/A1 (sky130_fd_sc_hd__mux2_1)
                  0.07    0.27    1.57 ^ _285_/X (sky130_fd_sc_hd__mux2_1)
     1    0.00                           _151_ (net)
                  0.07    0.00    1.57 ^ _286_/A (sky130_fd_sc_hd__clkbuf_1)
                  0.06    0.13    1.70 ^ _286_/X (sky130_fd_sc_hd__clkbuf_1)
     1    0.00                           _070_ (net)
                  0.06    0.00    1.70 ^ _430_/D (sky130_fd_sc_hd__dfrtp_1)
                                  1.70   data arrival time

                          0.00    0.00   clock clk (rise edge)
                          0.00    0.00   clock source latency
                  0.12    0.08    0.08 ^ clk (in)
     1    0.02                           clk (net)
                  0.12    0.00    0.08 ^ clkbuf_0_clk/A (sky130_fd_sc_hd__clkbuf_16)
                  0.09    0.29    0.37 ^ clkbuf_0_clk/X (sky130_fd_sc_hd__clkbuf_16)
     4    0.04                           clknet_0_clk (net)
                  0.09    0.00    0.37 ^ clkbuf_2_0__f_clk/A (sky130_fd_sc_hd__clkbuf_16)
                  0.10    0.28    0.65 ^ clkbuf_2_0__f_clk/X (sky130_fd_sc_hd__clkbuf_16)
    14    0.04                           clknet_2_0__leaf_clk (net)
                  0.10    0.00    0.65 ^ _430_/CLK (sky130_fd_sc_hd__dfrtp_1)
                          0.25    0.90   clock uncertainty
                         -0.06    0.84   clock reconvergence pessimism
                         -0.07    0.76   library hold time
                                  0.76   data required time
-----------------------------------------------------------------------------
                                  0.76   data required time
                                 -1.70   data arrival time
-----------------------------------------------------------------------------
                                  0.94   slack (MET)


Startpoint: _413_ (rising edge-triggered flip-flop clocked by clk)
Endpoint: _413_ (rising edge-triggered flip-flop clocked by clk)
Path Group: clk
Path Type: min
Corner: Slowest

Fanout     Cap    Slew   Delay    Time   Description
-----------------------------------------------------------------------------
                          0.00    0.00   clock clk (rise edge)
                          0.00    0.00   clock source latency
                  0.12    0.08    0.08 ^ clk (in)
     1    0.02                           clk (net)
                  0.12    0.00    0.08 ^ clkbuf_0_clk/A (sky130_fd_sc_hd__clkbuf_16)
                  0.09    0.26    0.34 ^ clkbuf_0_clk/X (sky130_fd_sc_hd__clkbuf_16)
     4    0.04                           clknet_0_clk (net)
                  0.09    0.00    0.34 ^ clkbuf_2_2__f_clk/A (sky130_fd_sc_hd__clkbuf_16)
                  0.08    0.24    0.57 ^ clkbuf_2_2__f_clk/X (sky130_fd_sc_hd__clkbuf_16)
    10    0.03                           clknet_2_2__leaf_clk (net)
                  0.08    0.00    0.57 ^ _413_/CLK (sky130_fd_sc_hd__dfrtp_1)
                  0.19    0.71    1.28 ^ _413_/Q (sky130_fd_sc_hd__dfrtp_1)
     4    0.01                           clk_count[5] (net)
                  0.19    0.00    1.28 ^ _339_/S (sky130_fd_sc_hd__mux2_1)
                  0.07    0.27    1.55 ^ _339_/X (sky130_fd_sc_hd__mux2_1)
     1    0.00                           _190_ (net)
                  0.07    0.00    1.55 ^ _340_/A (sky130_fd_sc_hd__clkbuf_1)
                  0.07    0.14    1.69 ^ _340_/X (sky130_fd_sc_hd__clkbuf_1)
     1    0.00                           _055_ (net)
                  0.07    0.00    1.69 ^ _413_/D (sky130_fd_sc_hd__dfrtp_1)
                                  1.69   data arrival time

                          0.00    0.00   clock clk (rise edge)
                          0.00    0.00   clock source latency
                  0.12    0.08    0.08 ^ clk (in)
     1    0.02                           clk (net)
                  0.12    0.00    0.08 ^ clkbuf_0_clk/A (sky130_fd_sc_hd__clkbuf_16)
                  0.09    0.29    0.37 ^ clkbuf_0_clk/X (sky130_fd_sc_hd__clkbuf_16)
     4    0.04                           clknet_0_clk (net)
                  0.09    0.00    0.37 ^ clkbuf_2_2__f_clk/A (sky130_fd_sc_hd__clkbuf_16)
                  0.08    0.26    0.63 ^ clkbuf_2_2__f_clk/X (sky130_fd_sc_hd__clkbuf_16)
    10    0.03                           clknet_2_2__leaf_clk (net)
                  0.08    0.00    0.63 ^ _413_/CLK (sky130_fd_sc_hd__dfrtp_1)
                          0.25    0.88   clock uncertainty
                         -0.06    0.82   clock reconvergence pessimism
                         -0.07    0.75   library hold time
                                  0.75   data required time
-----------------------------------------------------------------------------
                                  0.75   data required time
                                 -1.69   data arrival time
-----------------------------------------------------------------------------
                                  0.94   slack (MET)


Startpoint: _434_ (rising edge-triggered flip-flop clocked by clk)
Endpoint: _434_ (rising edge-triggered flip-flop clocked by clk)
Path Group: clk
Path Type: min
Corner: Slowest

Fanout     Cap    Slew   Delay    Time   Description
-----------------------------------------------------------------------------
                          0.00    0.00   clock clk (rise edge)
                          0.00    0.00   clock source latency
                  0.12    0.08    0.08 ^ clk (in)
     1    0.02                           clk (net)
                  0.12    0.00    0.08 ^ clkbuf_0_clk/A (sky130_fd_sc_hd__clkbuf_16)
                  0.09    0.26    0.34 ^ clkbuf_0_clk/X (sky130_fd_sc_hd__clkbuf_16)
     4    0.04                           clknet_0_clk (net)
                  0.09    0.00    0.34 ^ clkbuf_2_1__f_clk/A (sky130_fd_sc_hd__clkbuf_16)
                  0.09    0.24    0.58 ^ clkbuf_2_1__f_clk/X (sky130_fd_sc_hd__clkbuf_16)
    12    0.04                           clknet_2_1__leaf_clk (net)
                  0.09    0.00    0.58 ^ _434_/CLK (sky130_fd_sc_hd__dfrtp_1)
                  0.18    0.70    1.27 ^ _434_/Q (sky130_fd_sc_hd__dfrtp_1)
     2    0.01                           net15 (net)
                  0.18    0.00    1.27 ^ _277_/A1 (sky130_fd_sc_hd__mux2_1)
                  0.09    0.28    1.55 ^ _277_/X (sky130_fd_sc_hd__mux2_1)
     1    0.00                           _147_ (net)
                  0.09    0.00    1.55 ^ _278_/A (sky130_fd_sc_hd__clkbuf_1)
                  0.07    0.15    1.70 ^ _278_/X (sky130_fd_sc_hd__clkbuf_1)
     1    0.00                           _074_ (net)
                  0.07    0.00    1.70 ^ _434_/D (sky130_fd_sc_hd__dfrtp_1)
                                  1.70   data arrival time

                          0.00    0.00   clock clk (rise edge)
                          0.00    0.00   clock source latency
                  0.12    0.08    0.08 ^ clk (in)
     1    0.02                           clk (net)
                  0.12    0.00    0.08 ^ clkbuf_0_clk/A (sky130_fd_sc_hd__clkbuf_16)
                  0.09    0.29    0.37 ^ clkbuf_0_clk/X (sky130_fd_sc_hd__clkbuf_16)
     4    0.04                           clknet_0_clk (net)
                  0.09    0.00    0.37 ^ clkbuf_2_1__f_clk/A (sky130_fd_sc_hd__clkbuf_16)
                  0.09    0.27    0.64 ^ clkbuf_2_1__f_clk/X (sky130_fd_sc_hd__clkbuf_16)
    12    0.04                           clknet_2_1__leaf_clk (net)
                  0.09    0.00    0.64 ^ _434_/CLK (sky130_fd_sc_hd__dfrtp_1)
                          0.25    0.89   clock uncertainty
                         -0.06    0.83   clock reconvergence pessimism
                         -0.08    0.75   library hold time
                                  0.75   data required time
-----------------------------------------------------------------------------
                                  0.75   data required time
                                 -1.70   data arrival time
-----------------------------------------------------------------------------
                                  0.95   slack (MET)


Startpoint: _452_ (rising edge-triggered flip-flop clocked by clk)
Endpoint: _452_ (rising edge-triggered flip-flop clocked by clk)
Path Group: clk
Path Type: min
Corner: Slowest

Fanout     Cap    Slew   Delay    Time   Description
-----------------------------------------------------------------------------
                          0.00    0.00   clock clk (rise edge)
                          0.00    0.00   clock source latency
                  0.12    0.08    0.08 ^ clk (in)
     1    0.02                           clk (net)
                  0.12    0.00    0.08 ^ clkbuf_0_clk/A (sky130_fd_sc_hd__clkbuf_16)
                  0.09    0.26    0.34 ^ clkbuf_0_clk/X (sky130_fd_sc_hd__clkbuf_16)
     4    0.04                           clknet_0_clk (net)
                  0.09    0.00    0.34 ^ clkbuf_2_1__f_clk/A (sky130_fd_sc_hd__clkbuf_16)
                  0.09    0.24    0.58 ^ clkbuf_2_1__f_clk/X (sky130_fd_sc_hd__clkbuf_16)
    12    0.04                           clknet_2_1__leaf_clk (net)
                  0.09    0.00    0.58 ^ _452_/CLK (sky130_fd_sc_hd__dfrtp_1)
                  0.20    0.72    1.30 ^ _452_/Q (sky130_fd_sc_hd__dfrtp_1)
     5    0.01                           bit_count[0] (net)
                  0.20    0.00    1.30 ^ _233_/A0 (sky130_fd_sc_hd__mux2_1)
                  0.07    0.27    1.57 ^ _233_/X (sky130_fd_sc_hd__mux2_1)
     1    0.00                           _122_ (net)
                  0.07    0.00    1.57 ^ _234_/A (sky130_fd_sc_hd__clkbuf_1)
                  0.06    0.14    1.70 ^ _234_/X (sky130_fd_sc_hd__clkbuf_1)
     1    0.00                           _092_ (net)
                  0.06    0.00    1.70 ^ _452_/D (sky130_fd_sc_hd__dfrtp_1)
                                  1.70   data arrival time

                          0.00    0.00   clock clk (rise edge)
                          0.00    0.00   clock source latency
                  0.12    0.08    0.08 ^ clk (in)
     1    0.02                           clk (net)
                  0.12    0.00    0.08 ^ clkbuf_0_clk/A (sky130_fd_sc_hd__clkbuf_16)
                  0.09    0.29    0.37 ^ clkbuf_0_clk/X (sky130_fd_sc_hd__clkbuf_16)
     4    0.04                           clknet_0_clk (net)
                  0.09    0.00    0.37 ^ clkbuf_2_1__f_clk/A (sky130_fd_sc_hd__clkbuf_16)
                  0.09    0.27    0.64 ^ clkbuf_2_1__f_clk/X (sky130_fd_sc_hd__clkbuf_16)
    12    0.04                           clknet_2_1__leaf_clk (net)
                  0.09    0.00    0.64 ^ _452_/CLK (sky130_fd_sc_hd__dfrtp_1)
                          0.25    0.89   clock uncertainty
                         -0.06    0.83   clock reconvergence pessimism
                         -0.07    0.76   library hold time
                                  0.76   data required time
-----------------------------------------------------------------------------
                                  0.76   data required time
                                 -1.70   data arrival time
-----------------------------------------------------------------------------
                                  0.95   slack (MET)


Startpoint: _411_ (rising edge-triggered flip-flop clocked by clk)
Endpoint: _411_ (rising edge-triggered flip-flop clocked by clk)
Path Group: clk
Path Type: min
Corner: Slowest

Fanout     Cap    Slew   Delay    Time   Description
-----------------------------------------------------------------------------
                          0.00    0.00   clock clk (rise edge)
                          0.00    0.00   clock source latency
                  0.12    0.08    0.08 ^ clk (in)
     1    0.02                           clk (net)
                  0.12    0.00    0.08 ^ clkbuf_0_clk/A (sky130_fd_sc_hd__clkbuf_16)
                  0.09    0.26    0.34 ^ clkbuf_0_clk/X (sky130_fd_sc_hd__clkbuf_16)
     4    0.04                           clknet_0_clk (net)
                  0.09    0.00    0.34 ^ clkbuf_2_0__f_clk/A (sky130_fd_sc_hd__clkbuf_16)
                  0.10    0.25    0.58 ^ clkbuf_2_0__f_clk/X (sky130_fd_sc_hd__clkbuf_16)
    14    0.04                           clknet_2_0__leaf_clk (net)
                  0.10    0.00    0.59 ^ _411_/CLK (sky130_fd_sc_hd__dfrtp_1)
                  0.16    0.81    1.39 v _411_/Q (sky130_fd_sc_hd__dfrtp_1)
     4    0.01                           clk_count[3] (net)
                  0.16    0.00    1.39 v _343_/A (sky130_fd_sc_hd__inv_2)
                  0.05    0.10    1.49 ^ _343_/Y (sky130_fd_sc_hd__inv_2)
     1    0.00                           _192_ (net)
                  0.05    0.00    1.49 ^ _346_/A1 (sky130_fd_sc_hd__o31a_1)
                  0.09    0.24    1.73 ^ _346_/X (sky130_fd_sc_hd__o31a_1)
     1    0.00                           _053_ (net)
                  0.09    0.00    1.73 ^ _411_/D (sky130_fd_sc_hd__dfrtp_1)
                                  1.73   data arrival time

                          0.00    0.00   clock clk (rise edge)
                          0.00    0.00   clock source latency
                  0.12    0.08    0.08 ^ clk (in)
     1    0.02                           clk (net)
                  0.12    0.00    0.08 ^ clkbuf_0_clk/A (sky130_fd_sc_hd__clkbuf_16)
                  0.09    0.29    0.37 ^ clkbuf_0_clk/X (sky130_fd_sc_hd__clkbuf_16)
     4    0.04                           clknet_0_clk (net)
                  0.09    0.00    0.37 ^ clkbuf_2_0__f_clk/A (sky130_fd_sc_hd__clkbuf_16)
                  0.10    0.28    0.65 ^ clkbuf_2_0__f_clk/X (sky130_fd_sc_hd__clkbuf_16)
    14    0.04                           clknet_2_0__leaf_clk (net)
                  0.10    0.00    0.65 ^ _411_/CLK (sky130_fd_sc_hd__dfrtp_1)
                          0.25    0.90   clock uncertainty
                         -0.06    0.84   clock reconvergence pessimism
                         -0.08    0.76   library hold time
                                  0.76   data required time
-----------------------------------------------------------------------------
                                  0.76   data required time
                                 -1.73   data arrival time
-----------------------------------------------------------------------------
                                  0.97   slack (MET)


Startpoint: _453_ (rising edge-triggered flip-flop clocked by clk)
Endpoint: _454_ (rising edge-triggered flip-flop clocked by clk)
Path Group: clk
Path Type: min
Corner: Slowest

Fanout     Cap    Slew   Delay    Time   Description
-----------------------------------------------------------------------------
                          0.00    0.00   clock clk (rise edge)
                          0.00    0.00   clock source latency
                  0.12    0.08    0.08 ^ clk (in)
     1    0.02                           clk (net)
                  0.12    0.00    0.08 ^ clkbuf_0_clk/A (sky130_fd_sc_hd__clkbuf_16)
                  0.09    0.26    0.34 ^ clkbuf_0_clk/X (sky130_fd_sc_hd__clkbuf_16)
     4    0.04                           clknet_0_clk (net)
                  0.09    0.00    0.34 ^ clkbuf_2_1__f_clk/A (sky130_fd_sc_hd__clkbuf_16)
                  0.09    0.24    0.58 ^ clkbuf_2_1__f_clk/X (sky130_fd_sc_hd__clkbuf_16)
    12    0.04                           clknet_2_1__leaf_clk (net)
                  0.09    0.00    0.58 ^ _453_/CLK (sky130_fd_sc_hd__dfrtp_1)
                  0.17    0.69    1.27 ^ _453_/Q (sky130_fd_sc_hd__dfrtp_1)
     4    0.01                           bit_count[1] (net)
                  0.17    0.00    1.27 ^ _224_/A (sky130_fd_sc_hd__nand2_1)
                  0.11    0.16    1.43 v _224_/Y (sky130_fd_sc_hd__nand2_1)
     2    0.00                           _115_ (net)
                  0.11    0.00    1.43 v _225_/B (sky130_fd_sc_hd__nand2_1)
                  0.05    0.11    1.54 ^ _225_/Y (sky130_fd_sc_hd__nand2_1)
     1    0.00                           _116_ (net)
                  0.05    0.00    1.54 ^ _226_/B2 (sky130_fd_sc_hd__a2bb2o_1)
                  0.07    0.20    1.74 ^ _226_/X (sky130_fd_sc_hd__a2bb2o_1)
     1    0.00                           _094_ (net)
                  0.07    0.00    1.74 ^ _454_/D (sky130_fd_sc_hd__dfrtp_1)
                                  1.74   data arrival time

                          0.00    0.00   clock clk (rise edge)
                          0.00    0.00   clock source latency
                  0.12    0.08    0.08 ^ clk (in)
     1    0.02                           clk (net)
                  0.12    0.00    0.08 ^ clkbuf_0_clk/A (sky130_fd_sc_hd__clkbuf_16)
                  0.09    0.29    0.37 ^ clkbuf_0_clk/X (sky130_fd_sc_hd__clkbuf_16)
     4    0.04                           clknet_0_clk (net)
                  0.09    0.00    0.37 ^ clkbuf_2_1__f_clk/A (sky130_fd_sc_hd__clkbuf_16)
                  0.09    0.27    0.64 ^ clkbuf_2_1__f_clk/X (sky130_fd_sc_hd__clkbuf_16)
    12    0.04                           clknet_2_1__leaf_clk (net)
                  0.09    0.00    0.64 ^ _454_/CLK (sky130_fd_sc_hd__dfrtp_1)
                          0.25    0.89   clock uncertainty
                         -0.06    0.83   clock reconvergence pessimism
                         -0.07    0.75   library hold time
                                  0.75   data required time
-----------------------------------------------------------------------------
                                  0.75   data required time
                                 -1.74   data arrival time
-----------------------------------------------------------------------------
                                  0.99   slack (MET)


Startpoint: _408_ (rising edge-triggered flip-flop clocked by clk)
Endpoint: _409_ (rising edge-triggered flip-flop clocked by clk)
Path Group: clk
Path Type: min
Corner: Slowest

Fanout     Cap    Slew   Delay    Time   Description
-----------------------------------------------------------------------------
                          0.00    0.00   clock clk (rise edge)
                          0.00    0.00   clock source latency
                  0.12    0.08    0.08 ^ clk (in)
     1    0.02                           clk (net)
                  0.12    0.00    0.08 ^ clkbuf_0_clk/A (sky130_fd_sc_hd__clkbuf_16)
                  0.09    0.26    0.34 ^ clkbuf_0_clk/X (sky130_fd_sc_hd__clkbuf_16)
     4    0.04                           clknet_0_clk (net)
                  0.09    0.00    0.34 ^ clkbuf_2_0__f_clk/A (sky130_fd_sc_hd__clkbuf_16)
                  0.10    0.25    0.58 ^ clkbuf_2_0__f_clk/X (sky130_fd_sc_hd__clkbuf_16)
    14    0.04                           clknet_2_0__leaf_clk (net)
                  0.10    0.00    0.59 ^ _408_/CLK (sky130_fd_sc_hd__dfrtp_4)
                  0.18    0.87    1.46 ^ _408_/Q (sky130_fd_sc_hd__dfrtp_4)
     8    0.03                           clk_count[0] (net)
                  0.18    0.00    1.46 ^ _349_/A1 (sky130_fd_sc_hd__a21oi_1)
                  0.05    0.17    1.62 v _349_/Y (sky130_fd_sc_hd__a21oi_1)
     1    0.00                           _196_ (net)
                  0.05    0.00    1.62 v _351_/A (sky130_fd_sc_hd__nor2_1)
                  0.12    0.14    1.76 ^ _351_/Y (sky130_fd_sc_hd__nor2_1)
     1    0.00                           _051_ (net)
                  0.12    0.00    1.76 ^ _409_/D (sky130_fd_sc_hd__dfrtp_4)
                                  1.76   data arrival time

                          0.00    0.00   clock clk (rise edge)
                          0.00    0.00   clock source latency
                  0.12    0.08    0.08 ^ clk (in)
     1    0.02                           clk (net)
                  0.12    0.00    0.08 ^ clkbuf_0_clk/A (sky130_fd_sc_hd__clkbuf_16)
                  0.09    0.29    0.37 ^ clkbuf_0_clk/X (sky130_fd_sc_hd__clkbuf_16)
     4    0.04                           clknet_0_clk (net)
                  0.09    0.00    0.37 ^ clkbuf_2_2__f_clk/A (sky130_fd_sc_hd__clkbuf_16)
                  0.08    0.26    0.63 ^ clkbuf_2_2__f_clk/X (sky130_fd_sc_hd__clkbuf_16)
    10    0.03                           clknet_2_2__leaf_clk (net)
                  0.08    0.00    0.63 ^ _409_/CLK (sky130_fd_sc_hd__dfrtp_4)
                          0.25    0.88   clock uncertainty
                         -0.04    0.85   clock reconvergence pessimism
                         -0.09    0.76   library hold time
                                  0.76   data required time
-----------------------------------------------------------------------------
                                  0.76   data required time
                                 -1.76   data arrival time
-----------------------------------------------------------------------------
                                  1.00   slack (MET)


Startpoint: _422_ (rising edge-triggered flip-flop clocked by clk)
Endpoint: _422_ (rising edge-triggered flip-flop clocked by clk)
Path Group: clk
Path Type: min
Corner: Slowest

Fanout     Cap    Slew   Delay    Time   Description
-----------------------------------------------------------------------------
                          0.00    0.00   clock clk (rise edge)
                          0.00    0.00   clock source latency
                  0.12    0.08    0.08 ^ clk (in)
     1    0.02                           clk (net)
                  0.12    0.00    0.08 ^ clkbuf_0_clk/A (sky130_fd_sc_hd__clkbuf_16)
                  0.09    0.26    0.34 ^ clkbuf_0_clk/X (sky130_fd_sc_hd__clkbuf_16)
     4    0.04                           clknet_0_clk (net)
                  0.09    0.00    0.34 ^ clkbuf_2_2__f_clk/A (sky130_fd_sc_hd__clkbuf_16)
                  0.08    0.24    0.57 ^ clkbuf_2_2__f_clk/X (sky130_fd_sc_hd__clkbuf_16)
    10    0.03                           clknet_2_2__leaf_clk (net)
                  0.08    0.00    0.57 ^ _422_/CLK (sky130_fd_sc_hd__dfrtp_1)
                  0.17    0.69    1.26 ^ _422_/Q (sky130_fd_sc_hd__dfrtp_1)
     4    0.01                           clk_count[14] (net)
                  0.17    0.00    1.26 ^ _301_/A1 (sky130_fd_sc_hd__a21oi_1)
                  0.09    0.18    1.44 v _301_/Y (sky130_fd_sc_hd__a21oi_1)
     2    0.01                           _162_ (net)
                  0.09    0.00    1.44 v _305_/A2 (sky130_fd_sc_hd__o21a_1)
                  0.06    0.30    1.75 v _305_/X (sky130_fd_sc_hd__o21a_1)
     1    0.00                           _064_ (net)
                  0.06    0.00    1.75 v _422_/D (sky130_fd_sc_hd__dfrtp_1)
                                  1.75   data arrival time

                          0.00    0.00   clock clk (rise edge)
                          0.00    0.00   clock source latency
                  0.12    0.08    0.08 ^ clk (in)
     1    0.02                           clk (net)
                  0.12    0.00    0.08 ^ clkbuf_0_clk/A (sky130_fd_sc_hd__clkbuf_16)
                  0.09    0.29    0.37 ^ clkbuf_0_clk/X (sky130_fd_sc_hd__clkbuf_16)
     4    0.04                           clknet_0_clk (net)
                  0.09    0.00    0.37 ^ clkbuf_2_2__f_clk/A (sky130_fd_sc_hd__clkbuf_16)
                  0.08    0.26    0.63 ^ clkbuf_2_2__f_clk/X (sky130_fd_sc_hd__clkbuf_16)
    10    0.03                           clknet_2_2__leaf_clk (net)
                  0.08    0.00    0.63 ^ _422_/CLK (sky130_fd_sc_hd__dfrtp_1)
                          0.25    0.88   clock uncertainty
                         -0.06    0.82   clock reconvergence pessimism
                         -0.09    0.73   library hold time
                                  0.73   data required time
-----------------------------------------------------------------------------
                                  0.73   data required time
                                 -1.75   data arrival time
-----------------------------------------------------------------------------
                                  1.01   slack (MET)


Startpoint: _440_ (rising edge-triggered flip-flop clocked by clk)
Endpoint: _441_ (rising edge-triggered flip-flop clocked by clk)
Path Group: clk
Path Type: min
Corner: Slowest

Fanout     Cap    Slew   Delay    Time   Description
-----------------------------------------------------------------------------
                          0.00    0.00   clock clk (rise edge)
                          0.00    0.00   clock source latency
                  0.12    0.08    0.08 ^ clk (in)
     1    0.02                           clk (net)
                  0.12    0.00    0.08 ^ clkbuf_0_clk/A (sky130_fd_sc_hd__clkbuf_16)
                  0.09    0.26    0.34 ^ clkbuf_0_clk/X (sky130_fd_sc_hd__clkbuf_16)
     4    0.04                           clknet_0_clk (net)
                  0.09    0.00    0.34 ^ clkbuf_2_3__f_clk/A (sky130_fd_sc_hd__clkbuf_16)
                  0.09    0.24    0.58 ^ clkbuf_2_3__f_clk/X (sky130_fd_sc_hd__clkbuf_16)
    12    0.04                           clknet_2_3__leaf_clk (net)
                  0.09    0.00    0.58 ^ _440_/CLK (sky130_fd_sc_hd__dfrtp_1)
                  0.10    0.63    1.21 ^ _440_/Q (sky130_fd_sc_hd__dfrtp_1)
     2    0.00                           tx_shift[3] (net)
                  0.10    0.00    1.21 ^ _254_/A1 (sky130_fd_sc_hd__mux2_1)
                  0.08    0.23    1.45 ^ _254_/X (sky130_fd_sc_hd__mux2_1)
     1    0.00                           _132_ (net)
                  0.08    0.00    1.45 ^ _255_/A1 (sky130_fd_sc_hd__mux2_1)
                  0.07    0.22    1.67 ^ _255_/X (sky130_fd_sc_hd__mux2_1)
     1    0.00                           _133_ (net)
                  0.07    0.00    1.67 ^ _256_/A (sky130_fd_sc_hd__clkbuf_1)
                  0.06    0.14    1.80 ^ _256_/X (sky130_fd_sc_hd__clkbuf_1)
     1    0.00                           _081_ (net)
                  0.06    0.00    1.80 ^ _441_/D (sky130_fd_sc_hd__dfrtp_1)
                                  1.80   data arrival time

                          0.00    0.00   clock clk (rise edge)
                          0.00    0.00   clock source latency
                  0.12    0.08    0.08 ^ clk (in)
     1    0.02                           clk (net)
                  0.12    0.00    0.08 ^ clkbuf_0_clk/A (sky130_fd_sc_hd__clkbuf_16)
                  0.09    0.29    0.37 ^ clkbuf_0_clk/X (sky130_fd_sc_hd__clkbuf_16)
     4    0.04                           clknet_0_clk (net)
                  0.09    0.00    0.37 ^ clkbuf_2_1__f_clk/A (sky130_fd_sc_hd__clkbuf_16)
                  0.09    0.27    0.64 ^ clkbuf_2_1__f_clk/X (sky130_fd_sc_hd__clkbuf_16)
    12    0.04                           clknet_2_1__leaf_clk (net)
                  0.09    0.00    0.64 ^ _441_/CLK (sky130_fd_sc_hd__dfrtp_1)
                          0.25    0.89   clock uncertainty
                         -0.04    0.85   clock reconvergence pessimism
                         -0.07    0.78   library hold time
                                  0.78   data required time
-----------------------------------------------------------------------------
                                  0.78   data required time
                                 -1.80   data arrival time
-----------------------------------------------------------------------------
                                  1.02   slack (MET)


Startpoint: _437_ (rising edge-triggered flip-flop clocked by clk)
Endpoint: _438_ (rising edge-triggered flip-flop clocked by clk)
Path Group: clk
Path Type: min
Corner: Slowest

Fanout     Cap    Slew   Delay    Time   Description
-----------------------------------------------------------------------------
                          0.00    0.00   clock clk (rise edge)
                          0.00    0.00   clock source latency
                  0.12    0.08    0.08 ^ clk (in)
     1    0.02                           clk (net)
                  0.12    0.00    0.08 ^ clkbuf_0_clk/A (sky130_fd_sc_hd__clkbuf_16)
                  0.09    0.26    0.34 ^ clkbuf_0_clk/X (sky130_fd_sc_hd__clkbuf_16)
     4    0.04                           clknet_0_clk (net)
                  0.09    0.00    0.34 ^ clkbuf_2_3__f_clk/A (sky130_fd_sc_hd__clkbuf_16)
                  0.09    0.24    0.58 ^ clkbuf_2_3__f_clk/X (sky130_fd_sc_hd__clkbuf_16)
    12    0.04                           clknet_2_3__leaf_clk (net)
                  0.09    0.00    0.58 ^ _437_/CLK (sky130_fd_sc_hd__dfrtp_1)
                  0.10    0.64    1.22 ^ _437_/Q (sky130_fd_sc_hd__dfrtp_1)
     2    0.00                           tx_shift[0] (net)
                  0.10    0.00    1.22 ^ _263_/A1 (sky130_fd_sc_hd__mux2_1)
                  0.07    0.22    1.44 ^ _263_/X (sky130_fd_sc_hd__mux2_1)
     1    0.00                           _138_ (net)
                  0.07    0.00    1.44 ^ _264_/A1 (sky130_fd_sc_hd__mux2_1)
                  0.07    0.22    1.66 ^ _264_/X (sky130_fd_sc_hd__mux2_1)
     1    0.00                           _139_ (net)
                  0.07    0.00    1.66 ^ _265_/A (sky130_fd_sc_hd__clkbuf_1)
                  0.06    0.14    1.80 ^ _265_/X (sky130_fd_sc_hd__clkbuf_1)
     1    0.00                           _078_ (net)
                  0.06    0.00    1.80 ^ _438_/D (sky130_fd_sc_hd__dfrtp_1)
                                  1.80   data arrival time

                          0.00    0.00   clock clk (rise edge)
                          0.00    0.00   clock source latency
                  0.12    0.08    0.08 ^ clk (in)
     1    0.02                           clk (net)
                  0.12    0.00    0.08 ^ clkbuf_0_clk/A (sky130_fd_sc_hd__clkbuf_16)
                  0.09    0.29    0.37 ^ clkbuf_0_clk/X (sky130_fd_sc_hd__clkbuf_16)
     4    0.04                           clknet_0_clk (net)
                  0.09    0.00    0.37 ^ clkbuf_2_3__f_clk/A (sky130_fd_sc_hd__clkbuf_16)
                  0.09    0.27    0.64 ^ clkbuf_2_3__f_clk/X (sky130_fd_sc_hd__clkbuf_16)
    12    0.04                           clknet_2_3__leaf_clk (net)
                  0.09    0.00    0.64 ^ _438_/CLK (sky130_fd_sc_hd__dfrtp_1)
                          0.25    0.89   clock uncertainty
                         -0.06    0.83   clock reconvergence pessimism
                         -0.07    0.76   library hold time
                                  0.76   data required time
-----------------------------------------------------------------------------
                                  0.76   data required time
                                 -1.80   data arrival time
-----------------------------------------------------------------------------
                                  1.04   slack (MET)


Startpoint: _442_ (rising edge-triggered flip-flop clocked by clk)
Endpoint: _443_ (rising edge-triggered flip-flop clocked by clk)
Path Group: clk
Path Type: min
Corner: Slowest

Fanout     Cap    Slew   Delay    Time   Description
-----------------------------------------------------------------------------
                          0.00    0.00   clock clk (rise edge)
                          0.00    0.00   clock source latency
                  0.12    0.08    0.08 ^ clk (in)
     1    0.02                           clk (net)
                  0.12    0.00    0.08 ^ clkbuf_0_clk/A (sky130_fd_sc_hd__clkbuf_16)
                  0.09    0.26    0.34 ^ clkbuf_0_clk/X (sky130_fd_sc_hd__clkbuf_16)
     4    0.04                           clknet_0_clk (net)
                  0.09    0.00    0.34 ^ clkbuf_2_1__f_clk/A (sky130_fd_sc_hd__clkbuf_16)
                  0.09    0.24    0.58 ^ clkbuf_2_1__f_clk/X (sky130_fd_sc_hd__clkbuf_16)
    12    0.04                           clknet_2_1__leaf_clk (net)
                  0.09    0.00    0.58 ^ _442_/CLK (sky130_fd_sc_hd__dfrtp_1)
                  0.11    0.64    1.21 ^ _442_/Q (sky130_fd_sc_hd__dfrtp_1)
     2    0.00                           tx_shift[5] (net)
                  0.11    0.00    1.21 ^ _248_/A1 (sky130_fd_sc_hd__mux2_1)
                  0.07    0.23    1.44 ^ _248_/X (sky130_fd_sc_hd__mux2_1)
     1    0.00                           _128_ (net)
                  0.07    0.00    1.44 ^ _249_/A1 (sky130_fd_sc_hd__mux2_1)
                  0.07    0.22    1.66 ^ _249_/X (sky130_fd_sc_hd__mux2_1)
     1    0.00                           _129_ (net)
                  0.07    0.00    1.66 ^ _250_/A (sky130_fd_sc_hd__clkbuf_1)
                  0.07    0.14    1.80 ^ _250_/X (sky130_fd_sc_hd__clkbuf_1)
     1    0.00                           _083_ (net)
                  0.07    0.00    1.80 ^ _443_/D (sky130_fd_sc_hd__dfrtp_1)
                                  1.80   data arrival time

                          0.00    0.00   clock clk (rise edge)
                          0.00    0.00   clock source latency
                  0.12    0.08    0.08 ^ clk (in)
     1    0.02                           clk (net)
                  0.12    0.00    0.08 ^ clkbuf_0_clk/A (sky130_fd_sc_hd__clkbuf_16)
                  0.09    0.29    0.37 ^ clkbuf_0_clk/X (sky130_fd_sc_hd__clkbuf_16)
     4    0.04                           clknet_0_clk (net)
                  0.09    0.00    0.37 ^ clkbuf_2_1__f_clk/A (sky130_fd_sc_hd__clkbuf_16)
                  0.09    0.27    0.64 ^ clkbuf_2_1__f_clk/X (sky130_fd_sc_hd__clkbuf_16)
    12    0.04                           clknet_2_1__leaf_clk (net)
                  0.09    0.00    0.64 ^ _443_/CLK (sky130_fd_sc_hd__dfrtp_1)
                          0.25    0.89   clock uncertainty
                         -0.06    0.83   clock reconvergence pessimism
                         -0.07    0.75   library hold time
                                  0.75   data required time
-----------------------------------------------------------------------------
                                  0.75   data required time
                                 -1.80   data arrival time
-----------------------------------------------------------------------------
                                  1.05   slack (MET)


Startpoint: _438_ (rising edge-triggered flip-flop clocked by clk)
Endpoint: _439_ (rising edge-triggered flip-flop clocked by clk)
Path Group: clk
Path Type: min
Corner: Slowest

Fanout     Cap    Slew   Delay    Time   Description
-----------------------------------------------------------------------------
                          0.00    0.00   clock clk (rise edge)
                          0.00    0.00   clock source latency
                  0.12    0.08    0.08 ^ clk (in)
     1    0.02                           clk (net)
                  0.12    0.00    0.08 ^ clkbuf_0_clk/A (sky130_fd_sc_hd__clkbuf_16)
                  0.09    0.26    0.34 ^ clkbuf_0_clk/X (sky130_fd_sc_hd__clkbuf_16)
     4    0.04                           clknet_0_clk (net)
                  0.09    0.00    0.34 ^ clkbuf_2_3__f_clk/A (sky130_fd_sc_hd__clkbuf_16)
                  0.09    0.24    0.58 ^ clkbuf_2_3__f_clk/X (sky130_fd_sc_hd__clkbuf_16)
    12    0.04                           clknet_2_3__leaf_clk (net)
                  0.09    0.00    0.58 ^ _438_/CLK (sky130_fd_sc_hd__dfrtp_1)
                  0.11    0.64    1.22 ^ _438_/Q (sky130_fd_sc_hd__dfrtp_1)
     2    0.01                           tx_shift[1] (net)
                  0.11    0.00    1.22 ^ _260_/A1 (sky130_fd_sc_hd__mux2_1)
                  0.07    0.23    1.46 ^ _260_/X (sky130_fd_sc_hd__mux2_1)
     1    0.00                           _136_ (net)
                  0.07    0.00    1.46 ^ _261_/A1 (sky130_fd_sc_hd__mux2_1)
                  0.07    0.22    1.67 ^ _261_/X (sky130_fd_sc_hd__mux2_1)
     1    0.00                           _137_ (net)
                  0.07    0.00    1.67 ^ _262_/A (sky130_fd_sc_hd__clkbuf_1)
                  0.06    0.13    1.81 ^ _262_/X (sky130_fd_sc_hd__clkbuf_1)
     1    0.00                           _079_ (net)
                  0.06    0.00    1.81 ^ _439_/D (sky130_fd_sc_hd__dfrtp_1)
                                  1.81   data arrival time

                          0.00    0.00   clock clk (rise edge)
                          0.00    0.00   clock source latency
                  0.12    0.08    0.08 ^ clk (in)
     1    0.02                           clk (net)
                  0.12    0.00    0.08 ^ clkbuf_0_clk/A (sky130_fd_sc_hd__clkbuf_16)
                  0.09    0.29    0.37 ^ clkbuf_0_clk/X (sky130_fd_sc_hd__clkbuf_16)
     4    0.04                           clknet_0_clk (net)
                  0.09    0.00    0.37 ^ clkbuf_2_3__f_clk/A (sky130_fd_sc_hd__clkbuf_16)
                  0.09    0.27    0.64 ^ clkbuf_2_3__f_clk/X (sky130_fd_sc_hd__clkbuf_16)
    12    0.04                           clknet_2_3__leaf_clk (net)
                  0.09    0.00    0.64 ^ _439_/CLK (sky130_fd_sc_hd__dfrtp_1)
                          0.25    0.89   clock uncertainty
                         -0.06    0.83   clock reconvergence pessimism
                         -0.07    0.76   library hold time
                                  0.76   data required time
-----------------------------------------------------------------------------
                                  0.76   data required time
                                 -1.81   data arrival time
-----------------------------------------------------------------------------
                                  1.05   slack (MET)


Startpoint: rst (input port clocked by clk)
Endpoint: _448_ (removal check against rising-edge clock clk)
Path Group: asynchronous
Path Type: min
Corner: Slowest

Fanout     Cap    Slew   Delay    Time   Description
-----------------------------------------------------------------------------
                          0.00    0.00   clock clk (rise edge)
                          0.00    0.00   clock network delay (propagated)
                          2.00    2.00 v input external delay
                  0.02    0.01    2.01 v rst (in)
     1    0.00                           rst (net)
                  0.02    0.00    2.01 v input2/A (sky130_fd_sc_hd__buf_1)
                  0.11    0.17    2.18 v input2/X (sky130_fd_sc_hd__buf_1)
     3    0.01                           net2 (net)
                  0.11    0.00    2.18 v _355_/A (sky130_fd_sc_hd__buf_4)
                  0.14    0.33    2.52 v _355_/X (sky130_fd_sc_hd__buf_4)
    10    0.05                           _199_ (net)
                  0.14    0.00    2.52 v _400_/A (sky130_fd_sc_hd__inv_2)
                  0.05    0.09    2.61 ^ _400_/Y (sky130_fd_sc_hd__inv_2)
     1    0.00                           _042_ (net)
                  0.05    0.00    2.61 ^ _448_/RESET_B (sky130_fd_sc_hd__dfrtp_1)
                                  2.61   data arrival time

                          0.00    0.00   clock clk (rise edge)
                          0.00    0.00   clock source latency
                  0.12    0.08    0.08 ^ clk (in)
     1    0.02                           clk (net)
                  0.12    0.00    0.08 ^ clkbuf_0_clk/A (sky130_fd_sc_hd__clkbuf_16)
                  0.09    0.29    0.37 ^ clkbuf_0_clk/X (sky130_fd_sc_hd__clkbuf_16)
     4    0.04                           clknet_0_clk (net)
                  0.09    0.00    0.37 ^ clkbuf_2_0__f_clk/A (sky130_fd_sc_hd__clkbuf_16)
                  0.10    0.28    0.65 ^ clkbuf_2_0__f_clk/X (sky130_fd_sc_hd__clkbuf_16)
    14    0.04                           clknet_2_0__leaf_clk (net)
                  0.10    0.00    0.65 ^ _448_/CLK (sky130_fd_sc_hd__dfrtp_1)
                          0.25    0.90   clock uncertainty
                          0.00    0.90   clock reconvergence pessimism
                          0.66    1.56   library removal time
                                  1.56   data required time
-----------------------------------------------------------------------------
                                  1.56   data required time
                                 -2.61   data arrival time
-----------------------------------------------------------------------------
                                  1.05   slack (MET)


Startpoint: rst (input port clocked by clk)
Endpoint: _449_ (removal check against rising-edge clock clk)
Path Group: asynchronous
Path Type: min
Corner: Slowest

Fanout     Cap    Slew   Delay    Time   Description
-----------------------------------------------------------------------------
                          0.00    0.00   clock clk (rise edge)
                          0.00    0.00   clock network delay (propagated)
                          2.00    2.00 v input external delay
                  0.02    0.01    2.01 v rst (in)
     1    0.00                           rst (net)
                  0.02    0.00    2.01 v input2/A (sky130_fd_sc_hd__buf_1)
                  0.11    0.17    2.18 v input2/X (sky130_fd_sc_hd__buf_1)
     3    0.01                           net2 (net)
                  0.11    0.00    2.18 v _355_/A (sky130_fd_sc_hd__buf_4)
                  0.14    0.33    2.52 v _355_/X (sky130_fd_sc_hd__buf_4)
    10    0.05                           _199_ (net)
                  0.14    0.00    2.52 v _401_/A (sky130_fd_sc_hd__inv_2)
                  0.05    0.09    2.61 ^ _401_/Y (sky130_fd_sc_hd__inv_2)
     1    0.00                           _043_ (net)
                  0.05    0.00    2.61 ^ _449_/RESET_B (sky130_fd_sc_hd__dfrtp_1)
                                  2.61   data arrival time

                          0.00    0.00   clock clk (rise edge)
                          0.00    0.00   clock source latency
                  0.12    0.08    0.08 ^ clk (in)
     1    0.02                           clk (net)
                  0.12    0.00    0.08 ^ clkbuf_0_clk/A (sky130_fd_sc_hd__clkbuf_16)
                  0.09    0.29    0.37 ^ clkbuf_0_clk/X (sky130_fd_sc_hd__clkbuf_16)
     4    0.04                           clknet_0_clk (net)
                  0.09    0.00    0.37 ^ clkbuf_2_0__f_clk/A (sky130_fd_sc_hd__clkbuf_16)
                  0.10    0.28    0.65 ^ clkbuf_2_0__f_clk/X (sky130_fd_sc_hd__clkbuf_16)
    14    0.04                           clknet_2_0__leaf_clk (net)
                  0.10    0.00    0.65 ^ _449_/CLK (sky130_fd_sc_hd__dfrtp_1)
                          0.25    0.90   clock uncertainty
                          0.00    0.90   clock reconvergence pessimism
                          0.66    1.56   library removal time
                                  1.56   data required time
-----------------------------------------------------------------------------
                                  1.56   data required time
                                 -2.61   data arrival time
-----------------------------------------------------------------------------
                                  1.05   slack (MET)


Startpoint: rst (input port clocked by clk)
Endpoint: _451_ (removal check against rising-edge clock clk)
Path Group: asynchronous
Path Type: min
Corner: Slowest

Fanout     Cap    Slew   Delay    Time   Description
-----------------------------------------------------------------------------
                          0.00    0.00   clock clk (rise edge)
                          0.00    0.00   clock network delay (propagated)
                          2.00    2.00 v input external delay
                  0.02    0.01    2.01 v rst (in)
     1    0.00                           rst (net)
                  0.02    0.00    2.01 v input2/A (sky130_fd_sc_hd__buf_1)
                  0.11    0.17    2.18 v input2/X (sky130_fd_sc_hd__buf_1)
     3    0.01                           net2 (net)
                  0.11    0.00    2.18 v _355_/A (sky130_fd_sc_hd__buf_4)
                  0.14    0.33    2.52 v _355_/X (sky130_fd_sc_hd__buf_4)
    10    0.05                           _199_ (net)
                  0.14    0.00    2.52 v _403_/A (sky130_fd_sc_hd__inv_2)
                  0.06    0.09    2.61 ^ _403_/Y (sky130_fd_sc_hd__inv_2)
     1    0.00                           _045_ (net)
                  0.06    0.00    2.61 ^ _451_/RESET_B (sky130_fd_sc_hd__dfrtp_1)
                                  2.61   data arrival time

                          0.00    0.00   clock clk (rise edge)
                          0.00    0.00   clock source latency
                  0.12    0.08    0.08 ^ clk (in)
     1    0.02                           clk (net)
                  0.12    0.00    0.08 ^ clkbuf_0_clk/A (sky130_fd_sc_hd__clkbuf_16)
                  0.09    0.29    0.37 ^ clkbuf_0_clk/X (sky130_fd_sc_hd__clkbuf_16)
     4    0.04                           clknet_0_clk (net)
                  0.09    0.00    0.37 ^ clkbuf_2_0__f_clk/A (sky130_fd_sc_hd__clkbuf_16)
                  0.10    0.28    0.65 ^ clkbuf_2_0__f_clk/X (sky130_fd_sc_hd__clkbuf_16)
    14    0.04                           clknet_2_0__leaf_clk (net)
                  0.10    0.00    0.65 ^ _451_/CLK (sky130_fd_sc_hd__dfrtp_1)
                          0.25    0.90   clock uncertainty
                          0.00    0.90   clock reconvergence pessimism
                          0.66    1.56   library removal time
                                  1.56   data required time
-----------------------------------------------------------------------------
                                  1.56   data required time
                                 -2.61   data arrival time
-----------------------------------------------------------------------------
                                  1.05   slack (MET)


Startpoint: _418_ (rising edge-triggered flip-flop clocked by clk)
Endpoint: _418_ (rising edge-triggered flip-flop clocked by clk)
Path Group: clk
Path Type: min
Corner: Slowest

Fanout     Cap    Slew   Delay    Time   Description
-----------------------------------------------------------------------------
                          0.00    0.00   clock clk (rise edge)
                          0.00    0.00   clock source latency
                  0.12    0.08    0.08 ^ clk (in)
     1    0.02                           clk (net)
                  0.12    0.00    0.08 ^ clkbuf_0_clk/A (sky130_fd_sc_hd__clkbuf_16)
                  0.09    0.26    0.34 ^ clkbuf_0_clk/X (sky130_fd_sc_hd__clkbuf_16)
     4    0.04                           clknet_0_clk (net)
                  0.09    0.00    0.34 ^ clkbuf_2_3__f_clk/A (sky130_fd_sc_hd__clkbuf_16)
                  0.09    0.24    0.58 ^ clkbuf_2_3__f_clk/X (sky130_fd_sc_hd__clkbuf_16)
    12    0.04                           clknet_2_3__leaf_clk (net)
                  0.09    0.00    0.58 ^ _418_/CLK (sky130_fd_sc_hd__dfrtp_1)
                  0.19    0.71    1.29 ^ _418_/Q (sky130_fd_sc_hd__dfrtp_1)
     4    0.01                           clk_count[10] (net)
                  0.19    0.00    1.29 ^ _319_/B1 (sky130_fd_sc_hd__a21o_1)
                  0.06    0.18    1.47 ^ _319_/X (sky130_fd_sc_hd__a21o_1)
     1    0.00                           _175_ (net)
                  0.06    0.00    1.47 ^ _320_/B (sky130_fd_sc_hd__and2_1)
                  0.08    0.21    1.67 ^ _320_/X (sky130_fd_sc_hd__and2_1)
     1    0.00                           _176_ (net)
                  0.08    0.00    1.67 ^ _321_/A (sky130_fd_sc_hd__clkbuf_1)
                  0.06    0.14    1.81 ^ _321_/X (sky130_fd_sc_hd__clkbuf_1)
     1    0.00                           _060_ (net)
                  0.06    0.00    1.81 ^ _418_/D (sky130_fd_sc_hd__dfrtp_1)
                                  1.81   data arrival time

                          0.00    0.00   clock clk (rise edge)
                          0.00    0.00   clock source latency
                  0.12    0.08    0.08 ^ clk (in)
     1    0.02                           clk (net)
                  0.12    0.00    0.08 ^ clkbuf_0_clk/A (sky130_fd_sc_hd__clkbuf_16)
                  0.09    0.29    0.37 ^ clkbuf_0_clk/X (sky130_fd_sc_hd__clkbuf_16)
     4    0.04                           clknet_0_clk (net)
                  0.09    0.00    0.37 ^ clkbuf_2_3__f_clk/A (sky130_fd_sc_hd__clkbuf_16)
                  0.09    0.27    0.64 ^ clkbuf_2_3__f_clk/X (sky130_fd_sc_hd__clkbuf_16)
    12    0.04                           clknet_2_3__leaf_clk (net)
                  0.09    0.00    0.64 ^ _418_/CLK (sky130_fd_sc_hd__dfrtp_1)
                          0.25    0.89   clock uncertainty
                         -0.06    0.83   clock reconvergence pessimism
                         -0.07    0.76   library hold time
                                  0.76   data required time
-----------------------------------------------------------------------------
                                  0.76   data required time
                                 -1.81   data arrival time
-----------------------------------------------------------------------------
                                  1.06   slack (MET)


Startpoint: rst (input port clocked by clk)
Endpoint: _450_ (removal check against rising-edge clock clk)
Path Group: asynchronous
Path Type: min
Corner: Slowest

Fanout     Cap    Slew   Delay    Time   Description
-----------------------------------------------------------------------------
                          0.00    0.00   clock clk (rise edge)
                          0.00    0.00   clock network delay (propagated)
                          2.00    2.00 v input external delay
                  0.02    0.01    2.01 v rst (in)
     1    0.00                           rst (net)
                  0.02    0.00    2.01 v input2/A (sky130_fd_sc_hd__buf_1)
                  0.11    0.17    2.18 v input2/X (sky130_fd_sc_hd__buf_1)
     3    0.01                           net2 (net)
                  0.11    0.00    2.18 v _355_/A (sky130_fd_sc_hd__buf_4)
                  0.14    0.33    2.52 v _355_/X (sky130_fd_sc_hd__buf_4)
    10    0.05                           _199_ (net)
                  0.14    0.00    2.52 v _402_/A (sky130_fd_sc_hd__inv_2)
                  0.06    0.10    2.62 ^ _402_/Y (sky130_fd_sc_hd__inv_2)
     1    0.01                           _044_ (net)
                  0.06    0.00    2.62 ^ _450_/RESET_B (sky130_fd_sc_hd__dfrtp_1)
                                  2.62   data arrival time

                          0.00    0.00   clock clk (rise edge)
                          0.00    0.00   clock source latency
                  0.12    0.08    0.08 ^ clk (in)
     1    0.02                           clk (net)
                  0.12    0.00    0.08 ^ clkbuf_0_clk/A (sky130_fd_sc_hd__clkbuf_16)
                  0.09    0.29    0.37 ^ clkbuf_0_clk/X (sky130_fd_sc_hd__clkbuf_16)
     4    0.04                           clknet_0_clk (net)
                  0.09    0.00    0.37 ^ clkbuf_2_0__f_clk/A (sky130_fd_sc_hd__clkbuf_16)
                  0.10    0.28    0.65 ^ clkbuf_2_0__f_clk/X (sky130_fd_sc_hd__clkbuf_16)
    14    0.04                           clknet_2_0__leaf_clk (net)
                  0.10    0.00    0.65 ^ _450_/CLK (sky130_fd_sc_hd__dfrtp_1)
                          0.25    0.90   clock uncertainty
                          0.00    0.90   clock reconvergence pessimism
                          0.66    1.56   library removal time
                                  1.56   data required time
-----------------------------------------------------------------------------
                                  1.56   data required time
                                 -2.62   data arrival time
-----------------------------------------------------------------------------
                                  1.06   slack (MET)


Startpoint: rst (input port clocked by clk)
Endpoint: _453_ (removal check against rising-edge clock clk)
Path Group: asynchronous
Path Type: min
Corner: Slowest

Fanout     Cap    Slew   Delay    Time   Description
-----------------------------------------------------------------------------
                          0.00    0.00   clock clk (rise edge)
                          0.00    0.00   clock network delay (propagated)
                          2.00    2.00 v input external delay
                  0.02    0.01    2.01 v rst (in)
     1    0.00                           rst (net)
                  0.02    0.00    2.01 v input2/A (sky130_fd_sc_hd__buf_1)
                  0.11    0.17    2.18 v input2/X (sky130_fd_sc_hd__buf_1)
     3    0.01                           net2 (net)
                  0.11    0.00    2.18 v _355_/A (sky130_fd_sc_hd__buf_4)
                  0.14    0.33    2.52 v _355_/X (sky130_fd_sc_hd__buf_4)
    10    0.05                           _199_ (net)
                  0.14    0.00    2.52 v _405_/A (sky130_fd_sc_hd__inv_2)
                  0.05    0.09    2.61 ^ _405_/Y (sky130_fd_sc_hd__inv_2)
     1    0.00                           _047_ (net)
                  0.05    0.00    2.61 ^ _453_/RESET_B (sky130_fd_sc_hd__dfrtp_1)
                                  2.61   data arrival time

                          0.00    0.00   clock clk (rise edge)
                          0.00    0.00   clock source latency
                  0.12    0.08    0.08 ^ clk (in)
     1    0.02                           clk (net)
                  0.12    0.00    0.08 ^ clkbuf_0_clk/A (sky130_fd_sc_hd__clkbuf_16)
                  0.09    0.29    0.37 ^ clkbuf_0_clk/X (sky130_fd_sc_hd__clkbuf_16)
     4    0.04                           clknet_0_clk (net)
                  0.09    0.00    0.37 ^ clkbuf_2_1__f_clk/A (sky130_fd_sc_hd__clkbuf_16)
                  0.09    0.27    0.64 ^ clkbuf_2_1__f_clk/X (sky130_fd_sc_hd__clkbuf_16)
    12    0.04                           clknet_2_1__leaf_clk (net)
                  0.09    0.00    0.64 ^ _453_/CLK (sky130_fd_sc_hd__dfrtp_1)
                          0.25    0.89   clock uncertainty
                          0.00    0.89   clock reconvergence pessimism
                          0.66    1.55   library removal time
                                  1.55   data required time
-----------------------------------------------------------------------------
                                  1.55   data required time
                                 -2.61   data arrival time
-----------------------------------------------------------------------------
                                  1.06   slack (MET)


Startpoint: rst (input port clocked by clk)
Endpoint: _452_ (removal check against rising-edge clock clk)
Path Group: asynchronous
Path Type: min
Corner: Slowest

Fanout     Cap    Slew   Delay    Time   Description
-----------------------------------------------------------------------------
                          0.00    0.00   clock clk (rise edge)
                          0.00    0.00   clock network delay (propagated)
                          2.00    2.00 v input external delay
                  0.02    0.01    2.01 v rst (in)
     1    0.00                           rst (net)
                  0.02    0.00    2.01 v input2/A (sky130_fd_sc_hd__buf_1)
                  0.11    0.17    2.18 v input2/X (sky130_fd_sc_hd__buf_1)
     3    0.01                           net2 (net)
                  0.11    0.00    2.18 v _355_/A (sky130_fd_sc_hd__buf_4)
                  0.14    0.33    2.52 v _355_/X (sky130_fd_sc_hd__buf_4)
    10    0.05                           _199_ (net)
                  0.14    0.00    2.52 v _404_/A (sky130_fd_sc_hd__inv_2)
                  0.05    0.09    2.61 ^ _404_/Y (sky130_fd_sc_hd__inv_2)
     1    0.00                           _046_ (net)
                  0.05    0.00    2.61 ^ _452_/RESET_B (sky130_fd_sc_hd__dfrtp_1)
                                  2.61   data arrival time

                          0.00    0.00   clock clk (rise edge)
                          0.00    0.00   clock source latency
                  0.12    0.08    0.08 ^ clk (in)
     1    0.02                           clk (net)
                  0.12    0.00    0.08 ^ clkbuf_0_clk/A (sky130_fd_sc_hd__clkbuf_16)
                  0.09    0.29    0.37 ^ clkbuf_0_clk/X (sky130_fd_sc_hd__clkbuf_16)
     4    0.04                           clknet_0_clk (net)
                  0.09    0.00    0.37 ^ clkbuf_2_1__f_clk/A (sky130_fd_sc_hd__clkbuf_16)
                  0.09    0.27    0.64 ^ clkbuf_2_1__f_clk/X (sky130_fd_sc_hd__clkbuf_16)
    12    0.04                           clknet_2_1__leaf_clk (net)
                  0.09    0.00    0.64 ^ _452_/CLK (sky130_fd_sc_hd__dfrtp_1)
                          0.25    0.89   clock uncertainty
                          0.00    0.89   clock reconvergence pessimism
                          0.66    1.55   library removal time
                                  1.55   data required time
-----------------------------------------------------------------------------
                                  1.55   data required time
                                 -2.61   data arrival time
-----------------------------------------------------------------------------
                                  1.06   slack (MET)


Startpoint: rst (input port clocked by clk)
Endpoint: _455_ (removal check against rising-edge clock clk)
Path Group: asynchronous
Path Type: min
Corner: Slowest

Fanout     Cap    Slew   Delay    Time   Description
-----------------------------------------------------------------------------
                          0.00    0.00   clock clk (rise edge)
                          0.00    0.00   clock network delay (propagated)
                          2.00    2.00 v input external delay
                  0.02    0.01    2.01 v rst (in)
     1    0.00                           rst (net)
                  0.02    0.00    2.01 v input2/A (sky130_fd_sc_hd__buf_1)
                  0.11    0.17    2.18 v input2/X (sky130_fd_sc_hd__buf_1)
     3    0.01                           net2 (net)
                  0.11    0.00    2.18 v _355_/A (sky130_fd_sc_hd__buf_4)
                  0.14    0.33    2.52 v _355_/X (sky130_fd_sc_hd__buf_4)
    10    0.05                           _199_ (net)
                  0.14    0.00    2.52 v _407_/A (sky130_fd_sc_hd__inv_2)
                  0.05    0.09    2.61 ^ _407_/Y (sky130_fd_sc_hd__inv_2)
     1    0.00                           _049_ (net)
                  0.05    0.00    2.61 ^ _455_/RESET_B (sky130_fd_sc_hd__dfrtp_1)
                                  2.61   data arrival time

                          0.00    0.00   clock clk (rise edge)
                          0.00    0.00   clock source latency
                  0.12    0.08    0.08 ^ clk (in)
     1    0.02                           clk (net)
                  0.12    0.00    0.08 ^ clkbuf_0_clk/A (sky130_fd_sc_hd__clkbuf_16)
                  0.09    0.29    0.37 ^ clkbuf_0_clk/X (sky130_fd_sc_hd__clkbuf_16)
     4    0.04                           clknet_0_clk (net)
                  0.09    0.00    0.37 ^ clkbuf_2_1__f_clk/A (sky130_fd_sc_hd__clkbuf_16)
                  0.09    0.27    0.64 ^ clkbuf_2_1__f_clk/X (sky130_fd_sc_hd__clkbuf_16)
    12    0.04                           clknet_2_1__leaf_clk (net)
                  0.09    0.00    0.64 ^ _455_/CLK (sky130_fd_sc_hd__dfrtp_1)
                          0.25    0.89   clock uncertainty
                          0.00    0.89   clock reconvergence pessimism
                          0.66    1.55   library removal time
                                  1.55   data required time
-----------------------------------------------------------------------------
                                  1.55   data required time
                                 -2.61   data arrival time
-----------------------------------------------------------------------------
                                  1.06   slack (MET)


Startpoint: rst (input port clocked by clk)
Endpoint: _454_ (removal check against rising-edge clock clk)
Path Group: asynchronous
Path Type: min
Corner: Slowest

Fanout     Cap    Slew   Delay    Time   Description
-----------------------------------------------------------------------------
                          0.00    0.00   clock clk (rise edge)
                          0.00    0.00   clock network delay (propagated)
                          2.00    2.00 v input external delay
                  0.02    0.01    2.01 v rst (in)
     1    0.00                           rst (net)
                  0.02    0.00    2.01 v input2/A (sky130_fd_sc_hd__buf_1)
                  0.11    0.17    2.18 v input2/X (sky130_fd_sc_hd__buf_1)
     3    0.01                           net2 (net)
                  0.11    0.00    2.18 v _355_/A (sky130_fd_sc_hd__buf_4)
                  0.14    0.33    2.52 v _355_/X (sky130_fd_sc_hd__buf_4)
    10    0.05                           _199_ (net)
                  0.14    0.00    2.52 v _406_/A (sky130_fd_sc_hd__inv_2)
                  0.05    0.09    2.61 ^ _406_/Y (sky130_fd_sc_hd__inv_2)
     1    0.00                           _048_ (net)
                  0.05    0.00    2.61 ^ _454_/RESET_B (sky130_fd_sc_hd__dfrtp_1)
                                  2.61   data arrival time

                          0.00    0.00   clock clk (rise edge)
                          0.00    0.00   clock source latency
                  0.12    0.08    0.08 ^ clk (in)
     1    0.02                           clk (net)
                  0.12    0.00    0.08 ^ clkbuf_0_clk/A (sky130_fd_sc_hd__clkbuf_16)
                  0.09    0.29    0.37 ^ clkbuf_0_clk/X (sky130_fd_sc_hd__clkbuf_16)
     4    0.04                           clknet_0_clk (net)
                  0.09    0.00    0.37 ^ clkbuf_2_1__f_clk/A (sky130_fd_sc_hd__clkbuf_16)
                  0.09    0.27    0.64 ^ clkbuf_2_1__f_clk/X (sky130_fd_sc_hd__clkbuf_16)
    12    0.04                           clknet_2_1__leaf_clk (net)
                  0.09    0.00    0.64 ^ _454_/CLK (sky130_fd_sc_hd__dfrtp_1)
                          0.25    0.89   clock uncertainty
                          0.00    0.89   clock reconvergence pessimism
                          0.66    1.55   library removal time
                                  1.55   data required time
-----------------------------------------------------------------------------
                                  1.55   data required time
                                 -2.61   data arrival time
-----------------------------------------------------------------------------
                                  1.06   slack (MET)


Startpoint: _439_ (rising edge-triggered flip-flop clocked by clk)
Endpoint: _440_ (rising edge-triggered flip-flop clocked by clk)
Path Group: clk
Path Type: min
Corner: Slowest

Fanout     Cap    Slew   Delay    Time   Description
-----------------------------------------------------------------------------
                          0.00    0.00   clock clk (rise edge)
                          0.00    0.00   clock source latency
                  0.12    0.08    0.08 ^ clk (in)
     1    0.02                           clk (net)
                  0.12    0.00    0.08 ^ clkbuf_0_clk/A (sky130_fd_sc_hd__clkbuf_16)
                  0.09    0.26    0.34 ^ clkbuf_0_clk/X (sky130_fd_sc_hd__clkbuf_16)
     4    0.04                           clknet_0_clk (net)
                  0.09    0.00    0.34 ^ clkbuf_2_3__f_clk/A (sky130_fd_sc_hd__clkbuf_16)
                  0.09    0.24    0.58 ^ clkbuf_2_3__f_clk/X (sky130_fd_sc_hd__clkbuf_16)
    12    0.04                           clknet_2_3__leaf_clk (net)
                  0.09    0.00    0.58 ^ _439_/CLK (sky130_fd_sc_hd__dfrtp_1)
                  0.11    0.65    1.23 ^ _439_/Q (sky130_fd_sc_hd__dfrtp_1)
     2    0.01                           tx_shift[2] (net)
                  0.11    0.00    1.23 ^ _257_/A1 (sky130_fd_sc_hd__mux2_1)
                  0.07    0.23    1.46 ^ _257_/X (sky130_fd_sc_hd__mux2_1)
     1    0.00                           _134_ (net)
                  0.07    0.00    1.46 ^ _258_/A1 (sky130_fd_sc_hd__mux2_1)
                  0.07    0.22    1.68 ^ _258_/X (sky130_fd_sc_hd__mux2_1)
     1    0.00                           _135_ (net)
                  0.07    0.00    1.68 ^ _259_/A (sky130_fd_sc_hd__clkbuf_1)
                  0.07    0.14    1.82 ^ _259_/X (sky130_fd_sc_hd__clkbuf_1)
     1    0.00                           _080_ (net)
                  0.07    0.00    1.82 ^ _440_/D (sky130_fd_sc_hd__dfrtp_1)
                                  1.82   data arrival time

                          0.00    0.00   clock clk (rise edge)
                          0.00    0.00   clock source latency
                  0.12    0.08    0.08 ^ clk (in)
     1    0.02                           clk (net)
                  0.12    0.00    0.08 ^ clkbuf_0_clk/A (sky130_fd_sc_hd__clkbuf_16)
                  0.09    0.29    0.37 ^ clkbuf_0_clk/X (sky130_fd_sc_hd__clkbuf_16)
     4    0.04                           clknet_0_clk (net)
                  0.09    0.00    0.37 ^ clkbuf_2_3__f_clk/A (sky130_fd_sc_hd__clkbuf_16)
                  0.09    0.27    0.64 ^ clkbuf_2_3__f_clk/X (sky130_fd_sc_hd__clkbuf_16)
    12    0.04                           clknet_2_3__leaf_clk (net)
                  0.09    0.00    0.64 ^ _440_/CLK (sky130_fd_sc_hd__dfrtp_1)
                          0.25    0.89   clock uncertainty
                         -0.06    0.83   clock reconvergence pessimism
                         -0.07    0.76   library hold time
                                  0.76   data required time
-----------------------------------------------------------------------------
                                  0.76   data required time
                                 -1.82   data arrival time
-----------------------------------------------------------------------------
                                  1.06   slack (MET)


Startpoint: _441_ (rising edge-triggered flip-flop clocked by clk)
Endpoint: _442_ (rising edge-triggered flip-flop clocked by clk)
Path Group: clk
Path Type: min
Corner: Slowest

Fanout     Cap    Slew   Delay    Time   Description
-----------------------------------------------------------------------------
                          0.00    0.00   clock clk (rise edge)
                          0.00    0.00   clock source latency
                  0.12    0.08    0.08 ^ clk (in)
     1    0.02                           clk (net)
                  0.12    0.00    0.08 ^ clkbuf_0_clk/A (sky130_fd_sc_hd__clkbuf_16)
                  0.09    0.26    0.34 ^ clkbuf_0_clk/X (sky130_fd_sc_hd__clkbuf_16)
     4    0.04                           clknet_0_clk (net)
                  0.09    0.00    0.34 ^ clkbuf_2_1__f_clk/A (sky130_fd_sc_hd__clkbuf_16)
                  0.09    0.24    0.58 ^ clkbuf_2_1__f_clk/X (sky130_fd_sc_hd__clkbuf_16)
    12    0.04                           clknet_2_1__leaf_clk (net)
                  0.09    0.00    0.58 ^ _441_/CLK (sky130_fd_sc_hd__dfrtp_1)
                  0.12    0.65    1.23 ^ _441_/Q (sky130_fd_sc_hd__dfrtp_1)
     2    0.01                           tx_shift[4] (net)
                  0.12    0.00    1.23 ^ _251_/A1 (sky130_fd_sc_hd__mux2_1)
                  0.07    0.23    1.46 ^ _251_/X (sky130_fd_sc_hd__mux2_1)
     1    0.00                           _130_ (net)
                  0.07    0.00    1.46 ^ _252_/A1 (sky130_fd_sc_hd__mux2_1)
                  0.08    0.22    1.68 ^ _252_/X (sky130_fd_sc_hd__mux2_1)
     1    0.00                           _131_ (net)
                  0.08    0.00    1.68 ^ _253_/A (sky130_fd_sc_hd__clkbuf_1)
                  0.06    0.14    1.82 ^ _253_/X (sky130_fd_sc_hd__clkbuf_1)
     1    0.00                           _082_ (net)
                  0.06    0.00    1.82 ^ _442_/D (sky130_fd_sc_hd__dfrtp_1)
                                  1.82   data arrival time

                          0.00    0.00   clock clk (rise edge)
                          0.00    0.00   clock source latency
                  0.12    0.08    0.08 ^ clk (in)
     1    0.02                           clk (net)
                  0.12    0.00    0.08 ^ clkbuf_0_clk/A (sky130_fd_sc_hd__clkbuf_16)
                  0.09    0.29    0.37 ^ clkbuf_0_clk/X (sky130_fd_sc_hd__clkbuf_16)
     4    0.04                           clknet_0_clk (net)
                  0.09    0.00    0.37 ^ clkbuf_2_1__f_clk/A (sky130_fd_sc_hd__clkbuf_16)
                  0.09    0.27    0.64 ^ clkbuf_2_1__f_clk/X (sky130_fd_sc_hd__clkbuf_16)
    12    0.04                           clknet_2_1__leaf_clk (net)
                  0.09    0.00    0.64 ^ _442_/CLK (sky130_fd_sc_hd__dfrtp_1)
                          0.25    0.89   clock uncertainty
                         -0.06    0.83   clock reconvergence pessimism
                         -0.07    0.76   library hold time
                                  0.76   data required time
-----------------------------------------------------------------------------
                                  0.76   data required time
                                 -1.82   data arrival time
-----------------------------------------------------------------------------
                                  1.06   slack (MET)


Startpoint: rst (input port clocked by clk)
Endpoint: _447_ (removal check against rising-edge clock clk)
Path Group: asynchronous
Path Type: min
Corner: Slowest

Fanout     Cap    Slew   Delay    Time   Description
-----------------------------------------------------------------------------
                          0.00    0.00   clock clk (rise edge)
                          0.00    0.00   clock network delay (propagated)
                          2.00    2.00 v input external delay
                  0.02    0.01    2.01 v rst (in)
     1    0.00                           rst (net)
                  0.02    0.00    2.01 v input2/A (sky130_fd_sc_hd__buf_1)
                  0.11    0.17    2.18 v input2/X (sky130_fd_sc_hd__buf_1)
     3    0.01                           net2 (net)
                  0.11    0.00    2.18 v _389_/A (sky130_fd_sc_hd__buf_4)
                  0.15    0.34    2.52 v _389_/X (sky130_fd_sc_hd__buf_4)
    10    0.06                           _203_ (net)
                  0.15    0.00    2.53 v _399_/A (sky130_fd_sc_hd__inv_2)
                  0.06    0.10    2.63 ^ _399_/Y (sky130_fd_sc_hd__inv_2)
     1    0.00                           _041_ (net)
                  0.06    0.00    2.63 ^ _447_/RESET_B (sky130_fd_sc_hd__dfrtp_1)
                                  2.63   data arrival time

                          0.00    0.00   clock clk (rise edge)
                          0.00    0.00   clock source latency
                  0.12    0.08    0.08 ^ clk (in)
     1    0.02                           clk (net)
                  0.12    0.00    0.08 ^ clkbuf_0_clk/A (sky130_fd_sc_hd__clkbuf_16)
                  0.09    0.29    0.37 ^ clkbuf_0_clk/X (sky130_fd_sc_hd__clkbuf_16)
     4    0.04                           clknet_0_clk (net)
                  0.09    0.00    0.37 ^ clkbuf_2_0__f_clk/A (sky130_fd_sc_hd__clkbuf_16)
                  0.10    0.28    0.65 ^ clkbuf_2_0__f_clk/X (sky130_fd_sc_hd__clkbuf_16)
    14    0.04                           clknet_2_0__leaf_clk (net)
                  0.10    0.00    0.65 ^ _447_/CLK (sky130_fd_sc_hd__dfrtp_1)
                          0.25    0.90   clock uncertainty
                          0.00    0.90   clock reconvergence pessimism
                          0.66    1.56   library removal time
                                  1.56   data required time
-----------------------------------------------------------------------------
                                  1.56   data required time
                                 -2.63   data arrival time
-----------------------------------------------------------------------------
                                  1.07   slack (MET)


Startpoint: rst (input port clocked by clk)
Endpoint: _439_ (removal check against rising-edge clock clk)
Path Group: asynchronous
Path Type: min
Corner: Slowest

Fanout     Cap    Slew   Delay    Time   Description
-----------------------------------------------------------------------------
                          0.00    0.00   clock clk (rise edge)
                          0.00    0.00   clock network delay (propagated)
                          2.00    2.00 v input external delay
                  0.02    0.01    2.01 v rst (in)
     1    0.00                           rst (net)
                  0.02    0.00    2.01 v input2/A (sky130_fd_sc_hd__buf_1)
                  0.11    0.17    2.18 v input2/X (sky130_fd_sc_hd__buf_1)
     3    0.01                           net2 (net)
                  0.11    0.00    2.18 v _389_/A (sky130_fd_sc_hd__buf_4)
                  0.15    0.34    2.52 v _389_/X (sky130_fd_sc_hd__buf_4)
    10    0.06                           _203_ (net)
                  0.15    0.00    2.53 v _391_/A (sky130_fd_sc_hd__inv_2)
                  0.06    0.09    2.62 ^ _391_/Y (sky130_fd_sc_hd__inv_2)
     1    0.00                           _033_ (net)
                  0.06    0.00    2.62 ^ _439_/RESET_B (sky130_fd_sc_hd__dfrtp_1)
                                  2.62   data arrival time

                          0.00    0.00   clock clk (rise edge)
                          0.00    0.00   clock source latency
                  0.12    0.08    0.08 ^ clk (in)
     1    0.02                           clk (net)
                  0.12    0.00    0.08 ^ clkbuf_0_clk/A (sky130_fd_sc_hd__clkbuf_16)
                  0.09    0.29    0.37 ^ clkbuf_0_clk/X (sky130_fd_sc_hd__clkbuf_16)
     4    0.04                           clknet_0_clk (net)
                  0.09    0.00    0.37 ^ clkbuf_2_3__f_clk/A (sky130_fd_sc_hd__clkbuf_16)
                  0.09    0.27    0.64 ^ clkbuf_2_3__f_clk/X (sky130_fd_sc_hd__clkbuf_16)
    12    0.04                           clknet_2_3__leaf_clk (net)
                  0.09    0.00    0.64 ^ _439_/CLK (sky130_fd_sc_hd__dfrtp_1)
                          0.25    0.89   clock uncertainty
                          0.00    0.89   clock reconvergence pessimism
                          0.66    1.55   library removal time
                                  1.55   data required time
-----------------------------------------------------------------------------
                                  1.55   data required time
                                 -2.62   data arrival time
-----------------------------------------------------------------------------
                                  1.07   slack (MET)


Startpoint: rst (input port clocked by clk)
Endpoint: _444_ (removal check against rising-edge clock clk)
Path Group: asynchronous
Path Type: min
Corner: Slowest

Fanout     Cap    Slew   Delay    Time   Description
-----------------------------------------------------------------------------
                          0.00    0.00   clock clk (rise edge)
                          0.00    0.00   clock network delay (propagated)
                          2.00    2.00 v input external delay
                  0.02    0.01    2.01 v rst (in)
     1    0.00                           rst (net)
                  0.02    0.00    2.01 v input2/A (sky130_fd_sc_hd__buf_1)
                  0.11    0.17    2.18 v input2/X (sky130_fd_sc_hd__buf_1)
     3    0.01                           net2 (net)
                  0.11    0.00    2.18 v _389_/A (sky130_fd_sc_hd__buf_4)
                  0.15    0.34    2.52 v _389_/X (sky130_fd_sc_hd__buf_4)
    10    0.06                           _203_ (net)
                  0.15    0.00    2.53 v _396_/A (sky130_fd_sc_hd__inv_2)
                  0.06    0.10    2.62 ^ _396_/Y (sky130_fd_sc_hd__inv_2)
     1    0.00                           _038_ (net)
                  0.06    0.00    2.62 ^ _444_/RESET_B (sky130_fd_sc_hd__dfrtp_1)
                                  2.62   data arrival time

                          0.00    0.00   clock clk (rise edge)
                          0.00    0.00   clock source latency
                  0.12    0.08    0.08 ^ clk (in)
     1    0.02                           clk (net)
                  0.12    0.00    0.08 ^ clkbuf_0_clk/A (sky130_fd_sc_hd__clkbuf_16)
                  0.09    0.29    0.37 ^ clkbuf_0_clk/X (sky130_fd_sc_hd__clkbuf_16)
     4    0.04                           clknet_0_clk (net)
                  0.09    0.00    0.37 ^ clkbuf_2_3__f_clk/A (sky130_fd_sc_hd__clkbuf_16)
                  0.09    0.27    0.64 ^ clkbuf_2_3__f_clk/X (sky130_fd_sc_hd__clkbuf_16)
    12    0.04                           clknet_2_3__leaf_clk (net)
                  0.09    0.00    0.64 ^ _444_/CLK (sky130_fd_sc_hd__dfrtp_1)
                          0.25    0.89   clock uncertainty
                          0.00    0.89   clock reconvergence pessimism
                          0.66    1.55   library removal time
                                  1.55   data required time
-----------------------------------------------------------------------------
                                  1.55   data required time
                                 -2.62   data arrival time
-----------------------------------------------------------------------------
                                  1.07   slack (MET)


Startpoint: rst (input port clocked by clk)
Endpoint: _438_ (removal check against rising-edge clock clk)
Path Group: asynchronous
Path Type: min
Corner: Slowest

Fanout     Cap    Slew   Delay    Time   Description
-----------------------------------------------------------------------------
                          0.00    0.00   clock clk (rise edge)
                          0.00    0.00   clock network delay (propagated)
                          2.00    2.00 v input external delay
                  0.02    0.01    2.01 v rst (in)
     1    0.00                           rst (net)
                  0.02    0.00    2.01 v input2/A (sky130_fd_sc_hd__buf_1)
                  0.11    0.17    2.18 v input2/X (sky130_fd_sc_hd__buf_1)
     3    0.01                           net2 (net)
                  0.11    0.00    2.18 v _389_/A (sky130_fd_sc_hd__buf_4)
                  0.15    0.34    2.52 v _389_/X (sky130_fd_sc_hd__buf_4)
    10    0.06                           _203_ (net)
                  0.15    0.00    2.53 v _390_/A (sky130_fd_sc_hd__inv_2)
                  0.05    0.09    2.62 ^ _390_/Y (sky130_fd_sc_hd__inv_2)
     1    0.00                           _032_ (net)
                  0.05    0.00    2.62 ^ _438_/RESET_B (sky130_fd_sc_hd__dfrtp_1)
                                  2.62   data arrival time

                          0.00    0.00   clock clk (rise edge)
                          0.00    0.00   clock source latency
                  0.12    0.08    0.08 ^ clk (in)
     1    0.02                           clk (net)
                  0.12    0.00    0.08 ^ clkbuf_0_clk/A (sky130_fd_sc_hd__clkbuf_16)
                  0.09    0.29    0.37 ^ clkbuf_0_clk/X (sky130_fd_sc_hd__clkbuf_16)
     4    0.04                           clknet_0_clk (net)
                  0.09    0.00    0.37 ^ clkbuf_2_3__f_clk/A (sky130_fd_sc_hd__clkbuf_16)
                  0.09    0.27    0.64 ^ clkbuf_2_3__f_clk/X (sky130_fd_sc_hd__clkbuf_16)
    12    0.04                           clknet_2_3__leaf_clk (net)
                  0.09    0.00    0.64 ^ _438_/CLK (sky130_fd_sc_hd__dfrtp_1)
                          0.25    0.89   clock uncertainty
                          0.00    0.89   clock reconvergence pessimism
                          0.66    1.55   library removal time
                                  1.55   data required time
-----------------------------------------------------------------------------
                                  1.55   data required time
                                 -2.62   data arrival time
-----------------------------------------------------------------------------
                                  1.07   slack (MET)


Startpoint: rst (input port clocked by clk)
Endpoint: _440_ (removal check against rising-edge clock clk)
Path Group: asynchronous
Path Type: min
Corner: Slowest

Fanout     Cap    Slew   Delay    Time   Description
-----------------------------------------------------------------------------
                          0.00    0.00   clock clk (rise edge)
                          0.00    0.00   clock network delay (propagated)
                          2.00    2.00 v input external delay
                  0.02    0.01    2.01 v rst (in)
     1    0.00                           rst (net)
                  0.02    0.00    2.01 v input2/A (sky130_fd_sc_hd__buf_1)
                  0.11    0.17    2.18 v input2/X (sky130_fd_sc_hd__buf_1)
     3    0.01                           net2 (net)
                  0.11    0.00    2.18 v _389_/A (sky130_fd_sc_hd__buf_4)
                  0.15    0.34    2.52 v _389_/X (sky130_fd_sc_hd__buf_4)
    10    0.06                           _203_ (net)
                  0.15    0.00    2.53 v _392_/A (sky130_fd_sc_hd__inv_2)
                  0.06    0.10    2.62 ^ _392_/Y (sky130_fd_sc_hd__inv_2)
     1    0.00                           _034_ (net)
                  0.06    0.00    2.62 ^ _440_/RESET_B (sky130_fd_sc_hd__dfrtp_1)
                                  2.62   data arrival time

                          0.00    0.00   clock clk (rise edge)
                          0.00    0.00   clock source latency
                  0.12    0.08    0.08 ^ clk (in)
     1    0.02                           clk (net)
                  0.12    0.00    0.08 ^ clkbuf_0_clk/A (sky130_fd_sc_hd__clkbuf_16)
                  0.09    0.29    0.37 ^ clkbuf_0_clk/X (sky130_fd_sc_hd__clkbuf_16)
     4    0.04                           clknet_0_clk (net)
                  0.09    0.00    0.37 ^ clkbuf_2_3__f_clk/A (sky130_fd_sc_hd__clkbuf_16)
                  0.09    0.27    0.64 ^ clkbuf_2_3__f_clk/X (sky130_fd_sc_hd__clkbuf_16)
    12    0.04                           clknet_2_3__leaf_clk (net)
                  0.09    0.00    0.64 ^ _440_/CLK (sky130_fd_sc_hd__dfrtp_1)
                          0.25    0.89   clock uncertainty
                          0.00    0.89   clock reconvergence pessimism
                          0.66    1.55   library removal time
                                  1.55   data required time
-----------------------------------------------------------------------------
                                  1.55   data required time
                                 -2.62   data arrival time
-----------------------------------------------------------------------------
                                  1.07   slack (MET)


Startpoint: rst (input port clocked by clk)
Endpoint: _446_ (removal check against rising-edge clock clk)
Path Group: asynchronous
Path Type: min
Corner: Slowest

Fanout     Cap    Slew   Delay    Time   Description
-----------------------------------------------------------------------------
                          0.00    0.00   clock clk (rise edge)
                          0.00    0.00   clock network delay (propagated)
                          2.00    2.00 v input external delay
                  0.02    0.01    2.01 v rst (in)
     1    0.00                           rst (net)
                  0.02    0.00    2.01 v input2/A (sky130_fd_sc_hd__buf_1)
                  0.11    0.17    2.18 v input2/X (sky130_fd_sc_hd__buf_1)
     3    0.01                           net2 (net)
                  0.11    0.00    2.18 v _389_/A (sky130_fd_sc_hd__buf_4)
                  0.15    0.34    2.52 v _389_/X (sky130_fd_sc_hd__buf_4)
    10    0.06                           _203_ (net)
                  0.15    0.00    2.53 v _398_/A (sky130_fd_sc_hd__inv_2)
                  0.05    0.09    2.62 ^ _398_/Y (sky130_fd_sc_hd__inv_2)
     1    0.00                           _040_ (net)
                  0.05    0.00    2.62 ^ _446_/RESET_B (sky130_fd_sc_hd__dfrtp_1)
                                  2.62   data arrival time

                          0.00    0.00   clock clk (rise edge)
                          0.00    0.00   clock source latency
                  0.12    0.08    0.08 ^ clk (in)
     1    0.02                           clk (net)
                  0.12    0.00    0.08 ^ clkbuf_0_clk/A (sky130_fd_sc_hd__clkbuf_16)
                  0.09    0.29    0.37 ^ clkbuf_0_clk/X (sky130_fd_sc_hd__clkbuf_16)
     4    0.04                           clknet_0_clk (net)
                  0.09    0.00    0.37 ^ clkbuf_2_1__f_clk/A (sky130_fd_sc_hd__clkbuf_16)
                  0.09    0.27    0.64 ^ clkbuf_2_1__f_clk/X (sky130_fd_sc_hd__clkbuf_16)
    12    0.04                           clknet_2_1__leaf_clk (net)
                  0.09    0.00    0.64 ^ _446_/CLK (sky130_fd_sc_hd__dfrtp_1)
                          0.25    0.89   clock uncertainty
                          0.00    0.89   clock reconvergence pessimism
                          0.66    1.55   library removal time
                                  1.55   data required time
-----------------------------------------------------------------------------
                                  1.55   data required time
                                 -2.62   data arrival time
-----------------------------------------------------------------------------
                                  1.07   slack (MET)


Startpoint: rst (input port clocked by clk)
Endpoint: _442_ (removal check against rising-edge clock clk)
Path Group: asynchronous
Path Type: min
Corner: Slowest

Fanout     Cap    Slew   Delay    Time   Description
-----------------------------------------------------------------------------
                          0.00    0.00   clock clk (rise edge)
                          0.00    0.00   clock network delay (propagated)
                          2.00    2.00 v input external delay
                  0.02    0.01    2.01 v rst (in)
     1    0.00                           rst (net)
                  0.02    0.00    2.01 v input2/A (sky130_fd_sc_hd__buf_1)
                  0.11    0.17    2.18 v input2/X (sky130_fd_sc_hd__buf_1)
     3    0.01                           net2 (net)
                  0.11    0.00    2.18 v _389_/A (sky130_fd_sc_hd__buf_4)
                  0.15    0.34    2.52 v _389_/X (sky130_fd_sc_hd__buf_4)
    10    0.06                           _203_ (net)
                  0.15    0.00    2.53 v _394_/A (sky130_fd_sc_hd__inv_2)
                  0.05    0.09    2.62 ^ _394_/Y (sky130_fd_sc_hd__inv_2)
     1    0.00                           _036_ (net)
                  0.05    0.00    2.62 ^ _442_/RESET_B (sky130_fd_sc_hd__dfrtp_1)
                                  2.62   data arrival time

                          0.00    0.00   clock clk (rise edge)
                          0.00    0.00   clock source latency
                  0.12    0.08    0.08 ^ clk (in)
     1    0.02                           clk (net)
                  0.12    0.00    0.08 ^ clkbuf_0_clk/A (sky130_fd_sc_hd__clkbuf_16)
                  0.09    0.29    0.37 ^ clkbuf_0_clk/X (sky130_fd_sc_hd__clkbuf_16)
     4    0.04                           clknet_0_clk (net)
                  0.09    0.00    0.37 ^ clkbuf_2_1__f_clk/A (sky130_fd_sc_hd__clkbuf_16)
                  0.09    0.27    0.64 ^ clkbuf_2_1__f_clk/X (sky130_fd_sc_hd__clkbuf_16)
    12    0.04                           clknet_2_1__leaf_clk (net)
                  0.09    0.00    0.64 ^ _442_/CLK (sky130_fd_sc_hd__dfrtp_1)
                          0.25    0.89   clock uncertainty
                          0.00    0.89   clock reconvergence pessimism
                          0.66    1.55   library removal time
                                  1.55   data required time
-----------------------------------------------------------------------------
                                  1.55   data required time
                                 -2.62   data arrival time
-----------------------------------------------------------------------------
                                  1.07   slack (MET)


Startpoint: rst (input port clocked by clk)
Endpoint: _445_ (removal check against rising-edge clock clk)
Path Group: asynchronous
Path Type: min
Corner: Slowest

Fanout     Cap    Slew   Delay    Time   Description
-----------------------------------------------------------------------------
                          0.00    0.00   clock clk (rise edge)
                          0.00    0.00   clock network delay (propagated)
                          2.00    2.00 v input external delay
                  0.02    0.01    2.01 v rst (in)
     1    0.00                           rst (net)
                  0.02    0.00    2.01 v input2/A (sky130_fd_sc_hd__buf_1)
                  0.11    0.17    2.18 v input2/X (sky130_fd_sc_hd__buf_1)
     3    0.01                           net2 (net)
                  0.11    0.00    2.18 v _389_/A (sky130_fd_sc_hd__buf_4)
                  0.15    0.34    2.52 v _389_/X (sky130_fd_sc_hd__buf_4)
    10    0.06                           _203_ (net)
                  0.15    0.00    2.53 v _397_/A (sky130_fd_sc_hd__inv_2)
                  0.05    0.09    2.62 ^ _397_/Y (sky130_fd_sc_hd__inv_2)
     1    0.00                           _039_ (net)
                  0.05    0.00    2.62 ^ _445_/RESET_B (sky130_fd_sc_hd__dfrtp_1)
                                  2.62   data arrival time

                          0.00    0.00   clock clk (rise edge)
                          0.00    0.00   clock source latency
                  0.12    0.08    0.08 ^ clk (in)
     1    0.02                           clk (net)
                  0.12    0.00    0.08 ^ clkbuf_0_clk/A (sky130_fd_sc_hd__clkbuf_16)
                  0.09    0.29    0.37 ^ clkbuf_0_clk/X (sky130_fd_sc_hd__clkbuf_16)
     4    0.04                           clknet_0_clk (net)
                  0.09    0.00    0.37 ^ clkbuf_2_1__f_clk/A (sky130_fd_sc_hd__clkbuf_16)
                  0.09    0.27    0.64 ^ clkbuf_2_1__f_clk/X (sky130_fd_sc_hd__clkbuf_16)
    12    0.04                           clknet_2_1__leaf_clk (net)
                  0.09    0.00    0.64 ^ _445_/CLK (sky130_fd_sc_hd__dfrtp_1)
                          0.25    0.89   clock uncertainty
                          0.00    0.89   clock reconvergence pessimism
                          0.66    1.55   library removal time
                                  1.55   data required time
-----------------------------------------------------------------------------
                                  1.55   data required time
                                 -2.62   data arrival time
-----------------------------------------------------------------------------
                                  1.07   slack (MET)


Startpoint: rst (input port clocked by clk)
Endpoint: _441_ (removal check against rising-edge clock clk)
Path Group: asynchronous
Path Type: min
Corner: Slowest

Fanout     Cap    Slew   Delay    Time   Description
-----------------------------------------------------------------------------
                          0.00    0.00   clock clk (rise edge)
                          0.00    0.00   clock network delay (propagated)
                          2.00    2.00 v input external delay
                  0.02    0.01    2.01 v rst (in)
     1    0.00                           rst (net)
                  0.02    0.00    2.01 v input2/A (sky130_fd_sc_hd__buf_1)
                  0.11    0.17    2.18 v input2/X (sky130_fd_sc_hd__buf_1)
     3    0.01                           net2 (net)
                  0.11    0.00    2.18 v _389_/A (sky130_fd_sc_hd__buf_4)
                  0.15    0.34    2.52 v _389_/X (sky130_fd_sc_hd__buf_4)
    10    0.06                           _203_ (net)
                  0.15    0.00    2.53 v _393_/A (sky130_fd_sc_hd__inv_2)
                  0.05    0.09    2.62 ^ _393_/Y (sky130_fd_sc_hd__inv_2)
     1    0.00                           _035_ (net)
                  0.05    0.00    2.62 ^ _441_/RESET_B (sky130_fd_sc_hd__dfrtp_1)
                                  2.62   data arrival time

                          0.00    0.00   clock clk (rise edge)
                          0.00    0.00   clock source latency
                  0.12    0.08    0.08 ^ clk (in)
     1    0.02                           clk (net)
                  0.12    0.00    0.08 ^ clkbuf_0_clk/A (sky130_fd_sc_hd__clkbuf_16)
                  0.09    0.29    0.37 ^ clkbuf_0_clk/X (sky130_fd_sc_hd__clkbuf_16)
     4    0.04                           clknet_0_clk (net)
                  0.09    0.00    0.37 ^ clkbuf_2_1__f_clk/A (sky130_fd_sc_hd__clkbuf_16)
                  0.09    0.27    0.64 ^ clkbuf_2_1__f_clk/X (sky130_fd_sc_hd__clkbuf_16)
    12    0.04                           clknet_2_1__leaf_clk (net)
                  0.09    0.00    0.64 ^ _441_/CLK (sky130_fd_sc_hd__dfrtp_1)
                          0.25    0.89   clock uncertainty
                          0.00    0.89   clock reconvergence pessimism
                          0.66    1.55   library removal time
                                  1.55   data required time
-----------------------------------------------------------------------------
                                  1.55   data required time
                                 -2.62   data arrival time
-----------------------------------------------------------------------------
                                  1.07   slack (MET)


Startpoint: rst (input port clocked by clk)
Endpoint: _443_ (removal check against rising-edge clock clk)
Path Group: asynchronous
Path Type: min
Corner: Slowest

Fanout     Cap    Slew   Delay    Time   Description
-----------------------------------------------------------------------------
                          0.00    0.00   clock clk (rise edge)
                          0.00    0.00   clock network delay (propagated)
                          2.00    2.00 v input external delay
                  0.02    0.01    2.01 v rst (in)
     1    0.00                           rst (net)
                  0.02    0.00    2.01 v input2/A (sky130_fd_sc_hd__buf_1)
                  0.11    0.17    2.18 v input2/X (sky130_fd_sc_hd__buf_1)
     3    0.01                           net2 (net)
                  0.11    0.00    2.18 v _389_/A (sky130_fd_sc_hd__buf_4)
                  0.15    0.34    2.52 v _389_/X (sky130_fd_sc_hd__buf_4)
    10    0.06                           _203_ (net)
                  0.15    0.00    2.53 v _395_/A (sky130_fd_sc_hd__inv_2)
                  0.06    0.09    2.62 ^ _395_/Y (sky130_fd_sc_hd__inv_2)
     1    0.00                           _037_ (net)
                  0.06    0.00    2.62 ^ _443_/RESET_B (sky130_fd_sc_hd__dfrtp_1)
                                  2.62   data arrival time

                          0.00    0.00   clock clk (rise edge)
                          0.00    0.00   clock source latency
                  0.12    0.08    0.08 ^ clk (in)
     1    0.02                           clk (net)
                  0.12    0.00    0.08 ^ clkbuf_0_clk/A (sky130_fd_sc_hd__clkbuf_16)
                  0.09    0.29    0.37 ^ clkbuf_0_clk/X (sky130_fd_sc_hd__clkbuf_16)
     4    0.04                           clknet_0_clk (net)
                  0.09    0.00    0.37 ^ clkbuf_2_1__f_clk/A (sky130_fd_sc_hd__clkbuf_16)
                  0.09    0.27    0.64 ^ clkbuf_2_1__f_clk/X (sky130_fd_sc_hd__clkbuf_16)
    12    0.04                           clknet_2_1__leaf_clk (net)
                  0.09    0.00    0.64 ^ _443_/CLK (sky130_fd_sc_hd__dfrtp_1)
                          0.25    0.89   clock uncertainty
                          0.00    0.89   clock reconvergence pessimism
                          0.66    1.55   library removal time
                                  1.55   data required time
-----------------------------------------------------------------------------
                                  1.55   data required time
                                 -2.62   data arrival time
-----------------------------------------------------------------------------
                                  1.07   slack (MET)


Startpoint: rst (input port clocked by clk)
Endpoint: _435_ (removal check against rising-edge clock clk)
Path Group: asynchronous
Path Type: min
Corner: Slowest

Fanout     Cap    Slew   Delay    Time   Description
-----------------------------------------------------------------------------
                          0.00    0.00   clock clk (rise edge)
                          0.00    0.00   clock network delay (propagated)
                          2.00    2.00 v input external delay
                  0.02    0.01    2.01 v rst (in)
     1    0.00                           rst (net)
                  0.02    0.00    2.01 v input2/A (sky130_fd_sc_hd__buf_1)
                  0.11    0.17    2.18 v input2/X (sky130_fd_sc_hd__buf_1)
     3    0.01                           net2 (net)
                  0.11    0.00    2.18 v _378_/A (sky130_fd_sc_hd__buf_4)
                  0.16    0.36    2.54 v _378_/X (sky130_fd_sc_hd__buf_4)
    10    0.07                           _202_ (net)
                  0.16    0.00    2.54 v _386_/A (sky130_fd_sc_hd__inv_2)
                  0.06    0.10    2.64 ^ _386_/Y (sky130_fd_sc_hd__inv_2)
     1    0.00                           _029_ (net)
                  0.06    0.00    2.64 ^ _435_/RESET_B (sky130_fd_sc_hd__dfrtp_2)
                                  2.64   data arrival time

                          0.00    0.00   clock clk (rise edge)
                          0.00    0.00   clock source latency
                  0.12    0.08    0.08 ^ clk (in)
     1    0.02                           clk (net)
                  0.12    0.00    0.08 ^ clkbuf_0_clk/A (sky130_fd_sc_hd__clkbuf_16)
                  0.09    0.29    0.37 ^ clkbuf_0_clk/X (sky130_fd_sc_hd__clkbuf_16)
     4    0.04                           clknet_0_clk (net)
                  0.09    0.00    0.37 ^ clkbuf_2_0__f_clk/A (sky130_fd_sc_hd__clkbuf_16)
                  0.10    0.28    0.65 ^ clkbuf_2_0__f_clk/X (sky130_fd_sc_hd__clkbuf_16)
    14    0.04                           clknet_2_0__leaf_clk (net)
                  0.10    0.00    0.65 ^ _435_/CLK (sky130_fd_sc_hd__dfrtp_2)
                          0.25    0.90   clock uncertainty
                          0.00    0.90   clock reconvergence pessimism
                          0.66    1.56   library removal time
                                  1.56   data required time
-----------------------------------------------------------------------------
                                  1.56   data required time
                                 -2.64   data arrival time
-----------------------------------------------------------------------------
                                  1.08   slack (MET)


Startpoint: rst (input port clocked by clk)
Endpoint: _430_ (removal check against rising-edge clock clk)
Path Group: asynchronous
Path Type: min
Corner: Slowest

Fanout     Cap    Slew   Delay    Time   Description
-----------------------------------------------------------------------------
                          0.00    0.00   clock clk (rise edge)
                          0.00    0.00   clock network delay (propagated)
                          2.00    2.00 v input external delay
                  0.02    0.01    2.01 v rst (in)
     1    0.00                           rst (net)
                  0.02    0.00    2.01 v input2/A (sky130_fd_sc_hd__buf_1)
                  0.11    0.17    2.18 v input2/X (sky130_fd_sc_hd__buf_1)
     3    0.01                           net2 (net)
                  0.11    0.00    2.18 v _378_/A (sky130_fd_sc_hd__buf_4)
                  0.16    0.36    2.54 v _378_/X (sky130_fd_sc_hd__buf_4)
    10    0.07                           _202_ (net)
                  0.16    0.00    2.54 v _381_/A (sky130_fd_sc_hd__inv_2)
                  0.06    0.10    2.64 ^ _381_/Y (sky130_fd_sc_hd__inv_2)
     1    0.00                           _024_ (net)
                  0.06    0.00    2.64 ^ _430_/RESET_B (sky130_fd_sc_hd__dfrtp_1)
                                  2.64   data arrival time

                          0.00    0.00   clock clk (rise edge)
                          0.00    0.00   clock source latency
                  0.12    0.08    0.08 ^ clk (in)
     1    0.02                           clk (net)
                  0.12    0.00    0.08 ^ clkbuf_0_clk/A (sky130_fd_sc_hd__clkbuf_16)
                  0.09    0.29    0.37 ^ clkbuf_0_clk/X (sky130_fd_sc_hd__clkbuf_16)
     4    0.04                           clknet_0_clk (net)
                  0.09    0.00    0.37 ^ clkbuf_2_0__f_clk/A (sky130_fd_sc_hd__clkbuf_16)
                  0.10    0.28    0.65 ^ clkbuf_2_0__f_clk/X (sky130_fd_sc_hd__clkbuf_16)
    14    0.04                           clknet_2_0__leaf_clk (net)
                  0.10    0.00    0.65 ^ _430_/CLK (sky130_fd_sc_hd__dfrtp_1)
                          0.25    0.90   clock uncertainty
                          0.00    0.90   clock reconvergence pessimism
                          0.66    1.56   library removal time
                                  1.56   data required time
-----------------------------------------------------------------------------
                                  1.56   data required time
                                 -2.64   data arrival time
-----------------------------------------------------------------------------
                                  1.08   slack (MET)


Startpoint: rst (input port clocked by clk)
Endpoint: _432_ (removal check against rising-edge clock clk)
Path Group: asynchronous
Path Type: min
Corner: Slowest

Fanout     Cap    Slew   Delay    Time   Description
-----------------------------------------------------------------------------
                          0.00    0.00   clock clk (rise edge)
                          0.00    0.00   clock network delay (propagated)
                          2.00    2.00 v input external delay
                  0.02    0.01    2.01 v rst (in)
     1    0.00                           rst (net)
                  0.02    0.00    2.01 v input2/A (sky130_fd_sc_hd__buf_1)
                  0.11    0.17    2.18 v input2/X (sky130_fd_sc_hd__buf_1)
     3    0.01                           net2 (net)
                  0.11    0.00    2.18 v _378_/A (sky130_fd_sc_hd__buf_4)
                  0.16    0.36    2.54 v _378_/X (sky130_fd_sc_hd__buf_4)
    10    0.07                           _202_ (net)
                  0.16    0.00    2.54 v _383_/A (sky130_fd_sc_hd__inv_2)
                  0.06    0.10    2.64 ^ _383_/Y (sky130_fd_sc_hd__inv_2)
     1    0.00                           _026_ (net)
                  0.06    0.00    2.64 ^ _432_/RESET_B (sky130_fd_sc_hd__dfrtp_1)
                                  2.64   data arrival time

                          0.00    0.00   clock clk (rise edge)
                          0.00    0.00   clock source latency
                  0.12    0.08    0.08 ^ clk (in)
     1    0.02                           clk (net)
                  0.12    0.00    0.08 ^ clkbuf_0_clk/A (sky130_fd_sc_hd__clkbuf_16)
                  0.09    0.29    0.37 ^ clkbuf_0_clk/X (sky130_fd_sc_hd__clkbuf_16)
     4    0.04                           clknet_0_clk (net)
                  0.09    0.00    0.37 ^ clkbuf_2_0__f_clk/A (sky130_fd_sc_hd__clkbuf_16)
                  0.10    0.28    0.65 ^ clkbuf_2_0__f_clk/X (sky130_fd_sc_hd__clkbuf_16)
    14    0.04                           clknet_2_0__leaf_clk (net)
                  0.10    0.00    0.65 ^ _432_/CLK (sky130_fd_sc_hd__dfrtp_1)
                          0.25    0.90   clock uncertainty
                          0.00    0.90   clock reconvergence pessimism
                          0.66    1.56   library removal time
                                  1.56   data required time
-----------------------------------------------------------------------------
                                  1.56   data required time
                                 -2.64   data arrival time
-----------------------------------------------------------------------------
                                  1.08   slack (MET)


Startpoint: rst (input port clocked by clk)
Endpoint: _428_ (removal check against rising-edge clock clk)
Path Group: asynchronous
Path Type: min
Corner: Slowest

Fanout     Cap    Slew   Delay    Time   Description
-----------------------------------------------------------------------------
                          0.00    0.00   clock clk (rise edge)
                          0.00    0.00   clock network delay (propagated)
                          2.00    2.00 v input external delay
                  0.02    0.01    2.01 v rst (in)
     1    0.00                           rst (net)
                  0.02    0.00    2.01 v input2/A (sky130_fd_sc_hd__buf_1)
                  0.11    0.17    2.18 v input2/X (sky130_fd_sc_hd__buf_1)
     3    0.01                           net2 (net)
                  0.11    0.00    2.18 v _378_/A (sky130_fd_sc_hd__buf_4)
                  0.16    0.36    2.54 v _378_/X (sky130_fd_sc_hd__buf_4)
    10    0.07                           _202_ (net)
                  0.16    0.00    2.54 v _379_/A (sky130_fd_sc_hd__inv_2)
                  0.06    0.10    2.64 ^ _379_/Y (sky130_fd_sc_hd__inv_2)
     1    0.00                           _022_ (net)
                  0.06    0.00    2.64 ^ _428_/RESET_B (sky130_fd_sc_hd__dfrtp_1)
                                  2.64   data arrival time

                          0.00    0.00   clock clk (rise edge)
                          0.00    0.00   clock source latency
                  0.12    0.08    0.08 ^ clk (in)
     1    0.02                           clk (net)
                  0.12    0.00    0.08 ^ clkbuf_0_clk/A (sky130_fd_sc_hd__clkbuf_16)
                  0.09    0.29    0.37 ^ clkbuf_0_clk/X (sky130_fd_sc_hd__clkbuf_16)
     4    0.04                           clknet_0_clk (net)
                  0.09    0.00    0.37 ^ clkbuf_2_0__f_clk/A (sky130_fd_sc_hd__clkbuf_16)
                  0.10    0.28    0.65 ^ clkbuf_2_0__f_clk/X (sky130_fd_sc_hd__clkbuf_16)
    14    0.04                           clknet_2_0__leaf_clk (net)
                  0.10    0.00    0.65 ^ _428_/CLK (sky130_fd_sc_hd__dfrtp_1)
                          0.25    0.90   clock uncertainty
                          0.00    0.90   clock reconvergence pessimism
                          0.66    1.56   library removal time
                                  1.56   data required time
-----------------------------------------------------------------------------
                                  1.56   data required time
                                 -2.64   data arrival time
-----------------------------------------------------------------------------
                                  1.08   slack (MET)


Startpoint: rst (input port clocked by clk)
Endpoint: _431_ (removal check against rising-edge clock clk)
Path Group: asynchronous
Path Type: min
Corner: Slowest

Fanout     Cap    Slew   Delay    Time   Description
-----------------------------------------------------------------------------
                          0.00    0.00   clock clk (rise edge)
                          0.00    0.00   clock network delay (propagated)
                          2.00    2.00 v input external delay
                  0.02    0.01    2.01 v rst (in)
     1    0.00                           rst (net)
                  0.02    0.00    2.01 v input2/A (sky130_fd_sc_hd__buf_1)
                  0.11    0.17    2.18 v input2/X (sky130_fd_sc_hd__buf_1)
     3    0.01                           net2 (net)
                  0.11    0.00    2.18 v _378_/A (sky130_fd_sc_hd__buf_4)
                  0.16    0.36    2.54 v _378_/X (sky130_fd_sc_hd__buf_4)
    10    0.07                           _202_ (net)
                  0.16    0.00    2.54 v _382_/A (sky130_fd_sc_hd__inv_2)
                  0.06    0.10    2.64 ^ _382_/Y (sky130_fd_sc_hd__inv_2)
     1    0.00                           _025_ (net)
                  0.06    0.00    2.64 ^ _431_/RESET_B (sky130_fd_sc_hd__dfrtp_1)
                                  2.64   data arrival time

                          0.00    0.00   clock clk (rise edge)
                          0.00    0.00   clock source latency
                  0.12    0.08    0.08 ^ clk (in)
     1    0.02                           clk (net)
                  0.12    0.00    0.08 ^ clkbuf_0_clk/A (sky130_fd_sc_hd__clkbuf_16)
                  0.09    0.29    0.37 ^ clkbuf_0_clk/X (sky130_fd_sc_hd__clkbuf_16)
     4    0.04                           clknet_0_clk (net)
                  0.09    0.00    0.37 ^ clkbuf_2_0__f_clk/A (sky130_fd_sc_hd__clkbuf_16)
                  0.10    0.28    0.65 ^ clkbuf_2_0__f_clk/X (sky130_fd_sc_hd__clkbuf_16)
    14    0.04                           clknet_2_0__leaf_clk (net)
                  0.10    0.00    0.65 ^ _431_/CLK (sky130_fd_sc_hd__dfrtp_1)
                          0.25    0.90   clock uncertainty
                          0.00    0.90   clock reconvergence pessimism
                          0.66    1.56   library removal time
                                  1.56   data required time
-----------------------------------------------------------------------------
                                  1.56   data required time
                                 -2.64   data arrival time
-----------------------------------------------------------------------------
                                  1.08   slack (MET)


Startpoint: _410_ (rising edge-triggered flip-flop clocked by clk)
Endpoint: _410_ (rising edge-triggered flip-flop clocked by clk)
Path Group: clk
Path Type: min
Corner: Slowest

Fanout     Cap    Slew   Delay    Time   Description
-----------------------------------------------------------------------------
                          0.00    0.00   clock clk (rise edge)
                          0.00    0.00   clock source latency
                  0.12    0.08    0.08 ^ clk (in)
     1    0.02                           clk (net)
                  0.12    0.00    0.08 ^ clkbuf_0_clk/A (sky130_fd_sc_hd__clkbuf_16)
                  0.09    0.26    0.34 ^ clkbuf_0_clk/X (sky130_fd_sc_hd__clkbuf_16)
     4    0.04                           clknet_0_clk (net)
                  0.09    0.00    0.34 ^ clkbuf_2_0__f_clk/A (sky130_fd_sc_hd__clkbuf_16)
                  0.10    0.25    0.58 ^ clkbuf_2_0__f_clk/X (sky130_fd_sc_hd__clkbuf_16)
    14    0.04                           clknet_2_0__leaf_clk (net)
                  0.10    0.00    0.59 ^ _410_/CLK (sky130_fd_sc_hd__dfrtp_2)
                  0.18    0.76    1.35 ^ _410_/Q (sky130_fd_sc_hd__dfrtp_2)
     6    0.02                           clk_count[2] (net)
                  0.18    0.00    1.35 ^ _347_/B1 (sky130_fd_sc_hd__a21o_1)
                  0.06    0.17    1.52 ^ _347_/X (sky130_fd_sc_hd__a21o_1)
     1    0.00                           _195_ (net)
                  0.06    0.00    1.52 ^ _348_/A3 (sky130_fd_sc_hd__a32o_1)
                  0.09    0.32    1.84 ^ _348_/X (sky130_fd_sc_hd__a32o_1)
     1    0.00                           _052_ (net)
                  0.09    0.00    1.84 ^ _410_/D (sky130_fd_sc_hd__dfrtp_2)
                                  1.84   data arrival time

                          0.00    0.00   clock clk (rise edge)
                          0.00    0.00   clock source latency
                  0.12    0.08    0.08 ^ clk (in)
     1    0.02                           clk (net)
                  0.12    0.00    0.08 ^ clkbuf_0_clk/A (sky130_fd_sc_hd__clkbuf_16)
                  0.09    0.29    0.37 ^ clkbuf_0_clk/X (sky130_fd_sc_hd__clkbuf_16)
     4    0.04                           clknet_0_clk (net)
                  0.09    0.00    0.37 ^ clkbuf_2_0__f_clk/A (sky130_fd_sc_hd__clkbuf_16)
                  0.10    0.28    0.65 ^ clkbuf_2_0__f_clk/X (sky130_fd_sc_hd__clkbuf_16)
    14    0.04                           clknet_2_0__leaf_clk (net)
                  0.10    0.00    0.65 ^ _410_/CLK (sky130_fd_sc_hd__dfrtp_2)
                          0.25    0.90   clock uncertainty
                         -0.06    0.84   clock reconvergence pessimism
                         -0.08    0.76   library hold time
                                  0.76   data required time
-----------------------------------------------------------------------------
                                  0.76   data required time
                                 -1.84   data arrival time
-----------------------------------------------------------------------------
                                  1.08   slack (MET)


Startpoint: rst (input port clocked by clk)
Endpoint: _429_ (removal check against rising-edge clock clk)
Path Group: asynchronous
Path Type: min
Corner: Slowest

Fanout     Cap    Slew   Delay    Time   Description
-----------------------------------------------------------------------------
                          0.00    0.00   clock clk (rise edge)
                          0.00    0.00   clock network delay (propagated)
                          2.00    2.00 v input external delay
                  0.02    0.01    2.01 v rst (in)
     1    0.00                           rst (net)
                  0.02    0.00    2.01 v input2/A (sky130_fd_sc_hd__buf_1)
                  0.11    0.17    2.18 v input2/X (sky130_fd_sc_hd__buf_1)
     3    0.01                           net2 (net)
                  0.11    0.00    2.18 v _378_/A (sky130_fd_sc_hd__buf_4)
                  0.16    0.36    2.54 v _378_/X (sky130_fd_sc_hd__buf_4)
    10    0.07                           _202_ (net)
                  0.16    0.00    2.54 v _380_/A (sky130_fd_sc_hd__inv_2)
                  0.06    0.11    2.64 ^ _380_/Y (sky130_fd_sc_hd__inv_2)
     1    0.00                           _023_ (net)
                  0.06    0.00    2.64 ^ _429_/RESET_B (sky130_fd_sc_hd__dfrtp_1)
                                  2.64   data arrival time

                          0.00    0.00   clock clk (rise edge)
                          0.00    0.00   clock source latency
                  0.12    0.08    0.08 ^ clk (in)
     1    0.02                           clk (net)
                  0.12    0.00    0.08 ^ clkbuf_0_clk/A (sky130_fd_sc_hd__clkbuf_16)
                  0.09    0.29    0.37 ^ clkbuf_0_clk/X (sky130_fd_sc_hd__clkbuf_16)
     4    0.04                           clknet_0_clk (net)
                  0.09    0.00    0.37 ^ clkbuf_2_0__f_clk/A (sky130_fd_sc_hd__clkbuf_16)
                  0.10    0.28    0.65 ^ clkbuf_2_0__f_clk/X (sky130_fd_sc_hd__clkbuf_16)
    14    0.04                           clknet_2_0__leaf_clk (net)
                  0.10    0.00    0.65 ^ _429_/CLK (sky130_fd_sc_hd__dfrtp_1)
                          0.25    0.90   clock uncertainty
                          0.00    0.90   clock reconvergence pessimism
                          0.66    1.56   library removal time
                                  1.56   data required time
-----------------------------------------------------------------------------
                                  1.56   data required time
                                 -2.64   data arrival time
-----------------------------------------------------------------------------
                                  1.09   slack (MET)


Startpoint: rst (input port clocked by clk)
Endpoint: _437_ (removal check against rising-edge clock clk)
Path Group: asynchronous
Path Type: min
Corner: Slowest

Fanout     Cap    Slew   Delay    Time   Description
-----------------------------------------------------------------------------
                          0.00    0.00   clock clk (rise edge)
                          0.00    0.00   clock network delay (propagated)
                          2.00    2.00 v input external delay
                  0.02    0.01    2.01 v rst (in)
     1    0.00                           rst (net)
                  0.02    0.00    2.01 v input2/A (sky130_fd_sc_hd__buf_1)
                  0.11    0.17    2.18 v input2/X (sky130_fd_sc_hd__buf_1)
     3    0.01                           net2 (net)
                  0.11    0.00    2.18 v _378_/A (sky130_fd_sc_hd__buf_4)
                  0.16    0.36    2.54 v _378_/X (sky130_fd_sc_hd__buf_4)
    10    0.07                           _202_ (net)
                  0.16    0.00    2.54 v _388_/A (sky130_fd_sc_hd__inv_2)
                  0.06    0.10    2.64 ^ _388_/Y (sky130_fd_sc_hd__inv_2)
     1    0.00                           _031_ (net)
                  0.06    0.00    2.64 ^ _437_/RESET_B (sky130_fd_sc_hd__dfrtp_1)
                                  2.64   data arrival time

                          0.00    0.00   clock clk (rise edge)
                          0.00    0.00   clock source latency
                  0.12    0.08    0.08 ^ clk (in)
     1    0.02                           clk (net)
                  0.12    0.00    0.08 ^ clkbuf_0_clk/A (sky130_fd_sc_hd__clkbuf_16)
                  0.09    0.29    0.37 ^ clkbuf_0_clk/X (sky130_fd_sc_hd__clkbuf_16)
     4    0.04                           clknet_0_clk (net)
                  0.09    0.00    0.37 ^ clkbuf_2_3__f_clk/A (sky130_fd_sc_hd__clkbuf_16)
                  0.09    0.27    0.64 ^ clkbuf_2_3__f_clk/X (sky130_fd_sc_hd__clkbuf_16)
    12    0.04                           clknet_2_3__leaf_clk (net)
                  0.09    0.00    0.64 ^ _437_/CLK (sky130_fd_sc_hd__dfrtp_1)
                          0.25    0.89   clock uncertainty
                          0.00    0.89   clock reconvergence pessimism
                          0.66    1.55   library removal time
                                  1.55   data required time
-----------------------------------------------------------------------------
                                  1.55   data required time
                                 -2.64   data arrival time
-----------------------------------------------------------------------------
                                  1.09   slack (MET)


Startpoint: rst (input port clocked by clk)
Endpoint: _434_ (removal check against rising-edge clock clk)
Path Group: asynchronous
Path Type: min
Corner: Slowest

Fanout     Cap    Slew   Delay    Time   Description
-----------------------------------------------------------------------------
                          0.00    0.00   clock clk (rise edge)
                          0.00    0.00   clock network delay (propagated)
                          2.00    2.00 v input external delay
                  0.02    0.01    2.01 v rst (in)
     1    0.00                           rst (net)
                  0.02    0.00    2.01 v input2/A (sky130_fd_sc_hd__buf_1)
                  0.11    0.17    2.18 v input2/X (sky130_fd_sc_hd__buf_1)
     3    0.01                           net2 (net)
                  0.11    0.00    2.18 v _378_/A (sky130_fd_sc_hd__buf_4)
                  0.16    0.36    2.54 v _378_/X (sky130_fd_sc_hd__buf_4)
    10    0.07                           _202_ (net)
                  0.16    0.00    2.54 v _385_/A (sky130_fd_sc_hd__inv_2)
                  0.06    0.10    2.64 ^ _385_/Y (sky130_fd_sc_hd__inv_2)
     1    0.00                           _028_ (net)
                  0.06    0.00    2.64 ^ _434_/RESET_B (sky130_fd_sc_hd__dfrtp_1)
                                  2.64   data arrival time

                          0.00    0.00   clock clk (rise edge)
                          0.00    0.00   clock source latency
                  0.12    0.08    0.08 ^ clk (in)
     1    0.02                           clk (net)
                  0.12    0.00    0.08 ^ clkbuf_0_clk/A (sky130_fd_sc_hd__clkbuf_16)
                  0.09    0.29    0.37 ^ clkbuf_0_clk/X (sky130_fd_sc_hd__clkbuf_16)
     4    0.04                           clknet_0_clk (net)
                  0.09    0.00    0.37 ^ clkbuf_2_1__f_clk/A (sky130_fd_sc_hd__clkbuf_16)
                  0.09    0.27    0.64 ^ clkbuf_2_1__f_clk/X (sky130_fd_sc_hd__clkbuf_16)
    12    0.04                           clknet_2_1__leaf_clk (net)
                  0.09    0.00    0.64 ^ _434_/CLK (sky130_fd_sc_hd__dfrtp_1)
                          0.25    0.89   clock uncertainty
                          0.00    0.89   clock reconvergence pessimism
                          0.66    1.55   library removal time
                                  1.55   data required time
-----------------------------------------------------------------------------
                                  1.55   data required time
                                 -2.64   data arrival time
-----------------------------------------------------------------------------
                                  1.09   slack (MET)


Startpoint: rst (input port clocked by clk)
Endpoint: _433_ (removal check against rising-edge clock clk)
Path Group: asynchronous
Path Type: min
Corner: Slowest

Fanout     Cap    Slew   Delay    Time   Description
-----------------------------------------------------------------------------
                          0.00    0.00   clock clk (rise edge)
                          0.00    0.00   clock network delay (propagated)
                          2.00    2.00 v input external delay
                  0.02    0.01    2.01 v rst (in)
     1    0.00                           rst (net)
                  0.02    0.00    2.01 v input2/A (sky130_fd_sc_hd__buf_1)
                  0.11    0.17    2.18 v input2/X (sky130_fd_sc_hd__buf_1)
     3    0.01                           net2 (net)
                  0.11    0.00    2.18 v _378_/A (sky130_fd_sc_hd__buf_4)
                  0.16    0.36    2.54 v _378_/X (sky130_fd_sc_hd__buf_4)
    10    0.07                           _202_ (net)
                  0.16    0.00    2.54 v _384_/A (sky130_fd_sc_hd__inv_2)
                  0.06    0.10    2.64 ^ _384_/Y (sky130_fd_sc_hd__inv_2)
     1    0.00                           _027_ (net)
                  0.06    0.00    2.64 ^ _433_/RESET_B (sky130_fd_sc_hd__dfrtp_1)
                                  2.64   data arrival time

                          0.00    0.00   clock clk (rise edge)
                          0.00    0.00   clock source latency
                  0.12    0.08    0.08 ^ clk (in)
     1    0.02                           clk (net)
                  0.12    0.00    0.08 ^ clkbuf_0_clk/A (sky130_fd_sc_hd__clkbuf_16)
                  0.09    0.29    0.37 ^ clkbuf_0_clk/X (sky130_fd_sc_hd__clkbuf_16)
     4    0.04                           clknet_0_clk (net)
                  0.09    0.00    0.37 ^ clkbuf_2_1__f_clk/A (sky130_fd_sc_hd__clkbuf_16)
                  0.09    0.27    0.64 ^ clkbuf_2_1__f_clk/X (sky130_fd_sc_hd__clkbuf_16)
    12    0.04                           clknet_2_1__leaf_clk (net)
                  0.09    0.00    0.64 ^ _433_/CLK (sky130_fd_sc_hd__dfrtp_1)
                          0.25    0.89   clock uncertainty
                          0.00    0.89   clock reconvergence pessimism
                          0.66    1.55   library removal time
                                  1.55   data required time
-----------------------------------------------------------------------------
                                  1.55   data required time
                                 -2.64   data arrival time
-----------------------------------------------------------------------------
                                  1.09   slack (MET)


Startpoint: _408_ (rising edge-triggered flip-flop clocked by clk)
Endpoint: _408_ (rising edge-triggered flip-flop clocked by clk)
Path Group: clk
Path Type: min
Corner: Slowest

Fanout     Cap    Slew   Delay    Time   Description
-----------------------------------------------------------------------------
                          0.00    0.00   clock clk (rise edge)
                          0.00    0.00   clock source latency
                  0.12    0.08    0.08 ^ clk (in)
     1    0.02                           clk (net)
                  0.12    0.00    0.08 ^ clkbuf_0_clk/A (sky130_fd_sc_hd__clkbuf_16)
                  0.09    0.26    0.34 ^ clkbuf_0_clk/X (sky130_fd_sc_hd__clkbuf_16)
     4    0.04                           clknet_0_clk (net)
                  0.09    0.00    0.34 ^ clkbuf_2_0__f_clk/A (sky130_fd_sc_hd__clkbuf_16)
                  0.10    0.25    0.58 ^ clkbuf_2_0__f_clk/X (sky130_fd_sc_hd__clkbuf_16)
    14    0.04                           clknet_2_0__leaf_clk (net)
                  0.10    0.00    0.59 ^ _408_/CLK (sky130_fd_sc_hd__dfrtp_4)
                  0.18    0.87    1.46 ^ _408_/Q (sky130_fd_sc_hd__dfrtp_4)
     8    0.03                           clk_count[0] (net)
                  0.18    0.00    1.46 ^ _352_/S (sky130_fd_sc_hd__mux2_1)
                  0.07    0.27    1.73 ^ _352_/X (sky130_fd_sc_hd__mux2_1)
     1    0.00                           _198_ (net)
                  0.07    0.00    1.73 ^ _353_/A (sky130_fd_sc_hd__clkbuf_1)
                  0.06    0.14    1.86 ^ _353_/X (sky130_fd_sc_hd__clkbuf_1)
     1    0.00                           _050_ (net)
                  0.06    0.00    1.86 ^ _408_/D (sky130_fd_sc_hd__dfrtp_4)
                                  1.86   data arrival time

                          0.00    0.00   clock clk (rise edge)
                          0.00    0.00   clock source latency
                  0.12    0.08    0.08 ^ clk (in)
     1    0.02                           clk (net)
                  0.12    0.00    0.08 ^ clkbuf_0_clk/A (sky130_fd_sc_hd__clkbuf_16)
                  0.09    0.29    0.37 ^ clkbuf_0_clk/X (sky130_fd_sc_hd__clkbuf_16)
     4    0.04                           clknet_0_clk (net)
                  0.09    0.00    0.37 ^ clkbuf_2_0__f_clk/A (sky130_fd_sc_hd__clkbuf_16)
                  0.10    0.28    0.65 ^ clkbuf_2_0__f_clk/X (sky130_fd_sc_hd__clkbuf_16)
    14    0.04                           clknet_2_0__leaf_clk (net)
                  0.10    0.00    0.65 ^ _408_/CLK (sky130_fd_sc_hd__dfrtp_4)
                          0.25    0.90   clock uncertainty
                         -0.06    0.84   clock reconvergence pessimism
                         -0.07    0.76   library hold time
                                  0.76   data required time
-----------------------------------------------------------------------------
                                  0.76   data required time
                                 -1.86   data arrival time
-----------------------------------------------------------------------------
                                  1.10   slack (MET)


Startpoint: _455_ (rising edge-triggered flip-flop clocked by clk)
Endpoint: _424_ (rising edge-triggered flip-flop clocked by clk)
Path Group: clk
Path Type: min
Corner: Slowest

Fanout     Cap    Slew   Delay    Time   Description
-----------------------------------------------------------------------------
                          0.00    0.00   clock clk (rise edge)
                          0.00    0.00   clock source latency
                  0.12    0.08    0.08 ^ clk (in)
     1    0.02                           clk (net)
                  0.12    0.00    0.08 ^ clkbuf_0_clk/A (sky130_fd_sc_hd__clkbuf_16)
                  0.09    0.26    0.34 ^ clkbuf_0_clk/X (sky130_fd_sc_hd__clkbuf_16)
     4    0.04                           clknet_0_clk (net)
                  0.09    0.00    0.34 ^ clkbuf_2_1__f_clk/A (sky130_fd_sc_hd__clkbuf_16)
                  0.09    0.24    0.58 ^ clkbuf_2_1__f_clk/X (sky130_fd_sc_hd__clkbuf_16)
    12    0.04                           clknet_2_1__leaf_clk (net)
                  0.09    0.00    0.58 ^ _455_/CLK (sky130_fd_sc_hd__dfrtp_1)
                  0.10    0.64    1.22 ^ _455_/Q (sky130_fd_sc_hd__dfrtp_1)
     2    0.00                           bit_count[3] (net)
                  0.10    0.00    1.22 ^ _216_/A (sky130_fd_sc_hd__nor2_1)
                  0.06    0.10    1.32 v _216_/Y (sky130_fd_sc_hd__nor2_1)
     2    0.01                           _108_ (net)
                  0.06    0.00    1.32 v _217_/D (sky130_fd_sc_hd__nand4_1)
                  0.17    0.18    1.50 ^ _217_/Y (sky130_fd_sc_hd__nand4_1)
     3    0.01                           _109_ (net)
                  0.17    0.00    1.50 ^ _270_/B (sky130_fd_sc_hd__and2_1)
                  0.08    0.25    1.75 ^ _270_/X (sky130_fd_sc_hd__and2_1)
     1    0.00                           _143_ (net)
                  0.08    0.00    1.75 ^ _271_/A (sky130_fd_sc_hd__clkbuf_1)
                  0.11    0.17    1.92 ^ _271_/X (sky130_fd_sc_hd__clkbuf_1)
     2    0.00                           _000_ (net)
                  0.11    0.00    1.92 ^ _424_/D (sky130_fd_sc_hd__dfrtp_2)
                                  1.92   data arrival time

                          0.00    0.00   clock clk (rise edge)
                          0.00    0.00   clock source latency
                  0.12    0.08    0.08 ^ clk (in)
     1    0.02                           clk (net)
                  0.12    0.00    0.08 ^ clkbuf_0_clk/A (sky130_fd_sc_hd__clkbuf_16)
                  0.09    0.29    0.37 ^ clkbuf_0_clk/X (sky130_fd_sc_hd__clkbuf_16)
     4    0.04                           clknet_0_clk (net)
                  0.09    0.00    0.37 ^ clkbuf_2_3__f_clk/A (sky130_fd_sc_hd__clkbuf_16)
                  0.09    0.27    0.64 ^ clkbuf_2_3__f_clk/X (sky130_fd_sc_hd__clkbuf_16)
    12    0.04                           clknet_2_3__leaf_clk (net)
                  0.09    0.00    0.64 ^ _424_/CLK (sky130_fd_sc_hd__dfrtp_2)
                          0.25    0.89   clock uncertainty
                         -0.04    0.86   clock reconvergence pessimism
                         -0.08    0.77   library hold time
                                  0.77   data required time
-----------------------------------------------------------------------------
                                  0.77   data required time
                                 -1.92   data arrival time
-----------------------------------------------------------------------------
                                  1.15   slack (MET)


Startpoint: _414_ (rising edge-triggered flip-flop clocked by clk)
Endpoint: _414_ (rising edge-triggered flip-flop clocked by clk)
Path Group: clk
Path Type: min
Corner: Slowest

Fanout     Cap    Slew   Delay    Time   Description
-----------------------------------------------------------------------------
                          0.00    0.00   clock clk (rise edge)
                          0.00    0.00   clock source latency
                  0.12    0.08    0.08 ^ clk (in)
     1    0.02                           clk (net)
                  0.12    0.00    0.08 ^ clkbuf_0_clk/A (sky130_fd_sc_hd__clkbuf_16)
                  0.09    0.26    0.34 ^ clkbuf_0_clk/X (sky130_fd_sc_hd__clkbuf_16)
     4    0.04                           clknet_0_clk (net)
                  0.09    0.00    0.34 ^ clkbuf_2_2__f_clk/A (sky130_fd_sc_hd__clkbuf_16)
                  0.08    0.24    0.57 ^ clkbuf_2_2__f_clk/X (sky130_fd_sc_hd__clkbuf_16)
    10    0.03                           clknet_2_2__leaf_clk (net)
                  0.08    0.00    0.57 ^ _414_/CLK (sky130_fd_sc_hd__dfrtp_1)
                  0.17    0.80    1.38 v _414_/Q (sky130_fd_sc_hd__dfrtp_1)
     6    0.01                           clk_count[6] (net)
                  0.17    0.00    1.38 v _334_/A_N (sky130_fd_sc_hd__and3b_1)
                  0.09    0.43    1.81 ^ _334_/X (sky130_fd_sc_hd__and3b_1)
     1    0.00                           _186_ (net)
                  0.09    0.00    1.81 ^ _335_/B1 (sky130_fd_sc_hd__a21o_1)
                  0.05    0.13    1.94 ^ _335_/X (sky130_fd_sc_hd__a21o_1)
     1    0.00                           _056_ (net)
                  0.05    0.00    1.94 ^ _414_/D (sky130_fd_sc_hd__dfrtp_1)
                                  1.94   data arrival time

                          0.00    0.00   clock clk (rise edge)
                          0.00    0.00   clock source latency
                  0.12    0.08    0.08 ^ clk (in)
     1    0.02                           clk (net)
                  0.12    0.00    0.08 ^ clkbuf_0_clk/A (sky130_fd_sc_hd__clkbuf_16)
                  0.09    0.29    0.37 ^ clkbuf_0_clk/X (sky130_fd_sc_hd__clkbuf_16)
     4    0.04                           clknet_0_clk (net)
                  0.09    0.00    0.37 ^ clkbuf_2_2__f_clk/A (sky130_fd_sc_hd__clkbuf_16)
                  0.08    0.26    0.63 ^ clkbuf_2_2__f_clk/X (sky130_fd_sc_hd__clkbuf_16)
    10    0.03                           clknet_2_2__leaf_clk (net)
                  0.08    0.00    0.63 ^ _414_/CLK (sky130_fd_sc_hd__dfrtp_1)
                          0.25    0.88   clock uncertainty
                         -0.06    0.82   clock reconvergence pessimism
                         -0.07    0.75   library hold time
                                  0.75   data required time
-----------------------------------------------------------------------------
                                  0.75   data required time
                                 -1.94   data arrival time
-----------------------------------------------------------------------------
                                  1.19   slack (MET)


Startpoint: _420_ (rising edge-triggered flip-flop clocked by clk)
Endpoint: _420_ (rising edge-triggered flip-flop clocked by clk)
Path Group: clk
Path Type: min
Corner: Slowest

Fanout     Cap    Slew   Delay    Time   Description
-----------------------------------------------------------------------------
                          0.00    0.00   clock clk (rise edge)
                          0.00    0.00   clock source latency
                  0.12    0.08    0.08 ^ clk (in)
     1    0.02                           clk (net)
                  0.12    0.00    0.08 ^ clkbuf_0_clk/A (sky130_fd_sc_hd__clkbuf_16)
                  0.09    0.26    0.34 ^ clkbuf_0_clk/X (sky130_fd_sc_hd__clkbuf_16)
     4    0.04                           clknet_0_clk (net)
                  0.09    0.00    0.34 ^ clkbuf_2_3__f_clk/A (sky130_fd_sc_hd__clkbuf_16)
                  0.09    0.24    0.58 ^ clkbuf_2_3__f_clk/X (sky130_fd_sc_hd__clkbuf_16)
    12    0.04                           clknet_2_3__leaf_clk (net)
                  0.09    0.00    0.58 ^ _420_/CLK (sky130_fd_sc_hd__dfrtp_1)
                  0.16    0.80    1.38 v _420_/Q (sky130_fd_sc_hd__dfrtp_1)
     6    0.01                           clk_count[12] (net)
                  0.16    0.00    1.38 v _311_/A_N (sky130_fd_sc_hd__and3b_1)
                  0.09    0.43    1.82 ^ _311_/X (sky130_fd_sc_hd__and3b_1)
     1    0.00                           _169_ (net)
                  0.09    0.00    1.82 ^ _312_/B1 (sky130_fd_sc_hd__a21o_1)
                  0.05    0.14    1.95 ^ _312_/X (sky130_fd_sc_hd__a21o_1)
     1    0.00                           _062_ (net)
                  0.05    0.00    1.95 ^ _420_/D (sky130_fd_sc_hd__dfrtp_1)
                                  1.95   data arrival time

                          0.00    0.00   clock clk (rise edge)
                          0.00    0.00   clock source latency
                  0.12    0.08    0.08 ^ clk (in)
     1    0.02                           clk (net)
                  0.12    0.00    0.08 ^ clkbuf_0_clk/A (sky130_fd_sc_hd__clkbuf_16)
                  0.09    0.29    0.37 ^ clkbuf_0_clk/X (sky130_fd_sc_hd__clkbuf_16)
     4    0.04                           clknet_0_clk (net)
                  0.09    0.00    0.37 ^ clkbuf_2_3__f_clk/A (sky130_fd_sc_hd__clkbuf_16)
                  0.09    0.27    0.64 ^ clkbuf_2_3__f_clk/X (sky130_fd_sc_hd__clkbuf_16)
    12    0.04                           clknet_2_3__leaf_clk (net)
                  0.09    0.00    0.64 ^ _420_/CLK (sky130_fd_sc_hd__dfrtp_1)
                          0.25    0.89   clock uncertainty
                         -0.06    0.83   clock reconvergence pessimism
                         -0.07    0.76   library hold time
                                  0.76   data required time
-----------------------------------------------------------------------------
                                  0.76   data required time
                                 -1.95   data arrival time
-----------------------------------------------------------------------------
                                  1.19   slack (MET)


Startpoint: _455_ (rising edge-triggered flip-flop clocked by clk)
Endpoint: _425_ (rising edge-triggered flip-flop clocked by clk)
Path Group: clk
Path Type: min
Corner: Slowest

Fanout     Cap    Slew   Delay    Time   Description
-----------------------------------------------------------------------------
                          0.00    0.00   clock clk (rise edge)
                          0.00    0.00   clock source latency
                  0.12    0.08    0.08 ^ clk (in)
     1    0.02                           clk (net)
                  0.12    0.00    0.08 ^ clkbuf_0_clk/A (sky130_fd_sc_hd__clkbuf_16)
                  0.09    0.26    0.34 ^ clkbuf_0_clk/X (sky130_fd_sc_hd__clkbuf_16)
     4    0.04                           clknet_0_clk (net)
                  0.09    0.00    0.34 ^ clkbuf_2_1__f_clk/A (sky130_fd_sc_hd__clkbuf_16)
                  0.09    0.24    0.58 ^ clkbuf_2_1__f_clk/X (sky130_fd_sc_hd__clkbuf_16)
    12    0.04                           clknet_2_1__leaf_clk (net)
                  0.09    0.00    0.58 ^ _455_/CLK (sky130_fd_sc_hd__dfrtp_1)
                  0.10    0.64    1.22 ^ _455_/Q (sky130_fd_sc_hd__dfrtp_1)
     2    0.00                           bit_count[3] (net)
                  0.10    0.00    1.22 ^ _216_/A (sky130_fd_sc_hd__nor2_1)
                  0.06    0.10    1.32 v _216_/Y (sky130_fd_sc_hd__nor2_1)
     2    0.01                           _108_ (net)
                  0.06    0.00    1.32 v _217_/D (sky130_fd_sc_hd__nand4_1)
                  0.17    0.18    1.50 ^ _217_/Y (sky130_fd_sc_hd__nand4_1)
     3    0.01                           _109_ (net)
                  0.17    0.00    1.50 ^ _218_/A (sky130_fd_sc_hd__buf_4)
                  0.27    0.38    1.89 ^ _218_/X (sky130_fd_sc_hd__buf_4)
    10    0.06                           _110_ (net)
                  0.27    0.00    1.89 ^ _354_/A (sky130_fd_sc_hd__inv_2)
                  0.05    0.10    1.98 v _354_/Y (sky130_fd_sc_hd__inv_2)
     1    0.00                           _001_ (net)
                  0.05    0.00    1.98 v _425_/D (sky130_fd_sc_hd__dfrtp_1)
                                  1.98   data arrival time

                          0.00    0.00   clock clk (rise edge)
                          0.00    0.00   clock source latency
                  0.12    0.08    0.08 ^ clk (in)
     1    0.02                           clk (net)
                  0.12    0.00    0.08 ^ clkbuf_0_clk/A (sky130_fd_sc_hd__clkbuf_16)
                  0.09    0.29    0.37 ^ clkbuf_0_clk/X (sky130_fd_sc_hd__clkbuf_16)
     4    0.04                           clknet_0_clk (net)
                  0.09    0.00    0.37 ^ clkbuf_2_2__f_clk/A (sky130_fd_sc_hd__clkbuf_16)
                  0.08    0.26    0.63 ^ clkbuf_2_2__f_clk/X (sky130_fd_sc_hd__clkbuf_16)
    10    0.03                           clknet_2_2__leaf_clk (net)
                  0.08    0.00    0.63 ^ _425_/CLK (sky130_fd_sc_hd__dfrtp_1)
                          0.25    0.88   clock uncertainty
                         -0.04    0.85   clock reconvergence pessimism
                         -0.09    0.76   library hold time
                                  0.76   data required time
-----------------------------------------------------------------------------
                                  0.76   data required time
                                 -1.98   data arrival time
-----------------------------------------------------------------------------
                                  1.22   slack (MET)


Startpoint: _412_ (rising edge-triggered flip-flop clocked by clk)
Endpoint: _412_ (rising edge-triggered flip-flop clocked by clk)
Path Group: clk
Path Type: min
Corner: Slowest

Fanout     Cap    Slew   Delay    Time   Description
-----------------------------------------------------------------------------
                          0.00    0.00   clock clk (rise edge)
                          0.00    0.00   clock source latency
                  0.12    0.08    0.08 ^ clk (in)
     1    0.02                           clk (net)
                  0.12    0.00    0.08 ^ clkbuf_0_clk/A (sky130_fd_sc_hd__clkbuf_16)
                  0.09    0.26    0.34 ^ clkbuf_0_clk/X (sky130_fd_sc_hd__clkbuf_16)
     4    0.04                           clknet_0_clk (net)
                  0.09    0.00    0.34 ^ clkbuf_2_2__f_clk/A (sky130_fd_sc_hd__clkbuf_16)
                  0.08    0.24    0.57 ^ clkbuf_2_2__f_clk/X (sky130_fd_sc_hd__clkbuf_16)
    10    0.03                           clknet_2_2__leaf_clk (net)
                  0.08    0.00    0.57 ^ _412_/CLK (sky130_fd_sc_hd__dfrtp_1)
                  0.16    0.79    1.36 v _412_/Q (sky130_fd_sc_hd__dfrtp_1)
     5    0.01                           clk_count[4] (net)
                  0.16    0.00    1.36 v _336_/A (sky130_fd_sc_hd__nand2_1)
                  0.14    0.18    1.54 ^ _336_/Y (sky130_fd_sc_hd__nand2_1)
     3    0.01                           _187_ (net)
                  0.14    0.00    1.54 ^ _338_/A2 (sky130_fd_sc_hd__a21o_1)
                  0.09    0.25    1.79 ^ _338_/X (sky130_fd_sc_hd__a21o_1)
     2    0.01                           _189_ (net)
                  0.09    0.00    1.79 ^ _342_/A2 (sky130_fd_sc_hd__a21o_1)
                  0.05    0.20    1.99 ^ _342_/X (sky130_fd_sc_hd__a21o_1)
     1    0.00                           _054_ (net)
                  0.05    0.00    1.99 ^ _412_/D (sky130_fd_sc_hd__dfrtp_1)
                                  1.99   data arrival time

                          0.00    0.00   clock clk (rise edge)
                          0.00    0.00   clock source latency
                  0.12    0.08    0.08 ^ clk (in)
     1    0.02                           clk (net)
                  0.12    0.00    0.08 ^ clkbuf_0_clk/A (sky130_fd_sc_hd__clkbuf_16)
                  0.09    0.29    0.37 ^ clkbuf_0_clk/X (sky130_fd_sc_hd__clkbuf_16)
     4    0.04                           clknet_0_clk (net)
                  0.09    0.00    0.37 ^ clkbuf_2_2__f_clk/A (sky130_fd_sc_hd__clkbuf_16)
                  0.08    0.26    0.63 ^ clkbuf_2_2__f_clk/X (sky130_fd_sc_hd__clkbuf_16)
    10    0.03                           clknet_2_2__leaf_clk (net)
                  0.08    0.00    0.63 ^ _412_/CLK (sky130_fd_sc_hd__dfrtp_1)
                          0.25    0.88   clock uncertainty
                         -0.06    0.82   clock reconvergence pessimism
                         -0.07    0.75   library hold time
                                  0.75   data required time
-----------------------------------------------------------------------------
                                  0.75   data required time
                                 -1.99   data arrival time
-----------------------------------------------------------------------------
                                  1.24   slack (MET)


Startpoint: _416_ (rising edge-triggered flip-flop clocked by clk)
Endpoint: _416_ (rising edge-triggered flip-flop clocked by clk)
Path Group: clk
Path Type: min
Corner: Slowest

Fanout     Cap    Slew   Delay    Time   Description
-----------------------------------------------------------------------------
                          0.00    0.00   clock clk (rise edge)
                          0.00    0.00   clock source latency
                  0.12    0.08    0.08 ^ clk (in)
     1    0.02                           clk (net)
                  0.12    0.00    0.08 ^ clkbuf_0_clk/A (sky130_fd_sc_hd__clkbuf_16)
                  0.09    0.26    0.34 ^ clkbuf_0_clk/X (sky130_fd_sc_hd__clkbuf_16)
     4    0.04                           clknet_0_clk (net)
                  0.09    0.00    0.34 ^ clkbuf_2_2__f_clk/A (sky130_fd_sc_hd__clkbuf_16)
                  0.08    0.24    0.57 ^ clkbuf_2_2__f_clk/X (sky130_fd_sc_hd__clkbuf_16)
    10    0.03                           clknet_2_2__leaf_clk (net)
                  0.08    0.00    0.57 ^ _416_/CLK (sky130_fd_sc_hd__dfrtp_1)
                  0.17    0.81    1.38 v _416_/Q (sky130_fd_sc_hd__dfrtp_1)
     5    0.01                           clk_count[8] (net)
                  0.17    0.00    1.38 v _322_/A (sky130_fd_sc_hd__nand3_1)
                  0.15    0.19    1.56 ^ _322_/Y (sky130_fd_sc_hd__nand3_1)
     3    0.01                           _177_ (net)
                  0.15    0.00    1.56 ^ _324_/A2 (sky130_fd_sc_hd__a21o_1)
                  0.09    0.25    1.82 ^ _324_/X (sky130_fd_sc_hd__a21o_1)
     2    0.01                           _179_ (net)
                  0.09    0.00    1.82 ^ _327_/A2 (sky130_fd_sc_hd__a21o_1)
                  0.05    0.20    2.02 ^ _327_/X (sky130_fd_sc_hd__a21o_1)
     1    0.00                           _058_ (net)
                  0.05    0.00    2.02 ^ _416_/D (sky130_fd_sc_hd__dfrtp_1)
                                  2.02   data arrival time

                          0.00    0.00   clock clk (rise edge)
                          0.00    0.00   clock source latency
                  0.12    0.08    0.08 ^ clk (in)
     1    0.02                           clk (net)
                  0.12    0.00    0.08 ^ clkbuf_0_clk/A (sky130_fd_sc_hd__clkbuf_16)
                  0.09    0.29    0.37 ^ clkbuf_0_clk/X (sky130_fd_sc_hd__clkbuf_16)
     4    0.04                           clknet_0_clk (net)
                  0.09    0.00    0.37 ^ clkbuf_2_2__f_clk/A (sky130_fd_sc_hd__clkbuf_16)
                  0.08    0.26    0.63 ^ clkbuf_2_2__f_clk/X (sky130_fd_sc_hd__clkbuf_16)
    10    0.03                           clknet_2_2__leaf_clk (net)
                  0.08    0.00    0.63 ^ _416_/CLK (sky130_fd_sc_hd__dfrtp_1)
                          0.25    0.88   clock uncertainty
                         -0.06    0.82   clock reconvergence pessimism
                         -0.07    0.75   library hold time
                                  0.75   data required time
-----------------------------------------------------------------------------
                                  0.75   data required time
                                 -2.02   data arrival time
-----------------------------------------------------------------------------
                                  1.27   slack (MET)


Startpoint: _454_ (rising edge-triggered flip-flop clocked by clk)
Endpoint: _455_ (rising edge-triggered flip-flop clocked by clk)
Path Group: clk
Path Type: min
Corner: Slowest

Fanout     Cap    Slew   Delay    Time   Description
-----------------------------------------------------------------------------
                          0.00    0.00   clock clk (rise edge)
                          0.00    0.00   clock source latency
                  0.12    0.08    0.08 ^ clk (in)
     1    0.02                           clk (net)
                  0.12    0.00    0.08 ^ clkbuf_0_clk/A (sky130_fd_sc_hd__clkbuf_16)
                  0.09    0.26    0.34 ^ clkbuf_0_clk/X (sky130_fd_sc_hd__clkbuf_16)
     4    0.04                           clknet_0_clk (net)
                  0.09    0.00    0.34 ^ clkbuf_2_1__f_clk/A (sky130_fd_sc_hd__clkbuf_16)
                  0.09    0.24    0.58 ^ clkbuf_2_1__f_clk/X (sky130_fd_sc_hd__clkbuf_16)
    12    0.04                           clknet_2_1__leaf_clk (net)
                  0.09    0.00    0.58 ^ _454_/CLK (sky130_fd_sc_hd__dfrtp_1)
                  0.09    0.72    1.30 v _454_/Q (sky130_fd_sc_hd__dfrtp_1)
     2    0.00                           bit_count[2] (net)
                  0.09    0.00    1.30 v _215_/A (sky130_fd_sc_hd__nand3_1)
                  0.11    0.13    1.43 ^ _215_/Y (sky130_fd_sc_hd__nand3_1)
     2    0.00                           _107_ (net)
                  0.11    0.00    1.43 ^ _219_/C (sky130_fd_sc_hd__and4_1)
                  0.13    0.40    1.83 ^ _219_/X (sky130_fd_sc_hd__and4_1)
     2    0.00                           _111_ (net)
                  0.13    0.00    1.83 ^ _220_/A2 (sky130_fd_sc_hd__o21a_1)
                  0.07    0.22    2.05 ^ _220_/X (sky130_fd_sc_hd__o21a_1)
     1    0.00                           _095_ (net)
                  0.07    0.00    2.05 ^ _455_/D (sky130_fd_sc_hd__dfrtp_1)
                                  2.05   data arrival time

                          0.00    0.00   clock clk (rise edge)
                          0.00    0.00   clock source latency
                  0.12    0.08    0.08 ^ clk (in)
     1    0.02                           clk (net)
                  0.12    0.00    0.08 ^ clkbuf_0_clk/A (sky130_fd_sc_hd__clkbuf_16)
                  0.09    0.29    0.37 ^ clkbuf_0_clk/X (sky130_fd_sc_hd__clkbuf_16)
     4    0.04                           clknet_0_clk (net)
                  0.09    0.00    0.37 ^ clkbuf_2_1__f_clk/A (sky130_fd_sc_hd__clkbuf_16)
                  0.09    0.27    0.64 ^ clkbuf_2_1__f_clk/X (sky130_fd_sc_hd__clkbuf_16)
    12    0.04                           clknet_2_1__leaf_clk (net)
                  0.09    0.00    0.64 ^ _455_/CLK (sky130_fd_sc_hd__dfrtp_1)
                          0.25    0.89   clock uncertainty
                         -0.06    0.83   clock reconvergence pessimism
                         -0.07    0.75   library hold time
                                  0.75   data required time
-----------------------------------------------------------------------------
                                  0.75   data required time
                                 -2.05   data arrival time
-----------------------------------------------------------------------------
                                  1.29   slack (MET)


Startpoint: _416_ (rising edge-triggered flip-flop clocked by clk)
Endpoint: _417_ (rising edge-triggered flip-flop clocked by clk)
Path Group: clk
Path Type: min
Corner: Slowest

Fanout     Cap    Slew   Delay    Time   Description
-----------------------------------------------------------------------------
                          0.00    0.00   clock clk (rise edge)
                          0.00    0.00   clock source latency
                  0.12    0.08    0.08 ^ clk (in)
     1    0.02                           clk (net)
                  0.12    0.00    0.08 ^ clkbuf_0_clk/A (sky130_fd_sc_hd__clkbuf_16)
                  0.09    0.26    0.34 ^ clkbuf_0_clk/X (sky130_fd_sc_hd__clkbuf_16)
     4    0.04                           clknet_0_clk (net)
                  0.09    0.00    0.34 ^ clkbuf_2_2__f_clk/A (sky130_fd_sc_hd__clkbuf_16)
                  0.08    0.24    0.57 ^ clkbuf_2_2__f_clk/X (sky130_fd_sc_hd__clkbuf_16)
    10    0.03                           clknet_2_2__leaf_clk (net)
                  0.08    0.00    0.57 ^ _416_/CLK (sky130_fd_sc_hd__dfrtp_1)
                  0.17    0.81    1.38 v _416_/Q (sky130_fd_sc_hd__dfrtp_1)
     5    0.01                           clk_count[8] (net)
                  0.17    0.00    1.38 v _322_/A (sky130_fd_sc_hd__nand3_1)
                  0.15    0.19    1.56 ^ _322_/Y (sky130_fd_sc_hd__nand3_1)
     3    0.01                           _177_ (net)
                  0.15    0.00    1.56 ^ _324_/A2 (sky130_fd_sc_hd__a21o_1)
                  0.09    0.25    1.82 ^ _324_/X (sky130_fd_sc_hd__a21o_1)
     2    0.01                           _179_ (net)
                  0.09    0.00    1.82 ^ _325_/B1 (sky130_fd_sc_hd__a2bb2o_1)
                  0.07    0.22    2.04 ^ _325_/X (sky130_fd_sc_hd__a2bb2o_1)
     1    0.00                           _059_ (net)
                  0.07    0.00    2.04 ^ _417_/D (sky130_fd_sc_hd__dfrtp_1)
                                  2.04   data arrival time

                          0.00    0.00   clock clk (rise edge)
                          0.00    0.00   clock source latency
                  0.12    0.08    0.08 ^ clk (in)
     1    0.02                           clk (net)
                  0.12    0.00    0.08 ^ clkbuf_0_clk/A (sky130_fd_sc_hd__clkbuf_16)
                  0.09    0.29    0.37 ^ clkbuf_0_clk/X (sky130_fd_sc_hd__clkbuf_16)
     4    0.04                           clknet_0_clk (net)
                  0.09    0.00    0.37 ^ clkbuf_2_2__f_clk/A (sky130_fd_sc_hd__clkbuf_16)
                  0.08    0.26    0.63 ^ clkbuf_2_2__f_clk/X (sky130_fd_sc_hd__clkbuf_16)
    10    0.03                           clknet_2_2__leaf_clk (net)
                  0.08    0.00    0.63 ^ _417_/CLK (sky130_fd_sc_hd__dfrtp_1)
                          0.25    0.88   clock uncertainty
                         -0.06    0.82   clock reconvergence pessimism
                         -0.07    0.75   library hold time
                                  0.75   data required time
-----------------------------------------------------------------------------
                                  0.75   data required time
                                 -2.04   data arrival time
-----------------------------------------------------------------------------
                                  1.29   slack (MET)


Startpoint: _435_ (rising edge-triggered flip-flop clocked by clk)
Endpoint: _444_ (rising edge-triggered flip-flop clocked by clk)
Path Group: clk
Path Type: min
Corner: Slowest

Fanout     Cap    Slew   Delay    Time   Description
-----------------------------------------------------------------------------
                          0.00    0.00   clock clk (rise edge)
                          0.00    0.00   clock source latency
                  0.12    0.08    0.08 ^ clk (in)
     1    0.02                           clk (net)
                  0.12    0.00    0.08 ^ clkbuf_0_clk/A (sky130_fd_sc_hd__clkbuf_16)
                  0.09    0.26    0.34 ^ clkbuf_0_clk/X (sky130_fd_sc_hd__clkbuf_16)
     4    0.04                           clknet_0_clk (net)
                  0.09    0.00    0.34 ^ clkbuf_2_0__f_clk/A (sky130_fd_sc_hd__clkbuf_16)
                  0.10    0.25    0.58 ^ clkbuf_2_0__f_clk/X (sky130_fd_sc_hd__clkbuf_16)
    14    0.04                           clknet_2_0__leaf_clk (net)
                  0.10    0.00    0.59 ^ _435_/CLK (sky130_fd_sc_hd__dfrtp_2)
                  0.20    0.78    1.37 ^ _435_/Q (sky130_fd_sc_hd__dfrtp_2)
     4    0.02                           net24 (net)
                  0.20    0.00    1.37 ^ _235_/A (sky130_fd_sc_hd__inv_2)
                  0.05    0.10    1.47 v _235_/Y (sky130_fd_sc_hd__inv_2)
     2    0.01                           _123_ (net)
                  0.05    0.00    1.47 v _236_/A (sky130_fd_sc_hd__nand2_1)
                  0.13    0.13    1.60 ^ _236_/Y (sky130_fd_sc_hd__nand2_1)
     2    0.01                           _124_ (net)
                  0.13    0.00    1.60 ^ _239_/B (sky130_fd_sc_hd__nor2_2)
                  0.14    0.17    1.77 v _239_/Y (sky130_fd_sc_hd__nor2_2)
     8    0.03                           _127_ (net)
                  0.14    0.00    1.77 v _247_/B1 (sky130_fd_sc_hd__a22o_1)
                  0.06    0.33    2.09 v _247_/X (sky130_fd_sc_hd__a22o_1)
     1    0.00                           _084_ (net)
                  0.06    0.00    2.09 v _444_/D (sky130_fd_sc_hd__dfrtp_1)
                                  2.09   data arrival time

                          0.00    0.00   clock clk (rise edge)
                          0.00    0.00   clock source latency
                  0.12    0.08    0.08 ^ clk (in)
     1    0.02                           clk (net)
                  0.12    0.00    0.08 ^ clkbuf_0_clk/A (sky130_fd_sc_hd__clkbuf_16)
                  0.09    0.29    0.37 ^ clkbuf_0_clk/X (sky130_fd_sc_hd__clkbuf_16)
     4    0.04                           clknet_0_clk (net)
                  0.09    0.00    0.37 ^ clkbuf_2_3__f_clk/A (sky130_fd_sc_hd__clkbuf_16)
                  0.09    0.27    0.64 ^ clkbuf_2_3__f_clk/X (sky130_fd_sc_hd__clkbuf_16)
    12    0.04                           clknet_2_3__leaf_clk (net)
                  0.09    0.00    0.64 ^ _444_/CLK (sky130_fd_sc_hd__dfrtp_1)
                          0.25    0.89   clock uncertainty
                         -0.04    0.86   clock reconvergence pessimism
                         -0.09    0.77   library hold time
                                  0.77   data required time
-----------------------------------------------------------------------------
                                  0.77   data required time
                                 -2.09   data arrival time
-----------------------------------------------------------------------------
                                  1.33   slack (MET)


Startpoint: _435_ (rising edge-triggered flip-flop clocked by clk)
Endpoint: _445_ (rising edge-triggered flip-flop clocked by clk)
Path Group: clk
Path Type: min
Corner: Slowest

Fanout     Cap    Slew   Delay    Time   Description
-----------------------------------------------------------------------------
                          0.00    0.00   clock clk (rise edge)
                          0.00    0.00   clock source latency
                  0.12    0.08    0.08 ^ clk (in)
     1    0.02                           clk (net)
                  0.12    0.00    0.08 ^ clkbuf_0_clk/A (sky130_fd_sc_hd__clkbuf_16)
                  0.09    0.26    0.34 ^ clkbuf_0_clk/X (sky130_fd_sc_hd__clkbuf_16)
     4    0.04                           clknet_0_clk (net)
                  0.09    0.00    0.34 ^ clkbuf_2_0__f_clk/A (sky130_fd_sc_hd__clkbuf_16)
                  0.10    0.25    0.58 ^ clkbuf_2_0__f_clk/X (sky130_fd_sc_hd__clkbuf_16)
    14    0.04                           clknet_2_0__leaf_clk (net)
                  0.10    0.00    0.59 ^ _435_/CLK (sky130_fd_sc_hd__dfrtp_2)
                  0.20    0.78    1.37 ^ _435_/Q (sky130_fd_sc_hd__dfrtp_2)
     4    0.02                           net24 (net)
                  0.20    0.00    1.37 ^ _235_/A (sky130_fd_sc_hd__inv_2)
                  0.05    0.10    1.47 v _235_/Y (sky130_fd_sc_hd__inv_2)
     2    0.01                           _123_ (net)
                  0.05    0.00    1.47 v _236_/A (sky130_fd_sc_hd__nand2_1)
                  0.13    0.13    1.60 ^ _236_/Y (sky130_fd_sc_hd__nand2_1)
     2    0.01                           _124_ (net)
                  0.13    0.00    1.60 ^ _239_/B (sky130_fd_sc_hd__nor2_2)
                  0.14    0.17    1.77 v _239_/Y (sky130_fd_sc_hd__nor2_2)
     8    0.03                           _127_ (net)
                  0.14    0.00    1.77 v _246_/B1 (sky130_fd_sc_hd__a22o_1)
                  0.07    0.34    2.10 v _246_/X (sky130_fd_sc_hd__a22o_1)
     1    0.00                           _085_ (net)
                  0.07    0.00    2.10 v _445_/D (sky130_fd_sc_hd__dfrtp_1)
                                  2.10   data arrival time

                          0.00    0.00   clock clk (rise edge)
                          0.00    0.00   clock source latency
                  0.12    0.08    0.08 ^ clk (in)
     1    0.02                           clk (net)
                  0.12    0.00    0.08 ^ clkbuf_0_clk/A (sky130_fd_sc_hd__clkbuf_16)
                  0.09    0.29    0.37 ^ clkbuf_0_clk/X (sky130_fd_sc_hd__clkbuf_16)
     4    0.04                           clknet_0_clk (net)
                  0.09    0.00    0.37 ^ clkbuf_2_1__f_clk/A (sky130_fd_sc_hd__clkbuf_16)
                  0.09    0.27    0.64 ^ clkbuf_2_1__f_clk/X (sky130_fd_sc_hd__clkbuf_16)
    12    0.04                           clknet_2_1__leaf_clk (net)
                  0.09    0.00    0.64 ^ _445_/CLK (sky130_fd_sc_hd__dfrtp_1)
                          0.25    0.89   clock uncertainty
                         -0.04    0.85   clock reconvergence pessimism
                         -0.09    0.76   library hold time
                                  0.76   data required time
-----------------------------------------------------------------------------
                                  0.76   data required time
                                 -2.10   data arrival time
-----------------------------------------------------------------------------
                                  1.34   slack (MET)


Startpoint: _435_ (rising edge-triggered flip-flop clocked by clk)
Endpoint: _446_ (rising edge-triggered flip-flop clocked by clk)
Path Group: clk
Path Type: min
Corner: Slowest

Fanout     Cap    Slew   Delay    Time   Description
-----------------------------------------------------------------------------
                          0.00    0.00   clock clk (rise edge)
                          0.00    0.00   clock source latency
                  0.12    0.08    0.08 ^ clk (in)
     1    0.02                           clk (net)
                  0.12    0.00    0.08 ^ clkbuf_0_clk/A (sky130_fd_sc_hd__clkbuf_16)
                  0.09    0.26    0.34 ^ clkbuf_0_clk/X (sky130_fd_sc_hd__clkbuf_16)
     4    0.04                           clknet_0_clk (net)
                  0.09    0.00    0.34 ^ clkbuf_2_0__f_clk/A (sky130_fd_sc_hd__clkbuf_16)
                  0.10    0.25    0.58 ^ clkbuf_2_0__f_clk/X (sky130_fd_sc_hd__clkbuf_16)
    14    0.04                           clknet_2_0__leaf_clk (net)
                  0.10    0.00    0.59 ^ _435_/CLK (sky130_fd_sc_hd__dfrtp_2)
                  0.20    0.78    1.37 ^ _435_/Q (sky130_fd_sc_hd__dfrtp_2)
     4    0.02                           net24 (net)
                  0.20    0.00    1.37 ^ _235_/A (sky130_fd_sc_hd__inv_2)
                  0.05    0.10    1.47 v _235_/Y (sky130_fd_sc_hd__inv_2)
     2    0.01                           _123_ (net)
                  0.05    0.00    1.47 v _236_/A (sky130_fd_sc_hd__nand2_1)
                  0.13    0.13    1.60 ^ _236_/Y (sky130_fd_sc_hd__nand2_1)
     2    0.01                           _124_ (net)
                  0.13    0.00    1.60 ^ _239_/B (sky130_fd_sc_hd__nor2_2)
                  0.14    0.17    1.77 v _239_/Y (sky130_fd_sc_hd__nor2_2)
     8    0.03                           _127_ (net)
                  0.14    0.00    1.77 v _245_/B1 (sky130_fd_sc_hd__a22o_1)
                  0.07    0.34    2.10 v _245_/X (sky130_fd_sc_hd__a22o_1)
     1    0.00                           _086_ (net)
                  0.07    0.00    2.10 v _446_/D (sky130_fd_sc_hd__dfrtp_1)
                                  2.10   data arrival time

                          0.00    0.00   clock clk (rise edge)
                          0.00    0.00   clock source latency
                  0.12    0.08    0.08 ^ clk (in)
     1    0.02                           clk (net)
                  0.12    0.00    0.08 ^ clkbuf_0_clk/A (sky130_fd_sc_hd__clkbuf_16)
                  0.09    0.29    0.37 ^ clkbuf_0_clk/X (sky130_fd_sc_hd__clkbuf_16)
     4    0.04                           clknet_0_clk (net)
                  0.09    0.00    0.37 ^ clkbuf_2_1__f_clk/A (sky130_fd_sc_hd__clkbuf_16)
                  0.09    0.27    0.64 ^ clkbuf_2_1__f_clk/X (sky130_fd_sc_hd__clkbuf_16)
    12    0.04                           clknet_2_1__leaf_clk (net)
                  0.09    0.00    0.64 ^ _446_/CLK (sky130_fd_sc_hd__dfrtp_1)
                          0.25    0.89   clock uncertainty
                         -0.04    0.85   clock reconvergence pessimism
                         -0.09    0.76   library hold time
                                  0.76   data required time
-----------------------------------------------------------------------------
                                  0.76   data required time
                                 -2.10   data arrival time
-----------------------------------------------------------------------------
                                  1.34   slack (MET)


Startpoint: _435_ (rising edge-triggered flip-flop clocked by clk)
Endpoint: _448_ (rising edge-triggered flip-flop clocked by clk)
Path Group: clk
Path Type: min
Corner: Slowest

Fanout     Cap    Slew   Delay    Time   Description
-----------------------------------------------------------------------------
                          0.00    0.00   clock clk (rise edge)
                          0.00    0.00   clock source latency
                  0.12    0.08    0.08 ^ clk (in)
     1    0.02                           clk (net)
                  0.12    0.00    0.08 ^ clkbuf_0_clk/A (sky130_fd_sc_hd__clkbuf_16)
                  0.09    0.26    0.34 ^ clkbuf_0_clk/X (sky130_fd_sc_hd__clkbuf_16)
     4    0.04                           clknet_0_clk (net)
                  0.09    0.00    0.34 ^ clkbuf_2_0__f_clk/A (sky130_fd_sc_hd__clkbuf_16)
                  0.10    0.25    0.58 ^ clkbuf_2_0__f_clk/X (sky130_fd_sc_hd__clkbuf_16)
    14    0.04                           clknet_2_0__leaf_clk (net)
                  0.10    0.00    0.59 ^ _435_/CLK (sky130_fd_sc_hd__dfrtp_2)
                  0.20    0.78    1.37 ^ _435_/Q (sky130_fd_sc_hd__dfrtp_2)
     4    0.02                           net24 (net)
                  0.20    0.00    1.37 ^ _235_/A (sky130_fd_sc_hd__inv_2)
                  0.05    0.10    1.47 v _235_/Y (sky130_fd_sc_hd__inv_2)
     2    0.01                           _123_ (net)
                  0.05    0.00    1.47 v _236_/A (sky130_fd_sc_hd__nand2_1)
                  0.13    0.13    1.60 ^ _236_/Y (sky130_fd_sc_hd__nand2_1)
     2    0.01                           _124_ (net)
                  0.13    0.00    1.60 ^ _239_/B (sky130_fd_sc_hd__nor2_2)
                  0.14    0.17    1.77 v _239_/Y (sky130_fd_sc_hd__nor2_2)
     8    0.03                           _127_ (net)
                  0.14    0.00    1.77 v _243_/B1 (sky130_fd_sc_hd__a22o_1)
                  0.07    0.33    2.10 v _243_/X (sky130_fd_sc_hd__a22o_1)
     1    0.00                           _088_ (net)
                  0.07    0.00    2.10 v _448_/D (sky130_fd_sc_hd__dfrtp_1)
                                  2.10   data arrival time

                          0.00    0.00   clock clk (rise edge)
                          0.00    0.00   clock source latency
                  0.12    0.08    0.08 ^ clk (in)
     1    0.02                           clk (net)
                  0.12    0.00    0.08 ^ clkbuf_0_clk/A (sky130_fd_sc_hd__clkbuf_16)
                  0.09    0.29    0.37 ^ clkbuf_0_clk/X (sky130_fd_sc_hd__clkbuf_16)
     4    0.04                           clknet_0_clk (net)
                  0.09    0.00    0.37 ^ clkbuf_2_0__f_clk/A (sky130_fd_sc_hd__clkbuf_16)
                  0.10    0.28    0.65 ^ clkbuf_2_0__f_clk/X (sky130_fd_sc_hd__clkbuf_16)
    14    0.04                           clknet_2_0__leaf_clk (net)
                  0.10    0.00    0.65 ^ _448_/CLK (sky130_fd_sc_hd__dfrtp_1)
                          0.25    0.90   clock uncertainty
                         -0.06    0.84   clock reconvergence pessimism
                         -0.09    0.75   library hold time
                                  0.75   data required time
-----------------------------------------------------------------------------
                                  0.75   data required time
                                 -2.10   data arrival time
-----------------------------------------------------------------------------
                                  1.35   slack (MET)


Startpoint: rst (input port clocked by clk)
Endpoint: _420_ (removal check against rising-edge clock clk)
Path Group: asynchronous
Path Type: min
Corner: Slowest

Fanout     Cap    Slew   Delay    Time   Description
-----------------------------------------------------------------------------
                          0.00    0.00   clock clk (rise edge)
                          0.00    0.00   clock network delay (propagated)
                          2.00    2.00 v input external delay
                  0.02    0.01    2.01 v rst (in)
     1    0.00                           rst (net)
                  0.02    0.00    2.01 v input2/A (sky130_fd_sc_hd__buf_1)
                  0.11    0.17    2.18 v input2/X (sky130_fd_sc_hd__buf_1)
     3    0.01                           net2 (net)
                  0.11    0.00    2.18 v _355_/A (sky130_fd_sc_hd__buf_4)
                  0.14    0.33    2.52 v _355_/X (sky130_fd_sc_hd__buf_4)
    10    0.05                           _199_ (net)
                  0.14    0.00    2.52 v _367_/A (sky130_fd_sc_hd__clkbuf_8)
                  0.14    0.34    2.86 v _367_/X (sky130_fd_sc_hd__clkbuf_8)
    10    0.07                           _201_ (net)
                  0.14    0.00    2.86 v _370_/A (sky130_fd_sc_hd__inv_2)
                  0.06    0.09    2.95 ^ _370_/Y (sky130_fd_sc_hd__inv_2)
     1    0.00                           _014_ (net)
                  0.06    0.00    2.95 ^ _420_/RESET_B (sky130_fd_sc_hd__dfrtp_1)
                                  2.95   data arrival time

                          0.00    0.00   clock clk (rise edge)
                          0.00    0.00   clock source latency
                  0.12    0.08    0.08 ^ clk (in)
     1    0.02                           clk (net)
                  0.12    0.00    0.08 ^ clkbuf_0_clk/A (sky130_fd_sc_hd__clkbuf_16)
                  0.09    0.29    0.37 ^ clkbuf_0_clk/X (sky130_fd_sc_hd__clkbuf_16)
     4    0.04                           clknet_0_clk (net)
                  0.09    0.00    0.37 ^ clkbuf_2_3__f_clk/A (sky130_fd_sc_hd__clkbuf_16)
                  0.09    0.27    0.64 ^ clkbuf_2_3__f_clk/X (sky130_fd_sc_hd__clkbuf_16)
    12    0.04                           clknet_2_3__leaf_clk (net)
                  0.09    0.00    0.64 ^ _420_/CLK (sky130_fd_sc_hd__dfrtp_1)
                          0.25    0.89   clock uncertainty
                          0.00    0.89   clock reconvergence pessimism
                          0.66    1.55   library removal time
                                  1.55   data required time
-----------------------------------------------------------------------------
                                  1.55   data required time
                                 -2.95   data arrival time
-----------------------------------------------------------------------------
                                  1.40   slack (MET)


Startpoint: rst (input port clocked by clk)
Endpoint: _426_ (removal check against rising-edge clock clk)
Path Group: asynchronous
Path Type: min
Corner: Slowest

Fanout     Cap    Slew   Delay    Time   Description
-----------------------------------------------------------------------------
                          0.00    0.00   clock clk (rise edge)
                          0.00    0.00   clock network delay (propagated)
                          2.00    2.00 v input external delay
                  0.02    0.01    2.01 v rst (in)
     1    0.00                           rst (net)
                  0.02    0.00    2.01 v input2/A (sky130_fd_sc_hd__buf_1)
                  0.11    0.17    2.18 v input2/X (sky130_fd_sc_hd__buf_1)
     3    0.01                           net2 (net)
                  0.11    0.00    2.18 v _355_/A (sky130_fd_sc_hd__buf_4)
                  0.14    0.33    2.52 v _355_/X (sky130_fd_sc_hd__buf_4)
    10    0.05                           _199_ (net)
                  0.14    0.00    2.52 v _367_/A (sky130_fd_sc_hd__clkbuf_8)
                  0.14    0.34    2.86 v _367_/X (sky130_fd_sc_hd__clkbuf_8)
    10    0.07                           _201_ (net)
                  0.14    0.00    2.86 v _376_/A (sky130_fd_sc_hd__inv_2)
                  0.06    0.09    2.95 ^ _376_/Y (sky130_fd_sc_hd__inv_2)
     1    0.00                           _020_ (net)
                  0.06    0.00    2.95 ^ _426_/RESET_B (sky130_fd_sc_hd__dfrtp_1)
                                  2.95   data arrival time

                          0.00    0.00   clock clk (rise edge)
                          0.00    0.00   clock source latency
                  0.12    0.08    0.08 ^ clk (in)
     1    0.02                           clk (net)
                  0.12    0.00    0.08 ^ clkbuf_0_clk/A (sky130_fd_sc_hd__clkbuf_16)
                  0.09    0.29    0.37 ^ clkbuf_0_clk/X (sky130_fd_sc_hd__clkbuf_16)
     4    0.04                           clknet_0_clk (net)
                  0.09    0.00    0.37 ^ clkbuf_2_3__f_clk/A (sky130_fd_sc_hd__clkbuf_16)
                  0.09    0.27    0.64 ^ clkbuf_2_3__f_clk/X (sky130_fd_sc_hd__clkbuf_16)
    12    0.04                           clknet_2_3__leaf_clk (net)
                  0.09    0.00    0.64 ^ _426_/CLK (sky130_fd_sc_hd__dfrtp_1)
                          0.25    0.89   clock uncertainty
                          0.00    0.89   clock reconvergence pessimism
                          0.66    1.55   library removal time
                                  1.55   data required time
-----------------------------------------------------------------------------
                                  1.55   data required time
                                 -2.95   data arrival time
-----------------------------------------------------------------------------
                                  1.40   slack (MET)


Startpoint: rst (input port clocked by clk)
Endpoint: _419_ (removal check against rising-edge clock clk)
Path Group: asynchronous
Path Type: min
Corner: Slowest

Fanout     Cap    Slew   Delay    Time   Description
-----------------------------------------------------------------------------
                          0.00    0.00   clock clk (rise edge)
                          0.00    0.00   clock network delay (propagated)
                          2.00    2.00 v input external delay
                  0.02    0.01    2.01 v rst (in)
     1    0.00                           rst (net)
                  0.02    0.00    2.01 v input2/A (sky130_fd_sc_hd__buf_1)
                  0.11    0.17    2.18 v input2/X (sky130_fd_sc_hd__buf_1)
     3    0.01                           net2 (net)
                  0.11    0.00    2.18 v _355_/A (sky130_fd_sc_hd__buf_4)
                  0.14    0.33    2.52 v _355_/X (sky130_fd_sc_hd__buf_4)
    10    0.05                           _199_ (net)
                  0.14    0.00    2.52 v _367_/A (sky130_fd_sc_hd__clkbuf_8)
                  0.14    0.34    2.86 v _367_/X (sky130_fd_sc_hd__clkbuf_8)
    10    0.07                           _201_ (net)
                  0.14    0.00    2.86 v _369_/A (sky130_fd_sc_hd__inv_2)
                  0.06    0.09    2.95 ^ _369_/Y (sky130_fd_sc_hd__inv_2)
     1    0.00                           _013_ (net)
                  0.06    0.00    2.95 ^ _419_/RESET_B (sky130_fd_sc_hd__dfrtp_1)
                                  2.95   data arrival time

                          0.00    0.00   clock clk (rise edge)
                          0.00    0.00   clock source latency
                  0.12    0.08    0.08 ^ clk (in)
     1    0.02                           clk (net)
                  0.12    0.00    0.08 ^ clkbuf_0_clk/A (sky130_fd_sc_hd__clkbuf_16)
                  0.09    0.29    0.37 ^ clkbuf_0_clk/X (sky130_fd_sc_hd__clkbuf_16)
     4    0.04                           clknet_0_clk (net)
                  0.09    0.00    0.37 ^ clkbuf_2_3__f_clk/A (sky130_fd_sc_hd__clkbuf_16)
                  0.09    0.27    0.64 ^ clkbuf_2_3__f_clk/X (sky130_fd_sc_hd__clkbuf_16)
    12    0.04                           clknet_2_3__leaf_clk (net)
                  0.09    0.00    0.64 ^ _419_/CLK (sky130_fd_sc_hd__dfrtp_1)
                          0.25    0.89   clock uncertainty
                          0.00    0.89   clock reconvergence pessimism
                          0.66    1.55   library removal time
                                  1.55   data required time
-----------------------------------------------------------------------------
                                  1.55   data required time
                                 -2.95   data arrival time
-----------------------------------------------------------------------------
                                  1.40   slack (MET)


Startpoint: rst (input port clocked by clk)
Endpoint: _424_ (removal check against rising-edge clock clk)
Path Group: asynchronous
Path Type: min
Corner: Slowest

Fanout     Cap    Slew   Delay    Time   Description
-----------------------------------------------------------------------------
                          0.00    0.00   clock clk (rise edge)
                          0.00    0.00   clock network delay (propagated)
                          2.00    2.00 v input external delay
                  0.02    0.01    2.01 v rst (in)
     1    0.00                           rst (net)
                  0.02    0.00    2.01 v input2/A (sky130_fd_sc_hd__buf_1)
                  0.11    0.17    2.18 v input2/X (sky130_fd_sc_hd__buf_1)
     3    0.01                           net2 (net)
                  0.11    0.00    2.18 v _355_/A (sky130_fd_sc_hd__buf_4)
                  0.14    0.33    2.52 v _355_/X (sky130_fd_sc_hd__buf_4)
    10    0.05                           _199_ (net)
                  0.14    0.00    2.52 v _367_/A (sky130_fd_sc_hd__clkbuf_8)
                  0.14    0.34    2.86 v _367_/X (sky130_fd_sc_hd__clkbuf_8)
    10    0.07                           _201_ (net)
                  0.14    0.00    2.86 v _374_/A (sky130_fd_sc_hd__inv_2)
                  0.05    0.09    2.95 ^ _374_/Y (sky130_fd_sc_hd__inv_2)
     1    0.00                           _018_ (net)
                  0.05    0.00    2.95 ^ _424_/RESET_B (sky130_fd_sc_hd__dfrtp_2)
                                  2.95   data arrival time

                          0.00    0.00   clock clk (rise edge)
                          0.00    0.00   clock source latency
                  0.12    0.08    0.08 ^ clk (in)
     1    0.02                           clk (net)
                  0.12    0.00    0.08 ^ clkbuf_0_clk/A (sky130_fd_sc_hd__clkbuf_16)
                  0.09    0.29    0.37 ^ clkbuf_0_clk/X (sky130_fd_sc_hd__clkbuf_16)
     4    0.04                           clknet_0_clk (net)
                  0.09    0.00    0.37 ^ clkbuf_2_3__f_clk/A (sky130_fd_sc_hd__clkbuf_16)
                  0.09    0.27    0.64 ^ clkbuf_2_3__f_clk/X (sky130_fd_sc_hd__clkbuf_16)
    12    0.04                           clknet_2_3__leaf_clk (net)
                  0.09    0.00    0.64 ^ _424_/CLK (sky130_fd_sc_hd__dfrtp_2)
                          0.25    0.89   clock uncertainty
                          0.00    0.89   clock reconvergence pessimism
                          0.66    1.55   library removal time
                                  1.55   data required time
-----------------------------------------------------------------------------
                                  1.55   data required time
                                 -2.95   data arrival time
-----------------------------------------------------------------------------
                                  1.40   slack (MET)


Startpoint: rst (input port clocked by clk)
Endpoint: _421_ (removal check against rising-edge clock clk)
Path Group: asynchronous
Path Type: min
Corner: Slowest

Fanout     Cap    Slew   Delay    Time   Description
-----------------------------------------------------------------------------
                          0.00    0.00   clock clk (rise edge)
                          0.00    0.00   clock network delay (propagated)
                          2.00    2.00 v input external delay
                  0.02    0.01    2.01 v rst (in)
     1    0.00                           rst (net)
                  0.02    0.00    2.01 v input2/A (sky130_fd_sc_hd__buf_1)
                  0.11    0.17    2.18 v input2/X (sky130_fd_sc_hd__buf_1)
     3    0.01                           net2 (net)
                  0.11    0.00    2.18 v _355_/A (sky130_fd_sc_hd__buf_4)
                  0.14    0.33    2.52 v _355_/X (sky130_fd_sc_hd__buf_4)
    10    0.05                           _199_ (net)
                  0.14    0.00    2.52 v _367_/A (sky130_fd_sc_hd__clkbuf_8)
                  0.14    0.34    2.86 v _367_/X (sky130_fd_sc_hd__clkbuf_8)
    10    0.07                           _201_ (net)
                  0.14    0.00    2.86 v _371_/A (sky130_fd_sc_hd__inv_2)
                  0.05    0.09    2.95 ^ _371_/Y (sky130_fd_sc_hd__inv_2)
     1    0.00                           _015_ (net)
                  0.05    0.00    2.95 ^ _421_/RESET_B (sky130_fd_sc_hd__dfrtp_1)
                                  2.95   data arrival time

                          0.00    0.00   clock clk (rise edge)
                          0.00    0.00   clock source latency
                  0.12    0.08    0.08 ^ clk (in)
     1    0.02                           clk (net)
                  0.12    0.00    0.08 ^ clkbuf_0_clk/A (sky130_fd_sc_hd__clkbuf_16)
                  0.09    0.29    0.37 ^ clkbuf_0_clk/X (sky130_fd_sc_hd__clkbuf_16)
     4    0.04                           clknet_0_clk (net)
                  0.09    0.00    0.37 ^ clkbuf_2_3__f_clk/A (sky130_fd_sc_hd__clkbuf_16)
                  0.09    0.27    0.64 ^ clkbuf_2_3__f_clk/X (sky130_fd_sc_hd__clkbuf_16)
    12    0.04                           clknet_2_3__leaf_clk (net)
                  0.09    0.00    0.64 ^ _421_/CLK (sky130_fd_sc_hd__dfrtp_1)
                          0.25    0.89   clock uncertainty
                          0.00    0.89   clock reconvergence pessimism
                          0.66    1.55   library removal time
                                  1.55   data required time
-----------------------------------------------------------------------------
                                  1.55   data required time
                                 -2.95   data arrival time
-----------------------------------------------------------------------------
                                  1.40   slack (MET)


Startpoint: rst (input port clocked by clk)
Endpoint: _418_ (removal check against rising-edge clock clk)
Path Group: asynchronous
Path Type: min
Corner: Slowest

Fanout     Cap    Slew   Delay    Time   Description
-----------------------------------------------------------------------------
                          0.00    0.00   clock clk (rise edge)
                          0.00    0.00   clock network delay (propagated)
                          2.00    2.00 v input external delay
                  0.02    0.01    2.01 v rst (in)
     1    0.00                           rst (net)
                  0.02    0.00    2.01 v input2/A (sky130_fd_sc_hd__buf_1)
                  0.11    0.17    2.18 v input2/X (sky130_fd_sc_hd__buf_1)
     3    0.01                           net2 (net)
                  0.11    0.00    2.18 v _355_/A (sky130_fd_sc_hd__buf_4)
                  0.14    0.33    2.52 v _355_/X (sky130_fd_sc_hd__buf_4)
    10    0.05                           _199_ (net)
                  0.14    0.00    2.52 v _367_/A (sky130_fd_sc_hd__clkbuf_8)
                  0.14    0.34    2.86 v _367_/X (sky130_fd_sc_hd__clkbuf_8)
    10    0.07                           _201_ (net)
                  0.14    0.00    2.86 v _368_/A (sky130_fd_sc_hd__inv_2)
                  0.05    0.09    2.95 ^ _368_/Y (sky130_fd_sc_hd__inv_2)
     1    0.00                           _012_ (net)
                  0.05    0.00    2.95 ^ _418_/RESET_B (sky130_fd_sc_hd__dfrtp_1)
                                  2.95   data arrival time

                          0.00    0.00   clock clk (rise edge)
                          0.00    0.00   clock source latency
                  0.12    0.08    0.08 ^ clk (in)
     1    0.02                           clk (net)
                  0.12    0.00    0.08 ^ clkbuf_0_clk/A (sky130_fd_sc_hd__clkbuf_16)
                  0.09    0.29    0.37 ^ clkbuf_0_clk/X (sky130_fd_sc_hd__clkbuf_16)
     4    0.04                           clknet_0_clk (net)
                  0.09    0.00    0.37 ^ clkbuf_2_3__f_clk/A (sky130_fd_sc_hd__clkbuf_16)
                  0.09    0.27    0.64 ^ clkbuf_2_3__f_clk/X (sky130_fd_sc_hd__clkbuf_16)
    12    0.04                           clknet_2_3__leaf_clk (net)
                  0.09    0.00    0.64 ^ _418_/CLK (sky130_fd_sc_hd__dfrtp_1)
                          0.25    0.89   clock uncertainty
                          0.00    0.89   clock reconvergence pessimism
                          0.66    1.55   library removal time
                                  1.55   data required time
-----------------------------------------------------------------------------
                                  1.55   data required time
                                 -2.95   data arrival time
-----------------------------------------------------------------------------
                                  1.40   slack (MET)


Startpoint: rst (input port clocked by clk)
Endpoint: _427_ (removal check against rising-edge clock clk)
Path Group: asynchronous
Path Type: min
Corner: Slowest

Fanout     Cap    Slew   Delay    Time   Description
-----------------------------------------------------------------------------
                          0.00    0.00   clock clk (rise edge)
                          0.00    0.00   clock network delay (propagated)
                          2.00    2.00 v input external delay
                  0.02    0.01    2.01 v rst (in)
     1    0.00                           rst (net)
                  0.02    0.00    2.01 v input2/A (sky130_fd_sc_hd__buf_1)
                  0.11    0.17    2.18 v input2/X (sky130_fd_sc_hd__buf_1)
     3    0.01                           net2 (net)
                  0.11    0.00    2.18 v _355_/A (sky130_fd_sc_hd__buf_4)
                  0.14    0.33    2.52 v _355_/X (sky130_fd_sc_hd__buf_4)
    10    0.05                           _199_ (net)
                  0.14    0.00    2.52 v _367_/A (sky130_fd_sc_hd__clkbuf_8)
                  0.14    0.34    2.86 v _367_/X (sky130_fd_sc_hd__clkbuf_8)
    10    0.07                           _201_ (net)
                  0.14    0.00    2.86 v _377_/A (sky130_fd_sc_hd__inv_2)
                  0.06    0.09    2.95 ^ _377_/Y (sky130_fd_sc_hd__inv_2)
     1    0.00                           _021_ (net)
                  0.06    0.00    2.95 ^ _427_/RESET_B (sky130_fd_sc_hd__dfrtp_1)
                                  2.95   data arrival time

                          0.00    0.00   clock clk (rise edge)
                          0.00    0.00   clock source latency
                  0.12    0.08    0.08 ^ clk (in)
     1    0.02                           clk (net)
                  0.12    0.00    0.08 ^ clkbuf_0_clk/A (sky130_fd_sc_hd__clkbuf_16)
                  0.09    0.29    0.37 ^ clkbuf_0_clk/X (sky130_fd_sc_hd__clkbuf_16)
     4    0.04                           clknet_0_clk (net)
                  0.09    0.00    0.37 ^ clkbuf_2_1__f_clk/A (sky130_fd_sc_hd__clkbuf_16)
                  0.09    0.27    0.64 ^ clkbuf_2_1__f_clk/X (sky130_fd_sc_hd__clkbuf_16)
    12    0.04                           clknet_2_1__leaf_clk (net)
                  0.09    0.00    0.64 ^ _427_/CLK (sky130_fd_sc_hd__dfrtp_1)
                          0.25    0.89   clock uncertainty
                          0.00    0.89   clock reconvergence pessimism
                          0.66    1.55   library removal time
                                  1.55   data required time
-----------------------------------------------------------------------------
                                  1.55   data required time
                                 -2.95   data arrival time
-----------------------------------------------------------------------------
                                  1.40   slack (MET)


Startpoint: rst (input port clocked by clk)
Endpoint: _408_ (removal check against rising-edge clock clk)
Path Group: asynchronous
Path Type: min
Corner: Slowest

Fanout     Cap    Slew   Delay    Time   Description
-----------------------------------------------------------------------------
                          0.00    0.00   clock clk (rise edge)
                          0.00    0.00   clock network delay (propagated)
                          2.00    2.00 v input external delay
                  0.02    0.01    2.01 v rst (in)
     1    0.00                           rst (net)
                  0.02    0.00    2.01 v input2/A (sky130_fd_sc_hd__buf_1)
                  0.11    0.17    2.18 v input2/X (sky130_fd_sc_hd__buf_1)
     3    0.01                           net2 (net)
                  0.11    0.00    2.18 v _355_/A (sky130_fd_sc_hd__buf_4)
                  0.14    0.33    2.52 v _355_/X (sky130_fd_sc_hd__buf_4)
    10    0.05                           _199_ (net)
                  0.14    0.00    2.52 v _356_/A (sky130_fd_sc_hd__buf_4)
                  0.15    0.35    2.87 v _356_/X (sky130_fd_sc_hd__buf_4)
    10    0.06                           _200_ (net)
                  0.15    0.00    2.87 v _357_/A (sky130_fd_sc_hd__inv_2)
                  0.05    0.09    2.96 ^ _357_/Y (sky130_fd_sc_hd__inv_2)
     1    0.00                           _002_ (net)
                  0.05    0.00    2.96 ^ _408_/RESET_B (sky130_fd_sc_hd__dfrtp_4)
                                  2.96   data arrival time

                          0.00    0.00   clock clk (rise edge)
                          0.00    0.00   clock source latency
                  0.12    0.08    0.08 ^ clk (in)
     1    0.02                           clk (net)
                  0.12    0.00    0.08 ^ clkbuf_0_clk/A (sky130_fd_sc_hd__clkbuf_16)
                  0.09    0.29    0.37 ^ clkbuf_0_clk/X (sky130_fd_sc_hd__clkbuf_16)
     4    0.04                           clknet_0_clk (net)
                  0.09    0.00    0.37 ^ clkbuf_2_0__f_clk/A (sky130_fd_sc_hd__clkbuf_16)
                  0.10    0.28    0.65 ^ clkbuf_2_0__f_clk/X (sky130_fd_sc_hd__clkbuf_16)
    14    0.04                           clknet_2_0__leaf_clk (net)
                  0.10    0.00    0.65 ^ _408_/CLK (sky130_fd_sc_hd__dfrtp_4)
                          0.25    0.90   clock uncertainty
                          0.00    0.90   clock reconvergence pessimism
                          0.66    1.56   library removal time
                                  1.56   data required time
-----------------------------------------------------------------------------
                                  1.56   data required time
                                 -2.96   data arrival time
-----------------------------------------------------------------------------
                                  1.41   slack (MET)


Startpoint: rst (input port clocked by clk)
Endpoint: _411_ (removal check against rising-edge clock clk)
Path Group: asynchronous
Path Type: min
Corner: Slowest

Fanout     Cap    Slew   Delay    Time   Description
-----------------------------------------------------------------------------
                          0.00    0.00   clock clk (rise edge)
                          0.00    0.00   clock network delay (propagated)
                          2.00    2.00 v input external delay
                  0.02    0.01    2.01 v rst (in)
     1    0.00                           rst (net)
                  0.02    0.00    2.01 v input2/A (sky130_fd_sc_hd__buf_1)
                  0.11    0.17    2.18 v input2/X (sky130_fd_sc_hd__buf_1)
     3    0.01                           net2 (net)
                  0.11    0.00    2.18 v _355_/A (sky130_fd_sc_hd__buf_4)
                  0.14    0.33    2.52 v _355_/X (sky130_fd_sc_hd__buf_4)
    10    0.05                           _199_ (net)
                  0.14    0.00    2.52 v _356_/A (sky130_fd_sc_hd__buf_4)
                  0.15    0.35    2.87 v _356_/X (sky130_fd_sc_hd__buf_4)
    10    0.06                           _200_ (net)
                  0.15    0.00    2.87 v _360_/A (sky130_fd_sc_hd__inv_2)
                  0.06    0.09    2.96 ^ _360_/Y (sky130_fd_sc_hd__inv_2)
     1    0.00                           _005_ (net)
                  0.06    0.00    2.96 ^ _411_/RESET_B (sky130_fd_sc_hd__dfrtp_1)
                                  2.96   data arrival time

                          0.00    0.00   clock clk (rise edge)
                          0.00    0.00   clock source latency
                  0.12    0.08    0.08 ^ clk (in)
     1    0.02                           clk (net)
                  0.12    0.00    0.08 ^ clkbuf_0_clk/A (sky130_fd_sc_hd__clkbuf_16)
                  0.09    0.29    0.37 ^ clkbuf_0_clk/X (sky130_fd_sc_hd__clkbuf_16)
     4    0.04                           clknet_0_clk (net)
                  0.09    0.00    0.37 ^ clkbuf_2_0__f_clk/A (sky130_fd_sc_hd__clkbuf_16)
                  0.10    0.28    0.65 ^ clkbuf_2_0__f_clk/X (sky130_fd_sc_hd__clkbuf_16)
    14    0.04                           clknet_2_0__leaf_clk (net)
                  0.10    0.00    0.65 ^ _411_/CLK (sky130_fd_sc_hd__dfrtp_1)
                          0.25    0.90   clock uncertainty
                          0.00    0.90   clock reconvergence pessimism
                          0.66    1.56   library removal time
                                  1.56   data required time
-----------------------------------------------------------------------------
                                  1.56   data required time
                                 -2.96   data arrival time
-----------------------------------------------------------------------------
                                  1.41   slack (MET)


Startpoint: rst (input port clocked by clk)
Endpoint: _410_ (removal check against rising-edge clock clk)
Path Group: asynchronous
Path Type: min
Corner: Slowest

Fanout     Cap    Slew   Delay    Time   Description
-----------------------------------------------------------------------------
                          0.00    0.00   clock clk (rise edge)
                          0.00    0.00   clock network delay (propagated)
                          2.00    2.00 v input external delay
                  0.02    0.01    2.01 v rst (in)
     1    0.00                           rst (net)
                  0.02    0.00    2.01 v input2/A (sky130_fd_sc_hd__buf_1)
                  0.11    0.17    2.18 v input2/X (sky130_fd_sc_hd__buf_1)
     3    0.01                           net2 (net)
                  0.11    0.00    2.18 v _355_/A (sky130_fd_sc_hd__buf_4)
                  0.14    0.33    2.52 v _355_/X (sky130_fd_sc_hd__buf_4)
    10    0.05                           _199_ (net)
                  0.14    0.00    2.52 v _356_/A (sky130_fd_sc_hd__buf_4)
                  0.15    0.35    2.87 v _356_/X (sky130_fd_sc_hd__buf_4)
    10    0.06                           _200_ (net)
                  0.15    0.00    2.87 v _359_/A (sky130_fd_sc_hd__inv_2)
                  0.05    0.09    2.96 ^ _359_/Y (sky130_fd_sc_hd__inv_2)
     1    0.00                           _004_ (net)
                  0.05    0.00    2.96 ^ _410_/RESET_B (sky130_fd_sc_hd__dfrtp_2)
                                  2.96   data arrival time

                          0.00    0.00   clock clk (rise edge)
                          0.00    0.00   clock source latency
                  0.12    0.08    0.08 ^ clk (in)
     1    0.02                           clk (net)
                  0.12    0.00    0.08 ^ clkbuf_0_clk/A (sky130_fd_sc_hd__clkbuf_16)
                  0.09    0.29    0.37 ^ clkbuf_0_clk/X (sky130_fd_sc_hd__clkbuf_16)
     4    0.04                           clknet_0_clk (net)
                  0.09    0.00    0.37 ^ clkbuf_2_0__f_clk/A (sky130_fd_sc_hd__clkbuf_16)
                  0.10    0.28    0.65 ^ clkbuf_2_0__f_clk/X (sky130_fd_sc_hd__clkbuf_16)
    14    0.04                           clknet_2_0__leaf_clk (net)
                  0.10    0.00    0.65 ^ _410_/CLK (sky130_fd_sc_hd__dfrtp_2)
                          0.25    0.90   clock uncertainty
                          0.00    0.90   clock reconvergence pessimism
                          0.66    1.56   library removal time
                                  1.56   data required time
-----------------------------------------------------------------------------
                                  1.56   data required time
                                 -2.96   data arrival time
-----------------------------------------------------------------------------
                                  1.41   slack (MET)


Startpoint: rst (input port clocked by clk)
Endpoint: _422_ (removal check against rising-edge clock clk)
Path Group: asynchronous
Path Type: min
Corner: Slowest

Fanout     Cap    Slew   Delay    Time   Description
-----------------------------------------------------------------------------
                          0.00    0.00   clock clk (rise edge)
                          0.00    0.00   clock network delay (propagated)
                          2.00    2.00 v input external delay
                  0.02    0.01    2.01 v rst (in)
     1    0.00                           rst (net)
                  0.02    0.00    2.01 v input2/A (sky130_fd_sc_hd__buf_1)
                  0.11    0.17    2.18 v input2/X (sky130_fd_sc_hd__buf_1)
     3    0.01                           net2 (net)
                  0.11    0.00    2.18 v _355_/A (sky130_fd_sc_hd__buf_4)
                  0.14    0.33    2.52 v _355_/X (sky130_fd_sc_hd__buf_4)
    10    0.05                           _199_ (net)
                  0.14    0.00    2.52 v _367_/A (sky130_fd_sc_hd__clkbuf_8)
                  0.14    0.34    2.86 v _367_/X (sky130_fd_sc_hd__clkbuf_8)
    10    0.07                           _201_ (net)
                  0.14    0.00    2.86 v _372_/A (sky130_fd_sc_hd__inv_2)
                  0.05    0.09    2.95 ^ _372_/Y (sky130_fd_sc_hd__inv_2)
     1    0.00                           _016_ (net)
                  0.05    0.00    2.95 ^ _422_/RESET_B (sky130_fd_sc_hd__dfrtp_1)
                                  2.95   data arrival time

                          0.00    0.00   clock clk (rise edge)
                          0.00    0.00   clock source latency
                  0.12    0.08    0.08 ^ clk (in)
     1    0.02                           clk (net)
                  0.12    0.00    0.08 ^ clkbuf_0_clk/A (sky130_fd_sc_hd__clkbuf_16)
                  0.09    0.29    0.37 ^ clkbuf_0_clk/X (sky130_fd_sc_hd__clkbuf_16)
     4    0.04                           clknet_0_clk (net)
                  0.09    0.00    0.37 ^ clkbuf_2_2__f_clk/A (sky130_fd_sc_hd__clkbuf_16)
                  0.08    0.26    0.63 ^ clkbuf_2_2__f_clk/X (sky130_fd_sc_hd__clkbuf_16)
    10    0.03                           clknet_2_2__leaf_clk (net)
                  0.08    0.00    0.63 ^ _422_/CLK (sky130_fd_sc_hd__dfrtp_1)
                          0.25    0.88   clock uncertainty
                          0.00    0.88   clock reconvergence pessimism
                          0.66    1.54   library removal time
                                  1.54   data required time
-----------------------------------------------------------------------------
                                  1.54   data required time
                                 -2.95   data arrival time
-----------------------------------------------------------------------------
                                  1.41   slack (MET)


Startpoint: rst (input port clocked by clk)
Endpoint: _423_ (removal check against rising-edge clock clk)
Path Group: asynchronous
Path Type: min
Corner: Slowest

Fanout     Cap    Slew   Delay    Time   Description
-----------------------------------------------------------------------------
                          0.00    0.00   clock clk (rise edge)
                          0.00    0.00   clock network delay (propagated)
                          2.00    2.00 v input external delay
                  0.02    0.01    2.01 v rst (in)
     1    0.00                           rst (net)
                  0.02    0.00    2.01 v input2/A (sky130_fd_sc_hd__buf_1)
                  0.11    0.17    2.18 v input2/X (sky130_fd_sc_hd__buf_1)
     3    0.01                           net2 (net)
                  0.11    0.00    2.18 v _355_/A (sky130_fd_sc_hd__buf_4)
                  0.14    0.33    2.52 v _355_/X (sky130_fd_sc_hd__buf_4)
    10    0.05                           _199_ (net)
                  0.14    0.00    2.52 v _367_/A (sky130_fd_sc_hd__clkbuf_8)
                  0.14    0.34    2.86 v _367_/X (sky130_fd_sc_hd__clkbuf_8)
    10    0.07                           _201_ (net)
                  0.14    0.00    2.86 v _373_/A (sky130_fd_sc_hd__inv_2)
                  0.05    0.09    2.95 ^ _373_/Y (sky130_fd_sc_hd__inv_2)
     1    0.00                           _017_ (net)
                  0.05    0.00    2.95 ^ _423_/RESET_B (sky130_fd_sc_hd__dfrtp_1)
                                  2.95   data arrival time

                          0.00    0.00   clock clk (rise edge)
                          0.00    0.00   clock source latency
                  0.12    0.08    0.08 ^ clk (in)
     1    0.02                           clk (net)
                  0.12    0.00    0.08 ^ clkbuf_0_clk/A (sky130_fd_sc_hd__clkbuf_16)
                  0.09    0.29    0.37 ^ clkbuf_0_clk/X (sky130_fd_sc_hd__clkbuf_16)
     4    0.04                           clknet_0_clk (net)
                  0.09    0.00    0.37 ^ clkbuf_2_2__f_clk/A (sky130_fd_sc_hd__clkbuf_16)
                  0.08    0.26    0.63 ^ clkbuf_2_2__f_clk/X (sky130_fd_sc_hd__clkbuf_16)
    10    0.03                           clknet_2_2__leaf_clk (net)
                  0.08    0.00    0.63 ^ _423_/CLK (sky130_fd_sc_hd__dfrtp_1)
                          0.25    0.88   clock uncertainty
                          0.00    0.88   clock reconvergence pessimism
                          0.66    1.54   library removal time
                                  1.54   data required time
-----------------------------------------------------------------------------
                                  1.54   data required time
                                 -2.95   data arrival time
-----------------------------------------------------------------------------
                                  1.41   slack (MET)


Startpoint: rst (input port clocked by clk)
Endpoint: _425_ (removal check against rising-edge clock clk)
Path Group: asynchronous
Path Type: min
Corner: Slowest

Fanout     Cap    Slew   Delay    Time   Description
-----------------------------------------------------------------------------
                          0.00    0.00   clock clk (rise edge)
                          0.00    0.00   clock network delay (propagated)
                          2.00    2.00 v input external delay
                  0.02    0.01    2.01 v rst (in)
     1    0.00                           rst (net)
                  0.02    0.00    2.01 v input2/A (sky130_fd_sc_hd__buf_1)
                  0.11    0.17    2.18 v input2/X (sky130_fd_sc_hd__buf_1)
     3    0.01                           net2 (net)
                  0.11    0.00    2.18 v _355_/A (sky130_fd_sc_hd__buf_4)
                  0.14    0.33    2.52 v _355_/X (sky130_fd_sc_hd__buf_4)
    10    0.05                           _199_ (net)
                  0.14    0.00    2.52 v _367_/A (sky130_fd_sc_hd__clkbuf_8)
                  0.14    0.34    2.86 v _367_/X (sky130_fd_sc_hd__clkbuf_8)
    10    0.07                           _201_ (net)
                  0.14    0.00    2.86 v _375_/A (sky130_fd_sc_hd__inv_2)
                  0.05    0.09    2.95 ^ _375_/Y (sky130_fd_sc_hd__inv_2)
     1    0.00                           _019_ (net)
                  0.05    0.00    2.95 ^ _425_/RESET_B (sky130_fd_sc_hd__dfrtp_1)
                                  2.95   data arrival time

                          0.00    0.00   clock clk (rise edge)
                          0.00    0.00   clock source latency
                  0.12    0.08    0.08 ^ clk (in)
     1    0.02                           clk (net)
                  0.12    0.00    0.08 ^ clkbuf_0_clk/A (sky130_fd_sc_hd__clkbuf_16)
                  0.09    0.29    0.37 ^ clkbuf_0_clk/X (sky130_fd_sc_hd__clkbuf_16)
     4    0.04                           clknet_0_clk (net)
                  0.09    0.00    0.37 ^ clkbuf_2_2__f_clk/A (sky130_fd_sc_hd__clkbuf_16)
                  0.08    0.26    0.63 ^ clkbuf_2_2__f_clk/X (sky130_fd_sc_hd__clkbuf_16)
    10    0.03                           clknet_2_2__leaf_clk (net)
                  0.08    0.00    0.63 ^ _425_/CLK (sky130_fd_sc_hd__dfrtp_1)
                          0.25    0.88   clock uncertainty
                          0.00    0.88   clock reconvergence pessimism
                          0.66    1.54   library removal time
                                  1.54   data required time
-----------------------------------------------------------------------------
                                  1.54   data required time
                                 -2.95   data arrival time
-----------------------------------------------------------------------------
                                  1.41   slack (MET)


Startpoint: _455_ (rising edge-triggered flip-flop clocked by clk)
Endpoint: _436_ (rising edge-triggered flip-flop clocked by clk)
Path Group: clk
Path Type: min
Corner: Slowest

Fanout     Cap    Slew   Delay    Time   Description
-----------------------------------------------------------------------------
                          0.00    0.00   clock clk (rise edge)
                          0.00    0.00   clock source latency
                  0.12    0.08    0.08 ^ clk (in)
     1    0.02                           clk (net)
                  0.12    0.00    0.08 ^ clkbuf_0_clk/A (sky130_fd_sc_hd__clkbuf_16)
                  0.09    0.26    0.34 ^ clkbuf_0_clk/X (sky130_fd_sc_hd__clkbuf_16)
     4    0.04                           clknet_0_clk (net)
                  0.09    0.00    0.34 ^ clkbuf_2_1__f_clk/A (sky130_fd_sc_hd__clkbuf_16)
                  0.09    0.24    0.58 ^ clkbuf_2_1__f_clk/X (sky130_fd_sc_hd__clkbuf_16)
    12    0.04                           clknet_2_1__leaf_clk (net)
                  0.09    0.00    0.58 ^ _455_/CLK (sky130_fd_sc_hd__dfrtp_1)
                  0.10    0.64    1.22 ^ _455_/Q (sky130_fd_sc_hd__dfrtp_1)
     2    0.00                           bit_count[3] (net)
                  0.10    0.00    1.22 ^ _216_/A (sky130_fd_sc_hd__nor2_1)
                  0.06    0.10    1.32 v _216_/Y (sky130_fd_sc_hd__nor2_1)
     2    0.01                           _108_ (net)
                  0.06    0.00    1.32 v _217_/D (sky130_fd_sc_hd__nand4_1)
                  0.17    0.18    1.50 ^ _217_/Y (sky130_fd_sc_hd__nand4_1)
     3    0.01                           _109_ (net)
                  0.17    0.00    1.50 ^ _270_/B (sky130_fd_sc_hd__and2_1)
                  0.08    0.25    1.75 ^ _270_/X (sky130_fd_sc_hd__and2_1)
     1    0.00                           _143_ (net)
                  0.08    0.00    1.75 ^ _271_/A (sky130_fd_sc_hd__clkbuf_1)
                  0.11    0.17    1.92 ^ _271_/X (sky130_fd_sc_hd__clkbuf_1)
     2    0.00                           _000_ (net)
                  0.11    0.00    1.92 ^ _272_/B1_N (sky130_fd_sc_hd__a21bo_1)
                  0.06    0.36    2.28 v _272_/X (sky130_fd_sc_hd__a21bo_1)
     1    0.00                           _076_ (net)
                  0.06    0.00    2.28 v _436_/D (sky130_fd_sc_hd__dfstp_1)
                                  2.28   data arrival time

                          0.00    0.00   clock clk (rise edge)
                          0.00    0.00   clock source latency
                  0.12    0.08    0.08 ^ clk (in)
     1    0.02                           clk (net)
                  0.12    0.00    0.08 ^ clkbuf_0_clk/A (sky130_fd_sc_hd__clkbuf_16)
                  0.09    0.29    0.37 ^ clkbuf_0_clk/X (sky130_fd_sc_hd__clkbuf_16)
     4    0.04                           clknet_0_clk (net)
                  0.09    0.00    0.37 ^ clkbuf_2_3__f_clk/A (sky130_fd_sc_hd__clkbuf_16)
                  0.09    0.27    0.64 ^ clkbuf_2_3__f_clk/X (sky130_fd_sc_hd__clkbuf_16)
    12    0.04                           clknet_2_3__leaf_clk (net)
                  0.09    0.00    0.64 ^ _436_/CLK (sky130_fd_sc_hd__dfstp_1)
                          0.25    0.89   clock uncertainty
                         -0.04    0.86   clock reconvergence pessimism
                          0.00    0.86   library hold time
                                  0.86   data required time
-----------------------------------------------------------------------------
                                  0.86   data required time
                                 -2.28   data arrival time
-----------------------------------------------------------------------------
                                  1.42   slack (MET)


Startpoint: rst (input port clocked by clk)
Endpoint: _409_ (removal check against rising-edge clock clk)
Path Group: asynchronous
Path Type: min
Corner: Slowest

Fanout     Cap    Slew   Delay    Time   Description
-----------------------------------------------------------------------------
                          0.00    0.00   clock clk (rise edge)
                          0.00    0.00   clock network delay (propagated)
                          2.00    2.00 v input external delay
                  0.02    0.01    2.01 v rst (in)
     1    0.00                           rst (net)
                  0.02    0.00    2.01 v input2/A (sky130_fd_sc_hd__buf_1)
                  0.11    0.17    2.18 v input2/X (sky130_fd_sc_hd__buf_1)
     3    0.01                           net2 (net)
                  0.11    0.00    2.18 v _355_/A (sky130_fd_sc_hd__buf_4)
                  0.14    0.33    2.52 v _355_/X (sky130_fd_sc_hd__buf_4)
    10    0.05                           _199_ (net)
                  0.14    0.00    2.52 v _356_/A (sky130_fd_sc_hd__buf_4)
                  0.15    0.35    2.87 v _356_/X (sky130_fd_sc_hd__buf_4)
    10    0.06                           _200_ (net)
                  0.15    0.00    2.87 v _358_/A (sky130_fd_sc_hd__inv_2)
                  0.05    0.09    2.97 ^ _358_/Y (sky130_fd_sc_hd__inv_2)
     1    0.00                           _003_ (net)
                  0.05    0.00    2.97 ^ _409_/RESET_B (sky130_fd_sc_hd__dfrtp_4)
                                  2.97   data arrival time

                          0.00    0.00   clock clk (rise edge)
                          0.00    0.00   clock source latency
                  0.12    0.08    0.08 ^ clk (in)
     1    0.02                           clk (net)
                  0.12    0.00    0.08 ^ clkbuf_0_clk/A (sky130_fd_sc_hd__clkbuf_16)
                  0.09    0.29    0.37 ^ clkbuf_0_clk/X (sky130_fd_sc_hd__clkbuf_16)
     4    0.04                           clknet_0_clk (net)
                  0.09    0.00    0.37 ^ clkbuf_2_2__f_clk/A (sky130_fd_sc_hd__clkbuf_16)
                  0.08    0.26    0.63 ^ clkbuf_2_2__f_clk/X (sky130_fd_sc_hd__clkbuf_16)
    10    0.03                           clknet_2_2__leaf_clk (net)
                  0.08    0.00    0.63 ^ _409_/CLK (sky130_fd_sc_hd__dfrtp_4)
                          0.25    0.88   clock uncertainty
                          0.00    0.88   clock reconvergence pessimism
                          0.66    1.54   library removal time
                                  1.54   data required time
-----------------------------------------------------------------------------
                                  1.54   data required time
                                 -2.97   data arrival time
-----------------------------------------------------------------------------
                                  1.42   slack (MET)


Startpoint: rst (input port clocked by clk)
Endpoint: _417_ (removal check against rising-edge clock clk)
Path Group: asynchronous
Path Type: min
Corner: Slowest

Fanout     Cap    Slew   Delay    Time   Description
-----------------------------------------------------------------------------
                          0.00    0.00   clock clk (rise edge)
                          0.00    0.00   clock network delay (propagated)
                          2.00    2.00 v input external delay
                  0.02    0.01    2.01 v rst (in)
     1    0.00                           rst (net)
                  0.02    0.00    2.01 v input2/A (sky130_fd_sc_hd__buf_1)
                  0.11    0.17    2.18 v input2/X (sky130_fd_sc_hd__buf_1)
     3    0.01                           net2 (net)
                  0.11    0.00    2.18 v _355_/A (sky130_fd_sc_hd__buf_4)
                  0.14    0.33    2.52 v _355_/X (sky130_fd_sc_hd__buf_4)
    10    0.05                           _199_ (net)
                  0.14    0.00    2.52 v _356_/A (sky130_fd_sc_hd__buf_4)
                  0.15    0.35    2.87 v _356_/X (sky130_fd_sc_hd__buf_4)
    10    0.06                           _200_ (net)
                  0.15    0.00    2.87 v _366_/A (sky130_fd_sc_hd__inv_2)
                  0.06    0.09    2.97 ^ _366_/Y (sky130_fd_sc_hd__inv_2)
     1    0.00                           _011_ (net)
                  0.06    0.00    2.97 ^ _417_/RESET_B (sky130_fd_sc_hd__dfrtp_1)
                                  2.97   data arrival time

                          0.00    0.00   clock clk (rise edge)
                          0.00    0.00   clock source latency
                  0.12    0.08    0.08 ^ clk (in)
     1    0.02                           clk (net)
                  0.12    0.00    0.08 ^ clkbuf_0_clk/A (sky130_fd_sc_hd__clkbuf_16)
                  0.09    0.29    0.37 ^ clkbuf_0_clk/X (sky130_fd_sc_hd__clkbuf_16)
     4    0.04                           clknet_0_clk (net)
                  0.09    0.00    0.37 ^ clkbuf_2_2__f_clk/A (sky130_fd_sc_hd__clkbuf_16)
                  0.08    0.26    0.63 ^ clkbuf_2_2__f_clk/X (sky130_fd_sc_hd__clkbuf_16)
    10    0.03                           clknet_2_2__leaf_clk (net)
                  0.08    0.00    0.63 ^ _417_/CLK (sky130_fd_sc_hd__dfrtp_1)
                          0.25    0.88   clock uncertainty
                          0.00    0.88   clock reconvergence pessimism
                          0.66    1.54   library removal time
                                  1.54   data required time
-----------------------------------------------------------------------------
                                  1.54   data required time
                                 -2.97   data arrival time
-----------------------------------------------------------------------------
                                  1.43   slack (MET)


Startpoint: rst (input port clocked by clk)
Endpoint: _412_ (removal check against rising-edge clock clk)
Path Group: asynchronous
Path Type: min
Corner: Slowest

Fanout     Cap    Slew   Delay    Time   Description
-----------------------------------------------------------------------------
                          0.00    0.00   clock clk (rise edge)
                          0.00    0.00   clock network delay (propagated)
                          2.00    2.00 v input external delay
                  0.02    0.01    2.01 v rst (in)
     1    0.00                           rst (net)
                  0.02    0.00    2.01 v input2/A (sky130_fd_sc_hd__buf_1)
                  0.11    0.17    2.18 v input2/X (sky130_fd_sc_hd__buf_1)
     3    0.01                           net2 (net)
                  0.11    0.00    2.18 v _355_/A (sky130_fd_sc_hd__buf_4)
                  0.14    0.33    2.52 v _355_/X (sky130_fd_sc_hd__buf_4)
    10    0.05                           _199_ (net)
                  0.14    0.00    2.52 v _356_/A (sky130_fd_sc_hd__buf_4)
                  0.15    0.35    2.87 v _356_/X (sky130_fd_sc_hd__buf_4)
    10    0.06                           _200_ (net)
                  0.15    0.00    2.87 v _361_/A (sky130_fd_sc_hd__inv_2)
                  0.05    0.09    2.97 ^ _361_/Y (sky130_fd_sc_hd__inv_2)
     1    0.00                           _006_ (net)
                  0.05    0.00    2.97 ^ _412_/RESET_B (sky130_fd_sc_hd__dfrtp_1)
                                  2.97   data arrival time

                          0.00    0.00   clock clk (rise edge)
                          0.00    0.00   clock source latency
                  0.12    0.08    0.08 ^ clk (in)
     1    0.02                           clk (net)
                  0.12    0.00    0.08 ^ clkbuf_0_clk/A (sky130_fd_sc_hd__clkbuf_16)
                  0.09    0.29    0.37 ^ clkbuf_0_clk/X (sky130_fd_sc_hd__clkbuf_16)
     4    0.04                           clknet_0_clk (net)
                  0.09    0.00    0.37 ^ clkbuf_2_2__f_clk/A (sky130_fd_sc_hd__clkbuf_16)
                  0.08    0.26    0.63 ^ clkbuf_2_2__f_clk/X (sky130_fd_sc_hd__clkbuf_16)
    10    0.03                           clknet_2_2__leaf_clk (net)
                  0.08    0.00    0.63 ^ _412_/CLK (sky130_fd_sc_hd__dfrtp_1)
                          0.25    0.88   clock uncertainty
                          0.00    0.88   clock reconvergence pessimism
                          0.66    1.54   library removal time
                                  1.54   data required time
-----------------------------------------------------------------------------
                                  1.54   data required time
                                 -2.97   data arrival time
-----------------------------------------------------------------------------
                                  1.43   slack (MET)


Startpoint: rst (input port clocked by clk)
Endpoint: _414_ (removal check against rising-edge clock clk)
Path Group: asynchronous
Path Type: min
Corner: Slowest

Fanout     Cap    Slew   Delay    Time   Description
-----------------------------------------------------------------------------
                          0.00    0.00   clock clk (rise edge)
                          0.00    0.00   clock network delay (propagated)
                          2.00    2.00 v input external delay
                  0.02    0.01    2.01 v rst (in)
     1    0.00                           rst (net)
                  0.02    0.00    2.01 v input2/A (sky130_fd_sc_hd__buf_1)
                  0.11    0.17    2.18 v input2/X (sky130_fd_sc_hd__buf_1)
     3    0.01                           net2 (net)
                  0.11    0.00    2.18 v _355_/A (sky130_fd_sc_hd__buf_4)
                  0.14    0.33    2.52 v _355_/X (sky130_fd_sc_hd__buf_4)
    10    0.05                           _199_ (net)
                  0.14    0.00    2.52 v _356_/A (sky130_fd_sc_hd__buf_4)
                  0.15    0.35    2.87 v _356_/X (sky130_fd_sc_hd__buf_4)
    10    0.06                           _200_ (net)
                  0.15    0.00    2.87 v _363_/A (sky130_fd_sc_hd__inv_2)
                  0.05    0.09    2.97 ^ _363_/Y (sky130_fd_sc_hd__inv_2)
     1    0.00                           _008_ (net)
                  0.05    0.00    2.97 ^ _414_/RESET_B (sky130_fd_sc_hd__dfrtp_1)
                                  2.97   data arrival time

                          0.00    0.00   clock clk (rise edge)
                          0.00    0.00   clock source latency
                  0.12    0.08    0.08 ^ clk (in)
     1    0.02                           clk (net)
                  0.12    0.00    0.08 ^ clkbuf_0_clk/A (sky130_fd_sc_hd__clkbuf_16)
                  0.09    0.29    0.37 ^ clkbuf_0_clk/X (sky130_fd_sc_hd__clkbuf_16)
     4    0.04                           clknet_0_clk (net)
                  0.09    0.00    0.37 ^ clkbuf_2_2__f_clk/A (sky130_fd_sc_hd__clkbuf_16)
                  0.08    0.26    0.63 ^ clkbuf_2_2__f_clk/X (sky130_fd_sc_hd__clkbuf_16)
    10    0.03                           clknet_2_2__leaf_clk (net)
                  0.08    0.00    0.63 ^ _414_/CLK (sky130_fd_sc_hd__dfrtp_1)
                          0.25    0.88   clock uncertainty
                          0.00    0.88   clock reconvergence pessimism
                          0.66    1.54   library removal time
                                  1.54   data required time
-----------------------------------------------------------------------------
                                  1.54   data required time
                                 -2.97   data arrival time
-----------------------------------------------------------------------------
                                  1.43   slack (MET)


Startpoint: rst (input port clocked by clk)
Endpoint: _413_ (removal check against rising-edge clock clk)
Path Group: asynchronous
Path Type: min
Corner: Slowest

Fanout     Cap    Slew   Delay    Time   Description
-----------------------------------------------------------------------------
                          0.00    0.00   clock clk (rise edge)
                          0.00    0.00   clock network delay (propagated)
                          2.00    2.00 v input external delay
                  0.02    0.01    2.01 v rst (in)
     1    0.00                           rst (net)
                  0.02    0.00    2.01 v input2/A (sky130_fd_sc_hd__buf_1)
                  0.11    0.17    2.18 v input2/X (sky130_fd_sc_hd__buf_1)
     3    0.01                           net2 (net)
                  0.11    0.00    2.18 v _355_/A (sky130_fd_sc_hd__buf_4)
                  0.14    0.33    2.52 v _355_/X (sky130_fd_sc_hd__buf_4)
    10    0.05                           _199_ (net)
                  0.14    0.00    2.52 v _356_/A (sky130_fd_sc_hd__buf_4)
                  0.15    0.35    2.87 v _356_/X (sky130_fd_sc_hd__buf_4)
    10    0.06                           _200_ (net)
                  0.15    0.00    2.87 v _362_/A (sky130_fd_sc_hd__inv_2)
                  0.05    0.09    2.97 ^ _362_/Y (sky130_fd_sc_hd__inv_2)
     1    0.00                           _007_ (net)
                  0.05    0.00    2.97 ^ _413_/RESET_B (sky130_fd_sc_hd__dfrtp_1)
                                  2.97   data arrival time

                          0.00    0.00   clock clk (rise edge)
                          0.00    0.00   clock source latency
                  0.12    0.08    0.08 ^ clk (in)
     1    0.02                           clk (net)
                  0.12    0.00    0.08 ^ clkbuf_0_clk/A (sky130_fd_sc_hd__clkbuf_16)
                  0.09    0.29    0.37 ^ clkbuf_0_clk/X (sky130_fd_sc_hd__clkbuf_16)
     4    0.04                           clknet_0_clk (net)
                  0.09    0.00    0.37 ^ clkbuf_2_2__f_clk/A (sky130_fd_sc_hd__clkbuf_16)
                  0.08    0.26    0.63 ^ clkbuf_2_2__f_clk/X (sky130_fd_sc_hd__clkbuf_16)
    10    0.03                           clknet_2_2__leaf_clk (net)
                  0.08    0.00    0.63 ^ _413_/CLK (sky130_fd_sc_hd__dfrtp_1)
                          0.25    0.88   clock uncertainty
                          0.00    0.88   clock reconvergence pessimism
                          0.66    1.54   library removal time
                                  1.54   data required time
-----------------------------------------------------------------------------
                                  1.54   data required time
                                 -2.97   data arrival time
-----------------------------------------------------------------------------
                                  1.43   slack (MET)


Startpoint: rst (input port clocked by clk)
Endpoint: _415_ (removal check against rising-edge clock clk)
Path Group: asynchronous
Path Type: min
Corner: Slowest

Fanout     Cap    Slew   Delay    Time   Description
-----------------------------------------------------------------------------
                          0.00    0.00   clock clk (rise edge)
                          0.00    0.00   clock network delay (propagated)
                          2.00    2.00 v input external delay
                  0.02    0.01    2.01 v rst (in)
     1    0.00                           rst (net)
                  0.02    0.00    2.01 v input2/A (sky130_fd_sc_hd__buf_1)
                  0.11    0.17    2.18 v input2/X (sky130_fd_sc_hd__buf_1)
     3    0.01                           net2 (net)
                  0.11    0.00    2.18 v _355_/A (sky130_fd_sc_hd__buf_4)
                  0.14    0.33    2.52 v _355_/X (sky130_fd_sc_hd__buf_4)
    10    0.05                           _199_ (net)
                  0.14    0.00    2.52 v _356_/A (sky130_fd_sc_hd__buf_4)
                  0.15    0.35    2.87 v _356_/X (sky130_fd_sc_hd__buf_4)
    10    0.06                           _200_ (net)
                  0.15    0.00    2.87 v _364_/A (sky130_fd_sc_hd__inv_2)
                  0.06    0.09    2.97 ^ _364_/Y (sky130_fd_sc_hd__inv_2)
     1    0.00                           _009_ (net)
                  0.06    0.00    2.97 ^ _415_/RESET_B (sky130_fd_sc_hd__dfrtp_1)
                                  2.97   data arrival time

                          0.00    0.00   clock clk (rise edge)
                          0.00    0.00   clock source latency
                  0.12    0.08    0.08 ^ clk (in)
     1    0.02                           clk (net)
                  0.12    0.00    0.08 ^ clkbuf_0_clk/A (sky130_fd_sc_hd__clkbuf_16)
                  0.09    0.29    0.37 ^ clkbuf_0_clk/X (sky130_fd_sc_hd__clkbuf_16)
     4    0.04                           clknet_0_clk (net)
                  0.09    0.00    0.37 ^ clkbuf_2_2__f_clk/A (sky130_fd_sc_hd__clkbuf_16)
                  0.08    0.26    0.63 ^ clkbuf_2_2__f_clk/X (sky130_fd_sc_hd__clkbuf_16)
    10    0.03                           clknet_2_2__leaf_clk (net)
                  0.08    0.00    0.63 ^ _415_/CLK (sky130_fd_sc_hd__dfrtp_1)
                          0.25    0.88   clock uncertainty
                          0.00    0.88   clock reconvergence pessimism
                          0.66    1.54   library removal time
                                  1.54   data required time
-----------------------------------------------------------------------------
                                  1.54   data required time
                                 -2.97   data arrival time
-----------------------------------------------------------------------------
                                  1.43   slack (MET)


Startpoint: rst (input port clocked by clk)
Endpoint: _416_ (removal check against rising-edge clock clk)
Path Group: asynchronous
Path Type: min
Corner: Slowest

Fanout     Cap    Slew   Delay    Time   Description
-----------------------------------------------------------------------------
                          0.00    0.00   clock clk (rise edge)
                          0.00    0.00   clock network delay (propagated)
                          2.00    2.00 v input external delay
                  0.02    0.01    2.01 v rst (in)
     1    0.00                           rst (net)
                  0.02    0.00    2.01 v input2/A (sky130_fd_sc_hd__buf_1)
                  0.11    0.17    2.18 v input2/X (sky130_fd_sc_hd__buf_1)
     3    0.01                           net2 (net)
                  0.11    0.00    2.18 v _355_/A (sky130_fd_sc_hd__buf_4)
                  0.14    0.33    2.52 v _355_/X (sky130_fd_sc_hd__buf_4)
    10    0.05                           _199_ (net)
                  0.14    0.00    2.52 v _356_/A (sky130_fd_sc_hd__buf_4)
                  0.15    0.35    2.87 v _356_/X (sky130_fd_sc_hd__buf_4)
    10    0.06                           _200_ (net)
                  0.15    0.00    2.87 v _365_/A (sky130_fd_sc_hd__inv_2)
                  0.05    0.09    2.97 ^ _365_/Y (sky130_fd_sc_hd__inv_2)
     1    0.00                           _010_ (net)
                  0.05    0.00    2.97 ^ _416_/RESET_B (sky130_fd_sc_hd__dfrtp_1)
                                  2.97   data arrival time

                          0.00    0.00   clock clk (rise edge)
                          0.00    0.00   clock source latency
                  0.12    0.08    0.08 ^ clk (in)
     1    0.02                           clk (net)
                  0.12    0.00    0.08 ^ clkbuf_0_clk/A (sky130_fd_sc_hd__clkbuf_16)
                  0.09    0.29    0.37 ^ clkbuf_0_clk/X (sky130_fd_sc_hd__clkbuf_16)
     4    0.04                           clknet_0_clk (net)
                  0.09    0.00    0.37 ^ clkbuf_2_2__f_clk/A (sky130_fd_sc_hd__clkbuf_16)
                  0.08    0.26    0.63 ^ clkbuf_2_2__f_clk/X (sky130_fd_sc_hd__clkbuf_16)
    10    0.03                           clknet_2_2__leaf_clk (net)
                  0.08    0.00    0.63 ^ _416_/CLK (sky130_fd_sc_hd__dfrtp_1)
                          0.25    0.88   clock uncertainty
                          0.00    0.88   clock reconvergence pessimism
                          0.66    1.54   library removal time
                                  1.54   data required time
-----------------------------------------------------------------------------
                                  1.54   data required time
                                 -2.97   data arrival time
-----------------------------------------------------------------------------
                                  1.43   slack (MET)


Startpoint: rst (input port clocked by clk)
Endpoint: _436_ (removal check against rising-edge clock clk)
Path Group: asynchronous
Path Type: min
Corner: Slowest

Fanout     Cap    Slew   Delay    Time   Description
-----------------------------------------------------------------------------
                          0.00    0.00   clock clk (rise edge)
                          0.00    0.00   clock network delay (propagated)
                          2.00    2.00 v input external delay
                  0.02    0.01    2.01 v rst (in)
     1    0.00                           rst (net)
                  0.02    0.00    2.01 v input2/A (sky130_fd_sc_hd__buf_1)
                  0.11    0.17    2.18 v input2/X (sky130_fd_sc_hd__buf_1)
     3    0.01                           net2 (net)
                  0.11    0.00    2.18 v _378_/A (sky130_fd_sc_hd__buf_4)
                  0.16    0.36    2.54 v _378_/X (sky130_fd_sc_hd__buf_4)
    10    0.07                           _202_ (net)
                  0.16    0.00    2.54 v _387_/A (sky130_fd_sc_hd__inv_2)
                  0.06    0.10    2.64 ^ _387_/Y (sky130_fd_sc_hd__inv_2)
     1    0.00                           _030_ (net)
                  0.06    0.00    2.64 ^ _436_/SET_B (sky130_fd_sc_hd__dfstp_1)
                                  2.64   data arrival time

                          0.00    0.00   clock clk (rise edge)
                          0.00    0.00   clock source latency
                  0.12    0.08    0.08 ^ clk (in)
     1    0.02                           clk (net)
                  0.12    0.00    0.08 ^ clkbuf_0_clk/A (sky130_fd_sc_hd__clkbuf_16)
                  0.09    0.29    0.37 ^ clkbuf_0_clk/X (sky130_fd_sc_hd__clkbuf_16)
     4    0.04                           clknet_0_clk (net)
                  0.09    0.00    0.37 ^ clkbuf_2_3__f_clk/A (sky130_fd_sc_hd__clkbuf_16)
                  0.09    0.27    0.64 ^ clkbuf_2_3__f_clk/X (sky130_fd_sc_hd__clkbuf_16)
    12    0.04                           clknet_2_3__leaf_clk (net)
                  0.09    0.00    0.64 ^ _436_/CLK (sky130_fd_sc_hd__dfstp_1)
                          0.25    0.89   clock uncertainty
                          0.00    0.89   clock reconvergence pessimism
                          0.31    1.20   library removal time
                                  1.20   data required time
-----------------------------------------------------------------------------
                                  1.20   data required time
                                 -2.64   data arrival time
-----------------------------------------------------------------------------
                                  1.44   slack (MET)


Startpoint: _455_ (rising edge-triggered flip-flop clocked by clk)
Endpoint: _433_ (rising edge-triggered flip-flop clocked by clk)
Path Group: clk
Path Type: min
Corner: Slowest

Fanout     Cap    Slew   Delay    Time   Description
-----------------------------------------------------------------------------
                          0.00    0.00   clock clk (rise edge)
                          0.00    0.00   clock source latency
                  0.12    0.08    0.08 ^ clk (in)
     1    0.02                           clk (net)
                  0.12    0.00    0.08 ^ clkbuf_0_clk/A (sky130_fd_sc_hd__clkbuf_16)
                  0.09    0.26    0.34 ^ clkbuf_0_clk/X (sky130_fd_sc_hd__clkbuf_16)
     4    0.04                           clknet_0_clk (net)
                  0.09    0.00    0.34 ^ clkbuf_2_1__f_clk/A (sky130_fd_sc_hd__clkbuf_16)
                  0.09    0.24    0.58 ^ clkbuf_2_1__f_clk/X (sky130_fd_sc_hd__clkbuf_16)
    12    0.04                           clknet_2_1__leaf_clk (net)
                  0.09    0.00    0.58 ^ _455_/CLK (sky130_fd_sc_hd__dfrtp_1)
                  0.10    0.64    1.22 ^ _455_/Q (sky130_fd_sc_hd__dfrtp_1)
     2    0.00                           bit_count[3] (net)
                  0.10    0.00    1.22 ^ _216_/A (sky130_fd_sc_hd__nor2_1)
                  0.06    0.10    1.32 v _216_/Y (sky130_fd_sc_hd__nor2_1)
     2    0.01                           _108_ (net)
                  0.06    0.00    1.32 v _217_/D (sky130_fd_sc_hd__nand4_1)
                  0.17    0.18    1.50 ^ _217_/Y (sky130_fd_sc_hd__nand4_1)
     3    0.01                           _109_ (net)
                  0.17    0.00    1.50 ^ _218_/A (sky130_fd_sc_hd__buf_4)
                  0.27    0.38    1.89 ^ _218_/X (sky130_fd_sc_hd__buf_4)
    10    0.06                           _110_ (net)
                  0.27    0.00    1.89 ^ _279_/S (sky130_fd_sc_hd__mux2_1)
                  0.07    0.30    2.18 ^ _279_/X (sky130_fd_sc_hd__mux2_1)
     1    0.00                           _148_ (net)
                  0.07    0.00    2.18 ^ _280_/A (sky130_fd_sc_hd__clkbuf_1)
                  0.07    0.14    2.32 ^ _280_/X (sky130_fd_sc_hd__clkbuf_1)
     1    0.00                           _073_ (net)
                  0.07    0.00    2.32 ^ _433_/D (sky130_fd_sc_hd__dfrtp_1)
                                  2.32   data arrival time

                          0.00    0.00   clock clk (rise edge)
                          0.00    0.00   clock source latency
                  0.12    0.08    0.08 ^ clk (in)
     1    0.02                           clk (net)
                  0.12    0.00    0.08 ^ clkbuf_0_clk/A (sky130_fd_sc_hd__clkbuf_16)
                  0.09    0.29    0.37 ^ clkbuf_0_clk/X (sky130_fd_sc_hd__clkbuf_16)
     4    0.04                           clknet_0_clk (net)
                  0.09    0.00    0.37 ^ clkbuf_2_1__f_clk/A (sky130_fd_sc_hd__clkbuf_16)
                  0.09    0.27    0.64 ^ clkbuf_2_1__f_clk/X (sky130_fd_sc_hd__clkbuf_16)
    12    0.04                           clknet_2_1__leaf_clk (net)
                  0.09    0.00    0.64 ^ _433_/CLK (sky130_fd_sc_hd__dfrtp_1)
                          0.25    0.89   clock uncertainty
                         -0.06    0.83   clock reconvergence pessimism
                         -0.07    0.76   library hold time
                                  0.76   data required time
-----------------------------------------------------------------------------
                                  0.76   data required time
                                 -2.32   data arrival time
-----------------------------------------------------------------------------
                                  1.56   slack (MET)


Startpoint: _447_ (rising edge-triggered flip-flop clocked by clk)
Endpoint: _447_ (rising edge-triggered flip-flop clocked by clk)
Path Group: clk
Path Type: min
Corner: Slowest

Fanout     Cap    Slew   Delay    Time   Description
-----------------------------------------------------------------------------
                          0.00    0.00   clock clk (rise edge)
                          0.00    0.00   clock source latency
                  0.12    0.08    0.08 ^ clk (in)
     1    0.02                           clk (net)
                  0.12    0.00    0.08 ^ clkbuf_0_clk/A (sky130_fd_sc_hd__clkbuf_16)
                  0.09    0.26    0.34 ^ clkbuf_0_clk/X (sky130_fd_sc_hd__clkbuf_16)
     4    0.04                           clknet_0_clk (net)
                  0.09    0.00    0.34 ^ clkbuf_2_0__f_clk/A (sky130_fd_sc_hd__clkbuf_16)
                  0.10    0.25    0.58 ^ clkbuf_2_0__f_clk/X (sky130_fd_sc_hd__clkbuf_16)
    14    0.04                           clknet_2_0__leaf_clk (net)
                  0.10    0.00    0.58 ^ _447_/CLK (sky130_fd_sc_hd__dfrtp_1)
                  0.16    0.69    1.27 ^ _447_/Q (sky130_fd_sc_hd__dfrtp_1)
     3    0.01                           rx_shift[3] (net)
                  0.16    0.00    1.27 ^ _244_/A1 (sky130_fd_sc_hd__a22o_1)
                  0.06    0.27    1.54 ^ _244_/X (sky130_fd_sc_hd__a22o_1)
     1    0.00                           _087_ (net)
                  0.06    0.00    1.54 ^ hold3/A (sky130_fd_sc_hd__dlygate4sd3_1)
                  0.09    0.98    2.52 ^ hold3/X (sky130_fd_sc_hd__dlygate4sd3_1)
     1    0.00                           net28 (net)
                  0.09    0.00    2.52 ^ _447_/D (sky130_fd_sc_hd__dfrtp_1)
                                  2.52   data arrival time

                          0.00    0.00   clock clk (rise edge)
                          0.00    0.00   clock source latency
                  0.12    0.08    0.08 ^ clk (in)
     1    0.02                           clk (net)
                  0.12    0.00    0.08 ^ clkbuf_0_clk/A (sky130_fd_sc_hd__clkbuf_16)
                  0.09    0.29    0.37 ^ clkbuf_0_clk/X (sky130_fd_sc_hd__clkbuf_16)
     4    0.04                           clknet_0_clk (net)
                  0.09    0.00    0.37 ^ clkbuf_2_0__f_clk/A (sky130_fd_sc_hd__clkbuf_16)
                  0.10    0.28    0.65 ^ clkbuf_2_0__f_clk/X (sky130_fd_sc_hd__clkbuf_16)
    14    0.04                           clknet_2_0__leaf_clk (net)
                  0.10    0.00    0.65 ^ _447_/CLK (sky130_fd_sc_hd__dfrtp_1)
                          0.25    0.90   clock uncertainty
                         -0.06    0.83   clock reconvergence pessimism
                         -0.08    0.76   library hold time
                                  0.76   data required time
-----------------------------------------------------------------------------
                                  0.76   data required time
                                 -2.52   data arrival time
-----------------------------------------------------------------------------
                                  1.76   slack (MET)


Startpoint: _449_ (rising edge-triggered flip-flop clocked by clk)
Endpoint: _449_ (rising edge-triggered flip-flop clocked by clk)
Path Group: clk
Path Type: min
Corner: Slowest

Fanout     Cap    Slew   Delay    Time   Description
-----------------------------------------------------------------------------
                          0.00    0.00   clock clk (rise edge)
                          0.00    0.00   clock source latency
                  0.12    0.08    0.08 ^ clk (in)
     1    0.02                           clk (net)
                  0.12    0.00    0.08 ^ clkbuf_0_clk/A (sky130_fd_sc_hd__clkbuf_16)
                  0.09    0.26    0.34 ^ clkbuf_0_clk/X (sky130_fd_sc_hd__clkbuf_16)
     4    0.04                           clknet_0_clk (net)
                  0.09    0.00    0.34 ^ clkbuf_2_0__f_clk/A (sky130_fd_sc_hd__clkbuf_16)
                  0.10    0.25    0.58 ^ clkbuf_2_0__f_clk/X (sky130_fd_sc_hd__clkbuf_16)
    14    0.04                           clknet_2_0__leaf_clk (net)
                  0.10    0.00    0.58 ^ _449_/CLK (sky130_fd_sc_hd__dfrtp_1)
                  0.15    0.68    1.27 ^ _449_/Q (sky130_fd_sc_hd__dfrtp_1)
     3    0.01                           rx_shift[5] (net)
                  0.15    0.00    1.27 ^ _242_/A1 (sky130_fd_sc_hd__a22o_1)
                  0.08    0.28    1.55 ^ _242_/X (sky130_fd_sc_hd__a22o_1)
     1    0.00                           _089_ (net)
                  0.08    0.00    1.55 ^ hold8/A (sky130_fd_sc_hd__dlygate4sd3_1)
                  0.09    0.98    2.53 ^ hold8/X (sky130_fd_sc_hd__dlygate4sd3_1)
     1    0.00                           net33 (net)
                  0.09    0.00    2.53 ^ _449_/D (sky130_fd_sc_hd__dfrtp_1)
                                  2.53   data arrival time

                          0.00    0.00   clock clk (rise edge)
                          0.00    0.00   clock source latency
                  0.12    0.08    0.08 ^ clk (in)
     1    0.02                           clk (net)
                  0.12    0.00    0.08 ^ clkbuf_0_clk/A (sky130_fd_sc_hd__clkbuf_16)
                  0.09    0.29    0.37 ^ clkbuf_0_clk/X (sky130_fd_sc_hd__clkbuf_16)
     4    0.04                           clknet_0_clk (net)
                  0.09    0.00    0.37 ^ clkbuf_2_0__f_clk/A (sky130_fd_sc_hd__clkbuf_16)
                  0.10    0.28    0.65 ^ clkbuf_2_0__f_clk/X (sky130_fd_sc_hd__clkbuf_16)
    14    0.04                           clknet_2_0__leaf_clk (net)
                  0.10    0.00    0.65 ^ _449_/CLK (sky130_fd_sc_hd__dfrtp_1)
                          0.25    0.90   clock uncertainty
                         -0.06    0.83   clock reconvergence pessimism
                         -0.08    0.76   library hold time
                                  0.76   data required time
-----------------------------------------------------------------------------
                                  0.76   data required time
                                 -2.53   data arrival time
-----------------------------------------------------------------------------
                                  1.77   slack (MET)


Startpoint: _450_ (rising edge-triggered flip-flop clocked by clk)
Endpoint: _451_ (rising edge-triggered flip-flop clocked by clk)
Path Group: clk
Path Type: min
Corner: Slowest

Fanout     Cap    Slew   Delay    Time   Description
-----------------------------------------------------------------------------
                          0.00    0.00   clock clk (rise edge)
                          0.00    0.00   clock source latency
                  0.12    0.08    0.08 ^ clk (in)
     1    0.02                           clk (net)
                  0.12    0.00    0.08 ^ clkbuf_0_clk/A (sky130_fd_sc_hd__clkbuf_16)
                  0.09    0.26    0.34 ^ clkbuf_0_clk/X (sky130_fd_sc_hd__clkbuf_16)
     4    0.04                           clknet_0_clk (net)
                  0.09    0.00    0.34 ^ clkbuf_2_0__f_clk/A (sky130_fd_sc_hd__clkbuf_16)
                  0.10    0.25    0.58 ^ clkbuf_2_0__f_clk/X (sky130_fd_sc_hd__clkbuf_16)
    14    0.04                           clknet_2_0__leaf_clk (net)
                  0.10    0.00    0.58 ^ _450_/CLK (sky130_fd_sc_hd__dfrtp_1)
                  0.19    0.71    1.30 ^ _450_/Q (sky130_fd_sc_hd__dfrtp_1)
     3    0.01                           rx_shift[6] (net)
                  0.19    0.00    1.30 ^ _240_/B2 (sky130_fd_sc_hd__a22o_1)
                  0.06    0.26    1.55 ^ _240_/X (sky130_fd_sc_hd__a22o_1)
     1    0.00                           _091_ (net)
                  0.06    0.00    1.55 ^ hold5/A (sky130_fd_sc_hd__dlygate4sd3_1)
                  0.09    0.98    2.53 ^ hold5/X (sky130_fd_sc_hd__dlygate4sd3_1)
     1    0.00                           net30 (net)
                  0.09    0.00    2.53 ^ _451_/D (sky130_fd_sc_hd__dfrtp_1)
                                  2.53   data arrival time

                          0.00    0.00   clock clk (rise edge)
                          0.00    0.00   clock source latency
                  0.12    0.08    0.08 ^ clk (in)
     1    0.02                           clk (net)
                  0.12    0.00    0.08 ^ clkbuf_0_clk/A (sky130_fd_sc_hd__clkbuf_16)
                  0.09    0.29    0.37 ^ clkbuf_0_clk/X (sky130_fd_sc_hd__clkbuf_16)
     4    0.04                           clknet_0_clk (net)
                  0.09    0.00    0.37 ^ clkbuf_2_0__f_clk/A (sky130_fd_sc_hd__clkbuf_16)
                  0.10    0.28    0.65 ^ clkbuf_2_0__f_clk/X (sky130_fd_sc_hd__clkbuf_16)
    14    0.04                           clknet_2_0__leaf_clk (net)
                  0.10    0.00    0.65 ^ _451_/CLK (sky130_fd_sc_hd__dfrtp_1)
                          0.25    0.90   clock uncertainty
                         -0.06    0.83   clock reconvergence pessimism
                         -0.08    0.76   library hold time
                                  0.76   data required time
-----------------------------------------------------------------------------
                                  0.76   data required time
                                 -2.53   data arrival time
-----------------------------------------------------------------------------
                                  1.77   slack (MET)


Startpoint: _455_ (rising edge-triggered flip-flop clocked by clk)
Endpoint: _437_ (rising edge-triggered flip-flop clocked by clk)
Path Group: clk
Path Type: min
Corner: Slowest

Fanout     Cap    Slew   Delay    Time   Description
-----------------------------------------------------------------------------
                          0.00    0.00   clock clk (rise edge)
                          0.00    0.00   clock source latency
                  0.12    0.08    0.08 ^ clk (in)
     1    0.02                           clk (net)
                  0.12    0.00    0.08 ^ clkbuf_0_clk/A (sky130_fd_sc_hd__clkbuf_16)
                  0.09    0.26    0.34 ^ clkbuf_0_clk/X (sky130_fd_sc_hd__clkbuf_16)
     4    0.04                           clknet_0_clk (net)
                  0.09    0.00    0.34 ^ clkbuf_2_1__f_clk/A (sky130_fd_sc_hd__clkbuf_16)
                  0.09    0.24    0.58 ^ clkbuf_2_1__f_clk/X (sky130_fd_sc_hd__clkbuf_16)
    12    0.04                           clknet_2_1__leaf_clk (net)
                  0.09    0.00    0.58 ^ _455_/CLK (sky130_fd_sc_hd__dfrtp_1)
                  0.10    0.64    1.22 ^ _455_/Q (sky130_fd_sc_hd__dfrtp_1)
     2    0.00                           bit_count[3] (net)
                  0.10    0.00    1.22 ^ _216_/A (sky130_fd_sc_hd__nor2_1)
                  0.06    0.10    1.32 v _216_/Y (sky130_fd_sc_hd__nor2_1)
     2    0.01                           _108_ (net)
                  0.06    0.00    1.32 v _217_/D (sky130_fd_sc_hd__nand4_1)
                  0.17    0.18    1.50 ^ _217_/Y (sky130_fd_sc_hd__nand4_1)
     3    0.01                           _109_ (net)
                  0.17    0.00    1.50 ^ _222_/C (sky130_fd_sc_hd__and3_1)
                  0.09    0.32    1.82 ^ _222_/X (sky130_fd_sc_hd__and3_1)
     1    0.00                           _113_ (net)
                  0.09    0.00    1.82 ^ _223_/A (sky130_fd_sc_hd__clkbuf_4)
                  0.23    0.35    2.17 ^ _223_/X (sky130_fd_sc_hd__clkbuf_4)
    10    0.05                           _114_ (net)
                  0.23    0.00    2.17 ^ _267_/S (sky130_fd_sc_hd__mux2_1)
                  0.07    0.29    2.46 ^ _267_/X (sky130_fd_sc_hd__mux2_1)
     1    0.00                           _141_ (net)
                  0.07    0.00    2.46 ^ _268_/A (sky130_fd_sc_hd__clkbuf_1)
                  0.06    0.13    2.59 ^ _268_/X (sky130_fd_sc_hd__clkbuf_1)
     1    0.00                           _077_ (net)
                  0.06    0.00    2.59 ^ _437_/D (sky130_fd_sc_hd__dfrtp_1)
                                  2.59   data arrival time

                          0.00    0.00   clock clk (rise edge)
                          0.00    0.00   clock source latency
                  0.12    0.08    0.08 ^ clk (in)
     1    0.02                           clk (net)
                  0.12    0.00    0.08 ^ clkbuf_0_clk/A (sky130_fd_sc_hd__clkbuf_16)
                  0.09    0.29    0.37 ^ clkbuf_0_clk/X (sky130_fd_sc_hd__clkbuf_16)
     4    0.04                           clknet_0_clk (net)
                  0.09    0.00    0.37 ^ clkbuf_2_3__f_clk/A (sky130_fd_sc_hd__clkbuf_16)
                  0.09    0.27    0.64 ^ clkbuf_2_3__f_clk/X (sky130_fd_sc_hd__clkbuf_16)
    12    0.04                           clknet_2_3__leaf_clk (net)
                  0.09    0.00    0.64 ^ _437_/CLK (sky130_fd_sc_hd__dfrtp_1)
                          0.25    0.89   clock uncertainty
                         -0.04    0.86   clock reconvergence pessimism
                         -0.07    0.78   library hold time
                                  0.78   data required time
-----------------------------------------------------------------------------
                                  0.78   data required time
                                 -2.59   data arrival time
-----------------------------------------------------------------------------
                                  1.81   slack (MET)


Startpoint: _450_ (rising edge-triggered flip-flop clocked by clk)
Endpoint: _450_ (rising edge-triggered flip-flop clocked by clk)
Path Group: clk
Path Type: min
Corner: Slowest

Fanout     Cap    Slew   Delay    Time   Description
-----------------------------------------------------------------------------
                          0.00    0.00   clock clk (rise edge)
                          0.00    0.00   clock source latency
                  0.12    0.08    0.08 ^ clk (in)
     1    0.02                           clk (net)
                  0.12    0.00    0.08 ^ clkbuf_0_clk/A (sky130_fd_sc_hd__clkbuf_16)
                  0.09    0.26    0.34 ^ clkbuf_0_clk/X (sky130_fd_sc_hd__clkbuf_16)
     4    0.04                           clknet_0_clk (net)
                  0.09    0.00    0.34 ^ clkbuf_2_0__f_clk/A (sky130_fd_sc_hd__clkbuf_16)
                  0.10    0.25    0.58 ^ clkbuf_2_0__f_clk/X (sky130_fd_sc_hd__clkbuf_16)
    14    0.04                           clknet_2_0__leaf_clk (net)
                  0.10    0.00    0.58 ^ _450_/CLK (sky130_fd_sc_hd__dfrtp_1)
                  0.19    0.71    1.30 ^ _450_/Q (sky130_fd_sc_hd__dfrtp_1)
     3    0.01                           rx_shift[6] (net)
                  0.19    0.00    1.30 ^ _241_/A1 (sky130_fd_sc_hd__a22o_1)
                  0.08    0.29    1.59 ^ _241_/X (sky130_fd_sc_hd__a22o_1)
     1    0.00                           _090_ (net)
                  0.08    0.00    1.59 ^ hold10/A (sky130_fd_sc_hd__dlygate4sd3_1)
                  0.09    0.99    2.58 ^ hold10/X (sky130_fd_sc_hd__dlygate4sd3_1)
     1    0.00                           net35 (net)
                  0.09    0.00    2.58 ^ _450_/D (sky130_fd_sc_hd__dfrtp_1)
                                  2.58   data arrival time

                          0.00    0.00   clock clk (rise edge)
                          0.00    0.00   clock source latency
                  0.12    0.08    0.08 ^ clk (in)
     1    0.02                           clk (net)
                  0.12    0.00    0.08 ^ clkbuf_0_clk/A (sky130_fd_sc_hd__clkbuf_16)
                  0.09    0.29    0.37 ^ clkbuf_0_clk/X (sky130_fd_sc_hd__clkbuf_16)
     4    0.04                           clknet_0_clk (net)
                  0.09    0.00    0.37 ^ clkbuf_2_0__f_clk/A (sky130_fd_sc_hd__clkbuf_16)
                  0.10    0.28    0.65 ^ clkbuf_2_0__f_clk/X (sky130_fd_sc_hd__clkbuf_16)
    14    0.04                           clknet_2_0__leaf_clk (net)
                  0.10    0.00    0.65 ^ _450_/CLK (sky130_fd_sc_hd__dfrtp_1)
                          0.25    0.90   clock uncertainty
                         -0.06    0.83   clock reconvergence pessimism
                         -0.08    0.76   library hold time
                                  0.76   data required time
-----------------------------------------------------------------------------
                                  0.76   data required time
                                 -2.58   data arrival time
-----------------------------------------------------------------------------
                                  1.83   slack (MET)


Startpoint: _444_ (rising edge-triggered flip-flop clocked by clk)
Endpoint: _426_ (rising edge-triggered flip-flop clocked by clk)
Path Group: clk
Path Type: min
Corner: Slowest

Fanout     Cap    Slew   Delay    Time   Description
-----------------------------------------------------------------------------
                          0.00    0.00   clock clk (rise edge)
                          0.00    0.00   clock source latency
                  0.12    0.08    0.08 ^ clk (in)
     1    0.02                           clk (net)
                  0.12    0.00    0.08 ^ clkbuf_0_clk/A (sky130_fd_sc_hd__clkbuf_16)
                  0.09    0.26    0.34 ^ clkbuf_0_clk/X (sky130_fd_sc_hd__clkbuf_16)
     4    0.04                           clknet_0_clk (net)
                  0.09    0.00    0.34 ^ clkbuf_2_3__f_clk/A (sky130_fd_sc_hd__clkbuf_16)
                  0.09    0.24    0.58 ^ clkbuf_2_3__f_clk/X (sky130_fd_sc_hd__clkbuf_16)
    12    0.04                           clknet_2_3__leaf_clk (net)
                  0.09    0.00    0.58 ^ _444_/CLK (sky130_fd_sc_hd__dfrtp_1)
                  0.14    0.67    1.25 ^ _444_/Q (sky130_fd_sc_hd__dfrtp_1)
     2    0.01                           rx_shift[0] (net)
                  0.14    0.00    1.25 ^ _293_/A0 (sky130_fd_sc_hd__mux2_1)
                  0.07    0.23    1.48 ^ _293_/X (sky130_fd_sc_hd__mux2_1)
     1    0.00                           _155_ (net)
                  0.07    0.00    1.48 ^ hold34/A (sky130_fd_sc_hd__dlygate4sd3_1)
                  0.10    0.99    2.47 ^ hold34/X (sky130_fd_sc_hd__dlygate4sd3_1)
     1    0.00                           net59 (net)
                  0.10    0.00    2.47 ^ _294_/A (sky130_fd_sc_hd__clkbuf_1)
                  0.06    0.15    2.62 ^ _294_/X (sky130_fd_sc_hd__clkbuf_1)
     1    0.00                           _066_ (net)
                  0.06    0.00    2.62 ^ _426_/D (sky130_fd_sc_hd__dfrtp_1)
                                  2.62   data arrival time

                          0.00    0.00   clock clk (rise edge)
                          0.00    0.00   clock source latency
                  0.12    0.08    0.08 ^ clk (in)
     1    0.02                           clk (net)
                  0.12    0.00    0.08 ^ clkbuf_0_clk/A (sky130_fd_sc_hd__clkbuf_16)
                  0.09    0.29    0.37 ^ clkbuf_0_clk/X (sky130_fd_sc_hd__clkbuf_16)
     4    0.04                           clknet_0_clk (net)
                  0.09    0.00    0.37 ^ clkbuf_2_3__f_clk/A (sky130_fd_sc_hd__clkbuf_16)
                  0.09    0.27    0.64 ^ clkbuf_2_3__f_clk/X (sky130_fd_sc_hd__clkbuf_16)
    12    0.04                           clknet_2_3__leaf_clk (net)
                  0.09    0.00    0.64 ^ _426_/CLK (sky130_fd_sc_hd__dfrtp_1)
                          0.25    0.89   clock uncertainty
                         -0.06    0.83   clock reconvergence pessimism
                         -0.07    0.76   library hold time
                                  0.76   data required time
-----------------------------------------------------------------------------
                                  0.76   data required time
                                 -2.62   data arrival time
-----------------------------------------------------------------------------
                                  1.86   slack (MET)


Startpoint: _427_ (rising edge-triggered flip-flop clocked by clk)
Endpoint: _427_ (rising edge-triggered flip-flop clocked by clk)
Path Group: clk
Path Type: min
Corner: Slowest

Fanout     Cap    Slew   Delay    Time   Description
-----------------------------------------------------------------------------
                          0.00    0.00   clock clk (rise edge)
                          0.00    0.00   clock source latency
                  0.12    0.08    0.08 ^ clk (in)
     1    0.02                           clk (net)
                  0.12    0.00    0.08 ^ clkbuf_0_clk/A (sky130_fd_sc_hd__clkbuf_16)
                  0.09    0.26    0.34 ^ clkbuf_0_clk/X (sky130_fd_sc_hd__clkbuf_16)
     4    0.04                           clknet_0_clk (net)
                  0.09    0.00    0.34 ^ clkbuf_2_1__f_clk/A (sky130_fd_sc_hd__clkbuf_16)
                  0.09    0.24    0.58 ^ clkbuf_2_1__f_clk/X (sky130_fd_sc_hd__clkbuf_16)
    12    0.04                           clknet_2_1__leaf_clk (net)
                  0.09    0.00    0.58 ^ _427_/CLK (sky130_fd_sc_hd__dfrtp_1)
                  0.14    0.67    1.24 ^ _427_/Q (sky130_fd_sc_hd__dfrtp_1)
     2    0.01                           net17 (net)
                  0.14    0.00    1.24 ^ _291_/A1 (sky130_fd_sc_hd__mux2_1)
                  0.07    0.24    1.48 ^ _291_/X (sky130_fd_sc_hd__mux2_1)
     1    0.00                           _154_ (net)
                  0.07    0.00    1.48 ^ hold36/A (sky130_fd_sc_hd__dlygate4sd3_1)
                  0.10    0.99    2.48 ^ hold36/X (sky130_fd_sc_hd__dlygate4sd3_1)
     1    0.00                           net61 (net)
                  0.10    0.00    2.48 ^ _292_/A (sky130_fd_sc_hd__clkbuf_1)
                  0.07    0.16    2.63 ^ _292_/X (sky130_fd_sc_hd__clkbuf_1)
     1    0.00                           _067_ (net)
                  0.07    0.00    2.63 ^ _427_/D (sky130_fd_sc_hd__dfrtp_1)
                                  2.63   data arrival time

                          0.00    0.00   clock clk (rise edge)
                          0.00    0.00   clock source latency
                  0.12    0.08    0.08 ^ clk (in)
     1    0.02                           clk (net)
                  0.12    0.00    0.08 ^ clkbuf_0_clk/A (sky130_fd_sc_hd__clkbuf_16)
                  0.09    0.29    0.37 ^ clkbuf_0_clk/X (sky130_fd_sc_hd__clkbuf_16)
     4    0.04                           clknet_0_clk (net)
                  0.09    0.00    0.37 ^ clkbuf_2_1__f_clk/A (sky130_fd_sc_hd__clkbuf_16)
                  0.09    0.27    0.64 ^ clkbuf_2_1__f_clk/X (sky130_fd_sc_hd__clkbuf_16)
    12    0.04                           clknet_2_1__leaf_clk (net)
                  0.09    0.00    0.64 ^ _427_/CLK (sky130_fd_sc_hd__dfrtp_1)
                          0.25    0.89   clock uncertainty
                         -0.06    0.83   clock reconvergence pessimism
                         -0.07    0.75   library hold time
                                  0.75   data required time
-----------------------------------------------------------------------------
                                  0.75   data required time
                                 -2.63   data arrival time
-----------------------------------------------------------------------------
                                  1.88   slack (MET)


Startpoint: _425_ (rising edge-triggered flip-flop clocked by clk)
Endpoint: done (output port clocked by clk)
Path Group: clk
Path Type: min
Corner: Slowest

Fanout     Cap    Slew   Delay    Time   Description
-----------------------------------------------------------------------------
                          0.00    0.00   clock clk (rise edge)
                          0.00    0.00   clock source latency
                  0.12    0.08    0.08 ^ clk (in)
     1    0.02                           clk (net)
                  0.12    0.00    0.08 ^ clkbuf_0_clk/A (sky130_fd_sc_hd__clkbuf_16)
                  0.09    0.26    0.34 ^ clkbuf_0_clk/X (sky130_fd_sc_hd__clkbuf_16)
     4    0.04                           clknet_0_clk (net)
                  0.09    0.00    0.34 ^ clkbuf_2_2__f_clk/A (sky130_fd_sc_hd__clkbuf_16)
                  0.08    0.24    0.57 ^ clkbuf_2_2__f_clk/X (sky130_fd_sc_hd__clkbuf_16)
    10    0.03                           clknet_2_2__leaf_clk (net)
                  0.08    0.00    0.57 ^ _425_/CLK (sky130_fd_sc_hd__dfrtp_1)
                  0.09    0.62    1.20 ^ _425_/Q (sky130_fd_sc_hd__dfrtp_1)
     1    0.00                           net14 (net)
                  0.09    0.00    1.20 ^ output14/A (sky130_fd_sc_hd__clkbuf_4)
                  0.18    0.32    1.52 ^ output14/X (sky130_fd_sc_hd__clkbuf_4)
     1    0.04                           done (net)
                  0.18    0.00    1.52 ^ done (out)
                                  1.52   data arrival time

                          0.00    0.00   clock clk (rise edge)
                          0.00    0.00   clock network delay (propagated)
                          0.25    0.25   clock uncertainty
                          0.00    0.25   clock reconvergence pessimism
                         -2.00   -1.75   output external delay
                                 -1.75   data required time
-----------------------------------------------------------------------------
                                 -1.75   data required time
                                 -1.52   data arrival time
-----------------------------------------------------------------------------
                                  3.27   slack (MET)


Startpoint: _426_ (rising edge-triggered flip-flop clocked by clk)
Endpoint: rx_data[0] (output port clocked by clk)
Path Group: clk
Path Type: min
Corner: Slowest

Fanout     Cap    Slew   Delay    Time   Description
-----------------------------------------------------------------------------
                          0.00    0.00   clock clk (rise edge)
                          0.00    0.00   clock source latency
                  0.12    0.08    0.08 ^ clk (in)
     1    0.02                           clk (net)
                  0.12    0.00    0.08 ^ clkbuf_0_clk/A (sky130_fd_sc_hd__clkbuf_16)
                  0.09    0.26    0.34 ^ clkbuf_0_clk/X (sky130_fd_sc_hd__clkbuf_16)
     4    0.04                           clknet_0_clk (net)
                  0.09    0.00    0.34 ^ clkbuf_2_3__f_clk/A (sky130_fd_sc_hd__clkbuf_16)
                  0.09    0.24    0.58 ^ clkbuf_2_3__f_clk/X (sky130_fd_sc_hd__clkbuf_16)
    12    0.04                           clknet_2_3__leaf_clk (net)
                  0.09    0.00    0.58 ^ _426_/CLK (sky130_fd_sc_hd__dfrtp_1)
                  0.12    0.65    1.23 ^ _426_/Q (sky130_fd_sc_hd__dfrtp_1)
     2    0.01                           net16 (net)
                  0.12    0.00    1.23 ^ output16/A (sky130_fd_sc_hd__clkbuf_4)
                  0.18    0.34    1.57 ^ output16/X (sky130_fd_sc_hd__clkbuf_4)
     1    0.03                           rx_data[0] (net)
                  0.18    0.00    1.57 ^ rx_data[0] (out)
                                  1.57   data arrival time

                          0.00    0.00   clock clk (rise edge)
                          0.00    0.00   clock network delay (propagated)
                          0.25    0.25   clock uncertainty
                          0.00    0.25   clock reconvergence pessimism
                         -2.00   -1.75   output external delay
                                 -1.75   data required time
-----------------------------------------------------------------------------
                                 -1.75   data required time
                                 -1.57   data arrival time
-----------------------------------------------------------------------------
                                  3.32   slack (MET)


Startpoint: _432_ (rising edge-triggered flip-flop clocked by clk)
Endpoint: rx_data[6] (output port clocked by clk)
Path Group: clk
Path Type: min
Corner: Slowest

Fanout     Cap    Slew   Delay    Time   Description
-----------------------------------------------------------------------------
                          0.00    0.00   clock clk (rise edge)
                          0.00    0.00   clock source latency
                  0.12    0.08    0.08 ^ clk (in)
     1    0.02                           clk (net)
                  0.12    0.00    0.08 ^ clkbuf_0_clk/A (sky130_fd_sc_hd__clkbuf_16)
                  0.09    0.26    0.34 ^ clkbuf_0_clk/X (sky130_fd_sc_hd__clkbuf_16)
     4    0.04                           clknet_0_clk (net)
                  0.09    0.00    0.34 ^ clkbuf_2_0__f_clk/A (sky130_fd_sc_hd__clkbuf_16)
                  0.10    0.25    0.58 ^ clkbuf_2_0__f_clk/X (sky130_fd_sc_hd__clkbuf_16)
    14    0.04                           clknet_2_0__leaf_clk (net)
                  0.10    0.00    0.59 ^ _432_/CLK (sky130_fd_sc_hd__dfrtp_1)
                  0.12    0.66    1.24 ^ _432_/Q (sky130_fd_sc_hd__dfrtp_1)
     2    0.01                           net22 (net)
                  0.12    0.00    1.24 ^ output22/A (sky130_fd_sc_hd__clkbuf_4)
                  0.18    0.34    1.58 ^ output22/X (sky130_fd_sc_hd__clkbuf_4)
     1    0.03                           rx_data[6] (net)
                  0.18    0.00    1.58 ^ rx_data[6] (out)
                                  1.58   data arrival time

                          0.00    0.00   clock clk (rise edge)
                          0.00    0.00   clock network delay (propagated)
                          0.25    0.25   clock uncertainty
                          0.00    0.25   clock reconvergence pessimism
                         -2.00   -1.75   output external delay
                                 -1.75   data required time
-----------------------------------------------------------------------------
                                 -1.75   data required time
                                 -1.58   data arrival time
-----------------------------------------------------------------------------
                                  3.33   slack (MET)


Startpoint: _433_ (rising edge-triggered flip-flop clocked by clk)
Endpoint: rx_data[7] (output port clocked by clk)
Path Group: clk
Path Type: min
Corner: Slowest

Fanout     Cap    Slew   Delay    Time   Description
-----------------------------------------------------------------------------
                          0.00    0.00   clock clk (rise edge)
                          0.00    0.00   clock source latency
                  0.12    0.08    0.08 ^ clk (in)
     1    0.02                           clk (net)
                  0.12    0.00    0.08 ^ clkbuf_0_clk/A (sky130_fd_sc_hd__clkbuf_16)
                  0.09    0.26    0.34 ^ clkbuf_0_clk/X (sky130_fd_sc_hd__clkbuf_16)
     4    0.04                           clknet_0_clk (net)
                  0.09    0.00    0.34 ^ clkbuf_2_1__f_clk/A (sky130_fd_sc_hd__clkbuf_16)
                  0.09    0.24    0.58 ^ clkbuf_2_1__f_clk/X (sky130_fd_sc_hd__clkbuf_16)
    12    0.04                           clknet_2_1__leaf_clk (net)
                  0.09    0.00    0.58 ^ _433_/CLK (sky130_fd_sc_hd__dfrtp_1)
                  0.13    0.66    1.24 ^ _433_/Q (sky130_fd_sc_hd__dfrtp_1)
     2    0.01                           net23 (net)
                  0.13    0.00    1.24 ^ output23/A (sky130_fd_sc_hd__clkbuf_4)
                  0.18    0.34    1.58 ^ output23/X (sky130_fd_sc_hd__clkbuf_4)
     1    0.03                           rx_data[7] (net)
                  0.18    0.00    1.58 ^ rx_data[7] (out)
                                  1.58   data arrival time

                          0.00    0.00   clock clk (rise edge)
                          0.00    0.00   clock network delay (propagated)
                          0.25    0.25   clock uncertainty
                          0.00    0.25   clock reconvergence pessimism
                         -2.00   -1.75   output external delay
                                 -1.75   data required time
-----------------------------------------------------------------------------
                                 -1.75   data required time
                                 -1.58   data arrival time
-----------------------------------------------------------------------------
                                  3.33   slack (MET)


Startpoint: _427_ (rising edge-triggered flip-flop clocked by clk)
Endpoint: rx_data[1] (output port clocked by clk)
Path Group: clk
Path Type: min
Corner: Slowest

Fanout     Cap    Slew   Delay    Time   Description
-----------------------------------------------------------------------------
                          0.00    0.00   clock clk (rise edge)
                          0.00    0.00   clock source latency
                  0.12    0.08    0.08 ^ clk (in)
     1    0.02                           clk (net)
                  0.12    0.00    0.08 ^ clkbuf_0_clk/A (sky130_fd_sc_hd__clkbuf_16)
                  0.09    0.26    0.34 ^ clkbuf_0_clk/X (sky130_fd_sc_hd__clkbuf_16)
     4    0.04                           clknet_0_clk (net)
                  0.09    0.00    0.34 ^ clkbuf_2_1__f_clk/A (sky130_fd_sc_hd__clkbuf_16)
                  0.09    0.24    0.58 ^ clkbuf_2_1__f_clk/X (sky130_fd_sc_hd__clkbuf_16)
    12    0.04                           clknet_2_1__leaf_clk (net)
                  0.09    0.00    0.58 ^ _427_/CLK (sky130_fd_sc_hd__dfrtp_1)
                  0.14    0.67    1.24 ^ _427_/Q (sky130_fd_sc_hd__dfrtp_1)
     2    0.01                           net17 (net)
                  0.14    0.00    1.24 ^ output17/A (sky130_fd_sc_hd__clkbuf_4)
                  0.18    0.34    1.59 ^ output17/X (sky130_fd_sc_hd__clkbuf_4)
     1    0.03                           rx_data[1] (net)
                  0.18    0.00    1.59 ^ rx_data[1] (out)
                                  1.59   data arrival time

                          0.00    0.00   clock clk (rise edge)
                          0.00    0.00   clock network delay (propagated)
                          0.25    0.25   clock uncertainty
                          0.00    0.25   clock reconvergence pessimism
                         -2.00   -1.75   output external delay
                                 -1.75   data required time
-----------------------------------------------------------------------------
                                 -1.75   data required time
                                 -1.59   data arrival time
-----------------------------------------------------------------------------
                                  3.34   slack (MET)


Startpoint: _429_ (rising edge-triggered flip-flop clocked by clk)
Endpoint: rx_data[3] (output port clocked by clk)
Path Group: clk
Path Type: min
Corner: Slowest

Fanout     Cap    Slew   Delay    Time   Description
-----------------------------------------------------------------------------
                          0.00    0.00   clock clk (rise edge)
                          0.00    0.00   clock source latency
                  0.12    0.08    0.08 ^ clk (in)
     1    0.02                           clk (net)
                  0.12    0.00    0.08 ^ clkbuf_0_clk/A (sky130_fd_sc_hd__clkbuf_16)
                  0.09    0.26    0.34 ^ clkbuf_0_clk/X (sky130_fd_sc_hd__clkbuf_16)
     4    0.04                           clknet_0_clk (net)
                  0.09    0.00    0.34 ^ clkbuf_2_0__f_clk/A (sky130_fd_sc_hd__clkbuf_16)
                  0.10    0.25    0.58 ^ clkbuf_2_0__f_clk/X (sky130_fd_sc_hd__clkbuf_16)
    14    0.04                           clknet_2_0__leaf_clk (net)
                  0.10    0.00    0.58 ^ _429_/CLK (sky130_fd_sc_hd__dfrtp_1)
                  0.14    0.67    1.25 ^ _429_/Q (sky130_fd_sc_hd__dfrtp_1)
     2    0.01                           net19 (net)
                  0.14    0.00    1.25 ^ output19/A (sky130_fd_sc_hd__clkbuf_4)
                  0.18    0.34    1.59 ^ output19/X (sky130_fd_sc_hd__clkbuf_4)
     1    0.03                           rx_data[3] (net)
                  0.18    0.00    1.59 ^ rx_data[3] (out)
                                  1.59   data arrival time

                          0.00    0.00   clock clk (rise edge)
                          0.00    0.00   clock network delay (propagated)
                          0.25    0.25   clock uncertainty
                          0.00    0.25   clock reconvergence pessimism
                         -2.00   -1.75   output external delay
                                 -1.75   data required time
-----------------------------------------------------------------------------
                                 -1.75   data required time
                                 -1.59   data arrival time
-----------------------------------------------------------------------------
                                  3.34   slack (MET)


Startpoint: _431_ (rising edge-triggered flip-flop clocked by clk)
Endpoint: rx_data[5] (output port clocked by clk)
Path Group: clk
Path Type: min
Corner: Slowest

Fanout     Cap    Slew   Delay    Time   Description
-----------------------------------------------------------------------------
                          0.00    0.00   clock clk (rise edge)
                          0.00    0.00   clock source latency
                  0.12    0.08    0.08 ^ clk (in)
     1    0.02                           clk (net)
                  0.12    0.00    0.08 ^ clkbuf_0_clk/A (sky130_fd_sc_hd__clkbuf_16)
                  0.09    0.26    0.34 ^ clkbuf_0_clk/X (sky130_fd_sc_hd__clkbuf_16)
     4    0.04                           clknet_0_clk (net)
                  0.09    0.00    0.34 ^ clkbuf_2_0__f_clk/A (sky130_fd_sc_hd__clkbuf_16)
                  0.10    0.25    0.58 ^ clkbuf_2_0__f_clk/X (sky130_fd_sc_hd__clkbuf_16)
    14    0.04                           clknet_2_0__leaf_clk (net)
                  0.10    0.00    0.59 ^ _431_/CLK (sky130_fd_sc_hd__dfrtp_1)
                  0.13    0.67    1.25 ^ _431_/Q (sky130_fd_sc_hd__dfrtp_1)
     2    0.01                           net21 (net)
                  0.13    0.00    1.25 ^ output21/A (sky130_fd_sc_hd__clkbuf_4)
                  0.18    0.34    1.59 ^ output21/X (sky130_fd_sc_hd__clkbuf_4)
     1    0.03                           rx_data[5] (net)
                  0.18    0.00    1.59 ^ rx_data[5] (out)
                                  1.59   data arrival time

                          0.00    0.00   clock clk (rise edge)
                          0.00    0.00   clock network delay (propagated)
                          0.25    0.25   clock uncertainty
                          0.00    0.25   clock reconvergence pessimism
                         -2.00   -1.75   output external delay
                                 -1.75   data required time
-----------------------------------------------------------------------------
                                 -1.75   data required time
                                 -1.59   data arrival time
-----------------------------------------------------------------------------
                                  3.34   slack (MET)


Startpoint: _436_ (rising edge-triggered flip-flop clocked by clk)
Endpoint: cs (output port clocked by clk)
Path Group: clk
Path Type: min
Corner: Slowest

Fanout     Cap    Slew   Delay    Time   Description
-----------------------------------------------------------------------------
                          0.00    0.00   clock clk (rise edge)
                          0.00    0.00   clock source latency
                  0.12    0.08    0.08 ^ clk (in)
     1    0.02                           clk (net)
                  0.12    0.00    0.08 ^ clkbuf_0_clk/A (sky130_fd_sc_hd__clkbuf_16)
                  0.09    0.26    0.34 ^ clkbuf_0_clk/X (sky130_fd_sc_hd__clkbuf_16)
     4    0.04                           clknet_0_clk (net)
                  0.09    0.00    0.34 ^ clkbuf_2_3__f_clk/A (sky130_fd_sc_hd__clkbuf_16)
                  0.09    0.24    0.58 ^ clkbuf_2_3__f_clk/X (sky130_fd_sc_hd__clkbuf_16)
    12    0.04                           clknet_2_3__leaf_clk (net)
                  0.09    0.00    0.58 ^ _436_/CLK (sky130_fd_sc_hd__dfstp_1)
                  0.09    0.71    1.29 v _436_/Q (sky130_fd_sc_hd__dfstp_1)
     2    0.01                           net13 (net)
                  0.09    0.00    1.29 v output13/A (sky130_fd_sc_hd__clkbuf_4)
                  0.14    0.32    1.61 v output13/X (sky130_fd_sc_hd__clkbuf_4)
     1    0.03                           cs (net)
                  0.14    0.00    1.61 v cs (out)
                                  1.61   data arrival time

                          0.00    0.00   clock clk (rise edge)
                          0.00    0.00   clock network delay (propagated)
                          0.25    0.25   clock uncertainty
                          0.00    0.25   clock reconvergence pessimism
                         -2.00   -1.75   output external delay
                                 -1.75   data required time
-----------------------------------------------------------------------------
                                 -1.75   data required time
                                 -1.61   data arrival time
-----------------------------------------------------------------------------
                                  3.36   slack (MET)


Startpoint: _428_ (rising edge-triggered flip-flop clocked by clk)
Endpoint: rx_data[2] (output port clocked by clk)
Path Group: clk
Path Type: min
Corner: Slowest

Fanout     Cap    Slew   Delay    Time   Description
-----------------------------------------------------------------------------
                          0.00    0.00   clock clk (rise edge)
                          0.00    0.00   clock source latency
                  0.12    0.08    0.08 ^ clk (in)
     1    0.02                           clk (net)
                  0.12    0.00    0.08 ^ clkbuf_0_clk/A (sky130_fd_sc_hd__clkbuf_16)
                  0.09    0.26    0.34 ^ clkbuf_0_clk/X (sky130_fd_sc_hd__clkbuf_16)
     4    0.04                           clknet_0_clk (net)
                  0.09    0.00    0.34 ^ clkbuf_2_0__f_clk/A (sky130_fd_sc_hd__clkbuf_16)
                  0.10    0.25    0.58 ^ clkbuf_2_0__f_clk/X (sky130_fd_sc_hd__clkbuf_16)
    14    0.04                           clknet_2_0__leaf_clk (net)
                  0.10    0.00    0.59 ^ _428_/CLK (sky130_fd_sc_hd__dfrtp_1)
                  0.15    0.68    1.27 ^ _428_/Q (sky130_fd_sc_hd__dfrtp_1)
     2    0.01                           net18 (net)
                  0.15    0.00    1.27 ^ output18/A (sky130_fd_sc_hd__clkbuf_4)
                  0.18    0.35    1.62 ^ output18/X (sky130_fd_sc_hd__clkbuf_4)
     1    0.03                           rx_data[2] (net)
                  0.18    0.00    1.62 ^ rx_data[2] (out)
                                  1.62   data arrival time

                          0.00    0.00   clock clk (rise edge)
                          0.00    0.00   clock network delay (propagated)
                          0.25    0.25   clock uncertainty
                          0.00    0.25   clock reconvergence pessimism
                         -2.00   -1.75   output external delay
                                 -1.75   data required time
-----------------------------------------------------------------------------
                                 -1.75   data required time
                                 -1.62   data arrival time
-----------------------------------------------------------------------------
                                  3.37   slack (MET)


Startpoint: _434_ (rising edge-triggered flip-flop clocked by clk)
Endpoint: mosi (output port clocked by clk)
Path Group: clk
Path Type: min
Corner: Slowest

Fanout     Cap    Slew   Delay    Time   Description
-----------------------------------------------------------------------------
                          0.00    0.00   clock clk (rise edge)
                          0.00    0.00   clock source latency
                  0.12    0.08    0.08 ^ clk (in)
     1    0.02                           clk (net)
                  0.12    0.00    0.08 ^ clkbuf_0_clk/A (sky130_fd_sc_hd__clkbuf_16)
                  0.09    0.26    0.34 ^ clkbuf_0_clk/X (sky130_fd_sc_hd__clkbuf_16)
     4    0.04                           clknet_0_clk (net)
                  0.09    0.00    0.34 ^ clkbuf_2_1__f_clk/A (sky130_fd_sc_hd__clkbuf_16)
                  0.09    0.24    0.58 ^ clkbuf_2_1__f_clk/X (sky130_fd_sc_hd__clkbuf_16)
    12    0.04                           clknet_2_1__leaf_clk (net)
                  0.09    0.00    0.58 ^ _434_/CLK (sky130_fd_sc_hd__dfrtp_1)
                  0.18    0.70    1.27 ^ _434_/Q (sky130_fd_sc_hd__dfrtp_1)
     2    0.01                           net15 (net)
                  0.18    0.00    1.27 ^ output15/A (sky130_fd_sc_hd__clkbuf_4)
                  0.18    0.36    1.63 ^ output15/X (sky130_fd_sc_hd__clkbuf_4)
     1    0.03                           mosi (net)
                  0.18    0.00    1.63 ^ mosi (out)
                                  1.63   data arrival time

                          0.00    0.00   clock clk (rise edge)
                          0.00    0.00   clock network delay (propagated)
                          0.25    0.25   clock uncertainty
                          0.00    0.25   clock reconvergence pessimism
                         -2.00   -1.75   output external delay
                                 -1.75   data required time
-----------------------------------------------------------------------------
                                 -1.75   data required time
                                 -1.63   data arrival time
-----------------------------------------------------------------------------
                                  3.38   slack (MET)


Startpoint: _430_ (rising edge-triggered flip-flop clocked by clk)
Endpoint: rx_data[4] (output port clocked by clk)
Path Group: clk
Path Type: min
Corner: Slowest

Fanout     Cap    Slew   Delay    Time   Description
-----------------------------------------------------------------------------
                          0.00    0.00   clock clk (rise edge)
                          0.00    0.00   clock source latency
                  0.12    0.08    0.08 ^ clk (in)
     1    0.02                           clk (net)
                  0.12    0.00    0.08 ^ clkbuf_0_clk/A (sky130_fd_sc_hd__clkbuf_16)
                  0.09    0.26    0.34 ^ clkbuf_0_clk/X (sky130_fd_sc_hd__clkbuf_16)
     4    0.04                           clknet_0_clk (net)
                  0.09    0.00    0.34 ^ clkbuf_2_0__f_clk/A (sky130_fd_sc_hd__clkbuf_16)
                  0.10    0.25    0.58 ^ clkbuf_2_0__f_clk/X (sky130_fd_sc_hd__clkbuf_16)
    14    0.04                           clknet_2_0__leaf_clk (net)
                  0.10    0.00    0.59 ^ _430_/CLK (sky130_fd_sc_hd__dfrtp_1)
                  0.20    0.72    1.30 ^ _430_/Q (sky130_fd_sc_hd__dfrtp_1)
     2    0.01                           net20 (net)
                  0.20    0.00    1.30 ^ output20/A (sky130_fd_sc_hd__clkbuf_4)
                  0.18    0.37    1.67 ^ output20/X (sky130_fd_sc_hd__clkbuf_4)
     1    0.03                           rx_data[4] (net)
                  0.18    0.00    1.67 ^ rx_data[4] (out)
                                  1.67   data arrival time

                          0.00    0.00   clock clk (rise edge)
                          0.00    0.00   clock network delay (propagated)
                          0.25    0.25   clock uncertainty
                          0.00    0.25   clock reconvergence pessimism
                         -2.00   -1.75   output external delay
                                 -1.75   data required time
-----------------------------------------------------------------------------
                                 -1.75   data required time
                                 -1.67   data arrival time
-----------------------------------------------------------------------------
                                  3.42   slack (MET)


Startpoint: _424_ (rising edge-triggered flip-flop clocked by clk)
Endpoint: busy (output port clocked by clk)
Path Group: clk
Path Type: min
Corner: Slowest

Fanout     Cap    Slew   Delay    Time   Description
-----------------------------------------------------------------------------
                          0.00    0.00   clock clk (rise edge)
                          0.00    0.00   clock source latency
                  0.12    0.08    0.08 ^ clk (in)
     1    0.02                           clk (net)
                  0.12    0.00    0.08 ^ clkbuf_0_clk/A (sky130_fd_sc_hd__clkbuf_16)
                  0.09    0.26    0.34 ^ clkbuf_0_clk/X (sky130_fd_sc_hd__clkbuf_16)
     4    0.04                           clknet_0_clk (net)
                  0.09    0.00    0.34 ^ clkbuf_2_3__f_clk/A (sky130_fd_sc_hd__clkbuf_16)
                  0.09    0.24    0.58 ^ clkbuf_2_3__f_clk/X (sky130_fd_sc_hd__clkbuf_16)
    12    0.04                           clknet_2_3__leaf_clk (net)
                  0.09    0.00    0.58 ^ _424_/CLK (sky130_fd_sc_hd__dfrtp_2)
                  0.18    0.77    1.35 ^ _424_/Q (sky130_fd_sc_hd__dfrtp_2)
     4    0.02                           net12 (net)
                  0.18    0.00    1.35 ^ output12/A (sky130_fd_sc_hd__buf_2)
                  0.27    0.38    1.72 ^ output12/X (sky130_fd_sc_hd__buf_2)
     1    0.03                           busy (net)
                  0.27    0.00    1.72 ^ busy (out)
                                  1.72   data arrival time

                          0.00    0.00   clock clk (rise edge)
                          0.00    0.00   clock network delay (propagated)
                          0.25    0.25   clock uncertainty
                          0.00    0.25   clock reconvergence pessimism
                         -2.00   -1.75   output external delay
                                 -1.75   data required time
-----------------------------------------------------------------------------
                                 -1.75   data required time
                                 -1.72   data arrival time
-----------------------------------------------------------------------------
                                  3.47   slack (MET)


Startpoint: _435_ (rising edge-triggered flip-flop clocked by clk)
Endpoint: sclk (output port clocked by clk)
Path Group: clk
Path Type: min
Corner: Slowest

Fanout     Cap    Slew   Delay    Time   Description
-----------------------------------------------------------------------------
                          0.00    0.00   clock clk (rise edge)
                          0.00    0.00   clock source latency
                  0.12    0.08    0.08 ^ clk (in)
     1    0.02                           clk (net)
                  0.12    0.00    0.08 ^ clkbuf_0_clk/A (sky130_fd_sc_hd__clkbuf_16)
                  0.09    0.26    0.34 ^ clkbuf_0_clk/X (sky130_fd_sc_hd__clkbuf_16)
     4    0.04                           clknet_0_clk (net)
                  0.09    0.00    0.34 ^ clkbuf_2_0__f_clk/A (sky130_fd_sc_hd__clkbuf_16)
                  0.10    0.25    0.58 ^ clkbuf_2_0__f_clk/X (sky130_fd_sc_hd__clkbuf_16)
    14    0.04                           clknet_2_0__leaf_clk (net)
                  0.10    0.00    0.59 ^ _435_/CLK (sky130_fd_sc_hd__dfrtp_2)
                  0.20    0.78    1.37 ^ _435_/Q (sky130_fd_sc_hd__dfrtp_2)
     4    0.02                           net24 (net)
                  0.20    0.00    1.37 ^ output24/A (sky130_fd_sc_hd__buf_2)
                  0.27    0.38    1.75 ^ output24/X (sky130_fd_sc_hd__buf_2)
     1    0.03                           sclk (net)
                  0.27    0.00    1.75 ^ sclk (out)
                                  1.75   data arrival time

                          0.00    0.00   clock clk (rise edge)
                          0.00    0.00   clock network delay (propagated)
                          0.25    0.25   clock uncertainty
                          0.00    0.25   clock reconvergence pessimism
                         -2.00   -1.75   output external delay
                                 -1.75   data required time
-----------------------------------------------------------------------------
                                 -1.75   data required time
                                 -1.75   data arrival time
-----------------------------------------------------------------------------
                                  3.50   slack (MET)



======================= Typical Corner ===================================

Startpoint: _415_ (rising edge-triggered flip-flop clocked by clk)
Endpoint: _415_ (rising edge-triggered flip-flop clocked by clk)
Path Group: clk
Path Type: min
Corner: Typical

Fanout     Cap    Slew   Delay    Time   Description
-----------------------------------------------------------------------------
                          0.00    0.00   clock clk (rise edge)
                          0.00    0.00   clock source latency
                  0.08    0.05    0.05 ^ clk (in)
     1    0.02                           clk (net)
                  0.08    0.00    0.05 ^ clkbuf_0_clk/A (sky130_fd_sc_hd__clkbuf_16)
                  0.06    0.15    0.19 ^ clkbuf_0_clk/X (sky130_fd_sc_hd__clkbuf_16)
     4    0.04                           clknet_0_clk (net)
                  0.06    0.00    0.20 ^ clkbuf_2_2__f_clk/A (sky130_fd_sc_hd__clkbuf_16)
                  0.05    0.13    0.33 ^ clkbuf_2_2__f_clk/X (sky130_fd_sc_hd__clkbuf_16)
    10    0.03                           clknet_2_2__leaf_clk (net)
                  0.05    0.00    0.33 ^ _415_/CLK (sky130_fd_sc_hd__dfrtp_1)
                  0.09    0.34    0.67 ^ _415_/Q (sky130_fd_sc_hd__dfrtp_1)
     3    0.01                           clk_count[7] (net)
                  0.09    0.00    0.67 ^ _332_/S (sky130_fd_sc_hd__mux2_1)
                  0.04    0.13    0.80 ^ _332_/X (sky130_fd_sc_hd__mux2_1)
     1    0.00                           _185_ (net)
                  0.04    0.00    0.80 ^ _333_/A (sky130_fd_sc_hd__clkbuf_1)
                  0.04    0.07    0.87 ^ _333_/X (sky130_fd_sc_hd__clkbuf_1)
     1    0.00                           _057_ (net)
                  0.04    0.00    0.87 ^ _415_/D (sky130_fd_sc_hd__dfrtp_1)
                                  0.87   data arrival time

                          0.00    0.00   clock clk (rise edge)
                          0.00    0.00   clock source latency
                  0.08    0.05    0.05 ^ clk (in)
     1    0.02                           clk (net)
                  0.08    0.00    0.05 ^ clkbuf_0_clk/A (sky130_fd_sc_hd__clkbuf_16)
                  0.06    0.16    0.22 ^ clkbuf_0_clk/X (sky130_fd_sc_hd__clkbuf_16)
     4    0.04                           clknet_0_clk (net)
                  0.06    0.00    0.22 ^ clkbuf_2_2__f_clk/A (sky130_fd_sc_hd__clkbuf_16)
                  0.05    0.15    0.36 ^ clkbuf_2_2__f_clk/X (sky130_fd_sc_hd__clkbuf_16)
    10    0.03                           clknet_2_2__leaf_clk (net)
                  0.05    0.00    0.37 ^ _415_/CLK (sky130_fd_sc_hd__dfrtp_1)
                          0.25    0.62   clock uncertainty
                         -0.03    0.58   clock reconvergence pessimism
                         -0.03    0.55   library hold time
                                  0.55   data required time
-----------------------------------------------------------------------------
                                  0.55   data required time
                                 -0.87   data arrival time
-----------------------------------------------------------------------------
                                  0.32   slack (MET)


Startpoint: _435_ (rising edge-triggered flip-flop clocked by clk)
Endpoint: _435_ (rising edge-triggered flip-flop clocked by clk)
Path Group: clk
Path Type: min
Corner: Typical

Fanout     Cap    Slew   Delay    Time   Description
-----------------------------------------------------------------------------
                          0.00    0.00   clock clk (rise edge)
                          0.00    0.00   clock source latency
                  0.08    0.05    0.05 ^ clk (in)
     1    0.02                           clk (net)
                  0.08    0.00    0.05 ^ clkbuf_0_clk/A (sky130_fd_sc_hd__clkbuf_16)
                  0.06    0.15    0.19 ^ clkbuf_0_clk/X (sky130_fd_sc_hd__clkbuf_16)
     4    0.04                           clknet_0_clk (net)
                  0.06    0.00    0.20 ^ clkbuf_2_0__f_clk/A (sky130_fd_sc_hd__clkbuf_16)
                  0.06    0.14    0.34 ^ clkbuf_2_0__f_clk/X (sky130_fd_sc_hd__clkbuf_16)
    14    0.04                           clknet_2_0__leaf_clk (net)
                  0.06    0.00    0.34 ^ _435_/CLK (sky130_fd_sc_hd__dfrtp_2)
                  0.08    0.42    0.76 v _435_/Q (sky130_fd_sc_hd__dfrtp_2)
     4    0.02                           net24 (net)
                  0.08    0.00    0.76 v _235_/A (sky130_fd_sc_hd__inv_2)
                  0.04    0.06    0.82 ^ _235_/Y (sky130_fd_sc_hd__inv_2)
     2    0.01                           _123_ (net)
                  0.04    0.00    0.82 ^ _274_/A1 (sky130_fd_sc_hd__a21oi_1)
                  0.04    0.05    0.87 v _274_/Y (sky130_fd_sc_hd__a21oi_1)
     1    0.00                           _075_ (net)
                  0.04    0.00    0.87 v _435_/D (sky130_fd_sc_hd__dfrtp_2)
                                  0.87   data arrival time

                          0.00    0.00   clock clk (rise edge)
                          0.00    0.00   clock source latency
                  0.08    0.05    0.05 ^ clk (in)
     1    0.02                           clk (net)
                  0.08    0.00    0.05 ^ clkbuf_0_clk/A (sky130_fd_sc_hd__clkbuf_16)
                  0.06    0.16    0.22 ^ clkbuf_0_clk/X (sky130_fd_sc_hd__clkbuf_16)
     4    0.04                           clknet_0_clk (net)
                  0.06    0.00    0.22 ^ clkbuf_2_0__f_clk/A (sky130_fd_sc_hd__clkbuf_16)
                  0.06    0.16    0.37 ^ clkbuf_2_0__f_clk/X (sky130_fd_sc_hd__clkbuf_16)
    14    0.04                           clknet_2_0__leaf_clk (net)
                  0.06    0.00    0.37 ^ _435_/CLK (sky130_fd_sc_hd__dfrtp_2)
                          0.25    0.62   clock uncertainty
                         -0.04    0.59   clock reconvergence pessimism
                         -0.04    0.55   library hold time
                                  0.55   data required time
-----------------------------------------------------------------------------
                                  0.55   data required time
                                 -0.87   data arrival time
-----------------------------------------------------------------------------
                                  0.32   slack (MET)


Startpoint: _449_ (rising edge-triggered flip-flop clocked by clk)
Endpoint: _431_ (rising edge-triggered flip-flop clocked by clk)
Path Group: clk
Path Type: min
Corner: Typical

Fanout     Cap    Slew   Delay    Time   Description
-----------------------------------------------------------------------------
                          0.00    0.00   clock clk (rise edge)
                          0.00    0.00   clock source latency
                  0.08    0.05    0.05 ^ clk (in)
     1    0.02                           clk (net)
                  0.08    0.00    0.05 ^ clkbuf_0_clk/A (sky130_fd_sc_hd__clkbuf_16)
                  0.06    0.15    0.19 ^ clkbuf_0_clk/X (sky130_fd_sc_hd__clkbuf_16)
     4    0.04                           clknet_0_clk (net)
                  0.06    0.00    0.20 ^ clkbuf_2_0__f_clk/A (sky130_fd_sc_hd__clkbuf_16)
                  0.06    0.14    0.34 ^ clkbuf_2_0__f_clk/X (sky130_fd_sc_hd__clkbuf_16)
    14    0.04                           clknet_2_0__leaf_clk (net)
                  0.06    0.00    0.34 ^ _449_/CLK (sky130_fd_sc_hd__dfrtp_1)
                  0.09    0.35    0.68 ^ _449_/Q (sky130_fd_sc_hd__dfrtp_1)
     3    0.01                           rx_shift[5] (net)
                  0.09    0.00    0.68 ^ _283_/A0 (sky130_fd_sc_hd__mux2_1)
                  0.04    0.13    0.81 ^ _283_/X (sky130_fd_sc_hd__mux2_1)
     1    0.00                           _150_ (net)
                  0.04    0.00    0.81 ^ _284_/A (sky130_fd_sc_hd__clkbuf_1)
                  0.04    0.07    0.88 ^ _284_/X (sky130_fd_sc_hd__clkbuf_1)
     1    0.00                           _071_ (net)
                  0.04    0.00    0.88 ^ _431_/D (sky130_fd_sc_hd__dfrtp_1)
                                  0.88   data arrival time

                          0.00    0.00   clock clk (rise edge)
                          0.00    0.00   clock source latency
                  0.08    0.05    0.05 ^ clk (in)
     1    0.02                           clk (net)
                  0.08    0.00    0.05 ^ clkbuf_0_clk/A (sky130_fd_sc_hd__clkbuf_16)
                  0.06    0.16    0.22 ^ clkbuf_0_clk/X (sky130_fd_sc_hd__clkbuf_16)
     4    0.04                           clknet_0_clk (net)
                  0.06    0.00    0.22 ^ clkbuf_2_0__f_clk/A (sky130_fd_sc_hd__clkbuf_16)
                  0.06    0.16    0.37 ^ clkbuf_2_0__f_clk/X (sky130_fd_sc_hd__clkbuf_16)
    14    0.04                           clknet_2_0__leaf_clk (net)
                  0.06    0.00    0.37 ^ _431_/CLK (sky130_fd_sc_hd__dfrtp_1)
                          0.25    0.62   clock uncertainty
                         -0.04    0.59   clock reconvergence pessimism
                         -0.03    0.56   library hold time
                                  0.56   data required time
-----------------------------------------------------------------------------
                                  0.56   data required time
                                 -0.88   data arrival time
-----------------------------------------------------------------------------
                                  0.32   slack (MET)


Startpoint: _447_ (rising edge-triggered flip-flop clocked by clk)
Endpoint: _429_ (rising edge-triggered flip-flop clocked by clk)
Path Group: clk
Path Type: min
Corner: Typical

Fanout     Cap    Slew   Delay    Time   Description
-----------------------------------------------------------------------------
                          0.00    0.00   clock clk (rise edge)
                          0.00    0.00   clock source latency
                  0.08    0.05    0.05 ^ clk (in)
     1    0.02                           clk (net)
                  0.08    0.00    0.05 ^ clkbuf_0_clk/A (sky130_fd_sc_hd__clkbuf_16)
                  0.06    0.15    0.19 ^ clkbuf_0_clk/X (sky130_fd_sc_hd__clkbuf_16)
     4    0.04                           clknet_0_clk (net)
                  0.06    0.00    0.20 ^ clkbuf_2_0__f_clk/A (sky130_fd_sc_hd__clkbuf_16)
                  0.06    0.14    0.34 ^ clkbuf_2_0__f_clk/X (sky130_fd_sc_hd__clkbuf_16)
    14    0.04                           clknet_2_0__leaf_clk (net)
                  0.06    0.00    0.34 ^ _447_/CLK (sky130_fd_sc_hd__dfrtp_1)
                  0.10    0.35    0.69 ^ _447_/Q (sky130_fd_sc_hd__dfrtp_1)
     3    0.01                           rx_shift[3] (net)
                  0.10    0.00    0.69 ^ _287_/A0 (sky130_fd_sc_hd__mux2_1)
                  0.04    0.12    0.81 ^ _287_/X (sky130_fd_sc_hd__mux2_1)
     1    0.00                           _152_ (net)
                  0.04    0.00    0.81 ^ _288_/A (sky130_fd_sc_hd__clkbuf_1)
                  0.04    0.07    0.88 ^ _288_/X (sky130_fd_sc_hd__clkbuf_1)
     1    0.00                           _069_ (net)
                  0.04    0.00    0.88 ^ _429_/D (sky130_fd_sc_hd__dfrtp_1)
                                  0.88   data arrival time

                          0.00    0.00   clock clk (rise edge)
                          0.00    0.00   clock source latency
                  0.08    0.05    0.05 ^ clk (in)
     1    0.02                           clk (net)
                  0.08    0.00    0.05 ^ clkbuf_0_clk/A (sky130_fd_sc_hd__clkbuf_16)
                  0.06    0.16    0.22 ^ clkbuf_0_clk/X (sky130_fd_sc_hd__clkbuf_16)
     4    0.04                           clknet_0_clk (net)
                  0.06    0.00    0.22 ^ clkbuf_2_0__f_clk/A (sky130_fd_sc_hd__clkbuf_16)
                  0.06    0.16    0.37 ^ clkbuf_2_0__f_clk/X (sky130_fd_sc_hd__clkbuf_16)
    14    0.04                           clknet_2_0__leaf_clk (net)
                  0.06    0.00    0.37 ^ _429_/CLK (sky130_fd_sc_hd__dfrtp_1)
                          0.25    0.62   clock uncertainty
                         -0.04    0.59   clock reconvergence pessimism
                         -0.03    0.56   library hold time
                                  0.56   data required time
-----------------------------------------------------------------------------
                                  0.56   data required time
                                 -0.88   data arrival time
-----------------------------------------------------------------------------
                                  0.32   slack (MET)


Startpoint: _428_ (rising edge-triggered flip-flop clocked by clk)
Endpoint: _428_ (rising edge-triggered flip-flop clocked by clk)
Path Group: clk
Path Type: min
Corner: Typical

Fanout     Cap    Slew   Delay    Time   Description
-----------------------------------------------------------------------------
                          0.00    0.00   clock clk (rise edge)
                          0.00    0.00   clock source latency
                  0.08    0.05    0.05 ^ clk (in)
     1    0.02                           clk (net)
                  0.08    0.00    0.05 ^ clkbuf_0_clk/A (sky130_fd_sc_hd__clkbuf_16)
                  0.06    0.15    0.19 ^ clkbuf_0_clk/X (sky130_fd_sc_hd__clkbuf_16)
     4    0.04                           clknet_0_clk (net)
                  0.06    0.00    0.20 ^ clkbuf_2_0__f_clk/A (sky130_fd_sc_hd__clkbuf_16)
                  0.06    0.14    0.34 ^ clkbuf_2_0__f_clk/X (sky130_fd_sc_hd__clkbuf_16)
    14    0.04                           clknet_2_0__leaf_clk (net)
                  0.06    0.00    0.34 ^ _428_/CLK (sky130_fd_sc_hd__dfrtp_1)
                  0.09    0.35    0.68 ^ _428_/Q (sky130_fd_sc_hd__dfrtp_1)
     2    0.01                           net18 (net)
                  0.09    0.00    0.68 ^ _289_/A1 (sky130_fd_sc_hd__mux2_1)
                  0.04    0.13    0.81 ^ _289_/X (sky130_fd_sc_hd__mux2_1)
     1    0.00                           _153_ (net)
                  0.04    0.00    0.81 ^ _290_/A (sky130_fd_sc_hd__clkbuf_1)
                  0.04    0.07    0.88 ^ _290_/X (sky130_fd_sc_hd__clkbuf_1)
     1    0.00                           _068_ (net)
                  0.04    0.00    0.88 ^ _428_/D (sky130_fd_sc_hd__dfrtp_1)
                                  0.88   data arrival time

                          0.00    0.00   clock clk (rise edge)
                          0.00    0.00   clock source latency
                  0.08    0.05    0.05 ^ clk (in)
     1    0.02                           clk (net)
                  0.08    0.00    0.05 ^ clkbuf_0_clk/A (sky130_fd_sc_hd__clkbuf_16)
                  0.06    0.16    0.22 ^ clkbuf_0_clk/X (sky130_fd_sc_hd__clkbuf_16)
     4    0.04                           clknet_0_clk (net)
                  0.06    0.00    0.22 ^ clkbuf_2_0__f_clk/A (sky130_fd_sc_hd__clkbuf_16)
                  0.06    0.16    0.37 ^ clkbuf_2_0__f_clk/X (sky130_fd_sc_hd__clkbuf_16)
    14    0.04                           clknet_2_0__leaf_clk (net)
                  0.06    0.00    0.37 ^ _428_/CLK (sky130_fd_sc_hd__dfrtp_1)
                          0.25    0.62   clock uncertainty
                         -0.04    0.59   clock reconvergence pessimism
                         -0.03    0.56   library hold time
                                  0.56   data required time
-----------------------------------------------------------------------------
                                  0.56   data required time
                                 -0.88   data arrival time
-----------------------------------------------------------------------------
                                  0.33   slack (MET)


Startpoint: _423_ (rising edge-triggered flip-flop clocked by clk)
Endpoint: _423_ (rising edge-triggered flip-flop clocked by clk)
Path Group: clk
Path Type: min
Corner: Typical

Fanout     Cap    Slew   Delay    Time   Description
-----------------------------------------------------------------------------
                          0.00    0.00   clock clk (rise edge)
                          0.00    0.00   clock source latency
                  0.08    0.05    0.05 ^ clk (in)
     1    0.02                           clk (net)
                  0.08    0.00    0.05 ^ clkbuf_0_clk/A (sky130_fd_sc_hd__clkbuf_16)
                  0.06    0.15    0.19 ^ clkbuf_0_clk/X (sky130_fd_sc_hd__clkbuf_16)
     4    0.04                           clknet_0_clk (net)
                  0.06    0.00    0.20 ^ clkbuf_2_2__f_clk/A (sky130_fd_sc_hd__clkbuf_16)
                  0.05    0.13    0.33 ^ clkbuf_2_2__f_clk/X (sky130_fd_sc_hd__clkbuf_16)
    10    0.03                           clknet_2_2__leaf_clk (net)
                  0.05    0.00    0.33 ^ _423_/CLK (sky130_fd_sc_hd__dfrtp_1)
                  0.07    0.37    0.70 v _423_/Q (sky130_fd_sc_hd__dfrtp_1)
     3    0.01                           clk_count[15] (net)
                  0.07    0.00    0.70 v _295_/A (sky130_fd_sc_hd__inv_2)
                  0.03    0.05    0.76 ^ _295_/Y (sky130_fd_sc_hd__inv_2)
     1    0.00                           _156_ (net)
                  0.03    0.00    0.76 ^ _303_/A1 (sky130_fd_sc_hd__o31a_1)
                  0.05    0.12    0.88 ^ _303_/X (sky130_fd_sc_hd__o31a_1)
     1    0.00                           _065_ (net)
                  0.05    0.00    0.88 ^ _423_/D (sky130_fd_sc_hd__dfrtp_1)
                                  0.88   data arrival time

                          0.00    0.00   clock clk (rise edge)
                          0.00    0.00   clock source latency
                  0.08    0.05    0.05 ^ clk (in)
     1    0.02                           clk (net)
                  0.08    0.00    0.05 ^ clkbuf_0_clk/A (sky130_fd_sc_hd__clkbuf_16)
                  0.06    0.16    0.22 ^ clkbuf_0_clk/X (sky130_fd_sc_hd__clkbuf_16)
     4    0.04                           clknet_0_clk (net)
                  0.06    0.00    0.22 ^ clkbuf_2_2__f_clk/A (sky130_fd_sc_hd__clkbuf_16)
                  0.05    0.15    0.36 ^ clkbuf_2_2__f_clk/X (sky130_fd_sc_hd__clkbuf_16)
    10    0.03                           clknet_2_2__leaf_clk (net)
                  0.05    0.00    0.36 ^ _423_/CLK (sky130_fd_sc_hd__dfrtp_1)
                          0.25    0.61   clock uncertainty
                         -0.03    0.58   clock reconvergence pessimism
                         -0.03    0.55   library hold time
                                  0.55   data required time
-----------------------------------------------------------------------------
                                  0.55   data required time
                                 -0.88   data arrival time
-----------------------------------------------------------------------------
                                  0.33   slack (MET)


Startpoint: _419_ (rising edge-triggered flip-flop clocked by clk)
Endpoint: _419_ (rising edge-triggered flip-flop clocked by clk)
Path Group: clk
Path Type: min
Corner: Typical

Fanout     Cap    Slew   Delay    Time   Description
-----------------------------------------------------------------------------
                          0.00    0.00   clock clk (rise edge)
                          0.00    0.00   clock source latency
                  0.08    0.05    0.05 ^ clk (in)
     1    0.02                           clk (net)
                  0.08    0.00    0.05 ^ clkbuf_0_clk/A (sky130_fd_sc_hd__clkbuf_16)
                  0.06    0.15    0.19 ^ clkbuf_0_clk/X (sky130_fd_sc_hd__clkbuf_16)
     4    0.04                           clknet_0_clk (net)
                  0.06    0.00    0.19 ^ clkbuf_2_3__f_clk/A (sky130_fd_sc_hd__clkbuf_16)
                  0.06    0.14    0.33 ^ clkbuf_2_3__f_clk/X (sky130_fd_sc_hd__clkbuf_16)
    12    0.04                           clknet_2_3__leaf_clk (net)
                  0.06    0.00    0.33 ^ _419_/CLK (sky130_fd_sc_hd__dfrtp_1)
                  0.11    0.35    0.69 ^ _419_/Q (sky130_fd_sc_hd__dfrtp_1)
     3    0.01                           clk_count[11] (net)
                  0.11    0.00    0.69 ^ _317_/S (sky130_fd_sc_hd__mux2_1)
                  0.04    0.13    0.82 ^ _317_/X (sky130_fd_sc_hd__mux2_1)
     1    0.00                           _174_ (net)
                  0.04    0.00    0.82 ^ _318_/A (sky130_fd_sc_hd__clkbuf_1)
                  0.04    0.07    0.89 ^ _318_/X (sky130_fd_sc_hd__clkbuf_1)
     1    0.00                           _061_ (net)
                  0.04    0.00    0.89 ^ _419_/D (sky130_fd_sc_hd__dfrtp_1)
                                  0.89   data arrival time

                          0.00    0.00   clock clk (rise edge)
                          0.00    0.00   clock source latency
                  0.08    0.05    0.05 ^ clk (in)
     1    0.02                           clk (net)
                  0.08    0.00    0.05 ^ clkbuf_0_clk/A (sky130_fd_sc_hd__clkbuf_16)
                  0.06    0.16    0.22 ^ clkbuf_0_clk/X (sky130_fd_sc_hd__clkbuf_16)
     4    0.04                           clknet_0_clk (net)
                  0.06    0.00    0.22 ^ clkbuf_2_3__f_clk/A (sky130_fd_sc_hd__clkbuf_16)
                  0.06    0.15    0.37 ^ clkbuf_2_3__f_clk/X (sky130_fd_sc_hd__clkbuf_16)
    12    0.04                           clknet_2_3__leaf_clk (net)
                  0.06    0.00    0.37 ^ _419_/CLK (sky130_fd_sc_hd__dfrtp_1)
                          0.25    0.62   clock uncertainty
                         -0.04    0.58   clock reconvergence pessimism
                         -0.03    0.55   library hold time
                                  0.55   data required time
-----------------------------------------------------------------------------
                                  0.55   data required time
                                 -0.89   data arrival time
-----------------------------------------------------------------------------
                                  0.34   slack (MET)


Startpoint: _453_ (rising edge-triggered flip-flop clocked by clk)
Endpoint: _453_ (rising edge-triggered flip-flop clocked by clk)
Path Group: clk
Path Type: min
Corner: Typical

Fanout     Cap    Slew   Delay    Time   Description
-----------------------------------------------------------------------------
                          0.00    0.00   clock clk (rise edge)
                          0.00    0.00   clock source latency
                  0.08    0.05    0.05 ^ clk (in)
     1    0.02                           clk (net)
                  0.08    0.00    0.05 ^ clkbuf_0_clk/A (sky130_fd_sc_hd__clkbuf_16)
                  0.06    0.15    0.19 ^ clkbuf_0_clk/X (sky130_fd_sc_hd__clkbuf_16)
     4    0.04                           clknet_0_clk (net)
                  0.06    0.00    0.20 ^ clkbuf_2_1__f_clk/A (sky130_fd_sc_hd__clkbuf_16)
                  0.06    0.14    0.33 ^ clkbuf_2_1__f_clk/X (sky130_fd_sc_hd__clkbuf_16)
    12    0.04                           clknet_2_1__leaf_clk (net)
                  0.06    0.00    0.33 ^ _453_/CLK (sky130_fd_sc_hd__dfrtp_1)
                  0.11    0.35    0.69 ^ _453_/Q (sky130_fd_sc_hd__dfrtp_1)
     4    0.01                           bit_count[1] (net)
                  0.11    0.00    0.69 ^ _229_/A0 (sky130_fd_sc_hd__mux2_1)
                  0.04    0.13    0.82 ^ _229_/X (sky130_fd_sc_hd__mux2_1)
     1    0.00                           _119_ (net)
                  0.04    0.00    0.82 ^ _230_/A (sky130_fd_sc_hd__clkbuf_1)
                  0.04    0.07    0.89 ^ _230_/X (sky130_fd_sc_hd__clkbuf_1)
     1    0.00                           _093_ (net)
                  0.04    0.00    0.89 ^ _453_/D (sky130_fd_sc_hd__dfrtp_1)
                                  0.89   data arrival time

                          0.00    0.00   clock clk (rise edge)
                          0.00    0.00   clock source latency
                  0.08    0.05    0.05 ^ clk (in)
     1    0.02                           clk (net)
                  0.08    0.00    0.05 ^ clkbuf_0_clk/A (sky130_fd_sc_hd__clkbuf_16)
                  0.06    0.16    0.22 ^ clkbuf_0_clk/X (sky130_fd_sc_hd__clkbuf_16)
     4    0.04                           clknet_0_clk (net)
                  0.06    0.00    0.22 ^ clkbuf_2_1__f_clk/A (sky130_fd_sc_hd__clkbuf_16)
                  0.06    0.15    0.37 ^ clkbuf_2_1__f_clk/X (sky130_fd_sc_hd__clkbuf_16)
    12    0.04                           clknet_2_1__leaf_clk (net)
                  0.06    0.00    0.37 ^ _453_/CLK (sky130_fd_sc_hd__dfrtp_1)
                          0.25    0.62   clock uncertainty
                         -0.04    0.58   clock reconvergence pessimism
                         -0.03    0.55   library hold time
                                  0.55   data required time
-----------------------------------------------------------------------------
                                  0.55   data required time
                                 -0.89   data arrival time
-----------------------------------------------------------------------------
                                  0.34   slack (MET)


Startpoint: _450_ (rising edge-triggered flip-flop clocked by clk)
Endpoint: _432_ (rising edge-triggered flip-flop clocked by clk)
Path Group: clk
Path Type: min
Corner: Typical

Fanout     Cap    Slew   Delay    Time   Description
-----------------------------------------------------------------------------
                          0.00    0.00   clock clk (rise edge)
                          0.00    0.00   clock source latency
                  0.08    0.05    0.05 ^ clk (in)
     1    0.02                           clk (net)
                  0.08    0.00    0.05 ^ clkbuf_0_clk/A (sky130_fd_sc_hd__clkbuf_16)
                  0.06    0.15    0.19 ^ clkbuf_0_clk/X (sky130_fd_sc_hd__clkbuf_16)
     4    0.04                           clknet_0_clk (net)
                  0.06    0.00    0.20 ^ clkbuf_2_0__f_clk/A (sky130_fd_sc_hd__clkbuf_16)
                  0.06    0.14    0.34 ^ clkbuf_2_0__f_clk/X (sky130_fd_sc_hd__clkbuf_16)
    14    0.04                           clknet_2_0__leaf_clk (net)
                  0.06    0.00    0.34 ^ _450_/CLK (sky130_fd_sc_hd__dfrtp_1)
                  0.12    0.36    0.70 ^ _450_/Q (sky130_fd_sc_hd__dfrtp_1)
     3    0.01                           rx_shift[6] (net)
                  0.12    0.00    0.70 ^ _281_/A0 (sky130_fd_sc_hd__mux2_1)
                  0.04    0.13    0.83 ^ _281_/X (sky130_fd_sc_hd__mux2_1)
     1    0.00                           _149_ (net)
                  0.04    0.00    0.83 ^ _282_/A (sky130_fd_sc_hd__clkbuf_1)
                  0.04    0.07    0.90 ^ _282_/X (sky130_fd_sc_hd__clkbuf_1)
     1    0.00                           _072_ (net)
                  0.04    0.00    0.90 ^ _432_/D (sky130_fd_sc_hd__dfrtp_1)
                                  0.90   data arrival time

                          0.00    0.00   clock clk (rise edge)
                          0.00    0.00   clock source latency
                  0.08    0.05    0.05 ^ clk (in)
     1    0.02                           clk (net)
                  0.08    0.00    0.05 ^ clkbuf_0_clk/A (sky130_fd_sc_hd__clkbuf_16)
                  0.06    0.16    0.22 ^ clkbuf_0_clk/X (sky130_fd_sc_hd__clkbuf_16)
     4    0.04                           clknet_0_clk (net)
                  0.06    0.00    0.22 ^ clkbuf_2_0__f_clk/A (sky130_fd_sc_hd__clkbuf_16)
                  0.06    0.16    0.37 ^ clkbuf_2_0__f_clk/X (sky130_fd_sc_hd__clkbuf_16)
    14    0.04                           clknet_2_0__leaf_clk (net)
                  0.06    0.00    0.37 ^ _432_/CLK (sky130_fd_sc_hd__dfrtp_1)
                          0.25    0.62   clock uncertainty
                         -0.04    0.59   clock reconvergence pessimism
                         -0.03    0.56   library hold time
                                  0.56   data required time
-----------------------------------------------------------------------------
                                  0.56   data required time
                                 -0.90   data arrival time
-----------------------------------------------------------------------------
                                  0.35   slack (MET)


Startpoint: _421_ (rising edge-triggered flip-flop clocked by clk)
Endpoint: _421_ (rising edge-triggered flip-flop clocked by clk)
Path Group: clk
Path Type: min
Corner: Typical

Fanout     Cap    Slew   Delay    Time   Description
-----------------------------------------------------------------------------
                          0.00    0.00   clock clk (rise edge)
                          0.00    0.00   clock source latency
                  0.08    0.05    0.05 ^ clk (in)
     1    0.02                           clk (net)
                  0.08    0.00    0.05 ^ clkbuf_0_clk/A (sky130_fd_sc_hd__clkbuf_16)
                  0.06    0.15    0.19 ^ clkbuf_0_clk/X (sky130_fd_sc_hd__clkbuf_16)
     4    0.04                           clknet_0_clk (net)
                  0.06    0.00    0.19 ^ clkbuf_2_3__f_clk/A (sky130_fd_sc_hd__clkbuf_16)
                  0.06    0.14    0.33 ^ clkbuf_2_3__f_clk/X (sky130_fd_sc_hd__clkbuf_16)
    12    0.04                           clknet_2_3__leaf_clk (net)
                  0.06    0.00    0.33 ^ _421_/CLK (sky130_fd_sc_hd__dfrtp_1)
                  0.11    0.36    0.69 ^ _421_/Q (sky130_fd_sc_hd__dfrtp_1)
     3    0.01                           clk_count[13] (net)
                  0.11    0.00    0.69 ^ _309_/S (sky130_fd_sc_hd__mux2_1)
                  0.04    0.13    0.83 ^ _309_/X (sky130_fd_sc_hd__mux2_1)
     1    0.00                           _168_ (net)
                  0.04    0.00    0.83 ^ _310_/A (sky130_fd_sc_hd__clkbuf_1)
                  0.04    0.07    0.90 ^ _310_/X (sky130_fd_sc_hd__clkbuf_1)
     1    0.00                           _063_ (net)
                  0.04    0.00    0.90 ^ _421_/D (sky130_fd_sc_hd__dfrtp_1)
                                  0.90   data arrival time

                          0.00    0.00   clock clk (rise edge)
                          0.00    0.00   clock source latency
                  0.08    0.05    0.05 ^ clk (in)
     1    0.02                           clk (net)
                  0.08    0.00    0.05 ^ clkbuf_0_clk/A (sky130_fd_sc_hd__clkbuf_16)
                  0.06    0.16    0.22 ^ clkbuf_0_clk/X (sky130_fd_sc_hd__clkbuf_16)
     4    0.04                           clknet_0_clk (net)
                  0.06    0.00    0.22 ^ clkbuf_2_3__f_clk/A (sky130_fd_sc_hd__clkbuf_16)
                  0.06    0.15    0.37 ^ clkbuf_2_3__f_clk/X (sky130_fd_sc_hd__clkbuf_16)
    12    0.04                           clknet_2_3__leaf_clk (net)
                  0.06    0.00    0.37 ^ _421_/CLK (sky130_fd_sc_hd__dfrtp_1)
                          0.25    0.62   clock uncertainty
                         -0.04    0.58   clock reconvergence pessimism
                         -0.03    0.55   library hold time
                                  0.55   data required time
-----------------------------------------------------------------------------
                                  0.55   data required time
                                 -0.90   data arrival time
-----------------------------------------------------------------------------
                                  0.35   slack (MET)


Startpoint: _411_ (rising edge-triggered flip-flop clocked by clk)
Endpoint: _411_ (rising edge-triggered flip-flop clocked by clk)
Path Group: clk
Path Type: min
Corner: Typical

Fanout     Cap    Slew   Delay    Time   Description
-----------------------------------------------------------------------------
                          0.00    0.00   clock clk (rise edge)
                          0.00    0.00   clock source latency
                  0.08    0.05    0.05 ^ clk (in)
     1    0.02                           clk (net)
                  0.08    0.00    0.05 ^ clkbuf_0_clk/A (sky130_fd_sc_hd__clkbuf_16)
                  0.06    0.15    0.19 ^ clkbuf_0_clk/X (sky130_fd_sc_hd__clkbuf_16)
     4    0.04                           clknet_0_clk (net)
                  0.06    0.00    0.20 ^ clkbuf_2_0__f_clk/A (sky130_fd_sc_hd__clkbuf_16)
                  0.06    0.14    0.34 ^ clkbuf_2_0__f_clk/X (sky130_fd_sc_hd__clkbuf_16)
    14    0.04                           clknet_2_0__leaf_clk (net)
                  0.06    0.00    0.34 ^ _411_/CLK (sky130_fd_sc_hd__dfrtp_1)
                  0.09    0.39    0.73 v _411_/Q (sky130_fd_sc_hd__dfrtp_1)
     4    0.01                           clk_count[3] (net)
                  0.09    0.00    0.73 v _343_/A (sky130_fd_sc_hd__inv_2)
                  0.03    0.05    0.78 ^ _343_/Y (sky130_fd_sc_hd__inv_2)
     1    0.00                           _192_ (net)
                  0.03    0.00    0.78 ^ _346_/A1 (sky130_fd_sc_hd__o31a_1)
                  0.05    0.12    0.90 ^ _346_/X (sky130_fd_sc_hd__o31a_1)
     1    0.00                           _053_ (net)
                  0.05    0.00    0.90 ^ _411_/D (sky130_fd_sc_hd__dfrtp_1)
                                  0.90   data arrival time

                          0.00    0.00   clock clk (rise edge)
                          0.00    0.00   clock source latency
                  0.08    0.05    0.05 ^ clk (in)
     1    0.02                           clk (net)
                  0.08    0.00    0.05 ^ clkbuf_0_clk/A (sky130_fd_sc_hd__clkbuf_16)
                  0.06    0.16    0.22 ^ clkbuf_0_clk/X (sky130_fd_sc_hd__clkbuf_16)
     4    0.04                           clknet_0_clk (net)
                  0.06    0.00    0.22 ^ clkbuf_2_0__f_clk/A (sky130_fd_sc_hd__clkbuf_16)
                  0.06    0.16    0.37 ^ clkbuf_2_0__f_clk/X (sky130_fd_sc_hd__clkbuf_16)
    14    0.04                           clknet_2_0__leaf_clk (net)
                  0.06    0.00    0.37 ^ _411_/CLK (sky130_fd_sc_hd__dfrtp_1)
                          0.25    0.62   clock uncertainty
                         -0.04    0.59   clock reconvergence pessimism
                         -0.03    0.55   library hold time
                                  0.55   data required time
-----------------------------------------------------------------------------
                                  0.55   data required time
                                 -0.90   data arrival time
-----------------------------------------------------------------------------
                                  0.35   slack (MET)


Startpoint: _430_ (rising edge-triggered flip-flop clocked by clk)
Endpoint: _430_ (rising edge-triggered flip-flop clocked by clk)
Path Group: clk
Path Type: min
Corner: Typical

Fanout     Cap    Slew   Delay    Time   Description
-----------------------------------------------------------------------------
                          0.00    0.00   clock clk (rise edge)
                          0.00    0.00   clock source latency
                  0.08    0.05    0.05 ^ clk (in)
     1    0.02                           clk (net)
                  0.08    0.00    0.05 ^ clkbuf_0_clk/A (sky130_fd_sc_hd__clkbuf_16)
                  0.06    0.15    0.19 ^ clkbuf_0_clk/X (sky130_fd_sc_hd__clkbuf_16)
     4    0.04                           clknet_0_clk (net)
                  0.06    0.00    0.20 ^ clkbuf_2_0__f_clk/A (sky130_fd_sc_hd__clkbuf_16)
                  0.06    0.14    0.34 ^ clkbuf_2_0__f_clk/X (sky130_fd_sc_hd__clkbuf_16)
    14    0.04                           clknet_2_0__leaf_clk (net)
                  0.06    0.00    0.34 ^ _430_/CLK (sky130_fd_sc_hd__dfrtp_1)
                  0.12    0.37    0.70 ^ _430_/Q (sky130_fd_sc_hd__dfrtp_1)
     2    0.01                           net20 (net)
                  0.12    0.00    0.70 ^ _285_/A1 (sky130_fd_sc_hd__mux2_1)
                  0.04    0.13    0.84 ^ _285_/X (sky130_fd_sc_hd__mux2_1)
     1    0.00                           _151_ (net)
                  0.04    0.00    0.84 ^ _286_/A (sky130_fd_sc_hd__clkbuf_1)
                  0.04    0.07    0.91 ^ _286_/X (sky130_fd_sc_hd__clkbuf_1)
     1    0.00                           _070_ (net)
                  0.04    0.00    0.91 ^ _430_/D (sky130_fd_sc_hd__dfrtp_1)
                                  0.91   data arrival time

                          0.00    0.00   clock clk (rise edge)
                          0.00    0.00   clock source latency
                  0.08    0.05    0.05 ^ clk (in)
     1    0.02                           clk (net)
                  0.08    0.00    0.05 ^ clkbuf_0_clk/A (sky130_fd_sc_hd__clkbuf_16)
                  0.06    0.16    0.22 ^ clkbuf_0_clk/X (sky130_fd_sc_hd__clkbuf_16)
     4    0.04                           clknet_0_clk (net)
                  0.06    0.00    0.22 ^ clkbuf_2_0__f_clk/A (sky130_fd_sc_hd__clkbuf_16)
                  0.06    0.16    0.37 ^ clkbuf_2_0__f_clk/X (sky130_fd_sc_hd__clkbuf_16)
    14    0.04                           clknet_2_0__leaf_clk (net)
                  0.06    0.00    0.37 ^ _430_/CLK (sky130_fd_sc_hd__dfrtp_1)
                          0.25    0.62   clock uncertainty
                         -0.04    0.59   clock reconvergence pessimism
                         -0.03    0.56   library hold time
                                  0.56   data required time
-----------------------------------------------------------------------------
                                  0.56   data required time
                                 -0.91   data arrival time
-----------------------------------------------------------------------------
                                  0.35   slack (MET)


Startpoint: _413_ (rising edge-triggered flip-flop clocked by clk)
Endpoint: _413_ (rising edge-triggered flip-flop clocked by clk)
Path Group: clk
Path Type: min
Corner: Typical

Fanout     Cap    Slew   Delay    Time   Description
-----------------------------------------------------------------------------
                          0.00    0.00   clock clk (rise edge)
                          0.00    0.00   clock source latency
                  0.08    0.05    0.05 ^ clk (in)
     1    0.02                           clk (net)
                  0.08    0.00    0.05 ^ clkbuf_0_clk/A (sky130_fd_sc_hd__clkbuf_16)
                  0.06    0.15    0.19 ^ clkbuf_0_clk/X (sky130_fd_sc_hd__clkbuf_16)
     4    0.04                           clknet_0_clk (net)
                  0.06    0.00    0.20 ^ clkbuf_2_2__f_clk/A (sky130_fd_sc_hd__clkbuf_16)
                  0.05    0.13    0.33 ^ clkbuf_2_2__f_clk/X (sky130_fd_sc_hd__clkbuf_16)
    10    0.03                           clknet_2_2__leaf_clk (net)
                  0.05    0.00    0.33 ^ _413_/CLK (sky130_fd_sc_hd__dfrtp_1)
                  0.12    0.36    0.69 ^ _413_/Q (sky130_fd_sc_hd__dfrtp_1)
     4    0.01                           clk_count[5] (net)
                  0.12    0.00    0.69 ^ _339_/S (sky130_fd_sc_hd__mux2_1)
                  0.04    0.14    0.83 ^ _339_/X (sky130_fd_sc_hd__mux2_1)
     1    0.00                           _190_ (net)
                  0.04    0.00    0.83 ^ _340_/A (sky130_fd_sc_hd__clkbuf_1)
                  0.04    0.07    0.90 ^ _340_/X (sky130_fd_sc_hd__clkbuf_1)
     1    0.00                           _055_ (net)
                  0.04    0.00    0.90 ^ _413_/D (sky130_fd_sc_hd__dfrtp_1)
                                  0.90   data arrival time

                          0.00    0.00   clock clk (rise edge)
                          0.00    0.00   clock source latency
                  0.08    0.05    0.05 ^ clk (in)
     1    0.02                           clk (net)
                  0.08    0.00    0.05 ^ clkbuf_0_clk/A (sky130_fd_sc_hd__clkbuf_16)
                  0.06    0.16    0.22 ^ clkbuf_0_clk/X (sky130_fd_sc_hd__clkbuf_16)
     4    0.04                           clknet_0_clk (net)
                  0.06    0.00    0.22 ^ clkbuf_2_2__f_clk/A (sky130_fd_sc_hd__clkbuf_16)
                  0.05    0.15    0.36 ^ clkbuf_2_2__f_clk/X (sky130_fd_sc_hd__clkbuf_16)
    10    0.03                           clknet_2_2__leaf_clk (net)
                  0.05    0.00    0.37 ^ _413_/CLK (sky130_fd_sc_hd__dfrtp_1)
                          0.25    0.62   clock uncertainty
                         -0.03    0.58   clock reconvergence pessimism
                         -0.03    0.55   library hold time
                                  0.55   data required time
-----------------------------------------------------------------------------
                                  0.55   data required time
                                 -0.90   data arrival time
-----------------------------------------------------------------------------
                                  0.36   slack (MET)


Startpoint: _434_ (rising edge-triggered flip-flop clocked by clk)
Endpoint: _434_ (rising edge-triggered flip-flop clocked by clk)
Path Group: clk
Path Type: min
Corner: Typical

Fanout     Cap    Slew   Delay    Time   Description
-----------------------------------------------------------------------------
                          0.00    0.00   clock clk (rise edge)
                          0.00    0.00   clock source latency
                  0.08    0.05    0.05 ^ clk (in)
     1    0.02                           clk (net)
                  0.08    0.00    0.05 ^ clkbuf_0_clk/A (sky130_fd_sc_hd__clkbuf_16)
                  0.06    0.15    0.19 ^ clkbuf_0_clk/X (sky130_fd_sc_hd__clkbuf_16)
     4    0.04                           clknet_0_clk (net)
                  0.06    0.00    0.20 ^ clkbuf_2_1__f_clk/A (sky130_fd_sc_hd__clkbuf_16)
                  0.06    0.14    0.33 ^ clkbuf_2_1__f_clk/X (sky130_fd_sc_hd__clkbuf_16)
    12    0.04                           clknet_2_1__leaf_clk (net)
                  0.06    0.00    0.33 ^ _434_/CLK (sky130_fd_sc_hd__dfrtp_1)
                  0.11    0.35    0.69 ^ _434_/Q (sky130_fd_sc_hd__dfrtp_1)
     2    0.01                           net15 (net)
                  0.11    0.00    0.69 ^ _277_/A1 (sky130_fd_sc_hd__mux2_1)
                  0.05    0.14    0.83 ^ _277_/X (sky130_fd_sc_hd__mux2_1)
     1    0.00                           _147_ (net)
                  0.05    0.00    0.83 ^ _278_/A (sky130_fd_sc_hd__clkbuf_1)
                  0.05    0.08    0.91 ^ _278_/X (sky130_fd_sc_hd__clkbuf_1)
     1    0.00                           _074_ (net)
                  0.05    0.00    0.91 ^ _434_/D (sky130_fd_sc_hd__dfrtp_1)
                                  0.91   data arrival time

                          0.00    0.00   clock clk (rise edge)
                          0.00    0.00   clock source latency
                  0.08    0.05    0.05 ^ clk (in)
     1    0.02                           clk (net)
                  0.08    0.00    0.05 ^ clkbuf_0_clk/A (sky130_fd_sc_hd__clkbuf_16)
                  0.06    0.16    0.22 ^ clkbuf_0_clk/X (sky130_fd_sc_hd__clkbuf_16)
     4    0.04                           clknet_0_clk (net)
                  0.06    0.00    0.22 ^ clkbuf_2_1__f_clk/A (sky130_fd_sc_hd__clkbuf_16)
                  0.06    0.15    0.37 ^ clkbuf_2_1__f_clk/X (sky130_fd_sc_hd__clkbuf_16)
    12    0.04                           clknet_2_1__leaf_clk (net)
                  0.06    0.00    0.37 ^ _434_/CLK (sky130_fd_sc_hd__dfrtp_1)
                          0.25    0.62   clock uncertainty
                         -0.04    0.58   clock reconvergence pessimism
                         -0.03    0.55   library hold time
                                  0.55   data required time
-----------------------------------------------------------------------------
                                  0.55   data required time
                                 -0.91   data arrival time
-----------------------------------------------------------------------------
                                  0.36   slack (MET)


Startpoint: _452_ (rising edge-triggered flip-flop clocked by clk)
Endpoint: _452_ (rising edge-triggered flip-flop clocked by clk)
Path Group: clk
Path Type: min
Corner: Typical

Fanout     Cap    Slew   Delay    Time   Description
-----------------------------------------------------------------------------
                          0.00    0.00   clock clk (rise edge)
                          0.00    0.00   clock source latency
                  0.08    0.05    0.05 ^ clk (in)
     1    0.02                           clk (net)
                  0.08    0.00    0.05 ^ clkbuf_0_clk/A (sky130_fd_sc_hd__clkbuf_16)
                  0.06    0.15    0.19 ^ clkbuf_0_clk/X (sky130_fd_sc_hd__clkbuf_16)
     4    0.04                           clknet_0_clk (net)
                  0.06    0.00    0.20 ^ clkbuf_2_1__f_clk/A (sky130_fd_sc_hd__clkbuf_16)
                  0.06    0.14    0.33 ^ clkbuf_2_1__f_clk/X (sky130_fd_sc_hd__clkbuf_16)
    12    0.04                           clknet_2_1__leaf_clk (net)
                  0.06    0.00    0.33 ^ _452_/CLK (sky130_fd_sc_hd__dfrtp_1)
                  0.13    0.37    0.70 ^ _452_/Q (sky130_fd_sc_hd__dfrtp_1)
     5    0.01                           bit_count[0] (net)
                  0.13    0.00    0.70 ^ _233_/A0 (sky130_fd_sc_hd__mux2_1)
                  0.04    0.14    0.84 ^ _233_/X (sky130_fd_sc_hd__mux2_1)
     1    0.00                           _122_ (net)
                  0.04    0.00    0.84 ^ _234_/A (sky130_fd_sc_hd__clkbuf_1)
                  0.04    0.07    0.91 ^ _234_/X (sky130_fd_sc_hd__clkbuf_1)
     1    0.00                           _092_ (net)
                  0.04    0.00    0.91 ^ _452_/D (sky130_fd_sc_hd__dfrtp_1)
                                  0.91   data arrival time

                          0.00    0.00   clock clk (rise edge)
                          0.00    0.00   clock source latency
                  0.08    0.05    0.05 ^ clk (in)
     1    0.02                           clk (net)
                  0.08    0.00    0.05 ^ clkbuf_0_clk/A (sky130_fd_sc_hd__clkbuf_16)
                  0.06    0.16    0.22 ^ clkbuf_0_clk/X (sky130_fd_sc_hd__clkbuf_16)
     4    0.04                           clknet_0_clk (net)
                  0.06    0.00    0.22 ^ clkbuf_2_1__f_clk/A (sky130_fd_sc_hd__clkbuf_16)
                  0.06    0.15    0.37 ^ clkbuf_2_1__f_clk/X (sky130_fd_sc_hd__clkbuf_16)
    12    0.04                           clknet_2_1__leaf_clk (net)
                  0.06    0.00    0.37 ^ _452_/CLK (sky130_fd_sc_hd__dfrtp_1)
                          0.25    0.62   clock uncertainty
                         -0.04    0.58   clock reconvergence pessimism
                         -0.03    0.55   library hold time
                                  0.55   data required time
-----------------------------------------------------------------------------
                                  0.55   data required time
                                 -0.91   data arrival time
-----------------------------------------------------------------------------
                                  0.36   slack (MET)


Startpoint: _408_ (rising edge-triggered flip-flop clocked by clk)
Endpoint: _409_ (rising edge-triggered flip-flop clocked by clk)
Path Group: clk
Path Type: min
Corner: Typical

Fanout     Cap    Slew   Delay    Time   Description
-----------------------------------------------------------------------------
                          0.00    0.00   clock clk (rise edge)
                          0.00    0.00   clock source latency
                  0.08    0.05    0.05 ^ clk (in)
     1    0.02                           clk (net)
                  0.08    0.00    0.05 ^ clkbuf_0_clk/A (sky130_fd_sc_hd__clkbuf_16)
                  0.06    0.15    0.19 ^ clkbuf_0_clk/X (sky130_fd_sc_hd__clkbuf_16)
     4    0.04                           clknet_0_clk (net)
                  0.06    0.00    0.20 ^ clkbuf_2_0__f_clk/A (sky130_fd_sc_hd__clkbuf_16)
                  0.06    0.14    0.34 ^ clkbuf_2_0__f_clk/X (sky130_fd_sc_hd__clkbuf_16)
    14    0.04                           clknet_2_0__leaf_clk (net)
                  0.06    0.00    0.34 ^ _408_/CLK (sky130_fd_sc_hd__dfrtp_4)
                  0.11    0.43    0.77 ^ _408_/Q (sky130_fd_sc_hd__dfrtp_4)
     8    0.03                           clk_count[0] (net)
                  0.11    0.00    0.77 ^ _349_/A1 (sky130_fd_sc_hd__a21oi_1)
                  0.03    0.07    0.84 v _349_/Y (sky130_fd_sc_hd__a21oi_1)
     1    0.00                           _196_ (net)
                  0.03    0.00    0.84 v _351_/A (sky130_fd_sc_hd__nor2_1)
                  0.07    0.08    0.93 ^ _351_/Y (sky130_fd_sc_hd__nor2_1)
     1    0.00                           _051_ (net)
                  0.07    0.00    0.93 ^ _409_/D (sky130_fd_sc_hd__dfrtp_4)
                                  0.93   data arrival time

                          0.00    0.00   clock clk (rise edge)
                          0.00    0.00   clock source latency
                  0.08    0.05    0.05 ^ clk (in)
     1    0.02                           clk (net)
                  0.08    0.00    0.05 ^ clkbuf_0_clk/A (sky130_fd_sc_hd__clkbuf_16)
                  0.06    0.16    0.22 ^ clkbuf_0_clk/X (sky130_fd_sc_hd__clkbuf_16)
     4    0.04                           clknet_0_clk (net)
                  0.06    0.00    0.22 ^ clkbuf_2_2__f_clk/A (sky130_fd_sc_hd__clkbuf_16)
                  0.05    0.15    0.36 ^ clkbuf_2_2__f_clk/X (sky130_fd_sc_hd__clkbuf_16)
    10    0.03                           clknet_2_2__leaf_clk (net)
                  0.05    0.00    0.37 ^ _409_/CLK (sky130_fd_sc_hd__dfrtp_4)
                          0.25    0.62   clock uncertainty
                         -0.02    0.59   clock reconvergence pessimism
                         -0.04    0.56   library hold time
                                  0.56   data required time
-----------------------------------------------------------------------------
                                  0.56   data required time
                                 -0.93   data arrival time
-----------------------------------------------------------------------------
                                  0.37   slack (MET)


Startpoint: _453_ (rising edge-triggered flip-flop clocked by clk)
Endpoint: _454_ (rising edge-triggered flip-flop clocked by clk)
Path Group: clk
Path Type: min
Corner: Typical

Fanout     Cap    Slew   Delay    Time   Description
-----------------------------------------------------------------------------
                          0.00    0.00   clock clk (rise edge)
                          0.00    0.00   clock source latency
                  0.08    0.05    0.05 ^ clk (in)
     1    0.02                           clk (net)
                  0.08    0.00    0.05 ^ clkbuf_0_clk/A (sky130_fd_sc_hd__clkbuf_16)
                  0.06    0.15    0.19 ^ clkbuf_0_clk/X (sky130_fd_sc_hd__clkbuf_16)
     4    0.04                           clknet_0_clk (net)
                  0.06    0.00    0.20 ^ clkbuf_2_1__f_clk/A (sky130_fd_sc_hd__clkbuf_16)
                  0.06    0.14    0.33 ^ clkbuf_2_1__f_clk/X (sky130_fd_sc_hd__clkbuf_16)
    12    0.04                           clknet_2_1__leaf_clk (net)
                  0.06    0.00    0.33 ^ _453_/CLK (sky130_fd_sc_hd__dfrtp_1)
                  0.11    0.35    0.69 ^ _453_/Q (sky130_fd_sc_hd__dfrtp_1)
     4    0.01                           bit_count[1] (net)
                  0.11    0.00    0.69 ^ _224_/A (sky130_fd_sc_hd__nand2_1)
                  0.05    0.07    0.76 v _224_/Y (sky130_fd_sc_hd__nand2_1)
     2    0.01                           _115_ (net)
                  0.05    0.00    0.76 v _225_/B (sky130_fd_sc_hd__nand2_1)
                  0.03    0.06    0.82 ^ _225_/Y (sky130_fd_sc_hd__nand2_1)
     1    0.00                           _116_ (net)
                  0.03    0.00    0.82 ^ _226_/B2 (sky130_fd_sc_hd__a2bb2o_1)
                  0.04    0.11    0.92 ^ _226_/X (sky130_fd_sc_hd__a2bb2o_1)
     1    0.00                           _094_ (net)
                  0.04    0.00    0.92 ^ _454_/D (sky130_fd_sc_hd__dfrtp_1)
                                  0.92   data arrival time

                          0.00    0.00   clock clk (rise edge)
                          0.00    0.00   clock source latency
                  0.08    0.05    0.05 ^ clk (in)
     1    0.02                           clk (net)
                  0.08    0.00    0.05 ^ clkbuf_0_clk/A (sky130_fd_sc_hd__clkbuf_16)
                  0.06    0.16    0.22 ^ clkbuf_0_clk/X (sky130_fd_sc_hd__clkbuf_16)
     4    0.04                           clknet_0_clk (net)
                  0.06    0.00    0.22 ^ clkbuf_2_1__f_clk/A (sky130_fd_sc_hd__clkbuf_16)
                  0.06    0.15    0.37 ^ clkbuf_2_1__f_clk/X (sky130_fd_sc_hd__clkbuf_16)
    12    0.04                           clknet_2_1__leaf_clk (net)
                  0.06    0.00    0.37 ^ _454_/CLK (sky130_fd_sc_hd__dfrtp_1)
                          0.25    0.62   clock uncertainty
                         -0.04    0.58   clock reconvergence pessimism
                         -0.03    0.55   library hold time
                                  0.55   data required time
-----------------------------------------------------------------------------
                                  0.55   data required time
                                 -0.92   data arrival time
-----------------------------------------------------------------------------
                                  0.37   slack (MET)


Startpoint: _422_ (rising edge-triggered flip-flop clocked by clk)
Endpoint: _422_ (rising edge-triggered flip-flop clocked by clk)
Path Group: clk
Path Type: min
Corner: Typical

Fanout     Cap    Slew   Delay    Time   Description
-----------------------------------------------------------------------------
                          0.00    0.00   clock clk (rise edge)
                          0.00    0.00   clock source latency
                  0.08    0.05    0.05 ^ clk (in)
     1    0.02                           clk (net)
                  0.08    0.00    0.05 ^ clkbuf_0_clk/A (sky130_fd_sc_hd__clkbuf_16)
                  0.06    0.15    0.19 ^ clkbuf_0_clk/X (sky130_fd_sc_hd__clkbuf_16)
     4    0.04                           clknet_0_clk (net)
                  0.06    0.00    0.20 ^ clkbuf_2_2__f_clk/A (sky130_fd_sc_hd__clkbuf_16)
                  0.05    0.13    0.33 ^ clkbuf_2_2__f_clk/X (sky130_fd_sc_hd__clkbuf_16)
    10    0.03                           clknet_2_2__leaf_clk (net)
                  0.05    0.00    0.33 ^ _422_/CLK (sky130_fd_sc_hd__dfrtp_1)
                  0.10    0.35    0.68 ^ _422_/Q (sky130_fd_sc_hd__dfrtp_1)
     4    0.01                           clk_count[14] (net)
                  0.10    0.00    0.68 ^ _301_/A1 (sky130_fd_sc_hd__a21oi_1)
                  0.06    0.08    0.76 v _301_/Y (sky130_fd_sc_hd__a21oi_1)
     2    0.01                           _162_ (net)
                  0.06    0.00    0.76 v _305_/A2 (sky130_fd_sc_hd__o21a_1)
                  0.03    0.16    0.92 v _305_/X (sky130_fd_sc_hd__o21a_1)
     1    0.00                           _064_ (net)
                  0.03    0.00    0.92 v _422_/D (sky130_fd_sc_hd__dfrtp_1)
                                  0.92   data arrival time

                          0.00    0.00   clock clk (rise edge)
                          0.00    0.00   clock source latency
                  0.08    0.05    0.05 ^ clk (in)
     1    0.02                           clk (net)
                  0.08    0.00    0.05 ^ clkbuf_0_clk/A (sky130_fd_sc_hd__clkbuf_16)
                  0.06    0.16    0.22 ^ clkbuf_0_clk/X (sky130_fd_sc_hd__clkbuf_16)
     4    0.04                           clknet_0_clk (net)
                  0.06    0.00    0.22 ^ clkbuf_2_2__f_clk/A (sky130_fd_sc_hd__clkbuf_16)
                  0.05    0.15    0.36 ^ clkbuf_2_2__f_clk/X (sky130_fd_sc_hd__clkbuf_16)
    10    0.03                           clknet_2_2__leaf_clk (net)
                  0.05    0.00    0.36 ^ _422_/CLK (sky130_fd_sc_hd__dfrtp_1)
                          0.25    0.61   clock uncertainty
                         -0.03    0.58   clock reconvergence pessimism
                         -0.04    0.54   library hold time
                                  0.54   data required time
-----------------------------------------------------------------------------
                                  0.54   data required time
                                 -0.92   data arrival time
-----------------------------------------------------------------------------
                                  0.38   slack (MET)


Startpoint: _440_ (rising edge-triggered flip-flop clocked by clk)
Endpoint: _441_ (rising edge-triggered flip-flop clocked by clk)
Path Group: clk
Path Type: min
Corner: Typical

Fanout     Cap    Slew   Delay    Time   Description
-----------------------------------------------------------------------------
                          0.00    0.00   clock clk (rise edge)
                          0.00    0.00   clock source latency
                  0.08    0.05    0.05 ^ clk (in)
     1    0.02                           clk (net)
                  0.08    0.00    0.05 ^ clkbuf_0_clk/A (sky130_fd_sc_hd__clkbuf_16)
                  0.06    0.15    0.19 ^ clkbuf_0_clk/X (sky130_fd_sc_hd__clkbuf_16)
     4    0.04                           clknet_0_clk (net)
                  0.06    0.00    0.19 ^ clkbuf_2_3__f_clk/A (sky130_fd_sc_hd__clkbuf_16)
                  0.06    0.14    0.33 ^ clkbuf_2_3__f_clk/X (sky130_fd_sc_hd__clkbuf_16)
    12    0.04                           clknet_2_3__leaf_clk (net)
                  0.06    0.00    0.33 ^ _440_/CLK (sky130_fd_sc_hd__dfrtp_1)
                  0.06    0.32    0.65 ^ _440_/Q (sky130_fd_sc_hd__dfrtp_1)
     2    0.00                           tx_shift[3] (net)
                  0.06    0.00    0.65 ^ _254_/A1 (sky130_fd_sc_hd__mux2_1)
                  0.04    0.12    0.77 ^ _254_/X (sky130_fd_sc_hd__mux2_1)
     1    0.00                           _132_ (net)
                  0.04    0.00    0.77 ^ _255_/A1 (sky130_fd_sc_hd__mux2_1)
                  0.04    0.11    0.88 ^ _255_/X (sky130_fd_sc_hd__mux2_1)
     1    0.00                           _133_ (net)
                  0.04    0.00    0.88 ^ _256_/A (sky130_fd_sc_hd__clkbuf_1)
                  0.04    0.07    0.95 ^ _256_/X (sky130_fd_sc_hd__clkbuf_1)
     1    0.00                           _081_ (net)
                  0.04    0.00    0.95 ^ _441_/D (sky130_fd_sc_hd__dfrtp_1)
                                  0.95   data arrival time

                          0.00    0.00   clock clk (rise edge)
                          0.00    0.00   clock source latency
                  0.08    0.05    0.05 ^ clk (in)
     1    0.02                           clk (net)
                  0.08    0.00    0.05 ^ clkbuf_0_clk/A (sky130_fd_sc_hd__clkbuf_16)
                  0.06    0.16    0.22 ^ clkbuf_0_clk/X (sky130_fd_sc_hd__clkbuf_16)
     4    0.04                           clknet_0_clk (net)
                  0.06    0.00    0.22 ^ clkbuf_2_1__f_clk/A (sky130_fd_sc_hd__clkbuf_16)
                  0.06    0.15    0.37 ^ clkbuf_2_1__f_clk/X (sky130_fd_sc_hd__clkbuf_16)
    12    0.04                           clknet_2_1__leaf_clk (net)
                  0.06    0.00    0.37 ^ _441_/CLK (sky130_fd_sc_hd__dfrtp_1)
                          0.25    0.62   clock uncertainty
                         -0.02    0.60   clock reconvergence pessimism
                         -0.03    0.57   library hold time
                                  0.57   data required time
-----------------------------------------------------------------------------
                                  0.57   data required time
                                 -0.95   data arrival time
-----------------------------------------------------------------------------
                                  0.38   slack (MET)


Startpoint: _437_ (rising edge-triggered flip-flop clocked by clk)
Endpoint: _438_ (rising edge-triggered flip-flop clocked by clk)
Path Group: clk
Path Type: min
Corner: Typical

Fanout     Cap    Slew   Delay    Time   Description
-----------------------------------------------------------------------------
                          0.00    0.00   clock clk (rise edge)
                          0.00    0.00   clock source latency
                  0.08    0.05    0.05 ^ clk (in)
     1    0.02                           clk (net)
                  0.08    0.00    0.05 ^ clkbuf_0_clk/A (sky130_fd_sc_hd__clkbuf_16)
                  0.06    0.15    0.19 ^ clkbuf_0_clk/X (sky130_fd_sc_hd__clkbuf_16)
     4    0.04                           clknet_0_clk (net)
                  0.06    0.00    0.19 ^ clkbuf_2_3__f_clk/A (sky130_fd_sc_hd__clkbuf_16)
                  0.06    0.14    0.33 ^ clkbuf_2_3__f_clk/X (sky130_fd_sc_hd__clkbuf_16)
    12    0.04                           clknet_2_3__leaf_clk (net)
                  0.06    0.00    0.33 ^ _437_/CLK (sky130_fd_sc_hd__dfrtp_1)
                  0.06    0.32    0.65 ^ _437_/Q (sky130_fd_sc_hd__dfrtp_1)
     2    0.00                           tx_shift[0] (net)
                  0.06    0.00    0.65 ^ _263_/A1 (sky130_fd_sc_hd__mux2_1)
                  0.04    0.11    0.76 ^ _263_/X (sky130_fd_sc_hd__mux2_1)
     1    0.00                           _138_ (net)
                  0.04    0.00    0.76 ^ _264_/A1 (sky130_fd_sc_hd__mux2_1)
                  0.04    0.11    0.87 ^ _264_/X (sky130_fd_sc_hd__mux2_1)
     1    0.00                           _139_ (net)
                  0.04    0.00    0.87 ^ _265_/A (sky130_fd_sc_hd__clkbuf_1)
                  0.04    0.07    0.95 ^ _265_/X (sky130_fd_sc_hd__clkbuf_1)
     1    0.00                           _078_ (net)
                  0.04    0.00    0.95 ^ _438_/D (sky130_fd_sc_hd__dfrtp_1)
                                  0.95   data arrival time

                          0.00    0.00   clock clk (rise edge)
                          0.00    0.00   clock source latency
                  0.08    0.05    0.05 ^ clk (in)
     1    0.02                           clk (net)
                  0.08    0.00    0.05 ^ clkbuf_0_clk/A (sky130_fd_sc_hd__clkbuf_16)
                  0.06    0.16    0.22 ^ clkbuf_0_clk/X (sky130_fd_sc_hd__clkbuf_16)
     4    0.04                           clknet_0_clk (net)
                  0.06    0.00    0.22 ^ clkbuf_2_3__f_clk/A (sky130_fd_sc_hd__clkbuf_16)
                  0.06    0.15    0.37 ^ clkbuf_2_3__f_clk/X (sky130_fd_sc_hd__clkbuf_16)
    12    0.04                           clknet_2_3__leaf_clk (net)
                  0.06    0.00    0.37 ^ _438_/CLK (sky130_fd_sc_hd__dfrtp_1)
                          0.25    0.62   clock uncertainty
                         -0.04    0.58   clock reconvergence pessimism
                         -0.03    0.55   library hold time
                                  0.55   data required time
-----------------------------------------------------------------------------
                                  0.55   data required time
                                 -0.95   data arrival time
-----------------------------------------------------------------------------
                                  0.39   slack (MET)


Startpoint: _442_ (rising edge-triggered flip-flop clocked by clk)
Endpoint: _443_ (rising edge-triggered flip-flop clocked by clk)
Path Group: clk
Path Type: min
Corner: Typical

Fanout     Cap    Slew   Delay    Time   Description
-----------------------------------------------------------------------------
                          0.00    0.00   clock clk (rise edge)
                          0.00    0.00   clock source latency
                  0.08    0.05    0.05 ^ clk (in)
     1    0.02                           clk (net)
                  0.08    0.00    0.05 ^ clkbuf_0_clk/A (sky130_fd_sc_hd__clkbuf_16)
                  0.06    0.15    0.19 ^ clkbuf_0_clk/X (sky130_fd_sc_hd__clkbuf_16)
     4    0.04                           clknet_0_clk (net)
                  0.06    0.00    0.20 ^ clkbuf_2_1__f_clk/A (sky130_fd_sc_hd__clkbuf_16)
                  0.06    0.14    0.33 ^ clkbuf_2_1__f_clk/X (sky130_fd_sc_hd__clkbuf_16)
    12    0.04                           clknet_2_1__leaf_clk (net)
                  0.06    0.00    0.33 ^ _442_/CLK (sky130_fd_sc_hd__dfrtp_1)
                  0.06    0.32    0.65 ^ _442_/Q (sky130_fd_sc_hd__dfrtp_1)
     2    0.00                           tx_shift[5] (net)
                  0.06    0.00    0.65 ^ _248_/A1 (sky130_fd_sc_hd__mux2_1)
                  0.04    0.12    0.77 ^ _248_/X (sky130_fd_sc_hd__mux2_1)
     1    0.00                           _128_ (net)
                  0.04    0.00    0.77 ^ _249_/A1 (sky130_fd_sc_hd__mux2_1)
                  0.04    0.11    0.88 ^ _249_/X (sky130_fd_sc_hd__mux2_1)
     1    0.00                           _129_ (net)
                  0.04    0.00    0.88 ^ _250_/A (sky130_fd_sc_hd__clkbuf_1)
                  0.05    0.08    0.95 ^ _250_/X (sky130_fd_sc_hd__clkbuf_1)
     1    0.00                           _083_ (net)
                  0.05    0.00    0.95 ^ _443_/D (sky130_fd_sc_hd__dfrtp_1)
                                  0.95   data arrival time

                          0.00    0.00   clock clk (rise edge)
                          0.00    0.00   clock source latency
                  0.08    0.05    0.05 ^ clk (in)
     1    0.02                           clk (net)
                  0.08    0.00    0.05 ^ clkbuf_0_clk/A (sky130_fd_sc_hd__clkbuf_16)
                  0.06    0.16    0.22 ^ clkbuf_0_clk/X (sky130_fd_sc_hd__clkbuf_16)
     4    0.04                           clknet_0_clk (net)
                  0.06    0.00    0.22 ^ clkbuf_2_1__f_clk/A (sky130_fd_sc_hd__clkbuf_16)
                  0.06    0.15    0.37 ^ clkbuf_2_1__f_clk/X (sky130_fd_sc_hd__clkbuf_16)
    12    0.04                           clknet_2_1__leaf_clk (net)
                  0.06    0.00    0.37 ^ _443_/CLK (sky130_fd_sc_hd__dfrtp_1)
                          0.25    0.62   clock uncertainty
                         -0.04    0.58   clock reconvergence pessimism
                         -0.03    0.55   library hold time
                                  0.55   data required time
-----------------------------------------------------------------------------
                                  0.55   data required time
                                 -0.95   data arrival time
-----------------------------------------------------------------------------
                                  0.40   slack (MET)


Startpoint: _438_ (rising edge-triggered flip-flop clocked by clk)
Endpoint: _439_ (rising edge-triggered flip-flop clocked by clk)
Path Group: clk
Path Type: min
Corner: Typical

Fanout     Cap    Slew   Delay    Time   Description
-----------------------------------------------------------------------------
                          0.00    0.00   clock clk (rise edge)
                          0.00    0.00   clock source latency
                  0.08    0.05    0.05 ^ clk (in)
     1    0.02                           clk (net)
                  0.08    0.00    0.05 ^ clkbuf_0_clk/A (sky130_fd_sc_hd__clkbuf_16)
                  0.06    0.15    0.19 ^ clkbuf_0_clk/X (sky130_fd_sc_hd__clkbuf_16)
     4    0.04                           clknet_0_clk (net)
                  0.06    0.00    0.19 ^ clkbuf_2_3__f_clk/A (sky130_fd_sc_hd__clkbuf_16)
                  0.06    0.14    0.33 ^ clkbuf_2_3__f_clk/X (sky130_fd_sc_hd__clkbuf_16)
    12    0.04                           clknet_2_3__leaf_clk (net)
                  0.06    0.00    0.33 ^ _438_/CLK (sky130_fd_sc_hd__dfrtp_1)
                  0.07    0.32    0.66 ^ _438_/Q (sky130_fd_sc_hd__dfrtp_1)
     2    0.01                           tx_shift[1] (net)
                  0.07    0.00    0.66 ^ _260_/A1 (sky130_fd_sc_hd__mux2_1)
                  0.04    0.12    0.77 ^ _260_/X (sky130_fd_sc_hd__mux2_1)
     1    0.00                           _136_ (net)
                  0.04    0.00    0.77 ^ _261_/A1 (sky130_fd_sc_hd__mux2_1)
                  0.04    0.11    0.88 ^ _261_/X (sky130_fd_sc_hd__mux2_1)
     1    0.00                           _137_ (net)
                  0.04    0.00    0.88 ^ _262_/A (sky130_fd_sc_hd__clkbuf_1)
                  0.04    0.07    0.95 ^ _262_/X (sky130_fd_sc_hd__clkbuf_1)
     1    0.00                           _079_ (net)
                  0.04    0.00    0.95 ^ _439_/D (sky130_fd_sc_hd__dfrtp_1)
                                  0.95   data arrival time

                          0.00    0.00   clock clk (rise edge)
                          0.00    0.00   clock source latency
                  0.08    0.05    0.05 ^ clk (in)
     1    0.02                           clk (net)
                  0.08    0.00    0.05 ^ clkbuf_0_clk/A (sky130_fd_sc_hd__clkbuf_16)
                  0.06    0.16    0.22 ^ clkbuf_0_clk/X (sky130_fd_sc_hd__clkbuf_16)
     4    0.04                           clknet_0_clk (net)
                  0.06    0.00    0.22 ^ clkbuf_2_3__f_clk/A (sky130_fd_sc_hd__clkbuf_16)
                  0.06    0.15    0.37 ^ clkbuf_2_3__f_clk/X (sky130_fd_sc_hd__clkbuf_16)
    12    0.04                           clknet_2_3__leaf_clk (net)
                  0.06    0.00    0.37 ^ _439_/CLK (sky130_fd_sc_hd__dfrtp_1)
                          0.25    0.62   clock uncertainty
                         -0.04    0.58   clock reconvergence pessimism
                         -0.03    0.55   library hold time
                                  0.55   data required time
-----------------------------------------------------------------------------
                                  0.55   data required time
                                 -0.95   data arrival time
-----------------------------------------------------------------------------
                                  0.40   slack (MET)


Startpoint: _410_ (rising edge-triggered flip-flop clocked by clk)
Endpoint: _410_ (rising edge-triggered flip-flop clocked by clk)
Path Group: clk
Path Type: min
Corner: Typical

Fanout     Cap    Slew   Delay    Time   Description
-----------------------------------------------------------------------------
                          0.00    0.00   clock clk (rise edge)
                          0.00    0.00   clock source latency
                  0.08    0.05    0.05 ^ clk (in)
     1    0.02                           clk (net)
                  0.08    0.00    0.05 ^ clkbuf_0_clk/A (sky130_fd_sc_hd__clkbuf_16)
                  0.06    0.15    0.19 ^ clkbuf_0_clk/X (sky130_fd_sc_hd__clkbuf_16)
     4    0.04                           clknet_0_clk (net)
                  0.06    0.00    0.20 ^ clkbuf_2_0__f_clk/A (sky130_fd_sc_hd__clkbuf_16)
                  0.06    0.14    0.34 ^ clkbuf_2_0__f_clk/X (sky130_fd_sc_hd__clkbuf_16)
    14    0.04                           clknet_2_0__leaf_clk (net)
                  0.06    0.00    0.34 ^ _410_/CLK (sky130_fd_sc_hd__dfrtp_2)
                  0.11    0.38    0.72 ^ _410_/Q (sky130_fd_sc_hd__dfrtp_2)
     6    0.02                           clk_count[2] (net)
                  0.11    0.00    0.72 ^ _347_/B1 (sky130_fd_sc_hd__a21o_1)
                  0.04    0.09    0.81 ^ _347_/X (sky130_fd_sc_hd__a21o_1)
     1    0.00                           _195_ (net)
                  0.04    0.00    0.81 ^ _348_/A3 (sky130_fd_sc_hd__a32o_1)
                  0.05    0.15    0.96 ^ _348_/X (sky130_fd_sc_hd__a32o_1)
     1    0.00                           _052_ (net)
                  0.05    0.00    0.96 ^ _410_/D (sky130_fd_sc_hd__dfrtp_2)
                                  0.96   data arrival time

                          0.00    0.00   clock clk (rise edge)
                          0.00    0.00   clock source latency
                  0.08    0.05    0.05 ^ clk (in)
     1    0.02                           clk (net)
                  0.08    0.00    0.05 ^ clkbuf_0_clk/A (sky130_fd_sc_hd__clkbuf_16)
                  0.06    0.16    0.22 ^ clkbuf_0_clk/X (sky130_fd_sc_hd__clkbuf_16)
     4    0.04                           clknet_0_clk (net)
                  0.06    0.00    0.22 ^ clkbuf_2_0__f_clk/A (sky130_fd_sc_hd__clkbuf_16)
                  0.06    0.16    0.37 ^ clkbuf_2_0__f_clk/X (sky130_fd_sc_hd__clkbuf_16)
    14    0.04                           clknet_2_0__leaf_clk (net)
                  0.06    0.00    0.37 ^ _410_/CLK (sky130_fd_sc_hd__dfrtp_2)
                          0.25    0.62   clock uncertainty
                         -0.04    0.59   clock reconvergence pessimism
                         -0.03    0.55   library hold time
                                  0.55   data required time
-----------------------------------------------------------------------------
                                  0.55   data required time
                                 -0.96   data arrival time
-----------------------------------------------------------------------------
                                  0.40   slack (MET)


Startpoint: _439_ (rising edge-triggered flip-flop clocked by clk)
Endpoint: _440_ (rising edge-triggered flip-flop clocked by clk)
Path Group: clk
Path Type: min
Corner: Typical

Fanout     Cap    Slew   Delay    Time   Description
-----------------------------------------------------------------------------
                          0.00    0.00   clock clk (rise edge)
                          0.00    0.00   clock source latency
                  0.08    0.05    0.05 ^ clk (in)
     1    0.02                           clk (net)
                  0.08    0.00    0.05 ^ clkbuf_0_clk/A (sky130_fd_sc_hd__clkbuf_16)
                  0.06    0.15    0.19 ^ clkbuf_0_clk/X (sky130_fd_sc_hd__clkbuf_16)
     4    0.04                           clknet_0_clk (net)
                  0.06    0.00    0.19 ^ clkbuf_2_3__f_clk/A (sky130_fd_sc_hd__clkbuf_16)
                  0.06    0.14    0.33 ^ clkbuf_2_3__f_clk/X (sky130_fd_sc_hd__clkbuf_16)
    12    0.04                           clknet_2_3__leaf_clk (net)
                  0.06    0.00    0.33 ^ _439_/CLK (sky130_fd_sc_hd__dfrtp_1)
                  0.07    0.32    0.66 ^ _439_/Q (sky130_fd_sc_hd__dfrtp_1)
     2    0.01                           tx_shift[2] (net)
                  0.07    0.00    0.66 ^ _257_/A1 (sky130_fd_sc_hd__mux2_1)
                  0.04    0.12    0.78 ^ _257_/X (sky130_fd_sc_hd__mux2_1)
     1    0.00                           _134_ (net)
                  0.04    0.00    0.78 ^ _258_/A1 (sky130_fd_sc_hd__mux2_1)
                  0.04    0.11    0.89 ^ _258_/X (sky130_fd_sc_hd__mux2_1)
     1    0.00                           _135_ (net)
                  0.04    0.00    0.89 ^ _259_/A (sky130_fd_sc_hd__clkbuf_1)
                  0.04    0.08    0.96 ^ _259_/X (sky130_fd_sc_hd__clkbuf_1)
     1    0.00                           _080_ (net)
                  0.04    0.00    0.96 ^ _440_/D (sky130_fd_sc_hd__dfrtp_1)
                                  0.96   data arrival time

                          0.00    0.00   clock clk (rise edge)
                          0.00    0.00   clock source latency
                  0.08    0.05    0.05 ^ clk (in)
     1    0.02                           clk (net)
                  0.08    0.00    0.05 ^ clkbuf_0_clk/A (sky130_fd_sc_hd__clkbuf_16)
                  0.06    0.16    0.22 ^ clkbuf_0_clk/X (sky130_fd_sc_hd__clkbuf_16)
     4    0.04                           clknet_0_clk (net)
                  0.06    0.00    0.22 ^ clkbuf_2_3__f_clk/A (sky130_fd_sc_hd__clkbuf_16)
                  0.06    0.15    0.37 ^ clkbuf_2_3__f_clk/X (sky130_fd_sc_hd__clkbuf_16)
    12    0.04                           clknet_2_3__leaf_clk (net)
                  0.06    0.00    0.37 ^ _440_/CLK (sky130_fd_sc_hd__dfrtp_1)
                          0.25    0.62   clock uncertainty
                         -0.04    0.58   clock reconvergence pessimism
                         -0.03    0.55   library hold time
                                  0.55   data required time
-----------------------------------------------------------------------------
                                  0.55   data required time
                                 -0.96   data arrival time
-----------------------------------------------------------------------------
                                  0.41   slack (MET)


Startpoint: _441_ (rising edge-triggered flip-flop clocked by clk)
Endpoint: _442_ (rising edge-triggered flip-flop clocked by clk)
Path Group: clk
Path Type: min
Corner: Typical

Fanout     Cap    Slew   Delay    Time   Description
-----------------------------------------------------------------------------
                          0.00    0.00   clock clk (rise edge)
                          0.00    0.00   clock source latency
                  0.08    0.05    0.05 ^ clk (in)
     1    0.02                           clk (net)
                  0.08    0.00    0.05 ^ clkbuf_0_clk/A (sky130_fd_sc_hd__clkbuf_16)
                  0.06    0.15    0.19 ^ clkbuf_0_clk/X (sky130_fd_sc_hd__clkbuf_16)
     4    0.04                           clknet_0_clk (net)
                  0.06    0.00    0.20 ^ clkbuf_2_1__f_clk/A (sky130_fd_sc_hd__clkbuf_16)
                  0.06    0.14    0.33 ^ clkbuf_2_1__f_clk/X (sky130_fd_sc_hd__clkbuf_16)
    12    0.04                           clknet_2_1__leaf_clk (net)
                  0.06    0.00    0.33 ^ _441_/CLK (sky130_fd_sc_hd__dfrtp_1)
                  0.07    0.33    0.66 ^ _441_/Q (sky130_fd_sc_hd__dfrtp_1)
     2    0.01                           tx_shift[4] (net)
                  0.07    0.00    0.66 ^ _251_/A1 (sky130_fd_sc_hd__mux2_1)
                  0.04    0.12    0.78 ^ _251_/X (sky130_fd_sc_hd__mux2_1)
     1    0.00                           _130_ (net)
                  0.04    0.00    0.78 ^ _252_/A1 (sky130_fd_sc_hd__mux2_1)
                  0.04    0.11    0.89 ^ _252_/X (sky130_fd_sc_hd__mux2_1)
     1    0.00                           _131_ (net)
                  0.04    0.00    0.89 ^ _253_/A (sky130_fd_sc_hd__clkbuf_1)
                  0.04    0.07    0.96 ^ _253_/X (sky130_fd_sc_hd__clkbuf_1)
     1    0.00                           _082_ (net)
                  0.04    0.00    0.96 ^ _442_/D (sky130_fd_sc_hd__dfrtp_1)
                                  0.96   data arrival time

                          0.00    0.00   clock clk (rise edge)
                          0.00    0.00   clock source latency
                  0.08    0.05    0.05 ^ clk (in)
     1    0.02                           clk (net)
                  0.08    0.00    0.05 ^ clkbuf_0_clk/A (sky130_fd_sc_hd__clkbuf_16)
                  0.06    0.16    0.22 ^ clkbuf_0_clk/X (sky130_fd_sc_hd__clkbuf_16)
     4    0.04                           clknet_0_clk (net)
                  0.06    0.00    0.22 ^ clkbuf_2_1__f_clk/A (sky130_fd_sc_hd__clkbuf_16)
                  0.06    0.15    0.37 ^ clkbuf_2_1__f_clk/X (sky130_fd_sc_hd__clkbuf_16)
    12    0.04                           clknet_2_1__leaf_clk (net)
                  0.06    0.00    0.37 ^ _442_/CLK (sky130_fd_sc_hd__dfrtp_1)
                          0.25    0.62   clock uncertainty
                         -0.04    0.58   clock reconvergence pessimism
                         -0.03    0.55   library hold time
                                  0.55   data required time
-----------------------------------------------------------------------------
                                  0.55   data required time
                                 -0.96   data arrival time
-----------------------------------------------------------------------------
                                  0.41   slack (MET)


Startpoint: _418_ (rising edge-triggered flip-flop clocked by clk)
Endpoint: _418_ (rising edge-triggered flip-flop clocked by clk)
Path Group: clk
Path Type: min
Corner: Typical

Fanout     Cap    Slew   Delay    Time   Description
-----------------------------------------------------------------------------
                          0.00    0.00   clock clk (rise edge)
                          0.00    0.00   clock source latency
                  0.08    0.05    0.05 ^ clk (in)
     1    0.02                           clk (net)
                  0.08    0.00    0.05 ^ clkbuf_0_clk/A (sky130_fd_sc_hd__clkbuf_16)
                  0.06    0.15    0.19 ^ clkbuf_0_clk/X (sky130_fd_sc_hd__clkbuf_16)
     4    0.04                           clknet_0_clk (net)
                  0.06    0.00    0.19 ^ clkbuf_2_3__f_clk/A (sky130_fd_sc_hd__clkbuf_16)
                  0.06    0.14    0.33 ^ clkbuf_2_3__f_clk/X (sky130_fd_sc_hd__clkbuf_16)
    12    0.04                           clknet_2_3__leaf_clk (net)
                  0.06    0.00    0.33 ^ _418_/CLK (sky130_fd_sc_hd__dfrtp_1)
                  0.12    0.36    0.70 ^ _418_/Q (sky130_fd_sc_hd__dfrtp_1)
     4    0.01                           clk_count[10] (net)
                  0.12    0.00    0.70 ^ _319_/B1 (sky130_fd_sc_hd__a21o_1)
                  0.04    0.09    0.79 ^ _319_/X (sky130_fd_sc_hd__a21o_1)
     1    0.00                           _175_ (net)
                  0.04    0.00    0.79 ^ _320_/B (sky130_fd_sc_hd__and2_1)
                  0.04    0.11    0.89 ^ _320_/X (sky130_fd_sc_hd__and2_1)
     1    0.00                           _176_ (net)
                  0.04    0.00    0.89 ^ _321_/A (sky130_fd_sc_hd__clkbuf_1)
                  0.04    0.07    0.97 ^ _321_/X (sky130_fd_sc_hd__clkbuf_1)
     1    0.00                           _060_ (net)
                  0.04    0.00    0.97 ^ _418_/D (sky130_fd_sc_hd__dfrtp_1)
                                  0.97   data arrival time

                          0.00    0.00   clock clk (rise edge)
                          0.00    0.00   clock source latency
                  0.08    0.05    0.05 ^ clk (in)
     1    0.02                           clk (net)
                  0.08    0.00    0.05 ^ clkbuf_0_clk/A (sky130_fd_sc_hd__clkbuf_16)
                  0.06    0.16    0.22 ^ clkbuf_0_clk/X (sky130_fd_sc_hd__clkbuf_16)
     4    0.04                           clknet_0_clk (net)
                  0.06    0.00    0.22 ^ clkbuf_2_3__f_clk/A (sky130_fd_sc_hd__clkbuf_16)
                  0.06    0.15    0.37 ^ clkbuf_2_3__f_clk/X (sky130_fd_sc_hd__clkbuf_16)
    12    0.04                           clknet_2_3__leaf_clk (net)
                  0.06    0.00    0.37 ^ _418_/CLK (sky130_fd_sc_hd__dfrtp_1)
                          0.25    0.62   clock uncertainty
                         -0.04    0.58   clock reconvergence pessimism
                         -0.03    0.55   library hold time
                                  0.55   data required time
-----------------------------------------------------------------------------
                                  0.55   data required time
                                 -0.97   data arrival time
-----------------------------------------------------------------------------
                                  0.41   slack (MET)


Startpoint: _408_ (rising edge-triggered flip-flop clocked by clk)
Endpoint: _408_ (rising edge-triggered flip-flop clocked by clk)
Path Group: clk
Path Type: min
Corner: Typical

Fanout     Cap    Slew   Delay    Time   Description
-----------------------------------------------------------------------------
                          0.00    0.00   clock clk (rise edge)
                          0.00    0.00   clock source latency
                  0.08    0.05    0.05 ^ clk (in)
     1    0.02                           clk (net)
                  0.08    0.00    0.05 ^ clkbuf_0_clk/A (sky130_fd_sc_hd__clkbuf_16)
                  0.06    0.15    0.19 ^ clkbuf_0_clk/X (sky130_fd_sc_hd__clkbuf_16)
     4    0.04                           clknet_0_clk (net)
                  0.06    0.00    0.20 ^ clkbuf_2_0__f_clk/A (sky130_fd_sc_hd__clkbuf_16)
                  0.06    0.14    0.34 ^ clkbuf_2_0__f_clk/X (sky130_fd_sc_hd__clkbuf_16)
    14    0.04                           clknet_2_0__leaf_clk (net)
                  0.06    0.00    0.34 ^ _408_/CLK (sky130_fd_sc_hd__dfrtp_4)
                  0.11    0.43    0.77 ^ _408_/Q (sky130_fd_sc_hd__dfrtp_4)
     8    0.03                           clk_count[0] (net)
                  0.11    0.00    0.77 ^ _352_/S (sky130_fd_sc_hd__mux2_1)
                  0.04    0.13    0.91 ^ _352_/X (sky130_fd_sc_hd__mux2_1)
     1    0.00                           _198_ (net)
                  0.04    0.00    0.91 ^ _353_/A (sky130_fd_sc_hd__clkbuf_1)
                  0.04    0.07    0.98 ^ _353_/X (sky130_fd_sc_hd__clkbuf_1)
     1    0.00                           _050_ (net)
                  0.04    0.00    0.98 ^ _408_/D (sky130_fd_sc_hd__dfrtp_4)
                                  0.98   data arrival time

                          0.00    0.00   clock clk (rise edge)
                          0.00    0.00   clock source latency
                  0.08    0.05    0.05 ^ clk (in)
     1    0.02                           clk (net)
                  0.08    0.00    0.05 ^ clkbuf_0_clk/A (sky130_fd_sc_hd__clkbuf_16)
                  0.06    0.16    0.22 ^ clkbuf_0_clk/X (sky130_fd_sc_hd__clkbuf_16)
     4    0.04                           clknet_0_clk (net)
                  0.06    0.00    0.22 ^ clkbuf_2_0__f_clk/A (sky130_fd_sc_hd__clkbuf_16)
                  0.06    0.16    0.37 ^ clkbuf_2_0__f_clk/X (sky130_fd_sc_hd__clkbuf_16)
    14    0.04                           clknet_2_0__leaf_clk (net)
                  0.06    0.00    0.37 ^ _408_/CLK (sky130_fd_sc_hd__dfrtp_4)
                          0.25    0.62   clock uncertainty
                         -0.04    0.59   clock reconvergence pessimism
                         -0.03    0.56   library hold time
                                  0.56   data required time
-----------------------------------------------------------------------------
                                  0.56   data required time
                                 -0.98   data arrival time
-----------------------------------------------------------------------------
                                  0.42   slack (MET)


Startpoint: _414_ (rising edge-triggered flip-flop clocked by clk)
Endpoint: _414_ (rising edge-triggered flip-flop clocked by clk)
Path Group: clk
Path Type: min
Corner: Typical

Fanout     Cap    Slew   Delay    Time   Description
-----------------------------------------------------------------------------
                          0.00    0.00   clock clk (rise edge)
                          0.00    0.00   clock source latency
                  0.08    0.05    0.05 ^ clk (in)
     1    0.02                           clk (net)
                  0.08    0.00    0.05 ^ clkbuf_0_clk/A (sky130_fd_sc_hd__clkbuf_16)
                  0.06    0.15    0.19 ^ clkbuf_0_clk/X (sky130_fd_sc_hd__clkbuf_16)
     4    0.04                           clknet_0_clk (net)
                  0.06    0.00    0.20 ^ clkbuf_2_2__f_clk/A (sky130_fd_sc_hd__clkbuf_16)
                  0.05    0.13    0.33 ^ clkbuf_2_2__f_clk/X (sky130_fd_sc_hd__clkbuf_16)
    10    0.03                           clknet_2_2__leaf_clk (net)
                  0.05    0.00    0.33 ^ _414_/CLK (sky130_fd_sc_hd__dfrtp_1)
                  0.09    0.39    0.72 v _414_/Q (sky130_fd_sc_hd__dfrtp_1)
     6    0.01                           clk_count[6] (net)
                  0.09    0.00    0.72 v _334_/A_N (sky130_fd_sc_hd__and3b_1)
                  0.05    0.21    0.93 ^ _334_/X (sky130_fd_sc_hd__and3b_1)
     1    0.00                           _186_ (net)
                  0.05    0.00    0.93 ^ _335_/B1 (sky130_fd_sc_hd__a21o_1)
                  0.03    0.07    1.00 ^ _335_/X (sky130_fd_sc_hd__a21o_1)
     1    0.00                           _056_ (net)
                  0.03    0.00    1.00 ^ _414_/D (sky130_fd_sc_hd__dfrtp_1)
                                  1.00   data arrival time

                          0.00    0.00   clock clk (rise edge)
                          0.00    0.00   clock source latency
                  0.08    0.05    0.05 ^ clk (in)
     1    0.02                           clk (net)
                  0.08    0.00    0.05 ^ clkbuf_0_clk/A (sky130_fd_sc_hd__clkbuf_16)
                  0.06    0.16    0.22 ^ clkbuf_0_clk/X (sky130_fd_sc_hd__clkbuf_16)
     4    0.04                           clknet_0_clk (net)
                  0.06    0.00    0.22 ^ clkbuf_2_2__f_clk/A (sky130_fd_sc_hd__clkbuf_16)
                  0.05    0.15    0.36 ^ clkbuf_2_2__f_clk/X (sky130_fd_sc_hd__clkbuf_16)
    10    0.03                           clknet_2_2__leaf_clk (net)
                  0.05    0.00    0.37 ^ _414_/CLK (sky130_fd_sc_hd__dfrtp_1)
                          0.25    0.62   clock uncertainty
                         -0.03    0.58   clock reconvergence pessimism
                         -0.03    0.55   library hold time
                                  0.55   data required time
-----------------------------------------------------------------------------
                                  0.55   data required time
                                 -1.00   data arrival time
-----------------------------------------------------------------------------
                                  0.45   slack (MET)


Startpoint: _420_ (rising edge-triggered flip-flop clocked by clk)
Endpoint: _420_ (rising edge-triggered flip-flop clocked by clk)
Path Group: clk
Path Type: min
Corner: Typical

Fanout     Cap    Slew   Delay    Time   Description
-----------------------------------------------------------------------------
                          0.00    0.00   clock clk (rise edge)
                          0.00    0.00   clock source latency
                  0.08    0.05    0.05 ^ clk (in)
     1    0.02                           clk (net)
                  0.08    0.00    0.05 ^ clkbuf_0_clk/A (sky130_fd_sc_hd__clkbuf_16)
                  0.06    0.15    0.19 ^ clkbuf_0_clk/X (sky130_fd_sc_hd__clkbuf_16)
     4    0.04                           clknet_0_clk (net)
                  0.06    0.00    0.19 ^ clkbuf_2_3__f_clk/A (sky130_fd_sc_hd__clkbuf_16)
                  0.06    0.14    0.33 ^ clkbuf_2_3__f_clk/X (sky130_fd_sc_hd__clkbuf_16)
    12    0.04                           clknet_2_3__leaf_clk (net)
                  0.06    0.00    0.33 ^ _420_/CLK (sky130_fd_sc_hd__dfrtp_1)
                  0.09    0.39    0.73 v _420_/Q (sky130_fd_sc_hd__dfrtp_1)
     6    0.01                           clk_count[12] (net)
                  0.09    0.00    0.73 v _311_/A_N (sky130_fd_sc_hd__and3b_1)
                  0.05    0.21    0.94 ^ _311_/X (sky130_fd_sc_hd__and3b_1)
     1    0.00                           _169_ (net)
                  0.05    0.00    0.94 ^ _312_/B1 (sky130_fd_sc_hd__a21o_1)
                  0.03    0.07    1.01 ^ _312_/X (sky130_fd_sc_hd__a21o_1)
     1    0.00                           _062_ (net)
                  0.03    0.00    1.01 ^ _420_/D (sky130_fd_sc_hd__dfrtp_1)
                                  1.01   data arrival time

                          0.00    0.00   clock clk (rise edge)
                          0.00    0.00   clock source latency
                  0.08    0.05    0.05 ^ clk (in)
     1    0.02                           clk (net)
                  0.08    0.00    0.05 ^ clkbuf_0_clk/A (sky130_fd_sc_hd__clkbuf_16)
                  0.06    0.16    0.22 ^ clkbuf_0_clk/X (sky130_fd_sc_hd__clkbuf_16)
     4    0.04                           clknet_0_clk (net)
                  0.06    0.00    0.22 ^ clkbuf_2_3__f_clk/A (sky130_fd_sc_hd__clkbuf_16)
                  0.06    0.15    0.37 ^ clkbuf_2_3__f_clk/X (sky130_fd_sc_hd__clkbuf_16)
    12    0.04                           clknet_2_3__leaf_clk (net)
                  0.06    0.00    0.37 ^ _420_/CLK (sky130_fd_sc_hd__dfrtp_1)
                          0.25    0.62   clock uncertainty
                         -0.04    0.58   clock reconvergence pessimism
                         -0.03    0.55   library hold time
                                  0.55   data required time
-----------------------------------------------------------------------------
                                  0.55   data required time
                                 -1.01   data arrival time
-----------------------------------------------------------------------------
                                  0.45   slack (MET)


Startpoint: _455_ (rising edge-triggered flip-flop clocked by clk)
Endpoint: _424_ (rising edge-triggered flip-flop clocked by clk)
Path Group: clk
Path Type: min
Corner: Typical

Fanout     Cap    Slew   Delay    Time   Description
-----------------------------------------------------------------------------
                          0.00    0.00   clock clk (rise edge)
                          0.00    0.00   clock source latency
                  0.08    0.05    0.05 ^ clk (in)
     1    0.02                           clk (net)
                  0.08    0.00    0.05 ^ clkbuf_0_clk/A (sky130_fd_sc_hd__clkbuf_16)
                  0.06    0.15    0.19 ^ clkbuf_0_clk/X (sky130_fd_sc_hd__clkbuf_16)
     4    0.04                           clknet_0_clk (net)
                  0.06    0.00    0.20 ^ clkbuf_2_1__f_clk/A (sky130_fd_sc_hd__clkbuf_16)
                  0.06    0.14    0.33 ^ clkbuf_2_1__f_clk/X (sky130_fd_sc_hd__clkbuf_16)
    12    0.04                           clknet_2_1__leaf_clk (net)
                  0.06    0.00    0.33 ^ _455_/CLK (sky130_fd_sc_hd__dfrtp_1)
                  0.06    0.32    0.65 ^ _455_/Q (sky130_fd_sc_hd__dfrtp_1)
     2    0.01                           bit_count[3] (net)
                  0.06    0.00    0.65 ^ _216_/A (sky130_fd_sc_hd__nor2_1)
                  0.03    0.05    0.70 v _216_/Y (sky130_fd_sc_hd__nor2_1)
     2    0.01                           _108_ (net)
                  0.03    0.00    0.70 v _217_/D (sky130_fd_sc_hd__nand4_1)
                  0.11    0.11    0.82 ^ _217_/Y (sky130_fd_sc_hd__nand4_1)
     3    0.01                           _109_ (net)
                  0.11    0.00    0.82 ^ _270_/B (sky130_fd_sc_hd__and2_1)
                  0.05    0.13    0.94 ^ _270_/X (sky130_fd_sc_hd__and2_1)
     1    0.00                           _143_ (net)
                  0.05    0.00    0.94 ^ _271_/A (sky130_fd_sc_hd__clkbuf_1)
                  0.07    0.10    1.04 ^ _271_/X (sky130_fd_sc_hd__clkbuf_1)
     2    0.01                           _000_ (net)
                  0.07    0.00    1.04 ^ _424_/D (sky130_fd_sc_hd__dfrtp_2)
                                  1.04   data arrival time

                          0.00    0.00   clock clk (rise edge)
                          0.00    0.00   clock source latency
                  0.08    0.05    0.05 ^ clk (in)
     1    0.02                           clk (net)
                  0.08    0.00    0.05 ^ clkbuf_0_clk/A (sky130_fd_sc_hd__clkbuf_16)
                  0.06    0.16    0.22 ^ clkbuf_0_clk/X (sky130_fd_sc_hd__clkbuf_16)
     4    0.04                           clknet_0_clk (net)
                  0.06    0.00    0.22 ^ clkbuf_2_3__f_clk/A (sky130_fd_sc_hd__clkbuf_16)
                  0.06    0.15    0.37 ^ clkbuf_2_3__f_clk/X (sky130_fd_sc_hd__clkbuf_16)
    12    0.04                           clknet_2_3__leaf_clk (net)
                  0.06    0.00    0.37 ^ _424_/CLK (sky130_fd_sc_hd__dfrtp_2)
                          0.25    0.62   clock uncertainty
                         -0.02    0.60   clock reconvergence pessimism
                         -0.04    0.56   library hold time
                                  0.56   data required time
-----------------------------------------------------------------------------
                                  0.56   data required time
                                 -1.04   data arrival time
-----------------------------------------------------------------------------
                                  0.48   slack (MET)


Startpoint: _412_ (rising edge-triggered flip-flop clocked by clk)
Endpoint: _412_ (rising edge-triggered flip-flop clocked by clk)
Path Group: clk
Path Type: min
Corner: Typical

Fanout     Cap    Slew   Delay    Time   Description
-----------------------------------------------------------------------------
                          0.00    0.00   clock clk (rise edge)
                          0.00    0.00   clock source latency
                  0.08    0.05    0.05 ^ clk (in)
     1    0.02                           clk (net)
                  0.08    0.00    0.05 ^ clkbuf_0_clk/A (sky130_fd_sc_hd__clkbuf_16)
                  0.06    0.15    0.19 ^ clkbuf_0_clk/X (sky130_fd_sc_hd__clkbuf_16)
     4    0.04                           clknet_0_clk (net)
                  0.06    0.00    0.20 ^ clkbuf_2_2__f_clk/A (sky130_fd_sc_hd__clkbuf_16)
                  0.05    0.13    0.33 ^ clkbuf_2_2__f_clk/X (sky130_fd_sc_hd__clkbuf_16)
    10    0.03                           clknet_2_2__leaf_clk (net)
                  0.05    0.00    0.33 ^ _412_/CLK (sky130_fd_sc_hd__dfrtp_1)
                  0.08    0.38    0.71 v _412_/Q (sky130_fd_sc_hd__dfrtp_1)
     5    0.01                           clk_count[4] (net)
                  0.08    0.00    0.71 v _336_/A (sky130_fd_sc_hd__nand2_1)
                  0.09    0.10    0.82 ^ _336_/Y (sky130_fd_sc_hd__nand2_1)
     3    0.01                           _187_ (net)
                  0.09    0.00    0.82 ^ _338_/A2 (sky130_fd_sc_hd__a21o_1)
                  0.06    0.13    0.94 ^ _338_/X (sky130_fd_sc_hd__a21o_1)
     2    0.01                           _189_ (net)
                  0.06    0.00    0.94 ^ _342_/A2 (sky130_fd_sc_hd__a21o_1)
                  0.03    0.10    1.04 ^ _342_/X (sky130_fd_sc_hd__a21o_1)
     1    0.00                           _054_ (net)
                  0.03    0.00    1.04 ^ _412_/D (sky130_fd_sc_hd__dfrtp_1)
                                  1.04   data arrival time

                          0.00    0.00   clock clk (rise edge)
                          0.00    0.00   clock source latency
                  0.08    0.05    0.05 ^ clk (in)
     1    0.02                           clk (net)
                  0.08    0.00    0.05 ^ clkbuf_0_clk/A (sky130_fd_sc_hd__clkbuf_16)
                  0.06    0.16    0.22 ^ clkbuf_0_clk/X (sky130_fd_sc_hd__clkbuf_16)
     4    0.04                           clknet_0_clk (net)
                  0.06    0.00    0.22 ^ clkbuf_2_2__f_clk/A (sky130_fd_sc_hd__clkbuf_16)
                  0.05    0.15    0.36 ^ clkbuf_2_2__f_clk/X (sky130_fd_sc_hd__clkbuf_16)
    10    0.03                           clknet_2_2__leaf_clk (net)
                  0.05    0.00    0.37 ^ _412_/CLK (sky130_fd_sc_hd__dfrtp_1)
                          0.25    0.62   clock uncertainty
                         -0.03    0.58   clock reconvergence pessimism
                         -0.03    0.55   library hold time
                                  0.55   data required time
-----------------------------------------------------------------------------
                                  0.55   data required time
                                 -1.04   data arrival time
-----------------------------------------------------------------------------
                                  0.49   slack (MET)


Startpoint: _454_ (rising edge-triggered flip-flop clocked by clk)
Endpoint: _455_ (rising edge-triggered flip-flop clocked by clk)
Path Group: clk
Path Type: min
Corner: Typical

Fanout     Cap    Slew   Delay    Time   Description
-----------------------------------------------------------------------------
                          0.00    0.00   clock clk (rise edge)
                          0.00    0.00   clock source latency
                  0.08    0.05    0.05 ^ clk (in)
     1    0.02                           clk (net)
                  0.08    0.00    0.05 ^ clkbuf_0_clk/A (sky130_fd_sc_hd__clkbuf_16)
                  0.06    0.15    0.19 ^ clkbuf_0_clk/X (sky130_fd_sc_hd__clkbuf_16)
     4    0.04                           clknet_0_clk (net)
                  0.06    0.00    0.20 ^ clkbuf_2_1__f_clk/A (sky130_fd_sc_hd__clkbuf_16)
                  0.06    0.14    0.33 ^ clkbuf_2_1__f_clk/X (sky130_fd_sc_hd__clkbuf_16)
    12    0.04                           clknet_2_1__leaf_clk (net)
                  0.06    0.00    0.33 ^ _454_/CLK (sky130_fd_sc_hd__dfrtp_1)
                  0.05    0.35    0.68 v _454_/Q (sky130_fd_sc_hd__dfrtp_1)
     2    0.00                           bit_count[2] (net)
                  0.05    0.00    0.68 v _215_/A (sky130_fd_sc_hd__nand3_1)
                  0.07    0.07    0.76 ^ _215_/Y (sky130_fd_sc_hd__nand3_1)
     2    0.00                           _107_ (net)
                  0.07    0.00    0.76 ^ _219_/C (sky130_fd_sc_hd__and4_1)
                  0.07    0.19    0.95 ^ _219_/X (sky130_fd_sc_hd__and4_1)
     2    0.00                           _111_ (net)
                  0.07    0.00    0.95 ^ _220_/A2 (sky130_fd_sc_hd__o21a_1)
                  0.04    0.10    1.05 ^ _220_/X (sky130_fd_sc_hd__o21a_1)
     1    0.00                           _095_ (net)
                  0.04    0.00    1.05 ^ _455_/D (sky130_fd_sc_hd__dfrtp_1)
                                  1.05   data arrival time

                          0.00    0.00   clock clk (rise edge)
                          0.00    0.00   clock source latency
                  0.08    0.05    0.05 ^ clk (in)
     1    0.02                           clk (net)
                  0.08    0.00    0.05 ^ clkbuf_0_clk/A (sky130_fd_sc_hd__clkbuf_16)
                  0.06    0.16    0.22 ^ clkbuf_0_clk/X (sky130_fd_sc_hd__clkbuf_16)
     4    0.04                           clknet_0_clk (net)
                  0.06    0.00    0.22 ^ clkbuf_2_1__f_clk/A (sky130_fd_sc_hd__clkbuf_16)
                  0.06    0.15    0.37 ^ clkbuf_2_1__f_clk/X (sky130_fd_sc_hd__clkbuf_16)
    12    0.04                           clknet_2_1__leaf_clk (net)
                  0.06    0.00    0.37 ^ _455_/CLK (sky130_fd_sc_hd__dfrtp_1)
                          0.25    0.62   clock uncertainty
                         -0.04    0.58   clock reconvergence pessimism
                         -0.03    0.55   library hold time
                                  0.55   data required time
-----------------------------------------------------------------------------
                                  0.55   data required time
                                 -1.05   data arrival time
-----------------------------------------------------------------------------
                                  0.50   slack (MET)


Startpoint: _416_ (rising edge-triggered flip-flop clocked by clk)
Endpoint: _416_ (rising edge-triggered flip-flop clocked by clk)
Path Group: clk
Path Type: min
Corner: Typical

Fanout     Cap    Slew   Delay    Time   Description
-----------------------------------------------------------------------------
                          0.00    0.00   clock clk (rise edge)
                          0.00    0.00   clock source latency
                  0.08    0.05    0.05 ^ clk (in)
     1    0.02                           clk (net)
                  0.08    0.00    0.05 ^ clkbuf_0_clk/A (sky130_fd_sc_hd__clkbuf_16)
                  0.06    0.15    0.19 ^ clkbuf_0_clk/X (sky130_fd_sc_hd__clkbuf_16)
     4    0.04                           clknet_0_clk (net)
                  0.06    0.00    0.20 ^ clkbuf_2_2__f_clk/A (sky130_fd_sc_hd__clkbuf_16)
                  0.05    0.13    0.33 ^ clkbuf_2_2__f_clk/X (sky130_fd_sc_hd__clkbuf_16)
    10    0.03                           clknet_2_2__leaf_clk (net)
                  0.05    0.00    0.33 ^ _416_/CLK (sky130_fd_sc_hd__dfrtp_1)
                  0.09    0.39    0.72 v _416_/Q (sky130_fd_sc_hd__dfrtp_1)
     5    0.01                           clk_count[8] (net)
                  0.09    0.00    0.72 v _322_/A (sky130_fd_sc_hd__nand3_1)
                  0.09    0.11    0.83 ^ _322_/Y (sky130_fd_sc_hd__nand3_1)
     3    0.01                           _177_ (net)
                  0.09    0.00    0.83 ^ _324_/A2 (sky130_fd_sc_hd__a21o_1)
                  0.06    0.13    0.95 ^ _324_/X (sky130_fd_sc_hd__a21o_1)
     2    0.01                           _179_ (net)
                  0.06    0.00    0.96 ^ _327_/A2 (sky130_fd_sc_hd__a21o_1)
                  0.03    0.10    1.05 ^ _327_/X (sky130_fd_sc_hd__a21o_1)
     1    0.00                           _058_ (net)
                  0.03    0.00    1.05 ^ _416_/D (sky130_fd_sc_hd__dfrtp_1)
                                  1.05   data arrival time

                          0.00    0.00   clock clk (rise edge)
                          0.00    0.00   clock source latency
                  0.08    0.05    0.05 ^ clk (in)
     1    0.02                           clk (net)
                  0.08    0.00    0.05 ^ clkbuf_0_clk/A (sky130_fd_sc_hd__clkbuf_16)
                  0.06    0.16    0.22 ^ clkbuf_0_clk/X (sky130_fd_sc_hd__clkbuf_16)
     4    0.04                           clknet_0_clk (net)
                  0.06    0.00    0.22 ^ clkbuf_2_2__f_clk/A (sky130_fd_sc_hd__clkbuf_16)
                  0.05    0.15    0.36 ^ clkbuf_2_2__f_clk/X (sky130_fd_sc_hd__clkbuf_16)
    10    0.03                           clknet_2_2__leaf_clk (net)
                  0.05    0.00    0.37 ^ _416_/CLK (sky130_fd_sc_hd__dfrtp_1)
                          0.25    0.62   clock uncertainty
                         -0.03    0.58   clock reconvergence pessimism
                         -0.03    0.55   library hold time
                                  0.55   data required time
-----------------------------------------------------------------------------
                                  0.55   data required time
                                 -1.05   data arrival time
-----------------------------------------------------------------------------
                                  0.50   slack (MET)


Startpoint: _455_ (rising edge-triggered flip-flop clocked by clk)
Endpoint: _425_ (rising edge-triggered flip-flop clocked by clk)
Path Group: clk
Path Type: min
Corner: Typical

Fanout     Cap    Slew   Delay    Time   Description
-----------------------------------------------------------------------------
                          0.00    0.00   clock clk (rise edge)
                          0.00    0.00   clock source latency
                  0.08    0.05    0.05 ^ clk (in)
     1    0.02                           clk (net)
                  0.08    0.00    0.05 ^ clkbuf_0_clk/A (sky130_fd_sc_hd__clkbuf_16)
                  0.06    0.15    0.19 ^ clkbuf_0_clk/X (sky130_fd_sc_hd__clkbuf_16)
     4    0.04                           clknet_0_clk (net)
                  0.06    0.00    0.20 ^ clkbuf_2_1__f_clk/A (sky130_fd_sc_hd__clkbuf_16)
                  0.06    0.14    0.33 ^ clkbuf_2_1__f_clk/X (sky130_fd_sc_hd__clkbuf_16)
    12    0.04                           clknet_2_1__leaf_clk (net)
                  0.06    0.00    0.33 ^ _455_/CLK (sky130_fd_sc_hd__dfrtp_1)
                  0.06    0.32    0.65 ^ _455_/Q (sky130_fd_sc_hd__dfrtp_1)
     2    0.01                           bit_count[3] (net)
                  0.06    0.00    0.65 ^ _216_/A (sky130_fd_sc_hd__nor2_1)
                  0.03    0.05    0.70 v _216_/Y (sky130_fd_sc_hd__nor2_1)
     2    0.01                           _108_ (net)
                  0.03    0.00    0.70 v _217_/D (sky130_fd_sc_hd__nand4_1)
                  0.11    0.11    0.82 ^ _217_/Y (sky130_fd_sc_hd__nand4_1)
     3    0.01                           _109_ (net)
                  0.11    0.00    0.82 ^ _218_/A (sky130_fd_sc_hd__buf_4)
                  0.17    0.22    1.03 ^ _218_/X (sky130_fd_sc_hd__buf_4)
    10    0.06                           _110_ (net)
                  0.17    0.00    1.03 ^ _354_/A (sky130_fd_sc_hd__inv_2)
                  0.03    0.03    1.07 v _354_/Y (sky130_fd_sc_hd__inv_2)
     1    0.00                           _001_ (net)
                  0.03    0.00    1.07 v _425_/D (sky130_fd_sc_hd__dfrtp_1)
                                  1.07   data arrival time

                          0.00    0.00   clock clk (rise edge)
                          0.00    0.00   clock source latency
                  0.08    0.05    0.05 ^ clk (in)
     1    0.02                           clk (net)
                  0.08    0.00    0.05 ^ clkbuf_0_clk/A (sky130_fd_sc_hd__clkbuf_16)
                  0.06    0.16    0.22 ^ clkbuf_0_clk/X (sky130_fd_sc_hd__clkbuf_16)
     4    0.04                           clknet_0_clk (net)
                  0.06    0.00    0.22 ^ clkbuf_2_2__f_clk/A (sky130_fd_sc_hd__clkbuf_16)
                  0.05    0.15    0.36 ^ clkbuf_2_2__f_clk/X (sky130_fd_sc_hd__clkbuf_16)
    10    0.03                           clknet_2_2__leaf_clk (net)
                  0.05    0.00    0.37 ^ _425_/CLK (sky130_fd_sc_hd__dfrtp_1)
                          0.25    0.62   clock uncertainty
                         -0.02    0.59   clock reconvergence pessimism
                         -0.04    0.56   library hold time
                                  0.56   data required time
-----------------------------------------------------------------------------
                                  0.56   data required time
                                 -1.07   data arrival time
-----------------------------------------------------------------------------
                                  0.51   slack (MET)


Startpoint: _417_ (rising edge-triggered flip-flop clocked by clk)
Endpoint: _417_ (rising edge-triggered flip-flop clocked by clk)
Path Group: clk
Path Type: min
Corner: Typical

Fanout     Cap    Slew   Delay    Time   Description
-----------------------------------------------------------------------------
                          0.00    0.00   clock clk (rise edge)
                          0.00    0.00   clock source latency
                  0.08    0.05    0.05 ^ clk (in)
     1    0.02                           clk (net)
                  0.08    0.00    0.05 ^ clkbuf_0_clk/A (sky130_fd_sc_hd__clkbuf_16)
                  0.06    0.15    0.19 ^ clkbuf_0_clk/X (sky130_fd_sc_hd__clkbuf_16)
     4    0.04                           clknet_0_clk (net)
                  0.06    0.00    0.20 ^ clkbuf_2_2__f_clk/A (sky130_fd_sc_hd__clkbuf_16)
                  0.05    0.13    0.33 ^ clkbuf_2_2__f_clk/X (sky130_fd_sc_hd__clkbuf_16)
    10    0.03                           clknet_2_2__leaf_clk (net)
                  0.05    0.00    0.33 ^ _417_/CLK (sky130_fd_sc_hd__dfrtp_1)
                  0.13    0.37    0.70 ^ _417_/Q (sky130_fd_sc_hd__dfrtp_1)
     5    0.01                           clk_count[9] (net)
                  0.13    0.00    0.70 ^ _323_/A (sky130_fd_sc_hd__or2_1)
                  0.03    0.10    0.80 ^ _323_/X (sky130_fd_sc_hd__or2_1)
     1    0.00                           _178_ (net)
                  0.03    0.00    0.80 ^ _325_/A2_N (sky130_fd_sc_hd__a2bb2o_1)
                  0.04    0.25    1.05 v _325_/X (sky130_fd_sc_hd__a2bb2o_1)
     1    0.00                           _059_ (net)
                  0.04    0.00    1.05 v _417_/D (sky130_fd_sc_hd__dfrtp_1)
                                  1.05   data arrival time

                          0.00    0.00   clock clk (rise edge)
                          0.00    0.00   clock source latency
                  0.08    0.05    0.05 ^ clk (in)
     1    0.02                           clk (net)
                  0.08    0.00    0.05 ^ clkbuf_0_clk/A (sky130_fd_sc_hd__clkbuf_16)
                  0.06    0.16    0.22 ^ clkbuf_0_clk/X (sky130_fd_sc_hd__clkbuf_16)
     4    0.04                           clknet_0_clk (net)
                  0.06    0.00    0.22 ^ clkbuf_2_2__f_clk/A (sky130_fd_sc_hd__clkbuf_16)
                  0.05    0.15    0.36 ^ clkbuf_2_2__f_clk/X (sky130_fd_sc_hd__clkbuf_16)
    10    0.03                           clknet_2_2__leaf_clk (net)
                  0.05    0.00    0.37 ^ _417_/CLK (sky130_fd_sc_hd__dfrtp_1)
                          0.25    0.62   clock uncertainty
                         -0.03    0.58   clock reconvergence pessimism
                         -0.04    0.54   library hold time
                                  0.54   data required time
-----------------------------------------------------------------------------
                                  0.54   data required time
                                 -1.05   data arrival time
-----------------------------------------------------------------------------
                                  0.51   slack (MET)


Startpoint: _435_ (rising edge-triggered flip-flop clocked by clk)
Endpoint: _444_ (rising edge-triggered flip-flop clocked by clk)
Path Group: clk
Path Type: min
Corner: Typical

Fanout     Cap    Slew   Delay    Time   Description
-----------------------------------------------------------------------------
                          0.00    0.00   clock clk (rise edge)
                          0.00    0.00   clock source latency
                  0.08    0.05    0.05 ^ clk (in)
     1    0.02                           clk (net)
                  0.08    0.00    0.05 ^ clkbuf_0_clk/A (sky130_fd_sc_hd__clkbuf_16)
                  0.06    0.15    0.19 ^ clkbuf_0_clk/X (sky130_fd_sc_hd__clkbuf_16)
     4    0.04                           clknet_0_clk (net)
                  0.06    0.00    0.20 ^ clkbuf_2_0__f_clk/A (sky130_fd_sc_hd__clkbuf_16)
                  0.06    0.14    0.34 ^ clkbuf_2_0__f_clk/X (sky130_fd_sc_hd__clkbuf_16)
    14    0.04                           clknet_2_0__leaf_clk (net)
                  0.06    0.00    0.34 ^ _435_/CLK (sky130_fd_sc_hd__dfrtp_2)
                  0.12    0.39    0.73 ^ _435_/Q (sky130_fd_sc_hd__dfrtp_2)
     4    0.02                           net24 (net)
                  0.12    0.00    0.73 ^ _235_/A (sky130_fd_sc_hd__inv_2)
                  0.03    0.04    0.78 v _235_/Y (sky130_fd_sc_hd__inv_2)
     2    0.01                           _123_ (net)
                  0.03    0.00    0.78 v _236_/A (sky130_fd_sc_hd__nand2_1)
                  0.08    0.08    0.85 ^ _236_/Y (sky130_fd_sc_hd__nand2_1)
     2    0.01                           _124_ (net)
                  0.08    0.00    0.85 ^ _239_/B (sky130_fd_sc_hd__nor2_2)
                  0.08    0.09    0.94 v _239_/Y (sky130_fd_sc_hd__nor2_2)
     8    0.03                           _127_ (net)
                  0.08    0.00    0.94 v _247_/B1 (sky130_fd_sc_hd__a22o_1)
                  0.04    0.17    1.11 v _247_/X (sky130_fd_sc_hd__a22o_1)
     1    0.00                           _084_ (net)
                  0.04    0.00    1.11 v _444_/D (sky130_fd_sc_hd__dfrtp_1)
                                  1.11   data arrival time

                          0.00    0.00   clock clk (rise edge)
                          0.00    0.00   clock source latency
                  0.08    0.05    0.05 ^ clk (in)
     1    0.02                           clk (net)
                  0.08    0.00    0.05 ^ clkbuf_0_clk/A (sky130_fd_sc_hd__clkbuf_16)
                  0.06    0.16    0.22 ^ clkbuf_0_clk/X (sky130_fd_sc_hd__clkbuf_16)
     4    0.04                           clknet_0_clk (net)
                  0.06    0.00    0.22 ^ clkbuf_2_3__f_clk/A (sky130_fd_sc_hd__clkbuf_16)
                  0.06    0.15    0.37 ^ clkbuf_2_3__f_clk/X (sky130_fd_sc_hd__clkbuf_16)
    12    0.04                           clknet_2_3__leaf_clk (net)
                  0.06    0.00    0.37 ^ _444_/CLK (sky130_fd_sc_hd__dfrtp_1)
                          0.25    0.62   clock uncertainty
                         -0.02    0.60   clock reconvergence pessimism
                         -0.04    0.56   library hold time
                                  0.56   data required time
-----------------------------------------------------------------------------
                                  0.56   data required time
                                 -1.11   data arrival time
-----------------------------------------------------------------------------
                                  0.55   slack (MET)


Startpoint: _435_ (rising edge-triggered flip-flop clocked by clk)
Endpoint: _445_ (rising edge-triggered flip-flop clocked by clk)
Path Group: clk
Path Type: min
Corner: Typical

Fanout     Cap    Slew   Delay    Time   Description
-----------------------------------------------------------------------------
                          0.00    0.00   clock clk (rise edge)
                          0.00    0.00   clock source latency
                  0.08    0.05    0.05 ^ clk (in)
     1    0.02                           clk (net)
                  0.08    0.00    0.05 ^ clkbuf_0_clk/A (sky130_fd_sc_hd__clkbuf_16)
                  0.06    0.15    0.19 ^ clkbuf_0_clk/X (sky130_fd_sc_hd__clkbuf_16)
     4    0.04                           clknet_0_clk (net)
                  0.06    0.00    0.20 ^ clkbuf_2_0__f_clk/A (sky130_fd_sc_hd__clkbuf_16)
                  0.06    0.14    0.34 ^ clkbuf_2_0__f_clk/X (sky130_fd_sc_hd__clkbuf_16)
    14    0.04                           clknet_2_0__leaf_clk (net)
                  0.06    0.00    0.34 ^ _435_/CLK (sky130_fd_sc_hd__dfrtp_2)
                  0.12    0.39    0.73 ^ _435_/Q (sky130_fd_sc_hd__dfrtp_2)
     4    0.02                           net24 (net)
                  0.12    0.00    0.73 ^ _235_/A (sky130_fd_sc_hd__inv_2)
                  0.03    0.04    0.78 v _235_/Y (sky130_fd_sc_hd__inv_2)
     2    0.01                           _123_ (net)
                  0.03    0.00    0.78 v _236_/A (sky130_fd_sc_hd__nand2_1)
                  0.08    0.08    0.85 ^ _236_/Y (sky130_fd_sc_hd__nand2_1)
     2    0.01                           _124_ (net)
                  0.08    0.00    0.85 ^ _239_/B (sky130_fd_sc_hd__nor2_2)
                  0.08    0.09    0.94 v _239_/Y (sky130_fd_sc_hd__nor2_2)
     8    0.03                           _127_ (net)
                  0.08    0.00    0.94 v _246_/B1 (sky130_fd_sc_hd__a22o_1)
                  0.04    0.18    1.12 v _246_/X (sky130_fd_sc_hd__a22o_1)
     1    0.00                           _085_ (net)
                  0.04    0.00    1.12 v _445_/D (sky130_fd_sc_hd__dfrtp_1)
                                  1.12   data arrival time

                          0.00    0.00   clock clk (rise edge)
                          0.00    0.00   clock source latency
                  0.08    0.05    0.05 ^ clk (in)
     1    0.02                           clk (net)
                  0.08    0.00    0.05 ^ clkbuf_0_clk/A (sky130_fd_sc_hd__clkbuf_16)
                  0.06    0.16    0.22 ^ clkbuf_0_clk/X (sky130_fd_sc_hd__clkbuf_16)
     4    0.04                           clknet_0_clk (net)
                  0.06    0.00    0.22 ^ clkbuf_2_1__f_clk/A (sky130_fd_sc_hd__clkbuf_16)
                  0.06    0.15    0.37 ^ clkbuf_2_1__f_clk/X (sky130_fd_sc_hd__clkbuf_16)
    12    0.04                           clknet_2_1__leaf_clk (net)
                  0.06    0.00    0.37 ^ _445_/CLK (sky130_fd_sc_hd__dfrtp_1)
                          0.25    0.62   clock uncertainty
                         -0.02    0.60   clock reconvergence pessimism
                         -0.04    0.56   library hold time
                                  0.56   data required time
-----------------------------------------------------------------------------
                                  0.56   data required time
                                 -1.12   data arrival time
-----------------------------------------------------------------------------
                                  0.56   slack (MET)


Startpoint: _435_ (rising edge-triggered flip-flop clocked by clk)
Endpoint: _446_ (rising edge-triggered flip-flop clocked by clk)
Path Group: clk
Path Type: min
Corner: Typical

Fanout     Cap    Slew   Delay    Time   Description
-----------------------------------------------------------------------------
                          0.00    0.00   clock clk (rise edge)
                          0.00    0.00   clock source latency
                  0.08    0.05    0.05 ^ clk (in)
     1    0.02                           clk (net)
                  0.08    0.00    0.05 ^ clkbuf_0_clk/A (sky130_fd_sc_hd__clkbuf_16)
                  0.06    0.15    0.19 ^ clkbuf_0_clk/X (sky130_fd_sc_hd__clkbuf_16)
     4    0.04                           clknet_0_clk (net)
                  0.06    0.00    0.20 ^ clkbuf_2_0__f_clk/A (sky130_fd_sc_hd__clkbuf_16)
                  0.06    0.14    0.34 ^ clkbuf_2_0__f_clk/X (sky130_fd_sc_hd__clkbuf_16)
    14    0.04                           clknet_2_0__leaf_clk (net)
                  0.06    0.00    0.34 ^ _435_/CLK (sky130_fd_sc_hd__dfrtp_2)
                  0.12    0.39    0.73 ^ _435_/Q (sky130_fd_sc_hd__dfrtp_2)
     4    0.02                           net24 (net)
                  0.12    0.00    0.73 ^ _235_/A (sky130_fd_sc_hd__inv_2)
                  0.03    0.04    0.78 v _235_/Y (sky130_fd_sc_hd__inv_2)
     2    0.01                           _123_ (net)
                  0.03    0.00    0.78 v _236_/A (sky130_fd_sc_hd__nand2_1)
                  0.08    0.08    0.85 ^ _236_/Y (sky130_fd_sc_hd__nand2_1)
     2    0.01                           _124_ (net)
                  0.08    0.00    0.85 ^ _239_/B (sky130_fd_sc_hd__nor2_2)
                  0.08    0.09    0.94 v _239_/Y (sky130_fd_sc_hd__nor2_2)
     8    0.03                           _127_ (net)
                  0.08    0.00    0.94 v _245_/B1 (sky130_fd_sc_hd__a22o_1)
                  0.04    0.18    1.12 v _245_/X (sky130_fd_sc_hd__a22o_1)
     1    0.00                           _086_ (net)
                  0.04    0.00    1.12 v _446_/D (sky130_fd_sc_hd__dfrtp_1)
                                  1.12   data arrival time

                          0.00    0.00   clock clk (rise edge)
                          0.00    0.00   clock source latency
                  0.08    0.05    0.05 ^ clk (in)
     1    0.02                           clk (net)
                  0.08    0.00    0.05 ^ clkbuf_0_clk/A (sky130_fd_sc_hd__clkbuf_16)
                  0.06    0.16    0.22 ^ clkbuf_0_clk/X (sky130_fd_sc_hd__clkbuf_16)
     4    0.04                           clknet_0_clk (net)
                  0.06    0.00    0.22 ^ clkbuf_2_1__f_clk/A (sky130_fd_sc_hd__clkbuf_16)
                  0.06    0.15    0.37 ^ clkbuf_2_1__f_clk/X (sky130_fd_sc_hd__clkbuf_16)
    12    0.04                           clknet_2_1__leaf_clk (net)
                  0.06    0.00    0.37 ^ _446_/CLK (sky130_fd_sc_hd__dfrtp_1)
                          0.25    0.62   clock uncertainty
                         -0.02    0.60   clock reconvergence pessimism
                         -0.04    0.56   library hold time
                                  0.56   data required time
-----------------------------------------------------------------------------
                                  0.56   data required time
                                 -1.12   data arrival time
-----------------------------------------------------------------------------
                                  0.56   slack (MET)


Startpoint: _435_ (rising edge-triggered flip-flop clocked by clk)
Endpoint: _448_ (rising edge-triggered flip-flop clocked by clk)
Path Group: clk
Path Type: min
Corner: Typical

Fanout     Cap    Slew   Delay    Time   Description
-----------------------------------------------------------------------------
                          0.00    0.00   clock clk (rise edge)
                          0.00    0.00   clock source latency
                  0.08    0.05    0.05 ^ clk (in)
     1    0.02                           clk (net)
                  0.08    0.00    0.05 ^ clkbuf_0_clk/A (sky130_fd_sc_hd__clkbuf_16)
                  0.06    0.15    0.19 ^ clkbuf_0_clk/X (sky130_fd_sc_hd__clkbuf_16)
     4    0.04                           clknet_0_clk (net)
                  0.06    0.00    0.20 ^ clkbuf_2_0__f_clk/A (sky130_fd_sc_hd__clkbuf_16)
                  0.06    0.14    0.34 ^ clkbuf_2_0__f_clk/X (sky130_fd_sc_hd__clkbuf_16)
    14    0.04                           clknet_2_0__leaf_clk (net)
                  0.06    0.00    0.34 ^ _435_/CLK (sky130_fd_sc_hd__dfrtp_2)
                  0.12    0.39    0.73 ^ _435_/Q (sky130_fd_sc_hd__dfrtp_2)
     4    0.02                           net24 (net)
                  0.12    0.00    0.73 ^ _235_/A (sky130_fd_sc_hd__inv_2)
                  0.03    0.04    0.78 v _235_/Y (sky130_fd_sc_hd__inv_2)
     2    0.01                           _123_ (net)
                  0.03    0.00    0.78 v _236_/A (sky130_fd_sc_hd__nand2_1)
                  0.08    0.08    0.85 ^ _236_/Y (sky130_fd_sc_hd__nand2_1)
     2    0.01                           _124_ (net)
                  0.08    0.00    0.85 ^ _239_/B (sky130_fd_sc_hd__nor2_2)
                  0.08    0.09    0.94 v _239_/Y (sky130_fd_sc_hd__nor2_2)
     8    0.03                           _127_ (net)
                  0.08    0.00    0.94 v _243_/B1 (sky130_fd_sc_hd__a22o_1)
                  0.04    0.17    1.12 v _243_/X (sky130_fd_sc_hd__a22o_1)
     1    0.00                           _088_ (net)
                  0.04    0.00    1.12 v _448_/D (sky130_fd_sc_hd__dfrtp_1)
                                  1.12   data arrival time

                          0.00    0.00   clock clk (rise edge)
                          0.00    0.00   clock source latency
                  0.08    0.05    0.05 ^ clk (in)
     1    0.02                           clk (net)
                  0.08    0.00    0.05 ^ clkbuf_0_clk/A (sky130_fd_sc_hd__clkbuf_16)
                  0.06    0.16    0.22 ^ clkbuf_0_clk/X (sky130_fd_sc_hd__clkbuf_16)
     4    0.04                           clknet_0_clk (net)
                  0.06    0.00    0.22 ^ clkbuf_2_0__f_clk/A (sky130_fd_sc_hd__clkbuf_16)
                  0.06    0.16    0.37 ^ clkbuf_2_0__f_clk/X (sky130_fd_sc_hd__clkbuf_16)
    14    0.04                           clknet_2_0__leaf_clk (net)
                  0.06    0.00    0.37 ^ _448_/CLK (sky130_fd_sc_hd__dfrtp_1)
                          0.25    0.62   clock uncertainty
                         -0.04    0.59   clock reconvergence pessimism
                         -0.04    0.55   library hold time
                                  0.55   data required time
-----------------------------------------------------------------------------
                                  0.55   data required time
                                 -1.12   data arrival time
-----------------------------------------------------------------------------
                                  0.57   slack (MET)


Startpoint: _455_ (rising edge-triggered flip-flop clocked by clk)
Endpoint: _436_ (rising edge-triggered flip-flop clocked by clk)
Path Group: clk
Path Type: min
Corner: Typical

Fanout     Cap    Slew   Delay    Time   Description
-----------------------------------------------------------------------------
                          0.00    0.00   clock clk (rise edge)
                          0.00    0.00   clock source latency
                  0.08    0.05    0.05 ^ clk (in)
     1    0.02                           clk (net)
                  0.08    0.00    0.05 ^ clkbuf_0_clk/A (sky130_fd_sc_hd__clkbuf_16)
                  0.06    0.15    0.19 ^ clkbuf_0_clk/X (sky130_fd_sc_hd__clkbuf_16)
     4    0.04                           clknet_0_clk (net)
                  0.06    0.00    0.20 ^ clkbuf_2_1__f_clk/A (sky130_fd_sc_hd__clkbuf_16)
                  0.06    0.14    0.33 ^ clkbuf_2_1__f_clk/X (sky130_fd_sc_hd__clkbuf_16)
    12    0.04                           clknet_2_1__leaf_clk (net)
                  0.06    0.00    0.33 ^ _455_/CLK (sky130_fd_sc_hd__dfrtp_1)
                  0.06    0.32    0.65 ^ _455_/Q (sky130_fd_sc_hd__dfrtp_1)
     2    0.01                           bit_count[3] (net)
                  0.06    0.00    0.65 ^ _216_/A (sky130_fd_sc_hd__nor2_1)
                  0.03    0.05    0.70 v _216_/Y (sky130_fd_sc_hd__nor2_1)
     2    0.01                           _108_ (net)
                  0.03    0.00    0.70 v _217_/D (sky130_fd_sc_hd__nand4_1)
                  0.11    0.11    0.82 ^ _217_/Y (sky130_fd_sc_hd__nand4_1)
     3    0.01                           _109_ (net)
                  0.11    0.00    0.82 ^ _270_/B (sky130_fd_sc_hd__and2_1)
                  0.05    0.13    0.94 ^ _270_/X (sky130_fd_sc_hd__and2_1)
     1    0.00                           _143_ (net)
                  0.05    0.00    0.94 ^ _271_/A (sky130_fd_sc_hd__clkbuf_1)
                  0.07    0.10    1.04 ^ _271_/X (sky130_fd_sc_hd__clkbuf_1)
     2    0.01                           _000_ (net)
                  0.07    0.00    1.04 ^ _272_/B1_N (sky130_fd_sc_hd__a21bo_1)
                  0.03    0.19    1.22 v _272_/X (sky130_fd_sc_hd__a21bo_1)
     1    0.00                           _076_ (net)
                  0.03    0.00    1.22 v _436_/D (sky130_fd_sc_hd__dfstp_1)
                                  1.22   data arrival time

                          0.00    0.00   clock clk (rise edge)
                          0.00    0.00   clock source latency
                  0.08    0.05    0.05 ^ clk (in)
     1    0.02                           clk (net)
                  0.08    0.00    0.05 ^ clkbuf_0_clk/A (sky130_fd_sc_hd__clkbuf_16)
                  0.06    0.16    0.22 ^ clkbuf_0_clk/X (sky130_fd_sc_hd__clkbuf_16)
     4    0.04                           clknet_0_clk (net)
                  0.06    0.00    0.22 ^ clkbuf_2_3__f_clk/A (sky130_fd_sc_hd__clkbuf_16)
                  0.06    0.15    0.37 ^ clkbuf_2_3__f_clk/X (sky130_fd_sc_hd__clkbuf_16)
    12    0.04                           clknet_2_3__leaf_clk (net)
                  0.06    0.00    0.37 ^ _436_/CLK (sky130_fd_sc_hd__dfstp_1)
                          0.25    0.62   clock uncertainty
                         -0.02    0.60   clock reconvergence pessimism
                         -0.01    0.59   library hold time
                                  0.59   data required time
-----------------------------------------------------------------------------
                                  0.59   data required time
                                 -1.22   data arrival time
-----------------------------------------------------------------------------
                                  0.63   slack (MET)


Startpoint: _455_ (rising edge-triggered flip-flop clocked by clk)
Endpoint: _433_ (rising edge-triggered flip-flop clocked by clk)
Path Group: clk
Path Type: min
Corner: Typical

Fanout     Cap    Slew   Delay    Time   Description
-----------------------------------------------------------------------------
                          0.00    0.00   clock clk (rise edge)
                          0.00    0.00   clock source latency
                  0.08    0.05    0.05 ^ clk (in)
     1    0.02                           clk (net)
                  0.08    0.00    0.05 ^ clkbuf_0_clk/A (sky130_fd_sc_hd__clkbuf_16)
                  0.06    0.15    0.19 ^ clkbuf_0_clk/X (sky130_fd_sc_hd__clkbuf_16)
     4    0.04                           clknet_0_clk (net)
                  0.06    0.00    0.20 ^ clkbuf_2_1__f_clk/A (sky130_fd_sc_hd__clkbuf_16)
                  0.06    0.14    0.33 ^ clkbuf_2_1__f_clk/X (sky130_fd_sc_hd__clkbuf_16)
    12    0.04                           clknet_2_1__leaf_clk (net)
                  0.06    0.00    0.33 ^ _455_/CLK (sky130_fd_sc_hd__dfrtp_1)
                  0.06    0.32    0.65 ^ _455_/Q (sky130_fd_sc_hd__dfrtp_1)
     2    0.01                           bit_count[3] (net)
                  0.06    0.00    0.65 ^ _216_/A (sky130_fd_sc_hd__nor2_1)
                  0.03    0.05    0.70 v _216_/Y (sky130_fd_sc_hd__nor2_1)
     2    0.01                           _108_ (net)
                  0.03    0.00    0.70 v _217_/D (sky130_fd_sc_hd__nand4_1)
                  0.11    0.11    0.82 ^ _217_/Y (sky130_fd_sc_hd__nand4_1)
     3    0.01                           _109_ (net)
                  0.11    0.00    0.82 ^ _218_/A (sky130_fd_sc_hd__buf_4)
                  0.17    0.22    1.03 ^ _218_/X (sky130_fd_sc_hd__buf_4)
    10    0.06                           _110_ (net)
                  0.17    0.00    1.03 ^ _279_/S (sky130_fd_sc_hd__mux2_1)
                  0.04    0.15    1.18 ^ _279_/X (sky130_fd_sc_hd__mux2_1)
     1    0.00                           _148_ (net)
                  0.04    0.00    1.18 ^ _280_/A (sky130_fd_sc_hd__clkbuf_1)
                  0.04    0.07    1.25 ^ _280_/X (sky130_fd_sc_hd__clkbuf_1)
     1    0.00                           _073_ (net)
                  0.04    0.00    1.25 ^ _433_/D (sky130_fd_sc_hd__dfrtp_1)
                                  1.25   data arrival time

                          0.00    0.00   clock clk (rise edge)
                          0.00    0.00   clock source latency
                  0.08    0.05    0.05 ^ clk (in)
     1    0.02                           clk (net)
                  0.08    0.00    0.05 ^ clkbuf_0_clk/A (sky130_fd_sc_hd__clkbuf_16)
                  0.06    0.16    0.22 ^ clkbuf_0_clk/X (sky130_fd_sc_hd__clkbuf_16)
     4    0.04                           clknet_0_clk (net)
                  0.06    0.00    0.22 ^ clkbuf_2_1__f_clk/A (sky130_fd_sc_hd__clkbuf_16)
                  0.06    0.15    0.37 ^ clkbuf_2_1__f_clk/X (sky130_fd_sc_hd__clkbuf_16)
    12    0.04                           clknet_2_1__leaf_clk (net)
                  0.06    0.00    0.37 ^ _433_/CLK (sky130_fd_sc_hd__dfrtp_1)
                          0.25    0.62   clock uncertainty
                         -0.04    0.58   clock reconvergence pessimism
                         -0.03    0.55   library hold time
                                  0.55   data required time
-----------------------------------------------------------------------------
                                  0.55   data required time
                                 -1.25   data arrival time
-----------------------------------------------------------------------------
                                  0.70   slack (MET)


Startpoint: _447_ (rising edge-triggered flip-flop clocked by clk)
Endpoint: _447_ (rising edge-triggered flip-flop clocked by clk)
Path Group: clk
Path Type: min
Corner: Typical

Fanout     Cap    Slew   Delay    Time   Description
-----------------------------------------------------------------------------
                          0.00    0.00   clock clk (rise edge)
                          0.00    0.00   clock source latency
                  0.08    0.05    0.05 ^ clk (in)
     1    0.02                           clk (net)
                  0.08    0.00    0.05 ^ clkbuf_0_clk/A (sky130_fd_sc_hd__clkbuf_16)
                  0.06    0.15    0.19 ^ clkbuf_0_clk/X (sky130_fd_sc_hd__clkbuf_16)
     4    0.04                           clknet_0_clk (net)
                  0.06    0.00    0.20 ^ clkbuf_2_0__f_clk/A (sky130_fd_sc_hd__clkbuf_16)
                  0.06    0.14    0.34 ^ clkbuf_2_0__f_clk/X (sky130_fd_sc_hd__clkbuf_16)
    14    0.04                           clknet_2_0__leaf_clk (net)
                  0.06    0.00    0.34 ^ _447_/CLK (sky130_fd_sc_hd__dfrtp_1)
                  0.10    0.35    0.69 ^ _447_/Q (sky130_fd_sc_hd__dfrtp_1)
     3    0.01                           rx_shift[3] (net)
                  0.10    0.00    0.69 ^ _244_/A1 (sky130_fd_sc_hd__a22o_1)
                  0.04    0.13    0.81 ^ _244_/X (sky130_fd_sc_hd__a22o_1)
     1    0.00                           _087_ (net)
                  0.04    0.00    0.81 ^ hold3/A (sky130_fd_sc_hd__dlygate4sd3_1)
                  0.05    0.50    1.32 ^ hold3/X (sky130_fd_sc_hd__dlygate4sd3_1)
     1    0.00                           net28 (net)
                  0.05    0.00    1.32 ^ _447_/D (sky130_fd_sc_hd__dfrtp_1)
                                  1.32   data arrival time

                          0.00    0.00   clock clk (rise edge)
                          0.00    0.00   clock source latency
                  0.08    0.05    0.05 ^ clk (in)
     1    0.02                           clk (net)
                  0.08    0.00    0.05 ^ clkbuf_0_clk/A (sky130_fd_sc_hd__clkbuf_16)
                  0.06    0.16    0.22 ^ clkbuf_0_clk/X (sky130_fd_sc_hd__clkbuf_16)
     4    0.04                           clknet_0_clk (net)
                  0.06    0.00    0.22 ^ clkbuf_2_0__f_clk/A (sky130_fd_sc_hd__clkbuf_16)
                  0.06    0.16    0.37 ^ clkbuf_2_0__f_clk/X (sky130_fd_sc_hd__clkbuf_16)
    14    0.04                           clknet_2_0__leaf_clk (net)
                  0.06    0.00    0.37 ^ _447_/CLK (sky130_fd_sc_hd__dfrtp_1)
                          0.25    0.62   clock uncertainty
                         -0.04    0.59   clock reconvergence pessimism
                         -0.03    0.55   library hold time
                                  0.55   data required time
-----------------------------------------------------------------------------
                                  0.55   data required time
                                 -1.32   data arrival time
-----------------------------------------------------------------------------
                                  0.76   slack (MET)


Startpoint: _449_ (rising edge-triggered flip-flop clocked by clk)
Endpoint: _449_ (rising edge-triggered flip-flop clocked by clk)
Path Group: clk
Path Type: min
Corner: Typical

Fanout     Cap    Slew   Delay    Time   Description
-----------------------------------------------------------------------------
                          0.00    0.00   clock clk (rise edge)
                          0.00    0.00   clock source latency
                  0.08    0.05    0.05 ^ clk (in)
     1    0.02                           clk (net)
                  0.08    0.00    0.05 ^ clkbuf_0_clk/A (sky130_fd_sc_hd__clkbuf_16)
                  0.06    0.15    0.19 ^ clkbuf_0_clk/X (sky130_fd_sc_hd__clkbuf_16)
     4    0.04                           clknet_0_clk (net)
                  0.06    0.00    0.20 ^ clkbuf_2_0__f_clk/A (sky130_fd_sc_hd__clkbuf_16)
                  0.06    0.14    0.34 ^ clkbuf_2_0__f_clk/X (sky130_fd_sc_hd__clkbuf_16)
    14    0.04                           clknet_2_0__leaf_clk (net)
                  0.06    0.00    0.34 ^ _449_/CLK (sky130_fd_sc_hd__dfrtp_1)
                  0.09    0.35    0.68 ^ _449_/Q (sky130_fd_sc_hd__dfrtp_1)
     3    0.01                           rx_shift[5] (net)
                  0.09    0.00    0.68 ^ _242_/A1 (sky130_fd_sc_hd__a22o_1)
                  0.05    0.13    0.82 ^ _242_/X (sky130_fd_sc_hd__a22o_1)
     1    0.00                           _089_ (net)
                  0.05    0.00    0.82 ^ hold8/A (sky130_fd_sc_hd__dlygate4sd3_1)
                  0.05    0.50    1.32 ^ hold8/X (sky130_fd_sc_hd__dlygate4sd3_1)
     1    0.00                           net33 (net)
                  0.05    0.00    1.32 ^ _449_/D (sky130_fd_sc_hd__dfrtp_1)
                                  1.32   data arrival time

                          0.00    0.00   clock clk (rise edge)
                          0.00    0.00   clock source latency
                  0.08    0.05    0.05 ^ clk (in)
     1    0.02                           clk (net)
                  0.08    0.00    0.05 ^ clkbuf_0_clk/A (sky130_fd_sc_hd__clkbuf_16)
                  0.06    0.16    0.22 ^ clkbuf_0_clk/X (sky130_fd_sc_hd__clkbuf_16)
     4    0.04                           clknet_0_clk (net)
                  0.06    0.00    0.22 ^ clkbuf_2_0__f_clk/A (sky130_fd_sc_hd__clkbuf_16)
                  0.06    0.16    0.37 ^ clkbuf_2_0__f_clk/X (sky130_fd_sc_hd__clkbuf_16)
    14    0.04                           clknet_2_0__leaf_clk (net)
                  0.06    0.00    0.37 ^ _449_/CLK (sky130_fd_sc_hd__dfrtp_1)
                          0.25    0.62   clock uncertainty
                         -0.04    0.59   clock reconvergence pessimism
                         -0.03    0.55   library hold time
                                  0.55   data required time
-----------------------------------------------------------------------------
                                  0.55   data required time
                                 -1.32   data arrival time
-----------------------------------------------------------------------------
                                  0.77   slack (MET)


Startpoint: _450_ (rising edge-triggered flip-flop clocked by clk)
Endpoint: _451_ (rising edge-triggered flip-flop clocked by clk)
Path Group: clk
Path Type: min
Corner: Typical

Fanout     Cap    Slew   Delay    Time   Description
-----------------------------------------------------------------------------
                          0.00    0.00   clock clk (rise edge)
                          0.00    0.00   clock source latency
                  0.08    0.05    0.05 ^ clk (in)
     1    0.02                           clk (net)
                  0.08    0.00    0.05 ^ clkbuf_0_clk/A (sky130_fd_sc_hd__clkbuf_16)
                  0.06    0.15    0.19 ^ clkbuf_0_clk/X (sky130_fd_sc_hd__clkbuf_16)
     4    0.04                           clknet_0_clk (net)
                  0.06    0.00    0.20 ^ clkbuf_2_0__f_clk/A (sky130_fd_sc_hd__clkbuf_16)
                  0.06    0.14    0.34 ^ clkbuf_2_0__f_clk/X (sky130_fd_sc_hd__clkbuf_16)
    14    0.04                           clknet_2_0__leaf_clk (net)
                  0.06    0.00    0.34 ^ _450_/CLK (sky130_fd_sc_hd__dfrtp_1)
                  0.12    0.36    0.70 ^ _450_/Q (sky130_fd_sc_hd__dfrtp_1)
     3    0.01                           rx_shift[6] (net)
                  0.12    0.00    0.70 ^ _240_/B2 (sky130_fd_sc_hd__a22o_1)
                  0.04    0.12    0.82 ^ _240_/X (sky130_fd_sc_hd__a22o_1)
     1    0.00                           _091_ (net)
                  0.04    0.00    0.82 ^ hold5/A (sky130_fd_sc_hd__dlygate4sd3_1)
                  0.05    0.50    1.32 ^ hold5/X (sky130_fd_sc_hd__dlygate4sd3_1)
     1    0.00                           net30 (net)
                  0.05    0.00    1.32 ^ _451_/D (sky130_fd_sc_hd__dfrtp_1)
                                  1.32   data arrival time

                          0.00    0.00   clock clk (rise edge)
                          0.00    0.00   clock source latency
                  0.08    0.05    0.05 ^ clk (in)
     1    0.02                           clk (net)
                  0.08    0.00    0.05 ^ clkbuf_0_clk/A (sky130_fd_sc_hd__clkbuf_16)
                  0.06    0.16    0.22 ^ clkbuf_0_clk/X (sky130_fd_sc_hd__clkbuf_16)
     4    0.04                           clknet_0_clk (net)
                  0.06    0.00    0.22 ^ clkbuf_2_0__f_clk/A (sky130_fd_sc_hd__clkbuf_16)
                  0.06    0.16    0.37 ^ clkbuf_2_0__f_clk/X (sky130_fd_sc_hd__clkbuf_16)
    14    0.04                           clknet_2_0__leaf_clk (net)
                  0.06    0.00    0.37 ^ _451_/CLK (sky130_fd_sc_hd__dfrtp_1)
                          0.25    0.62   clock uncertainty
                         -0.04    0.59   clock reconvergence pessimism
                         -0.03    0.55   library hold time
                                  0.55   data required time
-----------------------------------------------------------------------------
                                  0.55   data required time
                                 -1.32   data arrival time
-----------------------------------------------------------------------------
                                  0.77   slack (MET)


Startpoint: _437_ (rising edge-triggered flip-flop clocked by clk)
Endpoint: _437_ (rising edge-triggered flip-flop clocked by clk)
Path Group: clk
Path Type: min
Corner: Typical

Fanout     Cap    Slew   Delay    Time   Description
-----------------------------------------------------------------------------
                          0.00    0.00   clock clk (rise edge)
                          0.00    0.00   clock source latency
                  0.08    0.05    0.05 ^ clk (in)
     1    0.02                           clk (net)
                  0.08    0.00    0.05 ^ clkbuf_0_clk/A (sky130_fd_sc_hd__clkbuf_16)
                  0.06    0.15    0.19 ^ clkbuf_0_clk/X (sky130_fd_sc_hd__clkbuf_16)
     4    0.04                           clknet_0_clk (net)
                  0.06    0.00    0.19 ^ clkbuf_2_3__f_clk/A (sky130_fd_sc_hd__clkbuf_16)
                  0.06    0.14    0.33 ^ clkbuf_2_3__f_clk/X (sky130_fd_sc_hd__clkbuf_16)
    12    0.04                           clknet_2_3__leaf_clk (net)
                  0.06    0.00    0.33 ^ _437_/CLK (sky130_fd_sc_hd__dfrtp_1)
                  0.06    0.32    0.65 ^ _437_/Q (sky130_fd_sc_hd__dfrtp_1)
     2    0.00                           tx_shift[0] (net)
                  0.06    0.00    0.65 ^ hold21/A (sky130_fd_sc_hd__dlygate4sd3_1)
                  0.05    0.51    1.16 ^ hold21/X (sky130_fd_sc_hd__dlygate4sd3_1)
     1    0.00                           net46 (net)
                  0.05    0.00    1.16 ^ _267_/A0 (sky130_fd_sc_hd__mux2_1)
                  0.04    0.11    1.28 ^ _267_/X (sky130_fd_sc_hd__mux2_1)
     1    0.00                           _141_ (net)
                  0.04    0.00    1.28 ^ _268_/A (sky130_fd_sc_hd__clkbuf_1)
                  0.04    0.07    1.35 ^ _268_/X (sky130_fd_sc_hd__clkbuf_1)
     1    0.00                           _077_ (net)
                  0.04    0.00    1.35 ^ _437_/D (sky130_fd_sc_hd__dfrtp_1)
                                  1.35   data arrival time

                          0.00    0.00   clock clk (rise edge)
                          0.00    0.00   clock source latency
                  0.08    0.05    0.05 ^ clk (in)
     1    0.02                           clk (net)
                  0.08    0.00    0.05 ^ clkbuf_0_clk/A (sky130_fd_sc_hd__clkbuf_16)
                  0.06    0.16    0.22 ^ clkbuf_0_clk/X (sky130_fd_sc_hd__clkbuf_16)
     4    0.04                           clknet_0_clk (net)
                  0.06    0.00    0.22 ^ clkbuf_2_3__f_clk/A (sky130_fd_sc_hd__clkbuf_16)
                  0.06    0.15    0.37 ^ clkbuf_2_3__f_clk/X (sky130_fd_sc_hd__clkbuf_16)
    12    0.04                           clknet_2_3__leaf_clk (net)
                  0.06    0.00    0.37 ^ _437_/CLK (sky130_fd_sc_hd__dfrtp_1)
                          0.25    0.62   clock uncertainty
                         -0.04    0.58   clock reconvergence pessimism
                         -0.03    0.55   library hold time
                                  0.55   data required time
-----------------------------------------------------------------------------
                                  0.55   data required time
                                 -1.35   data arrival time
-----------------------------------------------------------------------------
                                  0.79   slack (MET)


Startpoint: _450_ (rising edge-triggered flip-flop clocked by clk)
Endpoint: _450_ (rising edge-triggered flip-flop clocked by clk)
Path Group: clk
Path Type: min
Corner: Typical

Fanout     Cap    Slew   Delay    Time   Description
-----------------------------------------------------------------------------
                          0.00    0.00   clock clk (rise edge)
                          0.00    0.00   clock source latency
                  0.08    0.05    0.05 ^ clk (in)
     1    0.02                           clk (net)
                  0.08    0.00    0.05 ^ clkbuf_0_clk/A (sky130_fd_sc_hd__clkbuf_16)
                  0.06    0.15    0.19 ^ clkbuf_0_clk/X (sky130_fd_sc_hd__clkbuf_16)
     4    0.04                           clknet_0_clk (net)
                  0.06    0.00    0.20 ^ clkbuf_2_0__f_clk/A (sky130_fd_sc_hd__clkbuf_16)
                  0.06    0.14    0.34 ^ clkbuf_2_0__f_clk/X (sky130_fd_sc_hd__clkbuf_16)
    14    0.04                           clknet_2_0__leaf_clk (net)
                  0.06    0.00    0.34 ^ _450_/CLK (sky130_fd_sc_hd__dfrtp_1)
                  0.12    0.36    0.70 ^ _450_/Q (sky130_fd_sc_hd__dfrtp_1)
     3    0.01                           rx_shift[6] (net)
                  0.12    0.00    0.70 ^ _241_/A1 (sky130_fd_sc_hd__a22o_1)
                  0.05    0.14    0.84 ^ _241_/X (sky130_fd_sc_hd__a22o_1)
     1    0.00                           _090_ (net)
                  0.05    0.00    0.84 ^ hold10/A (sky130_fd_sc_hd__dlygate4sd3_1)
                  0.05    0.51    1.35 ^ hold10/X (sky130_fd_sc_hd__dlygate4sd3_1)
     1    0.00                           net35 (net)
                  0.05    0.00    1.35 ^ _450_/D (sky130_fd_sc_hd__dfrtp_1)
                                  1.35   data arrival time

                          0.00    0.00   clock clk (rise edge)
                          0.00    0.00   clock source latency
                  0.08    0.05    0.05 ^ clk (in)
     1    0.02                           clk (net)
                  0.08    0.00    0.05 ^ clkbuf_0_clk/A (sky130_fd_sc_hd__clkbuf_16)
                  0.06    0.16    0.22 ^ clkbuf_0_clk/X (sky130_fd_sc_hd__clkbuf_16)
     4    0.04                           clknet_0_clk (net)
                  0.06    0.00    0.22 ^ clkbuf_2_0__f_clk/A (sky130_fd_sc_hd__clkbuf_16)
                  0.06    0.16    0.37 ^ clkbuf_2_0__f_clk/X (sky130_fd_sc_hd__clkbuf_16)
    14    0.04                           clknet_2_0__leaf_clk (net)
                  0.06    0.00    0.37 ^ _450_/CLK (sky130_fd_sc_hd__dfrtp_1)
                          0.25    0.62   clock uncertainty
                         -0.04    0.59   clock reconvergence pessimism
                         -0.03    0.55   library hold time
                                  0.55   data required time
-----------------------------------------------------------------------------
                                  0.55   data required time
                                 -1.35   data arrival time
-----------------------------------------------------------------------------
                                  0.80   slack (MET)


Startpoint: _444_ (rising edge-triggered flip-flop clocked by clk)
Endpoint: _426_ (rising edge-triggered flip-flop clocked by clk)
Path Group: clk
Path Type: min
Corner: Typical

Fanout     Cap    Slew   Delay    Time   Description
-----------------------------------------------------------------------------
                          0.00    0.00   clock clk (rise edge)
                          0.00    0.00   clock source latency
                  0.08    0.05    0.05 ^ clk (in)
     1    0.02                           clk (net)
                  0.08    0.00    0.05 ^ clkbuf_0_clk/A (sky130_fd_sc_hd__clkbuf_16)
                  0.06    0.15    0.19 ^ clkbuf_0_clk/X (sky130_fd_sc_hd__clkbuf_16)
     4    0.04                           clknet_0_clk (net)
                  0.06    0.00    0.19 ^ clkbuf_2_3__f_clk/A (sky130_fd_sc_hd__clkbuf_16)
                  0.06    0.14    0.33 ^ clkbuf_2_3__f_clk/X (sky130_fd_sc_hd__clkbuf_16)
    12    0.04                           clknet_2_3__leaf_clk (net)
                  0.06    0.00    0.33 ^ _444_/CLK (sky130_fd_sc_hd__dfrtp_1)
                  0.08    0.34    0.67 ^ _444_/Q (sky130_fd_sc_hd__dfrtp_1)
     2    0.01                           rx_shift[0] (net)
                  0.08    0.00    0.67 ^ _293_/A0 (sky130_fd_sc_hd__mux2_1)
                  0.04    0.12    0.79 ^ _293_/X (sky130_fd_sc_hd__mux2_1)
     1    0.00                           _155_ (net)
                  0.04    0.00    0.79 ^ hold34/A (sky130_fd_sc_hd__dlygate4sd3_1)
                  0.06    0.51    1.30 ^ hold34/X (sky130_fd_sc_hd__dlygate4sd3_1)
     1    0.00                           net59 (net)
                  0.06    0.00    1.30 ^ _294_/A (sky130_fd_sc_hd__clkbuf_1)
                  0.04    0.08    1.38 ^ _294_/X (sky130_fd_sc_hd__clkbuf_1)
     1    0.00                           _066_ (net)
                  0.04    0.00    1.38 ^ _426_/D (sky130_fd_sc_hd__dfrtp_1)
                                  1.38   data arrival time

                          0.00    0.00   clock clk (rise edge)
                          0.00    0.00   clock source latency
                  0.08    0.05    0.05 ^ clk (in)
     1    0.02                           clk (net)
                  0.08    0.00    0.05 ^ clkbuf_0_clk/A (sky130_fd_sc_hd__clkbuf_16)
                  0.06    0.16    0.22 ^ clkbuf_0_clk/X (sky130_fd_sc_hd__clkbuf_16)
     4    0.04                           clknet_0_clk (net)
                  0.06    0.00    0.22 ^ clkbuf_2_3__f_clk/A (sky130_fd_sc_hd__clkbuf_16)
                  0.06    0.15    0.37 ^ clkbuf_2_3__f_clk/X (sky130_fd_sc_hd__clkbuf_16)
    12    0.04                           clknet_2_3__leaf_clk (net)
                  0.06    0.00    0.37 ^ _426_/CLK (sky130_fd_sc_hd__dfrtp_1)
                          0.25    0.62   clock uncertainty
                         -0.04    0.58   clock reconvergence pessimism
                         -0.03    0.55   library hold time
                                  0.55   data required time
-----------------------------------------------------------------------------
                                  0.55   data required time
                                 -1.38   data arrival time
-----------------------------------------------------------------------------
                                  0.82   slack (MET)


Startpoint: _427_ (rising edge-triggered flip-flop clocked by clk)
Endpoint: _427_ (rising edge-triggered flip-flop clocked by clk)
Path Group: clk
Path Type: min
Corner: Typical

Fanout     Cap    Slew   Delay    Time   Description
-----------------------------------------------------------------------------
                          0.00    0.00   clock clk (rise edge)
                          0.00    0.00   clock source latency
                  0.08    0.05    0.05 ^ clk (in)
     1    0.02                           clk (net)
                  0.08    0.00    0.05 ^ clkbuf_0_clk/A (sky130_fd_sc_hd__clkbuf_16)
                  0.06    0.15    0.19 ^ clkbuf_0_clk/X (sky130_fd_sc_hd__clkbuf_16)
     4    0.04                           clknet_0_clk (net)
                  0.06    0.00    0.20 ^ clkbuf_2_1__f_clk/A (sky130_fd_sc_hd__clkbuf_16)
                  0.06    0.14    0.33 ^ clkbuf_2_1__f_clk/X (sky130_fd_sc_hd__clkbuf_16)
    12    0.04                           clknet_2_1__leaf_clk (net)
                  0.06    0.00    0.33 ^ _427_/CLK (sky130_fd_sc_hd__dfrtp_1)
                  0.08    0.34    0.67 ^ _427_/Q (sky130_fd_sc_hd__dfrtp_1)
     2    0.01                           net17 (net)
                  0.08    0.00    0.67 ^ _291_/A1 (sky130_fd_sc_hd__mux2_1)
                  0.04    0.12    0.79 ^ _291_/X (sky130_fd_sc_hd__mux2_1)
     1    0.00                           _154_ (net)
                  0.04    0.00    0.79 ^ hold36/A (sky130_fd_sc_hd__dlygate4sd3_1)
                  0.06    0.51    1.30 ^ hold36/X (sky130_fd_sc_hd__dlygate4sd3_1)
     1    0.00                           net61 (net)
                  0.06    0.00    1.30 ^ _292_/A (sky130_fd_sc_hd__clkbuf_1)
                  0.05    0.08    1.38 ^ _292_/X (sky130_fd_sc_hd__clkbuf_1)
     1    0.00                           _067_ (net)
                  0.05    0.00    1.38 ^ _427_/D (sky130_fd_sc_hd__dfrtp_1)
                                  1.38   data arrival time

                          0.00    0.00   clock clk (rise edge)
                          0.00    0.00   clock source latency
                  0.08    0.05    0.05 ^ clk (in)
     1    0.02                           clk (net)
                  0.08    0.00    0.05 ^ clkbuf_0_clk/A (sky130_fd_sc_hd__clkbuf_16)
                  0.06    0.16    0.22 ^ clkbuf_0_clk/X (sky130_fd_sc_hd__clkbuf_16)
     4    0.04                           clknet_0_clk (net)
                  0.06    0.00    0.22 ^ clkbuf_2_1__f_clk/A (sky130_fd_sc_hd__clkbuf_16)
                  0.06    0.15    0.37 ^ clkbuf_2_1__f_clk/X (sky130_fd_sc_hd__clkbuf_16)
    12    0.04                           clknet_2_1__leaf_clk (net)
                  0.06    0.00    0.37 ^ _427_/CLK (sky130_fd_sc_hd__dfrtp_1)
                          0.25    0.62   clock uncertainty
                         -0.04    0.58   clock reconvergence pessimism
                         -0.03    0.55   library hold time
                                  0.55   data required time
-----------------------------------------------------------------------------
                                  0.55   data required time
                                 -1.38   data arrival time
-----------------------------------------------------------------------------
                                  0.83   slack (MET)


Startpoint: rst (input port clocked by clk)
Endpoint: _448_ (removal check against rising-edge clock clk)
Path Group: asynchronous
Path Type: min
Corner: Typical

Fanout     Cap    Slew   Delay    Time   Description
-----------------------------------------------------------------------------
                          0.00    0.00   clock clk (rise edge)
                          0.00    0.00   clock network delay (propagated)
                          2.00    2.00 v input external delay
                  0.01    0.00    2.00 v rst (in)
     1    0.00                           rst (net)
                  0.01    0.00    2.00 v input2/A (sky130_fd_sc_hd__buf_1)
                  0.05    0.09    2.10 v input2/X (sky130_fd_sc_hd__buf_1)
     3    0.01                           net2 (net)
                  0.05    0.00    2.10 v _355_/A (sky130_fd_sc_hd__buf_4)
                  0.08    0.18    2.28 v _355_/X (sky130_fd_sc_hd__buf_4)
    10    0.05                           _199_ (net)
                  0.08    0.00    2.28 v _400_/A (sky130_fd_sc_hd__inv_2)
                  0.03    0.05    2.33 ^ _400_/Y (sky130_fd_sc_hd__inv_2)
     1    0.00                           _042_ (net)
                  0.03    0.00    2.33 ^ _448_/RESET_B (sky130_fd_sc_hd__dfrtp_1)
                                  2.33   data arrival time

                          0.00    0.00   clock clk (rise edge)
                          0.00    0.00   clock source latency
                  0.08    0.05    0.05 ^ clk (in)
     1    0.02                           clk (net)
                  0.08    0.00    0.05 ^ clkbuf_0_clk/A (sky130_fd_sc_hd__clkbuf_16)
                  0.06    0.16    0.22 ^ clkbuf_0_clk/X (sky130_fd_sc_hd__clkbuf_16)
     4    0.04                           clknet_0_clk (net)
                  0.06    0.00    0.22 ^ clkbuf_2_0__f_clk/A (sky130_fd_sc_hd__clkbuf_16)
                  0.06    0.16    0.37 ^ clkbuf_2_0__f_clk/X (sky130_fd_sc_hd__clkbuf_16)
    14    0.04                           clknet_2_0__leaf_clk (net)
                  0.06    0.00    0.37 ^ _448_/CLK (sky130_fd_sc_hd__dfrtp_1)
                          0.25    0.62   clock uncertainty
                          0.00    0.62   clock reconvergence pessimism
                          0.32    0.94   library removal time
                                  0.94   data required time
-----------------------------------------------------------------------------
                                  0.94   data required time
                                 -2.33   data arrival time
-----------------------------------------------------------------------------
                                  1.39   slack (MET)


Startpoint: rst (input port clocked by clk)
Endpoint: _449_ (removal check against rising-edge clock clk)
Path Group: asynchronous
Path Type: min
Corner: Typical

Fanout     Cap    Slew   Delay    Time   Description
-----------------------------------------------------------------------------
                          0.00    0.00   clock clk (rise edge)
                          0.00    0.00   clock network delay (propagated)
                          2.00    2.00 v input external delay
                  0.01    0.00    2.00 v rst (in)
     1    0.00                           rst (net)
                  0.01    0.00    2.00 v input2/A (sky130_fd_sc_hd__buf_1)
                  0.05    0.09    2.10 v input2/X (sky130_fd_sc_hd__buf_1)
     3    0.01                           net2 (net)
                  0.05    0.00    2.10 v _355_/A (sky130_fd_sc_hd__buf_4)
                  0.08    0.18    2.28 v _355_/X (sky130_fd_sc_hd__buf_4)
    10    0.05                           _199_ (net)
                  0.08    0.00    2.28 v _401_/A (sky130_fd_sc_hd__inv_2)
                  0.03    0.06    2.33 ^ _401_/Y (sky130_fd_sc_hd__inv_2)
     1    0.00                           _043_ (net)
                  0.03    0.00    2.33 ^ _449_/RESET_B (sky130_fd_sc_hd__dfrtp_1)
                                  2.33   data arrival time

                          0.00    0.00   clock clk (rise edge)
                          0.00    0.00   clock source latency
                  0.08    0.05    0.05 ^ clk (in)
     1    0.02                           clk (net)
                  0.08    0.00    0.05 ^ clkbuf_0_clk/A (sky130_fd_sc_hd__clkbuf_16)
                  0.06    0.16    0.22 ^ clkbuf_0_clk/X (sky130_fd_sc_hd__clkbuf_16)
     4    0.04                           clknet_0_clk (net)
                  0.06    0.00    0.22 ^ clkbuf_2_0__f_clk/A (sky130_fd_sc_hd__clkbuf_16)
                  0.06    0.16    0.37 ^ clkbuf_2_0__f_clk/X (sky130_fd_sc_hd__clkbuf_16)
    14    0.04                           clknet_2_0__leaf_clk (net)
                  0.06    0.00    0.37 ^ _449_/CLK (sky130_fd_sc_hd__dfrtp_1)
                          0.25    0.62   clock uncertainty
                          0.00    0.62   clock reconvergence pessimism
                          0.32    0.94   library removal time
                                  0.94   data required time
-----------------------------------------------------------------------------
                                  0.94   data required time
                                 -2.33   data arrival time
-----------------------------------------------------------------------------
                                  1.39   slack (MET)


Startpoint: rst (input port clocked by clk)
Endpoint: _451_ (removal check against rising-edge clock clk)
Path Group: asynchronous
Path Type: min
Corner: Typical

Fanout     Cap    Slew   Delay    Time   Description
-----------------------------------------------------------------------------
                          0.00    0.00   clock clk (rise edge)
                          0.00    0.00   clock network delay (propagated)
                          2.00    2.00 v input external delay
                  0.01    0.00    2.00 v rst (in)
     1    0.00                           rst (net)
                  0.01    0.00    2.00 v input2/A (sky130_fd_sc_hd__buf_1)
                  0.05    0.09    2.10 v input2/X (sky130_fd_sc_hd__buf_1)
     3    0.01                           net2 (net)
                  0.05    0.00    2.10 v _355_/A (sky130_fd_sc_hd__buf_4)
                  0.08    0.18    2.28 v _355_/X (sky130_fd_sc_hd__buf_4)
    10    0.05                           _199_ (net)
                  0.08    0.00    2.28 v _403_/A (sky130_fd_sc_hd__inv_2)
                  0.04    0.06    2.33 ^ _403_/Y (sky130_fd_sc_hd__inv_2)
     1    0.00                           _045_ (net)
                  0.04    0.00    2.33 ^ _451_/RESET_B (sky130_fd_sc_hd__dfrtp_1)
                                  2.33   data arrival time

                          0.00    0.00   clock clk (rise edge)
                          0.00    0.00   clock source latency
                  0.08    0.05    0.05 ^ clk (in)
     1    0.02                           clk (net)
                  0.08    0.00    0.05 ^ clkbuf_0_clk/A (sky130_fd_sc_hd__clkbuf_16)
                  0.06    0.16    0.22 ^ clkbuf_0_clk/X (sky130_fd_sc_hd__clkbuf_16)
     4    0.04                           clknet_0_clk (net)
                  0.06    0.00    0.22 ^ clkbuf_2_0__f_clk/A (sky130_fd_sc_hd__clkbuf_16)
                  0.06    0.16    0.37 ^ clkbuf_2_0__f_clk/X (sky130_fd_sc_hd__clkbuf_16)
    14    0.04                           clknet_2_0__leaf_clk (net)
                  0.06    0.00    0.37 ^ _451_/CLK (sky130_fd_sc_hd__dfrtp_1)
                          0.25    0.62   clock uncertainty
                          0.00    0.62   clock reconvergence pessimism
                          0.32    0.94   library removal time
                                  0.94   data required time
-----------------------------------------------------------------------------
                                  0.94   data required time
                                 -2.33   data arrival time
-----------------------------------------------------------------------------
                                  1.39   slack (MET)


Startpoint: rst (input port clocked by clk)
Endpoint: _450_ (removal check against rising-edge clock clk)
Path Group: asynchronous
Path Type: min
Corner: Typical

Fanout     Cap    Slew   Delay    Time   Description
-----------------------------------------------------------------------------
                          0.00    0.00   clock clk (rise edge)
                          0.00    0.00   clock network delay (propagated)
                          2.00    2.00 v input external delay
                  0.01    0.00    2.00 v rst (in)
     1    0.00                           rst (net)
                  0.01    0.00    2.00 v input2/A (sky130_fd_sc_hd__buf_1)
                  0.05    0.09    2.10 v input2/X (sky130_fd_sc_hd__buf_1)
     3    0.01                           net2 (net)
                  0.05    0.00    2.10 v _355_/A (sky130_fd_sc_hd__buf_4)
                  0.08    0.18    2.28 v _355_/X (sky130_fd_sc_hd__buf_4)
    10    0.05                           _199_ (net)
                  0.08    0.00    2.28 v _402_/A (sky130_fd_sc_hd__inv_2)
                  0.04    0.06    2.34 ^ _402_/Y (sky130_fd_sc_hd__inv_2)
     1    0.01                           _044_ (net)
                  0.04    0.00    2.34 ^ _450_/RESET_B (sky130_fd_sc_hd__dfrtp_1)
                                  2.34   data arrival time

                          0.00    0.00   clock clk (rise edge)
                          0.00    0.00   clock source latency
                  0.08    0.05    0.05 ^ clk (in)
     1    0.02                           clk (net)
                  0.08    0.00    0.05 ^ clkbuf_0_clk/A (sky130_fd_sc_hd__clkbuf_16)
                  0.06    0.16    0.22 ^ clkbuf_0_clk/X (sky130_fd_sc_hd__clkbuf_16)
     4    0.04                           clknet_0_clk (net)
                  0.06    0.00    0.22 ^ clkbuf_2_0__f_clk/A (sky130_fd_sc_hd__clkbuf_16)
                  0.06    0.16    0.37 ^ clkbuf_2_0__f_clk/X (sky130_fd_sc_hd__clkbuf_16)
    14    0.04                           clknet_2_0__leaf_clk (net)
                  0.06    0.00    0.37 ^ _450_/CLK (sky130_fd_sc_hd__dfrtp_1)
                          0.25    0.62   clock uncertainty
                          0.00    0.62   clock reconvergence pessimism
                          0.32    0.95   library removal time
                                  0.95   data required time
-----------------------------------------------------------------------------
                                  0.95   data required time
                                 -2.34   data arrival time
-----------------------------------------------------------------------------
                                  1.39   slack (MET)


Startpoint: rst (input port clocked by clk)
Endpoint: _453_ (removal check against rising-edge clock clk)
Path Group: asynchronous
Path Type: min
Corner: Typical

Fanout     Cap    Slew   Delay    Time   Description
-----------------------------------------------------------------------------
                          0.00    0.00   clock clk (rise edge)
                          0.00    0.00   clock network delay (propagated)
                          2.00    2.00 v input external delay
                  0.01    0.00    2.00 v rst (in)
     1    0.00                           rst (net)
                  0.01    0.00    2.00 v input2/A (sky130_fd_sc_hd__buf_1)
                  0.05    0.09    2.10 v input2/X (sky130_fd_sc_hd__buf_1)
     3    0.01                           net2 (net)
                  0.05    0.00    2.10 v _355_/A (sky130_fd_sc_hd__buf_4)
                  0.08    0.18    2.28 v _355_/X (sky130_fd_sc_hd__buf_4)
    10    0.05                           _199_ (net)
                  0.08    0.00    2.28 v _405_/A (sky130_fd_sc_hd__inv_2)
                  0.03    0.05    2.33 ^ _405_/Y (sky130_fd_sc_hd__inv_2)
     1    0.00                           _047_ (net)
                  0.03    0.00    2.33 ^ _453_/RESET_B (sky130_fd_sc_hd__dfrtp_1)
                                  2.33   data arrival time

                          0.00    0.00   clock clk (rise edge)
                          0.00    0.00   clock source latency
                  0.08    0.05    0.05 ^ clk (in)
     1    0.02                           clk (net)
                  0.08    0.00    0.05 ^ clkbuf_0_clk/A (sky130_fd_sc_hd__clkbuf_16)
                  0.06    0.16    0.22 ^ clkbuf_0_clk/X (sky130_fd_sc_hd__clkbuf_16)
     4    0.04                           clknet_0_clk (net)
                  0.06    0.00    0.22 ^ clkbuf_2_1__f_clk/A (sky130_fd_sc_hd__clkbuf_16)
                  0.06    0.15    0.37 ^ clkbuf_2_1__f_clk/X (sky130_fd_sc_hd__clkbuf_16)
    12    0.04                           clknet_2_1__leaf_clk (net)
                  0.06    0.00    0.37 ^ _453_/CLK (sky130_fd_sc_hd__dfrtp_1)
                          0.25    0.62   clock uncertainty
                          0.00    0.62   clock reconvergence pessimism
                          0.32    0.94   library removal time
                                  0.94   data required time
-----------------------------------------------------------------------------
                                  0.94   data required time
                                 -2.33   data arrival time
-----------------------------------------------------------------------------
                                  1.39   slack (MET)


Startpoint: rst (input port clocked by clk)
Endpoint: _452_ (removal check against rising-edge clock clk)
Path Group: asynchronous
Path Type: min
Corner: Typical

Fanout     Cap    Slew   Delay    Time   Description
-----------------------------------------------------------------------------
                          0.00    0.00   clock clk (rise edge)
                          0.00    0.00   clock network delay (propagated)
                          2.00    2.00 v input external delay
                  0.01    0.00    2.00 v rst (in)
     1    0.00                           rst (net)
                  0.01    0.00    2.00 v input2/A (sky130_fd_sc_hd__buf_1)
                  0.05    0.09    2.10 v input2/X (sky130_fd_sc_hd__buf_1)
     3    0.01                           net2 (net)
                  0.05    0.00    2.10 v _355_/A (sky130_fd_sc_hd__buf_4)
                  0.08    0.18    2.28 v _355_/X (sky130_fd_sc_hd__buf_4)
    10    0.05                           _199_ (net)
                  0.08    0.00    2.28 v _404_/A (sky130_fd_sc_hd__inv_2)
                  0.03    0.05    2.33 ^ _404_/Y (sky130_fd_sc_hd__inv_2)
     1    0.00                           _046_ (net)
                  0.03    0.00    2.33 ^ _452_/RESET_B (sky130_fd_sc_hd__dfrtp_1)
                                  2.33   data arrival time

                          0.00    0.00   clock clk (rise edge)
                          0.00    0.00   clock source latency
                  0.08    0.05    0.05 ^ clk (in)
     1    0.02                           clk (net)
                  0.08    0.00    0.05 ^ clkbuf_0_clk/A (sky130_fd_sc_hd__clkbuf_16)
                  0.06    0.16    0.22 ^ clkbuf_0_clk/X (sky130_fd_sc_hd__clkbuf_16)
     4    0.04                           clknet_0_clk (net)
                  0.06    0.00    0.22 ^ clkbuf_2_1__f_clk/A (sky130_fd_sc_hd__clkbuf_16)
                  0.06    0.15    0.37 ^ clkbuf_2_1__f_clk/X (sky130_fd_sc_hd__clkbuf_16)
    12    0.04                           clknet_2_1__leaf_clk (net)
                  0.06    0.00    0.37 ^ _452_/CLK (sky130_fd_sc_hd__dfrtp_1)
                          0.25    0.62   clock uncertainty
                          0.00    0.62   clock reconvergence pessimism
                          0.32    0.94   library removal time
                                  0.94   data required time
-----------------------------------------------------------------------------
                                  0.94   data required time
                                 -2.33   data arrival time
-----------------------------------------------------------------------------
                                  1.39   slack (MET)


Startpoint: rst (input port clocked by clk)
Endpoint: _455_ (removal check against rising-edge clock clk)
Path Group: asynchronous
Path Type: min
Corner: Typical

Fanout     Cap    Slew   Delay    Time   Description
-----------------------------------------------------------------------------
                          0.00    0.00   clock clk (rise edge)
                          0.00    0.00   clock network delay (propagated)
                          2.00    2.00 v input external delay
                  0.01    0.00    2.00 v rst (in)
     1    0.00                           rst (net)
                  0.01    0.00    2.00 v input2/A (sky130_fd_sc_hd__buf_1)
                  0.05    0.09    2.10 v input2/X (sky130_fd_sc_hd__buf_1)
     3    0.01                           net2 (net)
                  0.05    0.00    2.10 v _355_/A (sky130_fd_sc_hd__buf_4)
                  0.08    0.18    2.28 v _355_/X (sky130_fd_sc_hd__buf_4)
    10    0.05                           _199_ (net)
                  0.08    0.00    2.28 v _407_/A (sky130_fd_sc_hd__inv_2)
                  0.03    0.05    2.33 ^ _407_/Y (sky130_fd_sc_hd__inv_2)
     1    0.00                           _049_ (net)
                  0.03    0.00    2.33 ^ _455_/RESET_B (sky130_fd_sc_hd__dfrtp_1)
                                  2.33   data arrival time

                          0.00    0.00   clock clk (rise edge)
                          0.00    0.00   clock source latency
                  0.08    0.05    0.05 ^ clk (in)
     1    0.02                           clk (net)
                  0.08    0.00    0.05 ^ clkbuf_0_clk/A (sky130_fd_sc_hd__clkbuf_16)
                  0.06    0.16    0.22 ^ clkbuf_0_clk/X (sky130_fd_sc_hd__clkbuf_16)
     4    0.04                           clknet_0_clk (net)
                  0.06    0.00    0.22 ^ clkbuf_2_1__f_clk/A (sky130_fd_sc_hd__clkbuf_16)
                  0.06    0.15    0.37 ^ clkbuf_2_1__f_clk/X (sky130_fd_sc_hd__clkbuf_16)
    12    0.04                           clknet_2_1__leaf_clk (net)
                  0.06    0.00    0.37 ^ _455_/CLK (sky130_fd_sc_hd__dfrtp_1)
                          0.25    0.62   clock uncertainty
                          0.00    0.62   clock reconvergence pessimism
                          0.32    0.94   library removal time
                                  0.94   data required time
-----------------------------------------------------------------------------
                                  0.94   data required time
                                 -2.33   data arrival time
-----------------------------------------------------------------------------
                                  1.39   slack (MET)


Startpoint: rst (input port clocked by clk)
Endpoint: _454_ (removal check against rising-edge clock clk)
Path Group: asynchronous
Path Type: min
Corner: Typical

Fanout     Cap    Slew   Delay    Time   Description
-----------------------------------------------------------------------------
                          0.00    0.00   clock clk (rise edge)
                          0.00    0.00   clock network delay (propagated)
                          2.00    2.00 v input external delay
                  0.01    0.00    2.00 v rst (in)
     1    0.00                           rst (net)
                  0.01    0.00    2.00 v input2/A (sky130_fd_sc_hd__buf_1)
                  0.05    0.09    2.10 v input2/X (sky130_fd_sc_hd__buf_1)
     3    0.01                           net2 (net)
                  0.05    0.00    2.10 v _355_/A (sky130_fd_sc_hd__buf_4)
                  0.08    0.18    2.28 v _355_/X (sky130_fd_sc_hd__buf_4)
    10    0.05                           _199_ (net)
                  0.08    0.00    2.28 v _406_/A (sky130_fd_sc_hd__inv_2)
                  0.03    0.05    2.33 ^ _406_/Y (sky130_fd_sc_hd__inv_2)
     1    0.00                           _048_ (net)
                  0.03    0.00    2.33 ^ _454_/RESET_B (sky130_fd_sc_hd__dfrtp_1)
                                  2.33   data arrival time

                          0.00    0.00   clock clk (rise edge)
                          0.00    0.00   clock source latency
                  0.08    0.05    0.05 ^ clk (in)
     1    0.02                           clk (net)
                  0.08    0.00    0.05 ^ clkbuf_0_clk/A (sky130_fd_sc_hd__clkbuf_16)
                  0.06    0.16    0.22 ^ clkbuf_0_clk/X (sky130_fd_sc_hd__clkbuf_16)
     4    0.04                           clknet_0_clk (net)
                  0.06    0.00    0.22 ^ clkbuf_2_1__f_clk/A (sky130_fd_sc_hd__clkbuf_16)
                  0.06    0.15    0.37 ^ clkbuf_2_1__f_clk/X (sky130_fd_sc_hd__clkbuf_16)
    12    0.04                           clknet_2_1__leaf_clk (net)
                  0.06    0.00    0.37 ^ _454_/CLK (sky130_fd_sc_hd__dfrtp_1)
                          0.25    0.62   clock uncertainty
                          0.00    0.62   clock reconvergence pessimism
                          0.32    0.94   library removal time
                                  0.94   data required time
-----------------------------------------------------------------------------
                                  0.94   data required time
                                 -2.33   data arrival time
-----------------------------------------------------------------------------
                                  1.39   slack (MET)


Startpoint: rst (input port clocked by clk)
Endpoint: _447_ (removal check against rising-edge clock clk)
Path Group: asynchronous
Path Type: min
Corner: Typical

Fanout     Cap    Slew   Delay    Time   Description
-----------------------------------------------------------------------------
                          0.00    0.00   clock clk (rise edge)
                          0.00    0.00   clock network delay (propagated)
                          2.00    2.00 v input external delay
                  0.01    0.00    2.00 v rst (in)
     1    0.00                           rst (net)
                  0.01    0.00    2.00 v input2/A (sky130_fd_sc_hd__buf_1)
                  0.05    0.09    2.10 v input2/X (sky130_fd_sc_hd__buf_1)
     3    0.01                           net2 (net)
                  0.05    0.00    2.10 v _389_/A (sky130_fd_sc_hd__buf_4)
                  0.08    0.19    2.28 v _389_/X (sky130_fd_sc_hd__buf_4)
    10    0.06                           _203_ (net)
                  0.08    0.00    2.28 v _399_/A (sky130_fd_sc_hd__inv_2)
                  0.04    0.06    2.34 ^ _399_/Y (sky130_fd_sc_hd__inv_2)
     1    0.00                           _041_ (net)
                  0.04    0.00    2.34 ^ _447_/RESET_B (sky130_fd_sc_hd__dfrtp_1)
                                  2.34   data arrival time

                          0.00    0.00   clock clk (rise edge)
                          0.00    0.00   clock source latency
                  0.08    0.05    0.05 ^ clk (in)
     1    0.02                           clk (net)
                  0.08    0.00    0.05 ^ clkbuf_0_clk/A (sky130_fd_sc_hd__clkbuf_16)
                  0.06    0.16    0.22 ^ clkbuf_0_clk/X (sky130_fd_sc_hd__clkbuf_16)
     4    0.04                           clknet_0_clk (net)
                  0.06    0.00    0.22 ^ clkbuf_2_0__f_clk/A (sky130_fd_sc_hd__clkbuf_16)
                  0.06    0.16    0.37 ^ clkbuf_2_0__f_clk/X (sky130_fd_sc_hd__clkbuf_16)
    14    0.04                           clknet_2_0__leaf_clk (net)
                  0.06    0.00    0.37 ^ _447_/CLK (sky130_fd_sc_hd__dfrtp_1)
                          0.25    0.62   clock uncertainty
                          0.00    0.62   clock reconvergence pessimism
                          0.32    0.94   library removal time
                                  0.94   data required time
-----------------------------------------------------------------------------
                                  0.94   data required time
                                 -2.34   data arrival time
-----------------------------------------------------------------------------
                                  1.40   slack (MET)


Startpoint: rst (input port clocked by clk)
Endpoint: _446_ (removal check against rising-edge clock clk)
Path Group: asynchronous
Path Type: min
Corner: Typical

Fanout     Cap    Slew   Delay    Time   Description
-----------------------------------------------------------------------------
                          0.00    0.00   clock clk (rise edge)
                          0.00    0.00   clock network delay (propagated)
                          2.00    2.00 v input external delay
                  0.01    0.00    2.00 v rst (in)
     1    0.00                           rst (net)
                  0.01    0.00    2.00 v input2/A (sky130_fd_sc_hd__buf_1)
                  0.05    0.09    2.10 v input2/X (sky130_fd_sc_hd__buf_1)
     3    0.01                           net2 (net)
                  0.05    0.00    2.10 v _389_/A (sky130_fd_sc_hd__buf_4)
                  0.08    0.19    2.28 v _389_/X (sky130_fd_sc_hd__buf_4)
    10    0.06                           _203_ (net)
                  0.08    0.00    2.28 v _398_/A (sky130_fd_sc_hd__inv_2)
                  0.03    0.06    2.34 ^ _398_/Y (sky130_fd_sc_hd__inv_2)
     1    0.00                           _040_ (net)
                  0.03    0.00    2.34 ^ _446_/RESET_B (sky130_fd_sc_hd__dfrtp_1)
                                  2.34   data arrival time

                          0.00    0.00   clock clk (rise edge)
                          0.00    0.00   clock source latency
                  0.08    0.05    0.05 ^ clk (in)
     1    0.02                           clk (net)
                  0.08    0.00    0.05 ^ clkbuf_0_clk/A (sky130_fd_sc_hd__clkbuf_16)
                  0.06    0.16    0.22 ^ clkbuf_0_clk/X (sky130_fd_sc_hd__clkbuf_16)
     4    0.04                           clknet_0_clk (net)
                  0.06    0.00    0.22 ^ clkbuf_2_1__f_clk/A (sky130_fd_sc_hd__clkbuf_16)
                  0.06    0.15    0.37 ^ clkbuf_2_1__f_clk/X (sky130_fd_sc_hd__clkbuf_16)
    12    0.04                           clknet_2_1__leaf_clk (net)
                  0.06    0.00    0.37 ^ _446_/CLK (sky130_fd_sc_hd__dfrtp_1)
                          0.25    0.62   clock uncertainty
                          0.00    0.62   clock reconvergence pessimism
                          0.32    0.94   library removal time
                                  0.94   data required time
-----------------------------------------------------------------------------
                                  0.94   data required time
                                 -2.34   data arrival time
-----------------------------------------------------------------------------
                                  1.40   slack (MET)


Startpoint: rst (input port clocked by clk)
Endpoint: _438_ (removal check against rising-edge clock clk)
Path Group: asynchronous
Path Type: min
Corner: Typical

Fanout     Cap    Slew   Delay    Time   Description
-----------------------------------------------------------------------------
                          0.00    0.00   clock clk (rise edge)
                          0.00    0.00   clock network delay (propagated)
                          2.00    2.00 v input external delay
                  0.01    0.00    2.00 v rst (in)
     1    0.00                           rst (net)
                  0.01    0.00    2.00 v input2/A (sky130_fd_sc_hd__buf_1)
                  0.05    0.09    2.10 v input2/X (sky130_fd_sc_hd__buf_1)
     3    0.01                           net2 (net)
                  0.05    0.00    2.10 v _389_/A (sky130_fd_sc_hd__buf_4)
                  0.08    0.19    2.28 v _389_/X (sky130_fd_sc_hd__buf_4)
    10    0.06                           _203_ (net)
                  0.08    0.00    2.28 v _390_/A (sky130_fd_sc_hd__inv_2)
                  0.03    0.05    2.34 ^ _390_/Y (sky130_fd_sc_hd__inv_2)
     1    0.00                           _032_ (net)
                  0.03    0.00    2.34 ^ _438_/RESET_B (sky130_fd_sc_hd__dfrtp_1)
                                  2.34   data arrival time

                          0.00    0.00   clock clk (rise edge)
                          0.00    0.00   clock source latency
                  0.08    0.05    0.05 ^ clk (in)
     1    0.02                           clk (net)
                  0.08    0.00    0.05 ^ clkbuf_0_clk/A (sky130_fd_sc_hd__clkbuf_16)
                  0.06    0.16    0.22 ^ clkbuf_0_clk/X (sky130_fd_sc_hd__clkbuf_16)
     4    0.04                           clknet_0_clk (net)
                  0.06    0.00    0.22 ^ clkbuf_2_3__f_clk/A (sky130_fd_sc_hd__clkbuf_16)
                  0.06    0.15    0.37 ^ clkbuf_2_3__f_clk/X (sky130_fd_sc_hd__clkbuf_16)
    12    0.04                           clknet_2_3__leaf_clk (net)
                  0.06    0.00    0.37 ^ _438_/CLK (sky130_fd_sc_hd__dfrtp_1)
                          0.25    0.62   clock uncertainty
                          0.00    0.62   clock reconvergence pessimism
                          0.32    0.94   library removal time
                                  0.94   data required time
-----------------------------------------------------------------------------
                                  0.94   data required time
                                 -2.34   data arrival time
-----------------------------------------------------------------------------
                                  1.40   slack (MET)


Startpoint: rst (input port clocked by clk)
Endpoint: _439_ (removal check against rising-edge clock clk)
Path Group: asynchronous
Path Type: min
Corner: Typical

Fanout     Cap    Slew   Delay    Time   Description
-----------------------------------------------------------------------------
                          0.00    0.00   clock clk (rise edge)
                          0.00    0.00   clock network delay (propagated)
                          2.00    2.00 v input external delay
                  0.01    0.00    2.00 v rst (in)
     1    0.00                           rst (net)
                  0.01    0.00    2.00 v input2/A (sky130_fd_sc_hd__buf_1)
                  0.05    0.09    2.10 v input2/X (sky130_fd_sc_hd__buf_1)
     3    0.01                           net2 (net)
                  0.05    0.00    2.10 v _389_/A (sky130_fd_sc_hd__buf_4)
                  0.08    0.19    2.28 v _389_/X (sky130_fd_sc_hd__buf_4)
    10    0.06                           _203_ (net)
                  0.08    0.00    2.28 v _391_/A (sky130_fd_sc_hd__inv_2)
                  0.03    0.05    2.34 ^ _391_/Y (sky130_fd_sc_hd__inv_2)
     1    0.00                           _033_ (net)
                  0.03    0.00    2.34 ^ _439_/RESET_B (sky130_fd_sc_hd__dfrtp_1)
                                  2.34   data arrival time

                          0.00    0.00   clock clk (rise edge)
                          0.00    0.00   clock source latency
                  0.08    0.05    0.05 ^ clk (in)
     1    0.02                           clk (net)
                  0.08    0.00    0.05 ^ clkbuf_0_clk/A (sky130_fd_sc_hd__clkbuf_16)
                  0.06    0.16    0.22 ^ clkbuf_0_clk/X (sky130_fd_sc_hd__clkbuf_16)
     4    0.04                           clknet_0_clk (net)
                  0.06    0.00    0.22 ^ clkbuf_2_3__f_clk/A (sky130_fd_sc_hd__clkbuf_16)
                  0.06    0.15    0.37 ^ clkbuf_2_3__f_clk/X (sky130_fd_sc_hd__clkbuf_16)
    12    0.04                           clknet_2_3__leaf_clk (net)
                  0.06    0.00    0.37 ^ _439_/CLK (sky130_fd_sc_hd__dfrtp_1)
                          0.25    0.62   clock uncertainty
                          0.00    0.62   clock reconvergence pessimism
                          0.32    0.94   library removal time
                                  0.94   data required time
-----------------------------------------------------------------------------
                                  0.94   data required time
                                 -2.34   data arrival time
-----------------------------------------------------------------------------
                                  1.40   slack (MET)


Startpoint: rst (input port clocked by clk)
Endpoint: _444_ (removal check against rising-edge clock clk)
Path Group: asynchronous
Path Type: min
Corner: Typical

Fanout     Cap    Slew   Delay    Time   Description
-----------------------------------------------------------------------------
                          0.00    0.00   clock clk (rise edge)
                          0.00    0.00   clock network delay (propagated)
                          2.00    2.00 v input external delay
                  0.01    0.00    2.00 v rst (in)
     1    0.00                           rst (net)
                  0.01    0.00    2.00 v input2/A (sky130_fd_sc_hd__buf_1)
                  0.05    0.09    2.10 v input2/X (sky130_fd_sc_hd__buf_1)
     3    0.01                           net2 (net)
                  0.05    0.00    2.10 v _389_/A (sky130_fd_sc_hd__buf_4)
                  0.08    0.19    2.28 v _389_/X (sky130_fd_sc_hd__buf_4)
    10    0.06                           _203_ (net)
                  0.08    0.00    2.28 v _396_/A (sky130_fd_sc_hd__inv_2)
                  0.03    0.06    2.34 ^ _396_/Y (sky130_fd_sc_hd__inv_2)
     1    0.00                           _038_ (net)
                  0.03    0.00    2.34 ^ _444_/RESET_B (sky130_fd_sc_hd__dfrtp_1)
                                  2.34   data arrival time

                          0.00    0.00   clock clk (rise edge)
                          0.00    0.00   clock source latency
                  0.08    0.05    0.05 ^ clk (in)
     1    0.02                           clk (net)
                  0.08    0.00    0.05 ^ clkbuf_0_clk/A (sky130_fd_sc_hd__clkbuf_16)
                  0.06    0.16    0.22 ^ clkbuf_0_clk/X (sky130_fd_sc_hd__clkbuf_16)
     4    0.04                           clknet_0_clk (net)
                  0.06    0.00    0.22 ^ clkbuf_2_3__f_clk/A (sky130_fd_sc_hd__clkbuf_16)
                  0.06    0.15    0.37 ^ clkbuf_2_3__f_clk/X (sky130_fd_sc_hd__clkbuf_16)
    12    0.04                           clknet_2_3__leaf_clk (net)
                  0.06    0.00    0.37 ^ _444_/CLK (sky130_fd_sc_hd__dfrtp_1)
                          0.25    0.62   clock uncertainty
                          0.00    0.62   clock reconvergence pessimism
                          0.32    0.94   library removal time
                                  0.94   data required time
-----------------------------------------------------------------------------
                                  0.94   data required time
                                 -2.34   data arrival time
-----------------------------------------------------------------------------
                                  1.40   slack (MET)


Startpoint: rst (input port clocked by clk)
Endpoint: _445_ (removal check against rising-edge clock clk)
Path Group: asynchronous
Path Type: min
Corner: Typical

Fanout     Cap    Slew   Delay    Time   Description
-----------------------------------------------------------------------------
                          0.00    0.00   clock clk (rise edge)
                          0.00    0.00   clock network delay (propagated)
                          2.00    2.00 v input external delay
                  0.01    0.00    2.00 v rst (in)
     1    0.00                           rst (net)
                  0.01    0.00    2.00 v input2/A (sky130_fd_sc_hd__buf_1)
                  0.05    0.09    2.10 v input2/X (sky130_fd_sc_hd__buf_1)
     3    0.01                           net2 (net)
                  0.05    0.00    2.10 v _389_/A (sky130_fd_sc_hd__buf_4)
                  0.08    0.19    2.28 v _389_/X (sky130_fd_sc_hd__buf_4)
    10    0.06                           _203_ (net)
                  0.08    0.00    2.28 v _397_/A (sky130_fd_sc_hd__inv_2)
                  0.03    0.06    2.34 ^ _397_/Y (sky130_fd_sc_hd__inv_2)
     1    0.00                           _039_ (net)
                  0.03    0.00    2.34 ^ _445_/RESET_B (sky130_fd_sc_hd__dfrtp_1)
                                  2.34   data arrival time

                          0.00    0.00   clock clk (rise edge)
                          0.00    0.00   clock source latency
                  0.08    0.05    0.05 ^ clk (in)
     1    0.02                           clk (net)
                  0.08    0.00    0.05 ^ clkbuf_0_clk/A (sky130_fd_sc_hd__clkbuf_16)
                  0.06    0.16    0.22 ^ clkbuf_0_clk/X (sky130_fd_sc_hd__clkbuf_16)
     4    0.04                           clknet_0_clk (net)
                  0.06    0.00    0.22 ^ clkbuf_2_1__f_clk/A (sky130_fd_sc_hd__clkbuf_16)
                  0.06    0.15    0.37 ^ clkbuf_2_1__f_clk/X (sky130_fd_sc_hd__clkbuf_16)
    12    0.04                           clknet_2_1__leaf_clk (net)
                  0.06    0.00    0.37 ^ _445_/CLK (sky130_fd_sc_hd__dfrtp_1)
                          0.25    0.62   clock uncertainty
                          0.00    0.62   clock reconvergence pessimism
                          0.32    0.94   library removal time
                                  0.94   data required time
-----------------------------------------------------------------------------
                                  0.94   data required time
                                 -2.34   data arrival time
-----------------------------------------------------------------------------
                                  1.40   slack (MET)


Startpoint: rst (input port clocked by clk)
Endpoint: _442_ (removal check against rising-edge clock clk)
Path Group: asynchronous
Path Type: min
Corner: Typical

Fanout     Cap    Slew   Delay    Time   Description
-----------------------------------------------------------------------------
                          0.00    0.00   clock clk (rise edge)
                          0.00    0.00   clock network delay (propagated)
                          2.00    2.00 v input external delay
                  0.01    0.00    2.00 v rst (in)
     1    0.00                           rst (net)
                  0.01    0.00    2.00 v input2/A (sky130_fd_sc_hd__buf_1)
                  0.05    0.09    2.10 v input2/X (sky130_fd_sc_hd__buf_1)
     3    0.01                           net2 (net)
                  0.05    0.00    2.10 v _389_/A (sky130_fd_sc_hd__buf_4)
                  0.08    0.19    2.28 v _389_/X (sky130_fd_sc_hd__buf_4)
    10    0.06                           _203_ (net)
                  0.08    0.00    2.28 v _394_/A (sky130_fd_sc_hd__inv_2)
                  0.03    0.05    2.34 ^ _394_/Y (sky130_fd_sc_hd__inv_2)
     1    0.00                           _036_ (net)
                  0.03    0.00    2.34 ^ _442_/RESET_B (sky130_fd_sc_hd__dfrtp_1)
                                  2.34   data arrival time

                          0.00    0.00   clock clk (rise edge)
                          0.00    0.00   clock source latency
                  0.08    0.05    0.05 ^ clk (in)
     1    0.02                           clk (net)
                  0.08    0.00    0.05 ^ clkbuf_0_clk/A (sky130_fd_sc_hd__clkbuf_16)
                  0.06    0.16    0.22 ^ clkbuf_0_clk/X (sky130_fd_sc_hd__clkbuf_16)
     4    0.04                           clknet_0_clk (net)
                  0.06    0.00    0.22 ^ clkbuf_2_1__f_clk/A (sky130_fd_sc_hd__clkbuf_16)
                  0.06    0.15    0.37 ^ clkbuf_2_1__f_clk/X (sky130_fd_sc_hd__clkbuf_16)
    12    0.04                           clknet_2_1__leaf_clk (net)
                  0.06    0.00    0.37 ^ _442_/CLK (sky130_fd_sc_hd__dfrtp_1)
                          0.25    0.62   clock uncertainty
                          0.00    0.62   clock reconvergence pessimism
                          0.32    0.94   library removal time
                                  0.94   data required time
-----------------------------------------------------------------------------
                                  0.94   data required time
                                 -2.34   data arrival time
-----------------------------------------------------------------------------
                                  1.40   slack (MET)


Startpoint: rst (input port clocked by clk)
Endpoint: _440_ (removal check against rising-edge clock clk)
Path Group: asynchronous
Path Type: min
Corner: Typical

Fanout     Cap    Slew   Delay    Time   Description
-----------------------------------------------------------------------------
                          0.00    0.00   clock clk (rise edge)
                          0.00    0.00   clock network delay (propagated)
                          2.00    2.00 v input external delay
                  0.01    0.00    2.00 v rst (in)
     1    0.00                           rst (net)
                  0.01    0.00    2.00 v input2/A (sky130_fd_sc_hd__buf_1)
                  0.05    0.09    2.10 v input2/X (sky130_fd_sc_hd__buf_1)
     3    0.01                           net2 (net)
                  0.05    0.00    2.10 v _389_/A (sky130_fd_sc_hd__buf_4)
                  0.08    0.19    2.28 v _389_/X (sky130_fd_sc_hd__buf_4)
    10    0.06                           _203_ (net)
                  0.08    0.00    2.28 v _392_/A (sky130_fd_sc_hd__inv_2)
                  0.03    0.06    2.34 ^ _392_/Y (sky130_fd_sc_hd__inv_2)
     1    0.00                           _034_ (net)
                  0.03    0.00    2.34 ^ _440_/RESET_B (sky130_fd_sc_hd__dfrtp_1)
                                  2.34   data arrival time

                          0.00    0.00   clock clk (rise edge)
                          0.00    0.00   clock source latency
                  0.08    0.05    0.05 ^ clk (in)
     1    0.02                           clk (net)
                  0.08    0.00    0.05 ^ clkbuf_0_clk/A (sky130_fd_sc_hd__clkbuf_16)
                  0.06    0.16    0.22 ^ clkbuf_0_clk/X (sky130_fd_sc_hd__clkbuf_16)
     4    0.04                           clknet_0_clk (net)
                  0.06    0.00    0.22 ^ clkbuf_2_3__f_clk/A (sky130_fd_sc_hd__clkbuf_16)
                  0.06    0.15    0.37 ^ clkbuf_2_3__f_clk/X (sky130_fd_sc_hd__clkbuf_16)
    12    0.04                           clknet_2_3__leaf_clk (net)
                  0.06    0.00    0.37 ^ _440_/CLK (sky130_fd_sc_hd__dfrtp_1)
                          0.25    0.62   clock uncertainty
                          0.00    0.62   clock reconvergence pessimism
                          0.32    0.94   library removal time
                                  0.94   data required time
-----------------------------------------------------------------------------
                                  0.94   data required time
                                 -2.34   data arrival time
-----------------------------------------------------------------------------
                                  1.40   slack (MET)


Startpoint: rst (input port clocked by clk)
Endpoint: _441_ (removal check against rising-edge clock clk)
Path Group: asynchronous
Path Type: min
Corner: Typical

Fanout     Cap    Slew   Delay    Time   Description
-----------------------------------------------------------------------------
                          0.00    0.00   clock clk (rise edge)
                          0.00    0.00   clock network delay (propagated)
                          2.00    2.00 v input external delay
                  0.01    0.00    2.00 v rst (in)
     1    0.00                           rst (net)
                  0.01    0.00    2.00 v input2/A (sky130_fd_sc_hd__buf_1)
                  0.05    0.09    2.10 v input2/X (sky130_fd_sc_hd__buf_1)
     3    0.01                           net2 (net)
                  0.05    0.00    2.10 v _389_/A (sky130_fd_sc_hd__buf_4)
                  0.08    0.19    2.28 v _389_/X (sky130_fd_sc_hd__buf_4)
    10    0.06                           _203_ (net)
                  0.08    0.00    2.28 v _393_/A (sky130_fd_sc_hd__inv_2)
                  0.03    0.05    2.34 ^ _393_/Y (sky130_fd_sc_hd__inv_2)
     1    0.00                           _035_ (net)
                  0.03    0.00    2.34 ^ _441_/RESET_B (sky130_fd_sc_hd__dfrtp_1)
                                  2.34   data arrival time

                          0.00    0.00   clock clk (rise edge)
                          0.00    0.00   clock source latency
                  0.08    0.05    0.05 ^ clk (in)
     1    0.02                           clk (net)
                  0.08    0.00    0.05 ^ clkbuf_0_clk/A (sky130_fd_sc_hd__clkbuf_16)
                  0.06    0.16    0.22 ^ clkbuf_0_clk/X (sky130_fd_sc_hd__clkbuf_16)
     4    0.04                           clknet_0_clk (net)
                  0.06    0.00    0.22 ^ clkbuf_2_1__f_clk/A (sky130_fd_sc_hd__clkbuf_16)
                  0.06    0.15    0.37 ^ clkbuf_2_1__f_clk/X (sky130_fd_sc_hd__clkbuf_16)
    12    0.04                           clknet_2_1__leaf_clk (net)
                  0.06    0.00    0.37 ^ _441_/CLK (sky130_fd_sc_hd__dfrtp_1)
                          0.25    0.62   clock uncertainty
                          0.00    0.62   clock reconvergence pessimism
                          0.32    0.94   library removal time
                                  0.94   data required time
-----------------------------------------------------------------------------
                                  0.94   data required time
                                 -2.34   data arrival time
-----------------------------------------------------------------------------
                                  1.40   slack (MET)


Startpoint: rst (input port clocked by clk)
Endpoint: _443_ (removal check against rising-edge clock clk)
Path Group: asynchronous
Path Type: min
Corner: Typical

Fanout     Cap    Slew   Delay    Time   Description
-----------------------------------------------------------------------------
                          0.00    0.00   clock clk (rise edge)
                          0.00    0.00   clock network delay (propagated)
                          2.00    2.00 v input external delay
                  0.01    0.00    2.00 v rst (in)
     1    0.00                           rst (net)
                  0.01    0.00    2.00 v input2/A (sky130_fd_sc_hd__buf_1)
                  0.05    0.09    2.10 v input2/X (sky130_fd_sc_hd__buf_1)
     3    0.01                           net2 (net)
                  0.05    0.00    2.10 v _389_/A (sky130_fd_sc_hd__buf_4)
                  0.08    0.19    2.28 v _389_/X (sky130_fd_sc_hd__buf_4)
    10    0.06                           _203_ (net)
                  0.08    0.00    2.28 v _395_/A (sky130_fd_sc_hd__inv_2)
                  0.03    0.05    2.34 ^ _395_/Y (sky130_fd_sc_hd__inv_2)
     1    0.00                           _037_ (net)
                  0.03    0.00    2.34 ^ _443_/RESET_B (sky130_fd_sc_hd__dfrtp_1)
                                  2.34   data arrival time

                          0.00    0.00   clock clk (rise edge)
                          0.00    0.00   clock source latency
                  0.08    0.05    0.05 ^ clk (in)
     1    0.02                           clk (net)
                  0.08    0.00    0.05 ^ clkbuf_0_clk/A (sky130_fd_sc_hd__clkbuf_16)
                  0.06    0.16    0.22 ^ clkbuf_0_clk/X (sky130_fd_sc_hd__clkbuf_16)
     4    0.04                           clknet_0_clk (net)
                  0.06    0.00    0.22 ^ clkbuf_2_1__f_clk/A (sky130_fd_sc_hd__clkbuf_16)
                  0.06    0.15    0.37 ^ clkbuf_2_1__f_clk/X (sky130_fd_sc_hd__clkbuf_16)
    12    0.04                           clknet_2_1__leaf_clk (net)
                  0.06    0.00    0.37 ^ _443_/CLK (sky130_fd_sc_hd__dfrtp_1)
                          0.25    0.62   clock uncertainty
                          0.00    0.62   clock reconvergence pessimism
                          0.32    0.94   library removal time
                                  0.94   data required time
-----------------------------------------------------------------------------
                                  0.94   data required time
                                 -2.34   data arrival time
-----------------------------------------------------------------------------
                                  1.40   slack (MET)


Startpoint: rst (input port clocked by clk)
Endpoint: _435_ (removal check against rising-edge clock clk)
Path Group: asynchronous
Path Type: min
Corner: Typical

Fanout     Cap    Slew   Delay    Time   Description
-----------------------------------------------------------------------------
                          0.00    0.00   clock clk (rise edge)
                          0.00    0.00   clock network delay (propagated)
                          2.00    2.00 v input external delay
                  0.01    0.00    2.00 v rst (in)
     1    0.00                           rst (net)
                  0.01    0.00    2.00 v input2/A (sky130_fd_sc_hd__buf_1)
                  0.05    0.09    2.10 v input2/X (sky130_fd_sc_hd__buf_1)
     3    0.01                           net2 (net)
                  0.05    0.00    2.10 v _378_/A (sky130_fd_sc_hd__buf_4)
                  0.09    0.19    2.29 v _378_/X (sky130_fd_sc_hd__buf_4)
    10    0.07                           _202_ (net)
                  0.09    0.00    2.29 v _386_/A (sky130_fd_sc_hd__inv_2)
                  0.03    0.06    2.35 ^ _386_/Y (sky130_fd_sc_hd__inv_2)
     1    0.00                           _029_ (net)
                  0.03    0.00    2.35 ^ _435_/RESET_B (sky130_fd_sc_hd__dfrtp_2)
                                  2.35   data arrival time

                          0.00    0.00   clock clk (rise edge)
                          0.00    0.00   clock source latency
                  0.08    0.05    0.05 ^ clk (in)
     1    0.02                           clk (net)
                  0.08    0.00    0.05 ^ clkbuf_0_clk/A (sky130_fd_sc_hd__clkbuf_16)
                  0.06    0.16    0.22 ^ clkbuf_0_clk/X (sky130_fd_sc_hd__clkbuf_16)
     4    0.04                           clknet_0_clk (net)
                  0.06    0.00    0.22 ^ clkbuf_2_0__f_clk/A (sky130_fd_sc_hd__clkbuf_16)
                  0.06    0.16    0.37 ^ clkbuf_2_0__f_clk/X (sky130_fd_sc_hd__clkbuf_16)
    14    0.04                           clknet_2_0__leaf_clk (net)
                  0.06    0.00    0.37 ^ _435_/CLK (sky130_fd_sc_hd__dfrtp_2)
                          0.25    0.62   clock uncertainty
                          0.00    0.62   clock reconvergence pessimism
                          0.32    0.94   library removal time
                                  0.94   data required time
-----------------------------------------------------------------------------
                                  0.94   data required time
                                 -2.35   data arrival time
-----------------------------------------------------------------------------
                                  1.40   slack (MET)


Startpoint: rst (input port clocked by clk)
Endpoint: _428_ (removal check against rising-edge clock clk)
Path Group: asynchronous
Path Type: min
Corner: Typical

Fanout     Cap    Slew   Delay    Time   Description
-----------------------------------------------------------------------------
                          0.00    0.00   clock clk (rise edge)
                          0.00    0.00   clock network delay (propagated)
                          2.00    2.00 v input external delay
                  0.01    0.00    2.00 v rst (in)
     1    0.00                           rst (net)
                  0.01    0.00    2.00 v input2/A (sky130_fd_sc_hd__buf_1)
                  0.05    0.09    2.10 v input2/X (sky130_fd_sc_hd__buf_1)
     3    0.01                           net2 (net)
                  0.05    0.00    2.10 v _378_/A (sky130_fd_sc_hd__buf_4)
                  0.09    0.19    2.29 v _378_/X (sky130_fd_sc_hd__buf_4)
    10    0.07                           _202_ (net)
                  0.09    0.00    2.29 v _379_/A (sky130_fd_sc_hd__inv_2)
                  0.04    0.06    2.35 ^ _379_/Y (sky130_fd_sc_hd__inv_2)
     1    0.00                           _022_ (net)
                  0.04    0.00    2.35 ^ _428_/RESET_B (sky130_fd_sc_hd__dfrtp_1)
                                  2.35   data arrival time

                          0.00    0.00   clock clk (rise edge)
                          0.00    0.00   clock source latency
                  0.08    0.05    0.05 ^ clk (in)
     1    0.02                           clk (net)
                  0.08    0.00    0.05 ^ clkbuf_0_clk/A (sky130_fd_sc_hd__clkbuf_16)
                  0.06    0.16    0.22 ^ clkbuf_0_clk/X (sky130_fd_sc_hd__clkbuf_16)
     4    0.04                           clknet_0_clk (net)
                  0.06    0.00    0.22 ^ clkbuf_2_0__f_clk/A (sky130_fd_sc_hd__clkbuf_16)
                  0.06    0.16    0.37 ^ clkbuf_2_0__f_clk/X (sky130_fd_sc_hd__clkbuf_16)
    14    0.04                           clknet_2_0__leaf_clk (net)
                  0.06    0.00    0.37 ^ _428_/CLK (sky130_fd_sc_hd__dfrtp_1)
                          0.25    0.62   clock uncertainty
                          0.00    0.62   clock reconvergence pessimism
                          0.32    0.95   library removal time
                                  0.95   data required time
-----------------------------------------------------------------------------
                                  0.95   data required time
                                 -2.35   data arrival time
-----------------------------------------------------------------------------
                                  1.40   slack (MET)


Startpoint: rst (input port clocked by clk)
Endpoint: _430_ (removal check against rising-edge clock clk)
Path Group: asynchronous
Path Type: min
Corner: Typical

Fanout     Cap    Slew   Delay    Time   Description
-----------------------------------------------------------------------------
                          0.00    0.00   clock clk (rise edge)
                          0.00    0.00   clock network delay (propagated)
                          2.00    2.00 v input external delay
                  0.01    0.00    2.00 v rst (in)
     1    0.00                           rst (net)
                  0.01    0.00    2.00 v input2/A (sky130_fd_sc_hd__buf_1)
                  0.05    0.09    2.10 v input2/X (sky130_fd_sc_hd__buf_1)
     3    0.01                           net2 (net)
                  0.05    0.00    2.10 v _378_/A (sky130_fd_sc_hd__buf_4)
                  0.09    0.19    2.29 v _378_/X (sky130_fd_sc_hd__buf_4)
    10    0.07                           _202_ (net)
                  0.09    0.00    2.29 v _381_/A (sky130_fd_sc_hd__inv_2)
                  0.04    0.06    2.35 ^ _381_/Y (sky130_fd_sc_hd__inv_2)
     1    0.00                           _024_ (net)
                  0.04    0.00    2.35 ^ _430_/RESET_B (sky130_fd_sc_hd__dfrtp_1)
                                  2.35   data arrival time

                          0.00    0.00   clock clk (rise edge)
                          0.00    0.00   clock source latency
                  0.08    0.05    0.05 ^ clk (in)
     1    0.02                           clk (net)
                  0.08    0.00    0.05 ^ clkbuf_0_clk/A (sky130_fd_sc_hd__clkbuf_16)
                  0.06    0.16    0.22 ^ clkbuf_0_clk/X (sky130_fd_sc_hd__clkbuf_16)
     4    0.04                           clknet_0_clk (net)
                  0.06    0.00    0.22 ^ clkbuf_2_0__f_clk/A (sky130_fd_sc_hd__clkbuf_16)
                  0.06    0.16    0.37 ^ clkbuf_2_0__f_clk/X (sky130_fd_sc_hd__clkbuf_16)
    14    0.04                           clknet_2_0__leaf_clk (net)
                  0.06    0.00    0.37 ^ _430_/CLK (sky130_fd_sc_hd__dfrtp_1)
                          0.25    0.62   clock uncertainty
                          0.00    0.62   clock reconvergence pessimism
                          0.32    0.95   library removal time
                                  0.95   data required time
-----------------------------------------------------------------------------
                                  0.95   data required time
                                 -2.35   data arrival time
-----------------------------------------------------------------------------
                                  1.40   slack (MET)


Startpoint: rst (input port clocked by clk)
Endpoint: _432_ (removal check against rising-edge clock clk)
Path Group: asynchronous
Path Type: min
Corner: Typical

Fanout     Cap    Slew   Delay    Time   Description
-----------------------------------------------------------------------------
                          0.00    0.00   clock clk (rise edge)
                          0.00    0.00   clock network delay (propagated)
                          2.00    2.00 v input external delay
                  0.01    0.00    2.00 v rst (in)
     1    0.00                           rst (net)
                  0.01    0.00    2.00 v input2/A (sky130_fd_sc_hd__buf_1)
                  0.05    0.09    2.10 v input2/X (sky130_fd_sc_hd__buf_1)
     3    0.01                           net2 (net)
                  0.05    0.00    2.10 v _378_/A (sky130_fd_sc_hd__buf_4)
                  0.09    0.19    2.29 v _378_/X (sky130_fd_sc_hd__buf_4)
    10    0.07                           _202_ (net)
                  0.09    0.00    2.29 v _383_/A (sky130_fd_sc_hd__inv_2)
                  0.04    0.06    2.35 ^ _383_/Y (sky130_fd_sc_hd__inv_2)
     1    0.00                           _026_ (net)
                  0.04    0.00    2.35 ^ _432_/RESET_B (sky130_fd_sc_hd__dfrtp_1)
                                  2.35   data arrival time

                          0.00    0.00   clock clk (rise edge)
                          0.00    0.00   clock source latency
                  0.08    0.05    0.05 ^ clk (in)
     1    0.02                           clk (net)
                  0.08    0.00    0.05 ^ clkbuf_0_clk/A (sky130_fd_sc_hd__clkbuf_16)
                  0.06    0.16    0.22 ^ clkbuf_0_clk/X (sky130_fd_sc_hd__clkbuf_16)
     4    0.04                           clknet_0_clk (net)
                  0.06    0.00    0.22 ^ clkbuf_2_0__f_clk/A (sky130_fd_sc_hd__clkbuf_16)
                  0.06    0.16    0.37 ^ clkbuf_2_0__f_clk/X (sky130_fd_sc_hd__clkbuf_16)
    14    0.04                           clknet_2_0__leaf_clk (net)
                  0.06    0.00    0.37 ^ _432_/CLK (sky130_fd_sc_hd__dfrtp_1)
                          0.25    0.62   clock uncertainty
                          0.00    0.62   clock reconvergence pessimism
                          0.32    0.95   library removal time
                                  0.95   data required time
-----------------------------------------------------------------------------
                                  0.95   data required time
                                 -2.35   data arrival time
-----------------------------------------------------------------------------
                                  1.40   slack (MET)


Startpoint: rst (input port clocked by clk)
Endpoint: _431_ (removal check against rising-edge clock clk)
Path Group: asynchronous
Path Type: min
Corner: Typical

Fanout     Cap    Slew   Delay    Time   Description
-----------------------------------------------------------------------------
                          0.00    0.00   clock clk (rise edge)
                          0.00    0.00   clock network delay (propagated)
                          2.00    2.00 v input external delay
                  0.01    0.00    2.00 v rst (in)
     1    0.00                           rst (net)
                  0.01    0.00    2.00 v input2/A (sky130_fd_sc_hd__buf_1)
                  0.05    0.09    2.10 v input2/X (sky130_fd_sc_hd__buf_1)
     3    0.01                           net2 (net)
                  0.05    0.00    2.10 v _378_/A (sky130_fd_sc_hd__buf_4)
                  0.09    0.19    2.29 v _378_/X (sky130_fd_sc_hd__buf_4)
    10    0.07                           _202_ (net)
                  0.09    0.00    2.29 v _382_/A (sky130_fd_sc_hd__inv_2)
                  0.04    0.06    2.35 ^ _382_/Y (sky130_fd_sc_hd__inv_2)
     1    0.00                           _025_ (net)
                  0.04    0.00    2.35 ^ _431_/RESET_B (sky130_fd_sc_hd__dfrtp_1)
                                  2.35   data arrival time

                          0.00    0.00   clock clk (rise edge)
                          0.00    0.00   clock source latency
                  0.08    0.05    0.05 ^ clk (in)
     1    0.02                           clk (net)
                  0.08    0.00    0.05 ^ clkbuf_0_clk/A (sky130_fd_sc_hd__clkbuf_16)
                  0.06    0.16    0.22 ^ clkbuf_0_clk/X (sky130_fd_sc_hd__clkbuf_16)
     4    0.04                           clknet_0_clk (net)
                  0.06    0.00    0.22 ^ clkbuf_2_0__f_clk/A (sky130_fd_sc_hd__clkbuf_16)
                  0.06    0.16    0.37 ^ clkbuf_2_0__f_clk/X (sky130_fd_sc_hd__clkbuf_16)
    14    0.04                           clknet_2_0__leaf_clk (net)
                  0.06    0.00    0.37 ^ _431_/CLK (sky130_fd_sc_hd__dfrtp_1)
                          0.25    0.62   clock uncertainty
                          0.00    0.62   clock reconvergence pessimism
                          0.32    0.95   library removal time
                                  0.95   data required time
-----------------------------------------------------------------------------
                                  0.95   data required time
                                 -2.35   data arrival time
-----------------------------------------------------------------------------
                                  1.40   slack (MET)


Startpoint: rst (input port clocked by clk)
Endpoint: _429_ (removal check against rising-edge clock clk)
Path Group: asynchronous
Path Type: min
Corner: Typical

Fanout     Cap    Slew   Delay    Time   Description
-----------------------------------------------------------------------------
                          0.00    0.00   clock clk (rise edge)
                          0.00    0.00   clock network delay (propagated)
                          2.00    2.00 v input external delay
                  0.01    0.00    2.00 v rst (in)
     1    0.00                           rst (net)
                  0.01    0.00    2.00 v input2/A (sky130_fd_sc_hd__buf_1)
                  0.05    0.09    2.10 v input2/X (sky130_fd_sc_hd__buf_1)
     3    0.01                           net2 (net)
                  0.05    0.00    2.10 v _378_/A (sky130_fd_sc_hd__buf_4)
                  0.09    0.19    2.29 v _378_/X (sky130_fd_sc_hd__buf_4)
    10    0.07                           _202_ (net)
                  0.09    0.00    2.29 v _380_/A (sky130_fd_sc_hd__inv_2)
                  0.04    0.06    2.35 ^ _380_/Y (sky130_fd_sc_hd__inv_2)
     1    0.00                           _023_ (net)
                  0.04    0.00    2.35 ^ _429_/RESET_B (sky130_fd_sc_hd__dfrtp_1)
                                  2.35   data arrival time

                          0.00    0.00   clock clk (rise edge)
                          0.00    0.00   clock source latency
                  0.08    0.05    0.05 ^ clk (in)
     1    0.02                           clk (net)
                  0.08    0.00    0.05 ^ clkbuf_0_clk/A (sky130_fd_sc_hd__clkbuf_16)
                  0.06    0.16    0.22 ^ clkbuf_0_clk/X (sky130_fd_sc_hd__clkbuf_16)
     4    0.04                           clknet_0_clk (net)
                  0.06    0.00    0.22 ^ clkbuf_2_0__f_clk/A (sky130_fd_sc_hd__clkbuf_16)
                  0.06    0.16    0.37 ^ clkbuf_2_0__f_clk/X (sky130_fd_sc_hd__clkbuf_16)
    14    0.04                           clknet_2_0__leaf_clk (net)
                  0.06    0.00    0.37 ^ _429_/CLK (sky130_fd_sc_hd__dfrtp_1)
                          0.25    0.62   clock uncertainty
                          0.00    0.62   clock reconvergence pessimism
                          0.32    0.95   library removal time
                                  0.95   data required time
-----------------------------------------------------------------------------
                                  0.95   data required time
                                 -2.35   data arrival time
-----------------------------------------------------------------------------
                                  1.40   slack (MET)


Startpoint: rst (input port clocked by clk)
Endpoint: _437_ (removal check against rising-edge clock clk)
Path Group: asynchronous
Path Type: min
Corner: Typical

Fanout     Cap    Slew   Delay    Time   Description
-----------------------------------------------------------------------------
                          0.00    0.00   clock clk (rise edge)
                          0.00    0.00   clock network delay (propagated)
                          2.00    2.00 v input external delay
                  0.01    0.00    2.00 v rst (in)
     1    0.00                           rst (net)
                  0.01    0.00    2.00 v input2/A (sky130_fd_sc_hd__buf_1)
                  0.05    0.09    2.10 v input2/X (sky130_fd_sc_hd__buf_1)
     3    0.01                           net2 (net)
                  0.05    0.00    2.10 v _378_/A (sky130_fd_sc_hd__buf_4)
                  0.09    0.19    2.29 v _378_/X (sky130_fd_sc_hd__buf_4)
    10    0.07                           _202_ (net)
                  0.09    0.00    2.29 v _388_/A (sky130_fd_sc_hd__inv_2)
                  0.04    0.06    2.35 ^ _388_/Y (sky130_fd_sc_hd__inv_2)
     1    0.00                           _031_ (net)
                  0.04    0.00    2.35 ^ _437_/RESET_B (sky130_fd_sc_hd__dfrtp_1)
                                  2.35   data arrival time

                          0.00    0.00   clock clk (rise edge)
                          0.00    0.00   clock source latency
                  0.08    0.05    0.05 ^ clk (in)
     1    0.02                           clk (net)
                  0.08    0.00    0.05 ^ clkbuf_0_clk/A (sky130_fd_sc_hd__clkbuf_16)
                  0.06    0.16    0.22 ^ clkbuf_0_clk/X (sky130_fd_sc_hd__clkbuf_16)
     4    0.04                           clknet_0_clk (net)
                  0.06    0.00    0.22 ^ clkbuf_2_3__f_clk/A (sky130_fd_sc_hd__clkbuf_16)
                  0.06    0.15    0.37 ^ clkbuf_2_3__f_clk/X (sky130_fd_sc_hd__clkbuf_16)
    12    0.04                           clknet_2_3__leaf_clk (net)
                  0.06    0.00    0.37 ^ _437_/CLK (sky130_fd_sc_hd__dfrtp_1)
                          0.25    0.62   clock uncertainty
                          0.00    0.62   clock reconvergence pessimism
                          0.32    0.94   library removal time
                                  0.94   data required time
-----------------------------------------------------------------------------
                                  0.94   data required time
                                 -2.35   data arrival time
-----------------------------------------------------------------------------
                                  1.41   slack (MET)


Startpoint: rst (input port clocked by clk)
Endpoint: _434_ (removal check against rising-edge clock clk)
Path Group: asynchronous
Path Type: min
Corner: Typical

Fanout     Cap    Slew   Delay    Time   Description
-----------------------------------------------------------------------------
                          0.00    0.00   clock clk (rise edge)
                          0.00    0.00   clock network delay (propagated)
                          2.00    2.00 v input external delay
                  0.01    0.00    2.00 v rst (in)
     1    0.00                           rst (net)
                  0.01    0.00    2.00 v input2/A (sky130_fd_sc_hd__buf_1)
                  0.05    0.09    2.10 v input2/X (sky130_fd_sc_hd__buf_1)
     3    0.01                           net2 (net)
                  0.05    0.00    2.10 v _378_/A (sky130_fd_sc_hd__buf_4)
                  0.09    0.19    2.29 v _378_/X (sky130_fd_sc_hd__buf_4)
    10    0.07                           _202_ (net)
                  0.09    0.00    2.29 v _385_/A (sky130_fd_sc_hd__inv_2)
                  0.04    0.06    2.35 ^ _385_/Y (sky130_fd_sc_hd__inv_2)
     1    0.00                           _028_ (net)
                  0.04    0.00    2.35 ^ _434_/RESET_B (sky130_fd_sc_hd__dfrtp_1)
                                  2.35   data arrival time

                          0.00    0.00   clock clk (rise edge)
                          0.00    0.00   clock source latency
                  0.08    0.05    0.05 ^ clk (in)
     1    0.02                           clk (net)
                  0.08    0.00    0.05 ^ clkbuf_0_clk/A (sky130_fd_sc_hd__clkbuf_16)
                  0.06    0.16    0.22 ^ clkbuf_0_clk/X (sky130_fd_sc_hd__clkbuf_16)
     4    0.04                           clknet_0_clk (net)
                  0.06    0.00    0.22 ^ clkbuf_2_1__f_clk/A (sky130_fd_sc_hd__clkbuf_16)
                  0.06    0.15    0.37 ^ clkbuf_2_1__f_clk/X (sky130_fd_sc_hd__clkbuf_16)
    12    0.04                           clknet_2_1__leaf_clk (net)
                  0.06    0.00    0.37 ^ _434_/CLK (sky130_fd_sc_hd__dfrtp_1)
                          0.25    0.62   clock uncertainty
                          0.00    0.62   clock reconvergence pessimism
                          0.32    0.94   library removal time
                                  0.94   data required time
-----------------------------------------------------------------------------
                                  0.94   data required time
                                 -2.35   data arrival time
-----------------------------------------------------------------------------
                                  1.41   slack (MET)


Startpoint: rst (input port clocked by clk)
Endpoint: _433_ (removal check against rising-edge clock clk)
Path Group: asynchronous
Path Type: min
Corner: Typical

Fanout     Cap    Slew   Delay    Time   Description
-----------------------------------------------------------------------------
                          0.00    0.00   clock clk (rise edge)
                          0.00    0.00   clock network delay (propagated)
                          2.00    2.00 v input external delay
                  0.01    0.00    2.00 v rst (in)
     1    0.00                           rst (net)
                  0.01    0.00    2.00 v input2/A (sky130_fd_sc_hd__buf_1)
                  0.05    0.09    2.10 v input2/X (sky130_fd_sc_hd__buf_1)
     3    0.01                           net2 (net)
                  0.05    0.00    2.10 v _378_/A (sky130_fd_sc_hd__buf_4)
                  0.09    0.19    2.29 v _378_/X (sky130_fd_sc_hd__buf_4)
    10    0.07                           _202_ (net)
                  0.09    0.00    2.29 v _384_/A (sky130_fd_sc_hd__inv_2)
                  0.04    0.06    2.35 ^ _384_/Y (sky130_fd_sc_hd__inv_2)
     1    0.00                           _027_ (net)
                  0.04    0.00    2.35 ^ _433_/RESET_B (sky130_fd_sc_hd__dfrtp_1)
                                  2.35   data arrival time

                          0.00    0.00   clock clk (rise edge)
                          0.00    0.00   clock source latency
                  0.08    0.05    0.05 ^ clk (in)
     1    0.02                           clk (net)
                  0.08    0.00    0.05 ^ clkbuf_0_clk/A (sky130_fd_sc_hd__clkbuf_16)
                  0.06    0.16    0.22 ^ clkbuf_0_clk/X (sky130_fd_sc_hd__clkbuf_16)
     4    0.04                           clknet_0_clk (net)
                  0.06    0.00    0.22 ^ clkbuf_2_1__f_clk/A (sky130_fd_sc_hd__clkbuf_16)
                  0.06    0.15    0.37 ^ clkbuf_2_1__f_clk/X (sky130_fd_sc_hd__clkbuf_16)
    12    0.04                           clknet_2_1__leaf_clk (net)
                  0.06    0.00    0.37 ^ _433_/CLK (sky130_fd_sc_hd__dfrtp_1)
                          0.25    0.62   clock uncertainty
                          0.00    0.62   clock reconvergence pessimism
                          0.32    0.94   library removal time
                                  0.94   data required time
-----------------------------------------------------------------------------
                                  0.94   data required time
                                 -2.35   data arrival time
-----------------------------------------------------------------------------
                                  1.41   slack (MET)


Startpoint: rst (input port clocked by clk)
Endpoint: _436_ (removal check against rising-edge clock clk)
Path Group: asynchronous
Path Type: min
Corner: Typical

Fanout     Cap    Slew   Delay    Time   Description
-----------------------------------------------------------------------------
                          0.00    0.00   clock clk (rise edge)
                          0.00    0.00   clock network delay (propagated)
                          2.00    2.00 v input external delay
                  0.01    0.00    2.00 v rst (in)
     1    0.00                           rst (net)
                  0.01    0.00    2.00 v input2/A (sky130_fd_sc_hd__buf_1)
                  0.05    0.09    2.10 v input2/X (sky130_fd_sc_hd__buf_1)
     3    0.01                           net2 (net)
                  0.05    0.00    2.10 v _378_/A (sky130_fd_sc_hd__buf_4)
                  0.09    0.19    2.29 v _378_/X (sky130_fd_sc_hd__buf_4)
    10    0.07                           _202_ (net)
                  0.09    0.00    2.29 v _387_/A (sky130_fd_sc_hd__inv_2)
                  0.04    0.06    2.35 ^ _387_/Y (sky130_fd_sc_hd__inv_2)
     1    0.00                           _030_ (net)
                  0.04    0.00    2.35 ^ _436_/SET_B (sky130_fd_sc_hd__dfstp_1)
                                  2.35   data arrival time

                          0.00    0.00   clock clk (rise edge)
                          0.00    0.00   clock source latency
                  0.08    0.05    0.05 ^ clk (in)
     1    0.02                           clk (net)
                  0.08    0.00    0.05 ^ clkbuf_0_clk/A (sky130_fd_sc_hd__clkbuf_16)
                  0.06    0.16    0.22 ^ clkbuf_0_clk/X (sky130_fd_sc_hd__clkbuf_16)
     4    0.04                           clknet_0_clk (net)
                  0.06    0.00    0.22 ^ clkbuf_2_3__f_clk/A (sky130_fd_sc_hd__clkbuf_16)
                  0.06    0.15    0.37 ^ clkbuf_2_3__f_clk/X (sky130_fd_sc_hd__clkbuf_16)
    12    0.04                           clknet_2_3__leaf_clk (net)
                  0.06    0.00    0.37 ^ _436_/CLK (sky130_fd_sc_hd__dfstp_1)
                          0.25    0.62   clock uncertainty
                          0.00    0.62   clock reconvergence pessimism
                          0.16    0.78   library removal time
                                  0.78   data required time
-----------------------------------------------------------------------------
                                  0.78   data required time
                                 -2.35   data arrival time
-----------------------------------------------------------------------------
                                  1.57   slack (MET)


Startpoint: rst (input port clocked by clk)
Endpoint: _410_ (removal check against rising-edge clock clk)
Path Group: asynchronous
Path Type: min
Corner: Typical

Fanout     Cap    Slew   Delay    Time   Description
-----------------------------------------------------------------------------
                          0.00    0.00   clock clk (rise edge)
                          0.00    0.00   clock network delay (propagated)
                          2.00    2.00 v input external delay
                  0.01    0.00    2.00 v rst (in)
     1    0.00                           rst (net)
                  0.01    0.00    2.00 v input2/A (sky130_fd_sc_hd__buf_1)
                  0.05    0.09    2.10 v input2/X (sky130_fd_sc_hd__buf_1)
     3    0.01                           net2 (net)
                  0.05    0.00    2.10 v _355_/A (sky130_fd_sc_hd__buf_4)
                  0.08    0.18    2.28 v _355_/X (sky130_fd_sc_hd__buf_4)
    10    0.05                           _199_ (net)
                  0.08    0.00    2.28 v _356_/A (sky130_fd_sc_hd__buf_4)
                  0.08    0.19    2.47 v _356_/X (sky130_fd_sc_hd__buf_4)
    10    0.06                           _200_ (net)
                  0.08    0.00    2.47 v _359_/A (sky130_fd_sc_hd__inv_2)
                  0.03    0.05    2.53 ^ _359_/Y (sky130_fd_sc_hd__inv_2)
     1    0.00                           _004_ (net)
                  0.03    0.00    2.53 ^ _410_/RESET_B (sky130_fd_sc_hd__dfrtp_2)
                                  2.53   data arrival time

                          0.00    0.00   clock clk (rise edge)
                          0.00    0.00   clock source latency
                  0.08    0.05    0.05 ^ clk (in)
     1    0.02                           clk (net)
                  0.08    0.00    0.05 ^ clkbuf_0_clk/A (sky130_fd_sc_hd__clkbuf_16)
                  0.06    0.16    0.22 ^ clkbuf_0_clk/X (sky130_fd_sc_hd__clkbuf_16)
     4    0.04                           clknet_0_clk (net)
                  0.06    0.00    0.22 ^ clkbuf_2_0__f_clk/A (sky130_fd_sc_hd__clkbuf_16)
                  0.06    0.16    0.37 ^ clkbuf_2_0__f_clk/X (sky130_fd_sc_hd__clkbuf_16)
    14    0.04                           clknet_2_0__leaf_clk (net)
                  0.06    0.00    0.37 ^ _410_/CLK (sky130_fd_sc_hd__dfrtp_2)
                          0.25    0.62   clock uncertainty
                          0.00    0.62   clock reconvergence pessimism
                          0.32    0.94   library removal time
                                  0.94   data required time
-----------------------------------------------------------------------------
                                  0.94   data required time
                                 -2.53   data arrival time
-----------------------------------------------------------------------------
                                  1.58   slack (MET)


Startpoint: rst (input port clocked by clk)
Endpoint: _408_ (removal check against rising-edge clock clk)
Path Group: asynchronous
Path Type: min
Corner: Typical

Fanout     Cap    Slew   Delay    Time   Description
-----------------------------------------------------------------------------
                          0.00    0.00   clock clk (rise edge)
                          0.00    0.00   clock network delay (propagated)
                          2.00    2.00 v input external delay
                  0.01    0.00    2.00 v rst (in)
     1    0.00                           rst (net)
                  0.01    0.00    2.00 v input2/A (sky130_fd_sc_hd__buf_1)
                  0.05    0.09    2.10 v input2/X (sky130_fd_sc_hd__buf_1)
     3    0.01                           net2 (net)
                  0.05    0.00    2.10 v _355_/A (sky130_fd_sc_hd__buf_4)
                  0.08    0.18    2.28 v _355_/X (sky130_fd_sc_hd__buf_4)
    10    0.05                           _199_ (net)
                  0.08    0.00    2.28 v _356_/A (sky130_fd_sc_hd__buf_4)
                  0.08    0.19    2.47 v _356_/X (sky130_fd_sc_hd__buf_4)
    10    0.06                           _200_ (net)
                  0.08    0.00    2.47 v _357_/A (sky130_fd_sc_hd__inv_2)
                  0.03    0.05    2.53 ^ _357_/Y (sky130_fd_sc_hd__inv_2)
     1    0.00                           _002_ (net)
                  0.03    0.00    2.53 ^ _408_/RESET_B (sky130_fd_sc_hd__dfrtp_4)
                                  2.53   data arrival time

                          0.00    0.00   clock clk (rise edge)
                          0.00    0.00   clock source latency
                  0.08    0.05    0.05 ^ clk (in)
     1    0.02                           clk (net)
                  0.08    0.00    0.05 ^ clkbuf_0_clk/A (sky130_fd_sc_hd__clkbuf_16)
                  0.06    0.16    0.22 ^ clkbuf_0_clk/X (sky130_fd_sc_hd__clkbuf_16)
     4    0.04                           clknet_0_clk (net)
                  0.06    0.00    0.22 ^ clkbuf_2_0__f_clk/A (sky130_fd_sc_hd__clkbuf_16)
                  0.06    0.16    0.37 ^ clkbuf_2_0__f_clk/X (sky130_fd_sc_hd__clkbuf_16)
    14    0.04                           clknet_2_0__leaf_clk (net)
                  0.06    0.00    0.37 ^ _408_/CLK (sky130_fd_sc_hd__dfrtp_4)
                          0.25    0.62   clock uncertainty
                          0.00    0.62   clock reconvergence pessimism
                          0.32    0.94   library removal time
                                  0.94   data required time
-----------------------------------------------------------------------------
                                  0.94   data required time
                                 -2.53   data arrival time
-----------------------------------------------------------------------------
                                  1.58   slack (MET)


Startpoint: rst (input port clocked by clk)
Endpoint: _411_ (removal check against rising-edge clock clk)
Path Group: asynchronous
Path Type: min
Corner: Typical

Fanout     Cap    Slew   Delay    Time   Description
-----------------------------------------------------------------------------
                          0.00    0.00   clock clk (rise edge)
                          0.00    0.00   clock network delay (propagated)
                          2.00    2.00 v input external delay
                  0.01    0.00    2.00 v rst (in)
     1    0.00                           rst (net)
                  0.01    0.00    2.00 v input2/A (sky130_fd_sc_hd__buf_1)
                  0.05    0.09    2.10 v input2/X (sky130_fd_sc_hd__buf_1)
     3    0.01                           net2 (net)
                  0.05    0.00    2.10 v _355_/A (sky130_fd_sc_hd__buf_4)
                  0.08    0.18    2.28 v _355_/X (sky130_fd_sc_hd__buf_4)
    10    0.05                           _199_ (net)
                  0.08    0.00    2.28 v _356_/A (sky130_fd_sc_hd__buf_4)
                  0.08    0.19    2.47 v _356_/X (sky130_fd_sc_hd__buf_4)
    10    0.06                           _200_ (net)
                  0.08    0.00    2.47 v _360_/A (sky130_fd_sc_hd__inv_2)
                  0.03    0.05    2.53 ^ _360_/Y (sky130_fd_sc_hd__inv_2)
     1    0.00                           _005_ (net)
                  0.03    0.00    2.53 ^ _411_/RESET_B (sky130_fd_sc_hd__dfrtp_1)
                                  2.53   data arrival time

                          0.00    0.00   clock clk (rise edge)
                          0.00    0.00   clock source latency
                  0.08    0.05    0.05 ^ clk (in)
     1    0.02                           clk (net)
                  0.08    0.00    0.05 ^ clkbuf_0_clk/A (sky130_fd_sc_hd__clkbuf_16)
                  0.06    0.16    0.22 ^ clkbuf_0_clk/X (sky130_fd_sc_hd__clkbuf_16)
     4    0.04                           clknet_0_clk (net)
                  0.06    0.00    0.22 ^ clkbuf_2_0__f_clk/A (sky130_fd_sc_hd__clkbuf_16)
                  0.06    0.16    0.37 ^ clkbuf_2_0__f_clk/X (sky130_fd_sc_hd__clkbuf_16)
    14    0.04                           clknet_2_0__leaf_clk (net)
                  0.06    0.00    0.37 ^ _411_/CLK (sky130_fd_sc_hd__dfrtp_1)
                          0.25    0.62   clock uncertainty
                          0.00    0.62   clock reconvergence pessimism
                          0.32    0.94   library removal time
                                  0.94   data required time
-----------------------------------------------------------------------------
                                  0.94   data required time
                                 -2.53   data arrival time
-----------------------------------------------------------------------------
                                  1.58   slack (MET)


Startpoint: rst (input port clocked by clk)
Endpoint: _424_ (removal check against rising-edge clock clk)
Path Group: asynchronous
Path Type: min
Corner: Typical

Fanout     Cap    Slew   Delay    Time   Description
-----------------------------------------------------------------------------
                          0.00    0.00   clock clk (rise edge)
                          0.00    0.00   clock network delay (propagated)
                          2.00    2.00 v input external delay
                  0.01    0.00    2.00 v rst (in)
     1    0.00                           rst (net)
                  0.01    0.00    2.00 v input2/A (sky130_fd_sc_hd__buf_1)
                  0.05    0.09    2.10 v input2/X (sky130_fd_sc_hd__buf_1)
     3    0.01                           net2 (net)
                  0.05    0.00    2.10 v _355_/A (sky130_fd_sc_hd__buf_4)
                  0.08    0.18    2.28 v _355_/X (sky130_fd_sc_hd__buf_4)
    10    0.05                           _199_ (net)
                  0.08    0.00    2.28 v _367_/A (sky130_fd_sc_hd__clkbuf_8)
                  0.08    0.19    2.47 v _367_/X (sky130_fd_sc_hd__clkbuf_8)
    10    0.07                           _201_ (net)
                  0.08    0.00    2.47 v _374_/A (sky130_fd_sc_hd__inv_2)
                  0.03    0.06    2.53 ^ _374_/Y (sky130_fd_sc_hd__inv_2)
     1    0.00                           _018_ (net)
                  0.03    0.00    2.53 ^ _424_/RESET_B (sky130_fd_sc_hd__dfrtp_2)
                                  2.53   data arrival time

                          0.00    0.00   clock clk (rise edge)
                          0.00    0.00   clock source latency
                  0.08    0.05    0.05 ^ clk (in)
     1    0.02                           clk (net)
                  0.08    0.00    0.05 ^ clkbuf_0_clk/A (sky130_fd_sc_hd__clkbuf_16)
                  0.06    0.16    0.22 ^ clkbuf_0_clk/X (sky130_fd_sc_hd__clkbuf_16)
     4    0.04                           clknet_0_clk (net)
                  0.06    0.00    0.22 ^ clkbuf_2_3__f_clk/A (sky130_fd_sc_hd__clkbuf_16)
                  0.06    0.15    0.37 ^ clkbuf_2_3__f_clk/X (sky130_fd_sc_hd__clkbuf_16)
    12    0.04                           clknet_2_3__leaf_clk (net)
                  0.06    0.00    0.37 ^ _424_/CLK (sky130_fd_sc_hd__dfrtp_2)
                          0.25    0.62   clock uncertainty
                          0.00    0.62   clock reconvergence pessimism
                          0.32    0.94   library removal time
                                  0.94   data required time
-----------------------------------------------------------------------------
                                  0.94   data required time
                                 -2.53   data arrival time
-----------------------------------------------------------------------------
                                  1.59   slack (MET)


Startpoint: rst (input port clocked by clk)
Endpoint: _420_ (removal check against rising-edge clock clk)
Path Group: asynchronous
Path Type: min
Corner: Typical

Fanout     Cap    Slew   Delay    Time   Description
-----------------------------------------------------------------------------
                          0.00    0.00   clock clk (rise edge)
                          0.00    0.00   clock network delay (propagated)
                          2.00    2.00 v input external delay
                  0.01    0.00    2.00 v rst (in)
     1    0.00                           rst (net)
                  0.01    0.00    2.00 v input2/A (sky130_fd_sc_hd__buf_1)
                  0.05    0.09    2.10 v input2/X (sky130_fd_sc_hd__buf_1)
     3    0.01                           net2 (net)
                  0.05    0.00    2.10 v _355_/A (sky130_fd_sc_hd__buf_4)
                  0.08    0.18    2.28 v _355_/X (sky130_fd_sc_hd__buf_4)
    10    0.05                           _199_ (net)
                  0.08    0.00    2.28 v _367_/A (sky130_fd_sc_hd__clkbuf_8)
                  0.08    0.19    2.47 v _367_/X (sky130_fd_sc_hd__clkbuf_8)
    10    0.07                           _201_ (net)
                  0.08    0.00    2.47 v _370_/A (sky130_fd_sc_hd__inv_2)
                  0.03    0.06    2.53 ^ _370_/Y (sky130_fd_sc_hd__inv_2)
     1    0.00                           _014_ (net)
                  0.03    0.00    2.53 ^ _420_/RESET_B (sky130_fd_sc_hd__dfrtp_1)
                                  2.53   data arrival time

                          0.00    0.00   clock clk (rise edge)
                          0.00    0.00   clock source latency
                  0.08    0.05    0.05 ^ clk (in)
     1    0.02                           clk (net)
                  0.08    0.00    0.05 ^ clkbuf_0_clk/A (sky130_fd_sc_hd__clkbuf_16)
                  0.06    0.16    0.22 ^ clkbuf_0_clk/X (sky130_fd_sc_hd__clkbuf_16)
     4    0.04                           clknet_0_clk (net)
                  0.06    0.00    0.22 ^ clkbuf_2_3__f_clk/A (sky130_fd_sc_hd__clkbuf_16)
                  0.06    0.15    0.37 ^ clkbuf_2_3__f_clk/X (sky130_fd_sc_hd__clkbuf_16)
    12    0.04                           clknet_2_3__leaf_clk (net)
                  0.06    0.00    0.37 ^ _420_/CLK (sky130_fd_sc_hd__dfrtp_1)
                          0.25    0.62   clock uncertainty
                          0.00    0.62   clock reconvergence pessimism
                          0.32    0.94   library removal time
                                  0.94   data required time
-----------------------------------------------------------------------------
                                  0.94   data required time
                                 -2.53   data arrival time
-----------------------------------------------------------------------------
                                  1.59   slack (MET)


Startpoint: rst (input port clocked by clk)
Endpoint: _421_ (removal check against rising-edge clock clk)
Path Group: asynchronous
Path Type: min
Corner: Typical

Fanout     Cap    Slew   Delay    Time   Description
-----------------------------------------------------------------------------
                          0.00    0.00   clock clk (rise edge)
                          0.00    0.00   clock network delay (propagated)
                          2.00    2.00 v input external delay
                  0.01    0.00    2.00 v rst (in)
     1    0.00                           rst (net)
                  0.01    0.00    2.00 v input2/A (sky130_fd_sc_hd__buf_1)
                  0.05    0.09    2.10 v input2/X (sky130_fd_sc_hd__buf_1)
     3    0.01                           net2 (net)
                  0.05    0.00    2.10 v _355_/A (sky130_fd_sc_hd__buf_4)
                  0.08    0.18    2.28 v _355_/X (sky130_fd_sc_hd__buf_4)
    10    0.05                           _199_ (net)
                  0.08    0.00    2.28 v _367_/A (sky130_fd_sc_hd__clkbuf_8)
                  0.08    0.19    2.47 v _367_/X (sky130_fd_sc_hd__clkbuf_8)
    10    0.07                           _201_ (net)
                  0.08    0.00    2.47 v _371_/A (sky130_fd_sc_hd__inv_2)
                  0.03    0.06    2.53 ^ _371_/Y (sky130_fd_sc_hd__inv_2)
     1    0.00                           _015_ (net)
                  0.03    0.00    2.53 ^ _421_/RESET_B (sky130_fd_sc_hd__dfrtp_1)
                                  2.53   data arrival time

                          0.00    0.00   clock clk (rise edge)
                          0.00    0.00   clock source latency
                  0.08    0.05    0.05 ^ clk (in)
     1    0.02                           clk (net)
                  0.08    0.00    0.05 ^ clkbuf_0_clk/A (sky130_fd_sc_hd__clkbuf_16)
                  0.06    0.16    0.22 ^ clkbuf_0_clk/X (sky130_fd_sc_hd__clkbuf_16)
     4    0.04                           clknet_0_clk (net)
                  0.06    0.00    0.22 ^ clkbuf_2_3__f_clk/A (sky130_fd_sc_hd__clkbuf_16)
                  0.06    0.15    0.37 ^ clkbuf_2_3__f_clk/X (sky130_fd_sc_hd__clkbuf_16)
    12    0.04                           clknet_2_3__leaf_clk (net)
                  0.06    0.00    0.37 ^ _421_/CLK (sky130_fd_sc_hd__dfrtp_1)
                          0.25    0.62   clock uncertainty
                          0.00    0.62   clock reconvergence pessimism
                          0.32    0.94   library removal time
                                  0.94   data required time
-----------------------------------------------------------------------------
                                  0.94   data required time
                                 -2.53   data arrival time
-----------------------------------------------------------------------------
                                  1.59   slack (MET)


Startpoint: rst (input port clocked by clk)
Endpoint: _426_ (removal check against rising-edge clock clk)
Path Group: asynchronous
Path Type: min
Corner: Typical

Fanout     Cap    Slew   Delay    Time   Description
-----------------------------------------------------------------------------
                          0.00    0.00   clock clk (rise edge)
                          0.00    0.00   clock network delay (propagated)
                          2.00    2.00 v input external delay
                  0.01    0.00    2.00 v rst (in)
     1    0.00                           rst (net)
                  0.01    0.00    2.00 v input2/A (sky130_fd_sc_hd__buf_1)
                  0.05    0.09    2.10 v input2/X (sky130_fd_sc_hd__buf_1)
     3    0.01                           net2 (net)
                  0.05    0.00    2.10 v _355_/A (sky130_fd_sc_hd__buf_4)
                  0.08    0.18    2.28 v _355_/X (sky130_fd_sc_hd__buf_4)
    10    0.05                           _199_ (net)
                  0.08    0.00    2.28 v _367_/A (sky130_fd_sc_hd__clkbuf_8)
                  0.08    0.19    2.47 v _367_/X (sky130_fd_sc_hd__clkbuf_8)
    10    0.07                           _201_ (net)
                  0.08    0.00    2.47 v _376_/A (sky130_fd_sc_hd__inv_2)
                  0.03    0.06    2.53 ^ _376_/Y (sky130_fd_sc_hd__inv_2)
     1    0.00                           _020_ (net)
                  0.03    0.00    2.53 ^ _426_/RESET_B (sky130_fd_sc_hd__dfrtp_1)
                                  2.53   data arrival time

                          0.00    0.00   clock clk (rise edge)
                          0.00    0.00   clock source latency
                  0.08    0.05    0.05 ^ clk (in)
     1    0.02                           clk (net)
                  0.08    0.00    0.05 ^ clkbuf_0_clk/A (sky130_fd_sc_hd__clkbuf_16)
                  0.06    0.16    0.22 ^ clkbuf_0_clk/X (sky130_fd_sc_hd__clkbuf_16)
     4    0.04                           clknet_0_clk (net)
                  0.06    0.00    0.22 ^ clkbuf_2_3__f_clk/A (sky130_fd_sc_hd__clkbuf_16)
                  0.06    0.15    0.37 ^ clkbuf_2_3__f_clk/X (sky130_fd_sc_hd__clkbuf_16)
    12    0.04                           clknet_2_3__leaf_clk (net)
                  0.06    0.00    0.37 ^ _426_/CLK (sky130_fd_sc_hd__dfrtp_1)
                          0.25    0.62   clock uncertainty
                          0.00    0.62   clock reconvergence pessimism
                          0.32    0.94   library removal time
                                  0.94   data required time
-----------------------------------------------------------------------------
                                  0.94   data required time
                                 -2.53   data arrival time
-----------------------------------------------------------------------------
                                  1.59   slack (MET)


Startpoint: rst (input port clocked by clk)
Endpoint: _419_ (removal check against rising-edge clock clk)
Path Group: asynchronous
Path Type: min
Corner: Typical

Fanout     Cap    Slew   Delay    Time   Description
-----------------------------------------------------------------------------
                          0.00    0.00   clock clk (rise edge)
                          0.00    0.00   clock network delay (propagated)
                          2.00    2.00 v input external delay
                  0.01    0.00    2.00 v rst (in)
     1    0.00                           rst (net)
                  0.01    0.00    2.00 v input2/A (sky130_fd_sc_hd__buf_1)
                  0.05    0.09    2.10 v input2/X (sky130_fd_sc_hd__buf_1)
     3    0.01                           net2 (net)
                  0.05    0.00    2.10 v _355_/A (sky130_fd_sc_hd__buf_4)
                  0.08    0.18    2.28 v _355_/X (sky130_fd_sc_hd__buf_4)
    10    0.05                           _199_ (net)
                  0.08    0.00    2.28 v _367_/A (sky130_fd_sc_hd__clkbuf_8)
                  0.08    0.19    2.47 v _367_/X (sky130_fd_sc_hd__clkbuf_8)
    10    0.07                           _201_ (net)
                  0.08    0.00    2.47 v _369_/A (sky130_fd_sc_hd__inv_2)
                  0.03    0.06    2.53 ^ _369_/Y (sky130_fd_sc_hd__inv_2)
     1    0.00                           _013_ (net)
                  0.03    0.00    2.53 ^ _419_/RESET_B (sky130_fd_sc_hd__dfrtp_1)
                                  2.53   data arrival time

                          0.00    0.00   clock clk (rise edge)
                          0.00    0.00   clock source latency
                  0.08    0.05    0.05 ^ clk (in)
     1    0.02                           clk (net)
                  0.08    0.00    0.05 ^ clkbuf_0_clk/A (sky130_fd_sc_hd__clkbuf_16)
                  0.06    0.16    0.22 ^ clkbuf_0_clk/X (sky130_fd_sc_hd__clkbuf_16)
     4    0.04                           clknet_0_clk (net)
                  0.06    0.00    0.22 ^ clkbuf_2_3__f_clk/A (sky130_fd_sc_hd__clkbuf_16)
                  0.06    0.15    0.37 ^ clkbuf_2_3__f_clk/X (sky130_fd_sc_hd__clkbuf_16)
    12    0.04                           clknet_2_3__leaf_clk (net)
                  0.06    0.00    0.37 ^ _419_/CLK (sky130_fd_sc_hd__dfrtp_1)
                          0.25    0.62   clock uncertainty
                          0.00    0.62   clock reconvergence pessimism
                          0.32    0.94   library removal time
                                  0.94   data required time
-----------------------------------------------------------------------------
                                  0.94   data required time
                                 -2.53   data arrival time
-----------------------------------------------------------------------------
                                  1.59   slack (MET)


Startpoint: rst (input port clocked by clk)
Endpoint: _418_ (removal check against rising-edge clock clk)
Path Group: asynchronous
Path Type: min
Corner: Typical

Fanout     Cap    Slew   Delay    Time   Description
-----------------------------------------------------------------------------
                          0.00    0.00   clock clk (rise edge)
                          0.00    0.00   clock network delay (propagated)
                          2.00    2.00 v input external delay
                  0.01    0.00    2.00 v rst (in)
     1    0.00                           rst (net)
                  0.01    0.00    2.00 v input2/A (sky130_fd_sc_hd__buf_1)
                  0.05    0.09    2.10 v input2/X (sky130_fd_sc_hd__buf_1)
     3    0.01                           net2 (net)
                  0.05    0.00    2.10 v _355_/A (sky130_fd_sc_hd__buf_4)
                  0.08    0.18    2.28 v _355_/X (sky130_fd_sc_hd__buf_4)
    10    0.05                           _199_ (net)
                  0.08    0.00    2.28 v _367_/A (sky130_fd_sc_hd__clkbuf_8)
                  0.08    0.19    2.47 v _367_/X (sky130_fd_sc_hd__clkbuf_8)
    10    0.07                           _201_ (net)
                  0.08    0.00    2.47 v _368_/A (sky130_fd_sc_hd__inv_2)
                  0.03    0.06    2.53 ^ _368_/Y (sky130_fd_sc_hd__inv_2)
     1    0.00                           _012_ (net)
                  0.03    0.00    2.53 ^ _418_/RESET_B (sky130_fd_sc_hd__dfrtp_1)
                                  2.53   data arrival time

                          0.00    0.00   clock clk (rise edge)
                          0.00    0.00   clock source latency
                  0.08    0.05    0.05 ^ clk (in)
     1    0.02                           clk (net)
                  0.08    0.00    0.05 ^ clkbuf_0_clk/A (sky130_fd_sc_hd__clkbuf_16)
                  0.06    0.16    0.22 ^ clkbuf_0_clk/X (sky130_fd_sc_hd__clkbuf_16)
     4    0.04                           clknet_0_clk (net)
                  0.06    0.00    0.22 ^ clkbuf_2_3__f_clk/A (sky130_fd_sc_hd__clkbuf_16)
                  0.06    0.15    0.37 ^ clkbuf_2_3__f_clk/X (sky130_fd_sc_hd__clkbuf_16)
    12    0.04                           clknet_2_3__leaf_clk (net)
                  0.06    0.00    0.37 ^ _418_/CLK (sky130_fd_sc_hd__dfrtp_1)
                          0.25    0.62   clock uncertainty
                          0.00    0.62   clock reconvergence pessimism
                          0.32    0.94   library removal time
                                  0.94   data required time
-----------------------------------------------------------------------------
                                  0.94   data required time
                                 -2.53   data arrival time
-----------------------------------------------------------------------------
                                  1.59   slack (MET)


Startpoint: rst (input port clocked by clk)
Endpoint: _427_ (removal check against rising-edge clock clk)
Path Group: asynchronous
Path Type: min
Corner: Typical

Fanout     Cap    Slew   Delay    Time   Description
-----------------------------------------------------------------------------
                          0.00    0.00   clock clk (rise edge)
                          0.00    0.00   clock network delay (propagated)
                          2.00    2.00 v input external delay
                  0.01    0.00    2.00 v rst (in)
     1    0.00                           rst (net)
                  0.01    0.00    2.00 v input2/A (sky130_fd_sc_hd__buf_1)
                  0.05    0.09    2.10 v input2/X (sky130_fd_sc_hd__buf_1)
     3    0.01                           net2 (net)
                  0.05    0.00    2.10 v _355_/A (sky130_fd_sc_hd__buf_4)
                  0.08    0.18    2.28 v _355_/X (sky130_fd_sc_hd__buf_4)
    10    0.05                           _199_ (net)
                  0.08    0.00    2.28 v _367_/A (sky130_fd_sc_hd__clkbuf_8)
                  0.08    0.19    2.47 v _367_/X (sky130_fd_sc_hd__clkbuf_8)
    10    0.07                           _201_ (net)
                  0.08    0.00    2.47 v _377_/A (sky130_fd_sc_hd__inv_2)
                  0.04    0.06    2.53 ^ _377_/Y (sky130_fd_sc_hd__inv_2)
     1    0.00                           _021_ (net)
                  0.04    0.00    2.53 ^ _427_/RESET_B (sky130_fd_sc_hd__dfrtp_1)
                                  2.53   data arrival time

                          0.00    0.00   clock clk (rise edge)
                          0.00    0.00   clock source latency
                  0.08    0.05    0.05 ^ clk (in)
     1    0.02                           clk (net)
                  0.08    0.00    0.05 ^ clkbuf_0_clk/A (sky130_fd_sc_hd__clkbuf_16)
                  0.06    0.16    0.22 ^ clkbuf_0_clk/X (sky130_fd_sc_hd__clkbuf_16)
     4    0.04                           clknet_0_clk (net)
                  0.06    0.00    0.22 ^ clkbuf_2_1__f_clk/A (sky130_fd_sc_hd__clkbuf_16)
                  0.06    0.15    0.37 ^ clkbuf_2_1__f_clk/X (sky130_fd_sc_hd__clkbuf_16)
    12    0.04                           clknet_2_1__leaf_clk (net)
                  0.06    0.00    0.37 ^ _427_/CLK (sky130_fd_sc_hd__dfrtp_1)
                          0.25    0.62   clock uncertainty
                          0.00    0.62   clock reconvergence pessimism
                          0.32    0.94   library removal time
                                  0.94   data required time
-----------------------------------------------------------------------------
                                  0.94   data required time
                                 -2.53   data arrival time
-----------------------------------------------------------------------------
                                  1.59   slack (MET)


Startpoint: rst (input port clocked by clk)
Endpoint: _423_ (removal check against rising-edge clock clk)
Path Group: asynchronous
Path Type: min
Corner: Typical

Fanout     Cap    Slew   Delay    Time   Description
-----------------------------------------------------------------------------
                          0.00    0.00   clock clk (rise edge)
                          0.00    0.00   clock network delay (propagated)
                          2.00    2.00 v input external delay
                  0.01    0.00    2.00 v rst (in)
     1    0.00                           rst (net)
                  0.01    0.00    2.00 v input2/A (sky130_fd_sc_hd__buf_1)
                  0.05    0.09    2.10 v input2/X (sky130_fd_sc_hd__buf_1)
     3    0.01                           net2 (net)
                  0.05    0.00    2.10 v _355_/A (sky130_fd_sc_hd__buf_4)
                  0.08    0.18    2.28 v _355_/X (sky130_fd_sc_hd__buf_4)
    10    0.05                           _199_ (net)
                  0.08    0.00    2.28 v _367_/A (sky130_fd_sc_hd__clkbuf_8)
                  0.08    0.19    2.47 v _367_/X (sky130_fd_sc_hd__clkbuf_8)
    10    0.07                           _201_ (net)
                  0.08    0.00    2.47 v _373_/A (sky130_fd_sc_hd__inv_2)
                  0.03    0.06    2.52 ^ _373_/Y (sky130_fd_sc_hd__inv_2)
     1    0.00                           _017_ (net)
                  0.03    0.00    2.52 ^ _423_/RESET_B (sky130_fd_sc_hd__dfrtp_1)
                                  2.52   data arrival time

                          0.00    0.00   clock clk (rise edge)
                          0.00    0.00   clock source latency
                  0.08    0.05    0.05 ^ clk (in)
     1    0.02                           clk (net)
                  0.08    0.00    0.05 ^ clkbuf_0_clk/A (sky130_fd_sc_hd__clkbuf_16)
                  0.06    0.16    0.22 ^ clkbuf_0_clk/X (sky130_fd_sc_hd__clkbuf_16)
     4    0.04                           clknet_0_clk (net)
                  0.06    0.00    0.22 ^ clkbuf_2_2__f_clk/A (sky130_fd_sc_hd__clkbuf_16)
                  0.05    0.15    0.36 ^ clkbuf_2_2__f_clk/X (sky130_fd_sc_hd__clkbuf_16)
    10    0.03                           clknet_2_2__leaf_clk (net)
                  0.05    0.00    0.36 ^ _423_/CLK (sky130_fd_sc_hd__dfrtp_1)
                          0.25    0.61   clock uncertainty
                          0.00    0.61   clock reconvergence pessimism
                          0.32    0.93   library removal time
                                  0.93   data required time
-----------------------------------------------------------------------------
                                  0.93   data required time
                                 -2.52   data arrival time
-----------------------------------------------------------------------------
                                  1.59   slack (MET)


Startpoint: rst (input port clocked by clk)
Endpoint: _422_ (removal check against rising-edge clock clk)
Path Group: asynchronous
Path Type: min
Corner: Typical

Fanout     Cap    Slew   Delay    Time   Description
-----------------------------------------------------------------------------
                          0.00    0.00   clock clk (rise edge)
                          0.00    0.00   clock network delay (propagated)
                          2.00    2.00 v input external delay
                  0.01    0.00    2.00 v rst (in)
     1    0.00                           rst (net)
                  0.01    0.00    2.00 v input2/A (sky130_fd_sc_hd__buf_1)
                  0.05    0.09    2.10 v input2/X (sky130_fd_sc_hd__buf_1)
     3    0.01                           net2 (net)
                  0.05    0.00    2.10 v _355_/A (sky130_fd_sc_hd__buf_4)
                  0.08    0.18    2.28 v _355_/X (sky130_fd_sc_hd__buf_4)
    10    0.05                           _199_ (net)
                  0.08    0.00    2.28 v _367_/A (sky130_fd_sc_hd__clkbuf_8)
                  0.08    0.19    2.47 v _367_/X (sky130_fd_sc_hd__clkbuf_8)
    10    0.07                           _201_ (net)
                  0.08    0.00    2.47 v _372_/A (sky130_fd_sc_hd__inv_2)
                  0.03    0.06    2.52 ^ _372_/Y (sky130_fd_sc_hd__inv_2)
     1    0.00                           _016_ (net)
                  0.03    0.00    2.52 ^ _422_/RESET_B (sky130_fd_sc_hd__dfrtp_1)
                                  2.52   data arrival time

                          0.00    0.00   clock clk (rise edge)
                          0.00    0.00   clock source latency
                  0.08    0.05    0.05 ^ clk (in)
     1    0.02                           clk (net)
                  0.08    0.00    0.05 ^ clkbuf_0_clk/A (sky130_fd_sc_hd__clkbuf_16)
                  0.06    0.16    0.22 ^ clkbuf_0_clk/X (sky130_fd_sc_hd__clkbuf_16)
     4    0.04                           clknet_0_clk (net)
                  0.06    0.00    0.22 ^ clkbuf_2_2__f_clk/A (sky130_fd_sc_hd__clkbuf_16)
                  0.05    0.15    0.36 ^ clkbuf_2_2__f_clk/X (sky130_fd_sc_hd__clkbuf_16)
    10    0.03                           clknet_2_2__leaf_clk (net)
                  0.05    0.00    0.36 ^ _422_/CLK (sky130_fd_sc_hd__dfrtp_1)
                          0.25    0.61   clock uncertainty
                          0.00    0.61   clock reconvergence pessimism
                          0.32    0.93   library removal time
                                  0.93   data required time
-----------------------------------------------------------------------------
                                  0.93   data required time
                                 -2.52   data arrival time
-----------------------------------------------------------------------------
                                  1.59   slack (MET)


Startpoint: rst (input port clocked by clk)
Endpoint: _425_ (removal check against rising-edge clock clk)
Path Group: asynchronous
Path Type: min
Corner: Typical

Fanout     Cap    Slew   Delay    Time   Description
-----------------------------------------------------------------------------
                          0.00    0.00   clock clk (rise edge)
                          0.00    0.00   clock network delay (propagated)
                          2.00    2.00 v input external delay
                  0.01    0.00    2.00 v rst (in)
     1    0.00                           rst (net)
                  0.01    0.00    2.00 v input2/A (sky130_fd_sc_hd__buf_1)
                  0.05    0.09    2.10 v input2/X (sky130_fd_sc_hd__buf_1)
     3    0.01                           net2 (net)
                  0.05    0.00    2.10 v _355_/A (sky130_fd_sc_hd__buf_4)
                  0.08    0.18    2.28 v _355_/X (sky130_fd_sc_hd__buf_4)
    10    0.05                           _199_ (net)
                  0.08    0.00    2.28 v _367_/A (sky130_fd_sc_hd__clkbuf_8)
                  0.08    0.19    2.47 v _367_/X (sky130_fd_sc_hd__clkbuf_8)
    10    0.07                           _201_ (net)
                  0.08    0.00    2.47 v _375_/A (sky130_fd_sc_hd__inv_2)
                  0.03    0.06    2.53 ^ _375_/Y (sky130_fd_sc_hd__inv_2)
     1    0.00                           _019_ (net)
                  0.03    0.00    2.53 ^ _425_/RESET_B (sky130_fd_sc_hd__dfrtp_1)
                                  2.53   data arrival time

                          0.00    0.00   clock clk (rise edge)
                          0.00    0.00   clock source latency
                  0.08    0.05    0.05 ^ clk (in)
     1    0.02                           clk (net)
                  0.08    0.00    0.05 ^ clkbuf_0_clk/A (sky130_fd_sc_hd__clkbuf_16)
                  0.06    0.16    0.22 ^ clkbuf_0_clk/X (sky130_fd_sc_hd__clkbuf_16)
     4    0.04                           clknet_0_clk (net)
                  0.06    0.00    0.22 ^ clkbuf_2_2__f_clk/A (sky130_fd_sc_hd__clkbuf_16)
                  0.05    0.15    0.36 ^ clkbuf_2_2__f_clk/X (sky130_fd_sc_hd__clkbuf_16)
    10    0.03                           clknet_2_2__leaf_clk (net)
                  0.05    0.00    0.37 ^ _425_/CLK (sky130_fd_sc_hd__dfrtp_1)
                          0.25    0.62   clock uncertainty
                          0.00    0.62   clock reconvergence pessimism
                          0.32    0.93   library removal time
                                  0.93   data required time
-----------------------------------------------------------------------------
                                  0.93   data required time
                                 -2.53   data arrival time
-----------------------------------------------------------------------------
                                  1.59   slack (MET)


Startpoint: rst (input port clocked by clk)
Endpoint: _414_ (removal check against rising-edge clock clk)
Path Group: asynchronous
Path Type: min
Corner: Typical

Fanout     Cap    Slew   Delay    Time   Description
-----------------------------------------------------------------------------
                          0.00    0.00   clock clk (rise edge)
                          0.00    0.00   clock network delay (propagated)
                          2.00    2.00 v input external delay
                  0.01    0.00    2.00 v rst (in)
     1    0.00                           rst (net)
                  0.01    0.00    2.00 v input2/A (sky130_fd_sc_hd__buf_1)
                  0.05    0.09    2.10 v input2/X (sky130_fd_sc_hd__buf_1)
     3    0.01                           net2 (net)
                  0.05    0.00    2.10 v _355_/A (sky130_fd_sc_hd__buf_4)
                  0.08    0.18    2.28 v _355_/X (sky130_fd_sc_hd__buf_4)
    10    0.05                           _199_ (net)
                  0.08    0.00    2.28 v _356_/A (sky130_fd_sc_hd__buf_4)
                  0.08    0.19    2.47 v _356_/X (sky130_fd_sc_hd__buf_4)
    10    0.06                           _200_ (net)
                  0.08    0.00    2.47 v _363_/A (sky130_fd_sc_hd__inv_2)
                  0.03    0.05    2.53 ^ _363_/Y (sky130_fd_sc_hd__inv_2)
     1    0.00                           _008_ (net)
                  0.03    0.00    2.53 ^ _414_/RESET_B (sky130_fd_sc_hd__dfrtp_1)
                                  2.53   data arrival time

                          0.00    0.00   clock clk (rise edge)
                          0.00    0.00   clock source latency
                  0.08    0.05    0.05 ^ clk (in)
     1    0.02                           clk (net)
                  0.08    0.00    0.05 ^ clkbuf_0_clk/A (sky130_fd_sc_hd__clkbuf_16)
                  0.06    0.16    0.22 ^ clkbuf_0_clk/X (sky130_fd_sc_hd__clkbuf_16)
     4    0.04                           clknet_0_clk (net)
                  0.06    0.00    0.22 ^ clkbuf_2_2__f_clk/A (sky130_fd_sc_hd__clkbuf_16)
                  0.05    0.15    0.36 ^ clkbuf_2_2__f_clk/X (sky130_fd_sc_hd__clkbuf_16)
    10    0.03                           clknet_2_2__leaf_clk (net)
                  0.05    0.00    0.37 ^ _414_/CLK (sky130_fd_sc_hd__dfrtp_1)
                          0.25    0.62   clock uncertainty
                          0.00    0.62   clock reconvergence pessimism
                          0.32    0.93   library removal time
                                  0.93   data required time
-----------------------------------------------------------------------------
                                  0.93   data required time
                                 -2.53   data arrival time
-----------------------------------------------------------------------------
                                  1.59   slack (MET)


Startpoint: rst (input port clocked by clk)
Endpoint: _409_ (removal check against rising-edge clock clk)
Path Group: asynchronous
Path Type: min
Corner: Typical

Fanout     Cap    Slew   Delay    Time   Description
-----------------------------------------------------------------------------
                          0.00    0.00   clock clk (rise edge)
                          0.00    0.00   clock network delay (propagated)
                          2.00    2.00 v input external delay
                  0.01    0.00    2.00 v rst (in)
     1    0.00                           rst (net)
                  0.01    0.00    2.00 v input2/A (sky130_fd_sc_hd__buf_1)
                  0.05    0.09    2.10 v input2/X (sky130_fd_sc_hd__buf_1)
     3    0.01                           net2 (net)
                  0.05    0.00    2.10 v _355_/A (sky130_fd_sc_hd__buf_4)
                  0.08    0.18    2.28 v _355_/X (sky130_fd_sc_hd__buf_4)
    10    0.05                           _199_ (net)
                  0.08    0.00    2.28 v _356_/A (sky130_fd_sc_hd__buf_4)
                  0.08    0.19    2.47 v _356_/X (sky130_fd_sc_hd__buf_4)
    10    0.06                           _200_ (net)
                  0.08    0.00    2.47 v _358_/A (sky130_fd_sc_hd__inv_2)
                  0.03    0.06    2.53 ^ _358_/Y (sky130_fd_sc_hd__inv_2)
     1    0.00                           _003_ (net)
                  0.03    0.00    2.53 ^ _409_/RESET_B (sky130_fd_sc_hd__dfrtp_4)
                                  2.53   data arrival time

                          0.00    0.00   clock clk (rise edge)
                          0.00    0.00   clock source latency
                  0.08    0.05    0.05 ^ clk (in)
     1    0.02                           clk (net)
                  0.08    0.00    0.05 ^ clkbuf_0_clk/A (sky130_fd_sc_hd__clkbuf_16)
                  0.06    0.16    0.22 ^ clkbuf_0_clk/X (sky130_fd_sc_hd__clkbuf_16)
     4    0.04                           clknet_0_clk (net)
                  0.06    0.00    0.22 ^ clkbuf_2_2__f_clk/A (sky130_fd_sc_hd__clkbuf_16)
                  0.05    0.15    0.36 ^ clkbuf_2_2__f_clk/X (sky130_fd_sc_hd__clkbuf_16)
    10    0.03                           clknet_2_2__leaf_clk (net)
                  0.05    0.00    0.37 ^ _409_/CLK (sky130_fd_sc_hd__dfrtp_4)
                          0.25    0.62   clock uncertainty
                          0.00    0.62   clock reconvergence pessimism
                          0.32    0.93   library removal time
                                  0.93   data required time
-----------------------------------------------------------------------------
                                  0.93   data required time
                                 -2.53   data arrival time
-----------------------------------------------------------------------------
                                  1.59   slack (MET)


Startpoint: rst (input port clocked by clk)
Endpoint: _412_ (removal check against rising-edge clock clk)
Path Group: asynchronous
Path Type: min
Corner: Typical

Fanout     Cap    Slew   Delay    Time   Description
-----------------------------------------------------------------------------
                          0.00    0.00   clock clk (rise edge)
                          0.00    0.00   clock network delay (propagated)
                          2.00    2.00 v input external delay
                  0.01    0.00    2.00 v rst (in)
     1    0.00                           rst (net)
                  0.01    0.00    2.00 v input2/A (sky130_fd_sc_hd__buf_1)
                  0.05    0.09    2.10 v input2/X (sky130_fd_sc_hd__buf_1)
     3    0.01                           net2 (net)
                  0.05    0.00    2.10 v _355_/A (sky130_fd_sc_hd__buf_4)
                  0.08    0.18    2.28 v _355_/X (sky130_fd_sc_hd__buf_4)
    10    0.05                           _199_ (net)
                  0.08    0.00    2.28 v _356_/A (sky130_fd_sc_hd__buf_4)
                  0.08    0.19    2.47 v _356_/X (sky130_fd_sc_hd__buf_4)
    10    0.06                           _200_ (net)
                  0.08    0.00    2.47 v _361_/A (sky130_fd_sc_hd__inv_2)
                  0.03    0.05    2.53 ^ _361_/Y (sky130_fd_sc_hd__inv_2)
     1    0.00                           _006_ (net)
                  0.03    0.00    2.53 ^ _412_/RESET_B (sky130_fd_sc_hd__dfrtp_1)
                                  2.53   data arrival time

                          0.00    0.00   clock clk (rise edge)
                          0.00    0.00   clock source latency
                  0.08    0.05    0.05 ^ clk (in)
     1    0.02                           clk (net)
                  0.08    0.00    0.05 ^ clkbuf_0_clk/A (sky130_fd_sc_hd__clkbuf_16)
                  0.06    0.16    0.22 ^ clkbuf_0_clk/X (sky130_fd_sc_hd__clkbuf_16)
     4    0.04                           clknet_0_clk (net)
                  0.06    0.00    0.22 ^ clkbuf_2_2__f_clk/A (sky130_fd_sc_hd__clkbuf_16)
                  0.05    0.15    0.36 ^ clkbuf_2_2__f_clk/X (sky130_fd_sc_hd__clkbuf_16)
    10    0.03                           clknet_2_2__leaf_clk (net)
                  0.05    0.00    0.37 ^ _412_/CLK (sky130_fd_sc_hd__dfrtp_1)
                          0.25    0.62   clock uncertainty
                          0.00    0.62   clock reconvergence pessimism
                          0.32    0.93   library removal time
                                  0.93   data required time
-----------------------------------------------------------------------------
                                  0.93   data required time
                                 -2.53   data arrival time
-----------------------------------------------------------------------------
                                  1.59   slack (MET)


Startpoint: rst (input port clocked by clk)
Endpoint: _413_ (removal check against rising-edge clock clk)
Path Group: asynchronous
Path Type: min
Corner: Typical

Fanout     Cap    Slew   Delay    Time   Description
-----------------------------------------------------------------------------
                          0.00    0.00   clock clk (rise edge)
                          0.00    0.00   clock network delay (propagated)
                          2.00    2.00 v input external delay
                  0.01    0.00    2.00 v rst (in)
     1    0.00                           rst (net)
                  0.01    0.00    2.00 v input2/A (sky130_fd_sc_hd__buf_1)
                  0.05    0.09    2.10 v input2/X (sky130_fd_sc_hd__buf_1)
     3    0.01                           net2 (net)
                  0.05    0.00    2.10 v _355_/A (sky130_fd_sc_hd__buf_4)
                  0.08    0.18    2.28 v _355_/X (sky130_fd_sc_hd__buf_4)
    10    0.05                           _199_ (net)
                  0.08    0.00    2.28 v _356_/A (sky130_fd_sc_hd__buf_4)
                  0.08    0.19    2.47 v _356_/X (sky130_fd_sc_hd__buf_4)
    10    0.06                           _200_ (net)
                  0.08    0.00    2.47 v _362_/A (sky130_fd_sc_hd__inv_2)
                  0.03    0.05    2.53 ^ _362_/Y (sky130_fd_sc_hd__inv_2)
     1    0.00                           _007_ (net)
                  0.03    0.00    2.53 ^ _413_/RESET_B (sky130_fd_sc_hd__dfrtp_1)
                                  2.53   data arrival time

                          0.00    0.00   clock clk (rise edge)
                          0.00    0.00   clock source latency
                  0.08    0.05    0.05 ^ clk (in)
     1    0.02                           clk (net)
                  0.08    0.00    0.05 ^ clkbuf_0_clk/A (sky130_fd_sc_hd__clkbuf_16)
                  0.06    0.16    0.22 ^ clkbuf_0_clk/X (sky130_fd_sc_hd__clkbuf_16)
     4    0.04                           clknet_0_clk (net)
                  0.06    0.00    0.22 ^ clkbuf_2_2__f_clk/A (sky130_fd_sc_hd__clkbuf_16)
                  0.05    0.15    0.36 ^ clkbuf_2_2__f_clk/X (sky130_fd_sc_hd__clkbuf_16)
    10    0.03                           clknet_2_2__leaf_clk (net)
                  0.05    0.00    0.37 ^ _413_/CLK (sky130_fd_sc_hd__dfrtp_1)
                          0.25    0.62   clock uncertainty
                          0.00    0.62   clock reconvergence pessimism
                          0.32    0.93   library removal time
                                  0.93   data required time
-----------------------------------------------------------------------------
                                  0.93   data required time
                                 -2.53   data arrival time
-----------------------------------------------------------------------------
                                  1.59   slack (MET)


Startpoint: rst (input port clocked by clk)
Endpoint: _417_ (removal check against rising-edge clock clk)
Path Group: asynchronous
Path Type: min
Corner: Typical

Fanout     Cap    Slew   Delay    Time   Description
-----------------------------------------------------------------------------
                          0.00    0.00   clock clk (rise edge)
                          0.00    0.00   clock network delay (propagated)
                          2.00    2.00 v input external delay
                  0.01    0.00    2.00 v rst (in)
     1    0.00                           rst (net)
                  0.01    0.00    2.00 v input2/A (sky130_fd_sc_hd__buf_1)
                  0.05    0.09    2.10 v input2/X (sky130_fd_sc_hd__buf_1)
     3    0.01                           net2 (net)
                  0.05    0.00    2.10 v _355_/A (sky130_fd_sc_hd__buf_4)
                  0.08    0.18    2.28 v _355_/X (sky130_fd_sc_hd__buf_4)
    10    0.05                           _199_ (net)
                  0.08    0.00    2.28 v _356_/A (sky130_fd_sc_hd__buf_4)
                  0.08    0.19    2.47 v _356_/X (sky130_fd_sc_hd__buf_4)
    10    0.06                           _200_ (net)
                  0.08    0.00    2.47 v _366_/A (sky130_fd_sc_hd__inv_2)
                  0.03    0.05    2.53 ^ _366_/Y (sky130_fd_sc_hd__inv_2)
     1    0.00                           _011_ (net)
                  0.03    0.00    2.53 ^ _417_/RESET_B (sky130_fd_sc_hd__dfrtp_1)
                                  2.53   data arrival time

                          0.00    0.00   clock clk (rise edge)
                          0.00    0.00   clock source latency
                  0.08    0.05    0.05 ^ clk (in)
     1    0.02                           clk (net)
                  0.08    0.00    0.05 ^ clkbuf_0_clk/A (sky130_fd_sc_hd__clkbuf_16)
                  0.06    0.16    0.22 ^ clkbuf_0_clk/X (sky130_fd_sc_hd__clkbuf_16)
     4    0.04                           clknet_0_clk (net)
                  0.06    0.00    0.22 ^ clkbuf_2_2__f_clk/A (sky130_fd_sc_hd__clkbuf_16)
                  0.05    0.15    0.36 ^ clkbuf_2_2__f_clk/X (sky130_fd_sc_hd__clkbuf_16)
    10    0.03                           clknet_2_2__leaf_clk (net)
                  0.05    0.00    0.37 ^ _417_/CLK (sky130_fd_sc_hd__dfrtp_1)
                          0.25    0.62   clock uncertainty
                          0.00    0.62   clock reconvergence pessimism
                          0.32    0.93   library removal time
                                  0.93   data required time
-----------------------------------------------------------------------------
                                  0.93   data required time
                                 -2.53   data arrival time
-----------------------------------------------------------------------------
                                  1.59   slack (MET)


Startpoint: rst (input port clocked by clk)
Endpoint: _416_ (removal check against rising-edge clock clk)
Path Group: asynchronous
Path Type: min
Corner: Typical

Fanout     Cap    Slew   Delay    Time   Description
-----------------------------------------------------------------------------
                          0.00    0.00   clock clk (rise edge)
                          0.00    0.00   clock network delay (propagated)
                          2.00    2.00 v input external delay
                  0.01    0.00    2.00 v rst (in)
     1    0.00                           rst (net)
                  0.01    0.00    2.00 v input2/A (sky130_fd_sc_hd__buf_1)
                  0.05    0.09    2.10 v input2/X (sky130_fd_sc_hd__buf_1)
     3    0.01                           net2 (net)
                  0.05    0.00    2.10 v _355_/A (sky130_fd_sc_hd__buf_4)
                  0.08    0.18    2.28 v _355_/X (sky130_fd_sc_hd__buf_4)
    10    0.05                           _199_ (net)
                  0.08    0.00    2.28 v _356_/A (sky130_fd_sc_hd__buf_4)
                  0.08    0.19    2.47 v _356_/X (sky130_fd_sc_hd__buf_4)
    10    0.06                           _200_ (net)
                  0.08    0.00    2.47 v _365_/A (sky130_fd_sc_hd__inv_2)
                  0.03    0.05    2.53 ^ _365_/Y (sky130_fd_sc_hd__inv_2)
     1    0.00                           _010_ (net)
                  0.03    0.00    2.53 ^ _416_/RESET_B (sky130_fd_sc_hd__dfrtp_1)
                                  2.53   data arrival time

                          0.00    0.00   clock clk (rise edge)
                          0.00    0.00   clock source latency
                  0.08    0.05    0.05 ^ clk (in)
     1    0.02                           clk (net)
                  0.08    0.00    0.05 ^ clkbuf_0_clk/A (sky130_fd_sc_hd__clkbuf_16)
                  0.06    0.16    0.22 ^ clkbuf_0_clk/X (sky130_fd_sc_hd__clkbuf_16)
     4    0.04                           clknet_0_clk (net)
                  0.06    0.00    0.22 ^ clkbuf_2_2__f_clk/A (sky130_fd_sc_hd__clkbuf_16)
                  0.05    0.15    0.36 ^ clkbuf_2_2__f_clk/X (sky130_fd_sc_hd__clkbuf_16)
    10    0.03                           clknet_2_2__leaf_clk (net)
                  0.05    0.00    0.37 ^ _416_/CLK (sky130_fd_sc_hd__dfrtp_1)
                          0.25    0.62   clock uncertainty
                          0.00    0.62   clock reconvergence pessimism
                          0.32    0.93   library removal time
                                  0.93   data required time
-----------------------------------------------------------------------------
                                  0.93   data required time
                                 -2.53   data arrival time
-----------------------------------------------------------------------------
                                  1.59   slack (MET)


Startpoint: rst (input port clocked by clk)
Endpoint: _415_ (removal check against rising-edge clock clk)
Path Group: asynchronous
Path Type: min
Corner: Typical

Fanout     Cap    Slew   Delay    Time   Description
-----------------------------------------------------------------------------
                          0.00    0.00   clock clk (rise edge)
                          0.00    0.00   clock network delay (propagated)
                          2.00    2.00 v input external delay
                  0.01    0.00    2.00 v rst (in)
     1    0.00                           rst (net)
                  0.01    0.00    2.00 v input2/A (sky130_fd_sc_hd__buf_1)
                  0.05    0.09    2.10 v input2/X (sky130_fd_sc_hd__buf_1)
     3    0.01                           net2 (net)
                  0.05    0.00    2.10 v _355_/A (sky130_fd_sc_hd__buf_4)
                  0.08    0.18    2.28 v _355_/X (sky130_fd_sc_hd__buf_4)
    10    0.05                           _199_ (net)
                  0.08    0.00    2.28 v _356_/A (sky130_fd_sc_hd__buf_4)
                  0.08    0.19    2.47 v _356_/X (sky130_fd_sc_hd__buf_4)
    10    0.06                           _200_ (net)
                  0.08    0.00    2.47 v _364_/A (sky130_fd_sc_hd__inv_2)
                  0.03    0.05    2.53 ^ _364_/Y (sky130_fd_sc_hd__inv_2)
     1    0.00                           _009_ (net)
                  0.03    0.00    2.53 ^ _415_/RESET_B (sky130_fd_sc_hd__dfrtp_1)
                                  2.53   data arrival time

                          0.00    0.00   clock clk (rise edge)
                          0.00    0.00   clock source latency
                  0.08    0.05    0.05 ^ clk (in)
     1    0.02                           clk (net)
                  0.08    0.00    0.05 ^ clkbuf_0_clk/A (sky130_fd_sc_hd__clkbuf_16)
                  0.06    0.16    0.22 ^ clkbuf_0_clk/X (sky130_fd_sc_hd__clkbuf_16)
     4    0.04                           clknet_0_clk (net)
                  0.06    0.00    0.22 ^ clkbuf_2_2__f_clk/A (sky130_fd_sc_hd__clkbuf_16)
                  0.05    0.15    0.36 ^ clkbuf_2_2__f_clk/X (sky130_fd_sc_hd__clkbuf_16)
    10    0.03                           clknet_2_2__leaf_clk (net)
                  0.05    0.00    0.37 ^ _415_/CLK (sky130_fd_sc_hd__dfrtp_1)
                          0.25    0.62   clock uncertainty
                          0.00    0.62   clock reconvergence pessimism
                          0.32    0.93   library removal time
                                  0.93   data required time
-----------------------------------------------------------------------------
                                  0.93   data required time
                                 -2.53   data arrival time
-----------------------------------------------------------------------------
                                  1.59   slack (MET)


Startpoint: _425_ (rising edge-triggered flip-flop clocked by clk)
Endpoint: done (output port clocked by clk)
Path Group: clk
Path Type: min
Corner: Typical

Fanout     Cap    Slew   Delay    Time   Description
-----------------------------------------------------------------------------
                          0.00    0.00   clock clk (rise edge)
                          0.00    0.00   clock source latency
                  0.08    0.05    0.05 ^ clk (in)
     1    0.02                           clk (net)
                  0.08    0.00    0.05 ^ clkbuf_0_clk/A (sky130_fd_sc_hd__clkbuf_16)
                  0.06    0.15    0.19 ^ clkbuf_0_clk/X (sky130_fd_sc_hd__clkbuf_16)
     4    0.04                           clknet_0_clk (net)
                  0.06    0.00    0.20 ^ clkbuf_2_2__f_clk/A (sky130_fd_sc_hd__clkbuf_16)
                  0.05    0.13    0.33 ^ clkbuf_2_2__f_clk/X (sky130_fd_sc_hd__clkbuf_16)
    10    0.03                           clknet_2_2__leaf_clk (net)
                  0.05    0.00    0.33 ^ _425_/CLK (sky130_fd_sc_hd__dfrtp_1)
                  0.05    0.31    0.64 ^ _425_/Q (sky130_fd_sc_hd__dfrtp_1)
     1    0.00                           net14 (net)
                  0.05    0.00    0.64 ^ output14/A (sky130_fd_sc_hd__clkbuf_4)
                  0.12    0.18    0.82 ^ output14/X (sky130_fd_sc_hd__clkbuf_4)
     1    0.04                           done (net)
                  0.12    0.00    0.82 ^ done (out)
                                  0.82   data arrival time

                          0.00    0.00   clock clk (rise edge)
                          0.00    0.00   clock network delay (propagated)
                          0.25    0.25   clock uncertainty
                          0.00    0.25   clock reconvergence pessimism
                         -2.00   -1.75   output external delay
                                 -1.75   data required time
-----------------------------------------------------------------------------
                                 -1.75   data required time
                                 -0.82   data arrival time
-----------------------------------------------------------------------------
                                  2.57   slack (MET)


Startpoint: _426_ (rising edge-triggered flip-flop clocked by clk)
Endpoint: rx_data[0] (output port clocked by clk)
Path Group: clk
Path Type: min
Corner: Typical

Fanout     Cap    Slew   Delay    Time   Description
-----------------------------------------------------------------------------
                          0.00    0.00   clock clk (rise edge)
                          0.00    0.00   clock source latency
                  0.08    0.05    0.05 ^ clk (in)
     1    0.02                           clk (net)
                  0.08    0.00    0.05 ^ clkbuf_0_clk/A (sky130_fd_sc_hd__clkbuf_16)
                  0.06    0.15    0.19 ^ clkbuf_0_clk/X (sky130_fd_sc_hd__clkbuf_16)
     4    0.04                           clknet_0_clk (net)
                  0.06    0.00    0.19 ^ clkbuf_2_3__f_clk/A (sky130_fd_sc_hd__clkbuf_16)
                  0.06    0.14    0.33 ^ clkbuf_2_3__f_clk/X (sky130_fd_sc_hd__clkbuf_16)
    12    0.04                           clknet_2_3__leaf_clk (net)
                  0.06    0.00    0.33 ^ _426_/CLK (sky130_fd_sc_hd__dfrtp_1)
                  0.07    0.33    0.66 ^ _426_/Q (sky130_fd_sc_hd__dfrtp_1)
     2    0.01                           net16 (net)
                  0.07    0.00    0.66 ^ output16/A (sky130_fd_sc_hd__clkbuf_4)
                  0.11    0.19    0.85 ^ output16/X (sky130_fd_sc_hd__clkbuf_4)
     1    0.03                           rx_data[0] (net)
                  0.11    0.00    0.85 ^ rx_data[0] (out)
                                  0.85   data arrival time

                          0.00    0.00   clock clk (rise edge)
                          0.00    0.00   clock network delay (propagated)
                          0.25    0.25   clock uncertainty
                          0.00    0.25   clock reconvergence pessimism
                         -2.00   -1.75   output external delay
                                 -1.75   data required time
-----------------------------------------------------------------------------
                                 -1.75   data required time
                                 -0.85   data arrival time
-----------------------------------------------------------------------------
                                  2.60   slack (MET)


Startpoint: _432_ (rising edge-triggered flip-flop clocked by clk)
Endpoint: rx_data[6] (output port clocked by clk)
Path Group: clk
Path Type: min
Corner: Typical

Fanout     Cap    Slew   Delay    Time   Description
-----------------------------------------------------------------------------
                          0.00    0.00   clock clk (rise edge)
                          0.00    0.00   clock source latency
                  0.08    0.05    0.05 ^ clk (in)
     1    0.02                           clk (net)
                  0.08    0.00    0.05 ^ clkbuf_0_clk/A (sky130_fd_sc_hd__clkbuf_16)
                  0.06    0.15    0.19 ^ clkbuf_0_clk/X (sky130_fd_sc_hd__clkbuf_16)
     4    0.04                           clknet_0_clk (net)
                  0.06    0.00    0.20 ^ clkbuf_2_0__f_clk/A (sky130_fd_sc_hd__clkbuf_16)
                  0.06    0.14    0.34 ^ clkbuf_2_0__f_clk/X (sky130_fd_sc_hd__clkbuf_16)
    14    0.04                           clknet_2_0__leaf_clk (net)
                  0.06    0.00    0.34 ^ _432_/CLK (sky130_fd_sc_hd__dfrtp_1)
                  0.08    0.33    0.67 ^ _432_/Q (sky130_fd_sc_hd__dfrtp_1)
     2    0.01                           net22 (net)
                  0.08    0.00    0.67 ^ output22/A (sky130_fd_sc_hd__clkbuf_4)
                  0.11    0.19    0.85 ^ output22/X (sky130_fd_sc_hd__clkbuf_4)
     1    0.03                           rx_data[6] (net)
                  0.11    0.00    0.85 ^ rx_data[6] (out)
                                  0.85   data arrival time

                          0.00    0.00   clock clk (rise edge)
                          0.00    0.00   clock network delay (propagated)
                          0.25    0.25   clock uncertainty
                          0.00    0.25   clock reconvergence pessimism
                         -2.00   -1.75   output external delay
                                 -1.75   data required time
-----------------------------------------------------------------------------
                                 -1.75   data required time
                                 -0.85   data arrival time
-----------------------------------------------------------------------------
                                  2.60   slack (MET)


Startpoint: _433_ (rising edge-triggered flip-flop clocked by clk)
Endpoint: rx_data[7] (output port clocked by clk)
Path Group: clk
Path Type: min
Corner: Typical

Fanout     Cap    Slew   Delay    Time   Description
-----------------------------------------------------------------------------
                          0.00    0.00   clock clk (rise edge)
                          0.00    0.00   clock source latency
                  0.08    0.05    0.05 ^ clk (in)
     1    0.02                           clk (net)
                  0.08    0.00    0.05 ^ clkbuf_0_clk/A (sky130_fd_sc_hd__clkbuf_16)
                  0.06    0.15    0.19 ^ clkbuf_0_clk/X (sky130_fd_sc_hd__clkbuf_16)
     4    0.04                           clknet_0_clk (net)
                  0.06    0.00    0.20 ^ clkbuf_2_1__f_clk/A (sky130_fd_sc_hd__clkbuf_16)
                  0.06    0.14    0.33 ^ clkbuf_2_1__f_clk/X (sky130_fd_sc_hd__clkbuf_16)
    12    0.04                           clknet_2_1__leaf_clk (net)
                  0.06    0.00    0.33 ^ _433_/CLK (sky130_fd_sc_hd__dfrtp_1)
                  0.08    0.33    0.67 ^ _433_/Q (sky130_fd_sc_hd__dfrtp_1)
     2    0.01                           net23 (net)
                  0.08    0.00    0.67 ^ output23/A (sky130_fd_sc_hd__clkbuf_4)
                  0.11    0.19    0.86 ^ output23/X (sky130_fd_sc_hd__clkbuf_4)
     1    0.03                           rx_data[7] (net)
                  0.11    0.00    0.86 ^ rx_data[7] (out)
                                  0.86   data arrival time

                          0.00    0.00   clock clk (rise edge)
                          0.00    0.00   clock network delay (propagated)
                          0.25    0.25   clock uncertainty
                          0.00    0.25   clock reconvergence pessimism
                         -2.00   -1.75   output external delay
                                 -1.75   data required time
-----------------------------------------------------------------------------
                                 -1.75   data required time
                                 -0.86   data arrival time
-----------------------------------------------------------------------------
                                  2.61   slack (MET)


Startpoint: _427_ (rising edge-triggered flip-flop clocked by clk)
Endpoint: rx_data[1] (output port clocked by clk)
Path Group: clk
Path Type: min
Corner: Typical

Fanout     Cap    Slew   Delay    Time   Description
-----------------------------------------------------------------------------
                          0.00    0.00   clock clk (rise edge)
                          0.00    0.00   clock source latency
                  0.08    0.05    0.05 ^ clk (in)
     1    0.02                           clk (net)
                  0.08    0.00    0.05 ^ clkbuf_0_clk/A (sky130_fd_sc_hd__clkbuf_16)
                  0.06    0.15    0.19 ^ clkbuf_0_clk/X (sky130_fd_sc_hd__clkbuf_16)
     4    0.04                           clknet_0_clk (net)
                  0.06    0.00    0.20 ^ clkbuf_2_1__f_clk/A (sky130_fd_sc_hd__clkbuf_16)
                  0.06    0.14    0.33 ^ clkbuf_2_1__f_clk/X (sky130_fd_sc_hd__clkbuf_16)
    12    0.04                           clknet_2_1__leaf_clk (net)
                  0.06    0.00    0.33 ^ _427_/CLK (sky130_fd_sc_hd__dfrtp_1)
                  0.08    0.34    0.67 ^ _427_/Q (sky130_fd_sc_hd__dfrtp_1)
     2    0.01                           net17 (net)
                  0.08    0.00    0.67 ^ output17/A (sky130_fd_sc_hd__clkbuf_4)
                  0.11    0.19    0.86 ^ output17/X (sky130_fd_sc_hd__clkbuf_4)
     1    0.03                           rx_data[1] (net)
                  0.11    0.00    0.86 ^ rx_data[1] (out)
                                  0.86   data arrival time

                          0.00    0.00   clock clk (rise edge)
                          0.00    0.00   clock network delay (propagated)
                          0.25    0.25   clock uncertainty
                          0.00    0.25   clock reconvergence pessimism
                         -2.00   -1.75   output external delay
                                 -1.75   data required time
-----------------------------------------------------------------------------
                                 -1.75   data required time
                                 -0.86   data arrival time
-----------------------------------------------------------------------------
                                  2.61   slack (MET)


Startpoint: _436_ (rising edge-triggered flip-flop clocked by clk)
Endpoint: cs (output port clocked by clk)
Path Group: clk
Path Type: min
Corner: Typical

Fanout     Cap    Slew   Delay    Time   Description
-----------------------------------------------------------------------------
                          0.00    0.00   clock clk (rise edge)
                          0.00    0.00   clock source latency
                  0.08    0.05    0.05 ^ clk (in)
     1    0.02                           clk (net)
                  0.08    0.00    0.05 ^ clkbuf_0_clk/A (sky130_fd_sc_hd__clkbuf_16)
                  0.06    0.15    0.19 ^ clkbuf_0_clk/X (sky130_fd_sc_hd__clkbuf_16)
     4    0.04                           clknet_0_clk (net)
                  0.06    0.00    0.19 ^ clkbuf_2_3__f_clk/A (sky130_fd_sc_hd__clkbuf_16)
                  0.06    0.14    0.33 ^ clkbuf_2_3__f_clk/X (sky130_fd_sc_hd__clkbuf_16)
    12    0.04                           clknet_2_3__leaf_clk (net)
                  0.06    0.00    0.33 ^ _436_/CLK (sky130_fd_sc_hd__dfstp_1)
                  0.05    0.35    0.69 v _436_/Q (sky130_fd_sc_hd__dfstp_1)
     2    0.01                           net13 (net)
                  0.05    0.00    0.69 v output13/A (sky130_fd_sc_hd__clkbuf_4)
                  0.08    0.17    0.86 v output13/X (sky130_fd_sc_hd__clkbuf_4)
     1    0.03                           cs (net)
                  0.08    0.00    0.86 v cs (out)
                                  0.86   data arrival time

                          0.00    0.00   clock clk (rise edge)
                          0.00    0.00   clock network delay (propagated)
                          0.25    0.25   clock uncertainty
                          0.00    0.25   clock reconvergence pessimism
                         -2.00   -1.75   output external delay
                                 -1.75   data required time
-----------------------------------------------------------------------------
                                 -1.75   data required time
                                 -0.86   data arrival time
-----------------------------------------------------------------------------
                                  2.61   slack (MET)


Startpoint: _429_ (rising edge-triggered flip-flop clocked by clk)
Endpoint: rx_data[3] (output port clocked by clk)
Path Group: clk
Path Type: min
Corner: Typical

Fanout     Cap    Slew   Delay    Time   Description
-----------------------------------------------------------------------------
                          0.00    0.00   clock clk (rise edge)
                          0.00    0.00   clock source latency
                  0.08    0.05    0.05 ^ clk (in)
     1    0.02                           clk (net)
                  0.08    0.00    0.05 ^ clkbuf_0_clk/A (sky130_fd_sc_hd__clkbuf_16)
                  0.06    0.15    0.19 ^ clkbuf_0_clk/X (sky130_fd_sc_hd__clkbuf_16)
     4    0.04                           clknet_0_clk (net)
                  0.06    0.00    0.20 ^ clkbuf_2_0__f_clk/A (sky130_fd_sc_hd__clkbuf_16)
                  0.06    0.14    0.34 ^ clkbuf_2_0__f_clk/X (sky130_fd_sc_hd__clkbuf_16)
    14    0.04                           clknet_2_0__leaf_clk (net)
                  0.06    0.00    0.34 ^ _429_/CLK (sky130_fd_sc_hd__dfrtp_1)
                  0.08    0.34    0.67 ^ _429_/Q (sky130_fd_sc_hd__dfrtp_1)
     2    0.01                           net19 (net)
                  0.08    0.00    0.67 ^ output19/A (sky130_fd_sc_hd__clkbuf_4)
                  0.11    0.19    0.86 ^ output19/X (sky130_fd_sc_hd__clkbuf_4)
     1    0.03                           rx_data[3] (net)
                  0.11    0.00    0.86 ^ rx_data[3] (out)
                                  0.86   data arrival time

                          0.00    0.00   clock clk (rise edge)
                          0.00    0.00   clock network delay (propagated)
                          0.25    0.25   clock uncertainty
                          0.00    0.25   clock reconvergence pessimism
                         -2.00   -1.75   output external delay
                                 -1.75   data required time
-----------------------------------------------------------------------------
                                 -1.75   data required time
                                 -0.86   data arrival time
-----------------------------------------------------------------------------
                                  2.61   slack (MET)


Startpoint: _431_ (rising edge-triggered flip-flop clocked by clk)
Endpoint: rx_data[5] (output port clocked by clk)
Path Group: clk
Path Type: min
Corner: Typical

Fanout     Cap    Slew   Delay    Time   Description
-----------------------------------------------------------------------------
                          0.00    0.00   clock clk (rise edge)
                          0.00    0.00   clock source latency
                  0.08    0.05    0.05 ^ clk (in)
     1    0.02                           clk (net)
                  0.08    0.00    0.05 ^ clkbuf_0_clk/A (sky130_fd_sc_hd__clkbuf_16)
                  0.06    0.15    0.19 ^ clkbuf_0_clk/X (sky130_fd_sc_hd__clkbuf_16)
     4    0.04                           clknet_0_clk (net)
                  0.06    0.00    0.20 ^ clkbuf_2_0__f_clk/A (sky130_fd_sc_hd__clkbuf_16)
                  0.06    0.14    0.34 ^ clkbuf_2_0__f_clk/X (sky130_fd_sc_hd__clkbuf_16)
    14    0.04                           clknet_2_0__leaf_clk (net)
                  0.06    0.00    0.34 ^ _431_/CLK (sky130_fd_sc_hd__dfrtp_1)
                  0.08    0.34    0.67 ^ _431_/Q (sky130_fd_sc_hd__dfrtp_1)
     2    0.01                           net21 (net)
                  0.08    0.00    0.67 ^ output21/A (sky130_fd_sc_hd__clkbuf_4)
                  0.11    0.19    0.86 ^ output21/X (sky130_fd_sc_hd__clkbuf_4)
     1    0.03                           rx_data[5] (net)
                  0.11    0.00    0.86 ^ rx_data[5] (out)
                                  0.86   data arrival time

                          0.00    0.00   clock clk (rise edge)
                          0.00    0.00   clock network delay (propagated)
                          0.25    0.25   clock uncertainty
                          0.00    0.25   clock reconvergence pessimism
                         -2.00   -1.75   output external delay
                                 -1.75   data required time
-----------------------------------------------------------------------------
                                 -1.75   data required time
                                 -0.86   data arrival time
-----------------------------------------------------------------------------
                                  2.61   slack (MET)


Startpoint: _428_ (rising edge-triggered flip-flop clocked by clk)
Endpoint: rx_data[2] (output port clocked by clk)
Path Group: clk
Path Type: min
Corner: Typical

Fanout     Cap    Slew   Delay    Time   Description
-----------------------------------------------------------------------------
                          0.00    0.00   clock clk (rise edge)
                          0.00    0.00   clock source latency
                  0.08    0.05    0.05 ^ clk (in)
     1    0.02                           clk (net)
                  0.08    0.00    0.05 ^ clkbuf_0_clk/A (sky130_fd_sc_hd__clkbuf_16)
                  0.06    0.15    0.19 ^ clkbuf_0_clk/X (sky130_fd_sc_hd__clkbuf_16)
     4    0.04                           clknet_0_clk (net)
                  0.06    0.00    0.20 ^ clkbuf_2_0__f_clk/A (sky130_fd_sc_hd__clkbuf_16)
                  0.06    0.14    0.34 ^ clkbuf_2_0__f_clk/X (sky130_fd_sc_hd__clkbuf_16)
    14    0.04                           clknet_2_0__leaf_clk (net)
                  0.06    0.00    0.34 ^ _428_/CLK (sky130_fd_sc_hd__dfrtp_1)
                  0.09    0.35    0.68 ^ _428_/Q (sky130_fd_sc_hd__dfrtp_1)
     2    0.01                           net18 (net)
                  0.09    0.00    0.68 ^ output18/A (sky130_fd_sc_hd__clkbuf_4)
                  0.11    0.19    0.88 ^ output18/X (sky130_fd_sc_hd__clkbuf_4)
     1    0.03                           rx_data[2] (net)
                  0.11    0.00    0.88 ^ rx_data[2] (out)
                                  0.88   data arrival time

                          0.00    0.00   clock clk (rise edge)
                          0.00    0.00   clock network delay (propagated)
                          0.25    0.25   clock uncertainty
                          0.00    0.25   clock reconvergence pessimism
                         -2.00   -1.75   output external delay
                                 -1.75   data required time
-----------------------------------------------------------------------------
                                 -1.75   data required time
                                 -0.88   data arrival time
-----------------------------------------------------------------------------
                                  2.63   slack (MET)


Startpoint: _434_ (rising edge-triggered flip-flop clocked by clk)
Endpoint: mosi (output port clocked by clk)
Path Group: clk
Path Type: min
Corner: Typical

Fanout     Cap    Slew   Delay    Time   Description
-----------------------------------------------------------------------------
                          0.00    0.00   clock clk (rise edge)
                          0.00    0.00   clock source latency
                  0.08    0.05    0.05 ^ clk (in)
     1    0.02                           clk (net)
                  0.08    0.00    0.05 ^ clkbuf_0_clk/A (sky130_fd_sc_hd__clkbuf_16)
                  0.06    0.15    0.19 ^ clkbuf_0_clk/X (sky130_fd_sc_hd__clkbuf_16)
     4    0.04                           clknet_0_clk (net)
                  0.06    0.00    0.20 ^ clkbuf_2_1__f_clk/A (sky130_fd_sc_hd__clkbuf_16)
                  0.06    0.14    0.33 ^ clkbuf_2_1__f_clk/X (sky130_fd_sc_hd__clkbuf_16)
    12    0.04                           clknet_2_1__leaf_clk (net)
                  0.06    0.00    0.33 ^ _434_/CLK (sky130_fd_sc_hd__dfrtp_1)
                  0.11    0.35    0.69 ^ _434_/Q (sky130_fd_sc_hd__dfrtp_1)
     2    0.01                           net15 (net)
                  0.11    0.00    0.69 ^ output15/A (sky130_fd_sc_hd__clkbuf_4)
                  0.11    0.20    0.89 ^ output15/X (sky130_fd_sc_hd__clkbuf_4)
     1    0.03                           mosi (net)
                  0.11    0.00    0.89 ^ mosi (out)
                                  0.89   data arrival time

                          0.00    0.00   clock clk (rise edge)
                          0.00    0.00   clock network delay (propagated)
                          0.25    0.25   clock uncertainty
                          0.00    0.25   clock reconvergence pessimism
                         -2.00   -1.75   output external delay
                                 -1.75   data required time
-----------------------------------------------------------------------------
                                 -1.75   data required time
                                 -0.89   data arrival time
-----------------------------------------------------------------------------
                                  2.64   slack (MET)


Startpoint: _430_ (rising edge-triggered flip-flop clocked by clk)
Endpoint: rx_data[4] (output port clocked by clk)
Path Group: clk
Path Type: min
Corner: Typical

Fanout     Cap    Slew   Delay    Time   Description
-----------------------------------------------------------------------------
                          0.00    0.00   clock clk (rise edge)
                          0.00    0.00   clock source latency
                  0.08    0.05    0.05 ^ clk (in)
     1    0.02                           clk (net)
                  0.08    0.00    0.05 ^ clkbuf_0_clk/A (sky130_fd_sc_hd__clkbuf_16)
                  0.06    0.15    0.19 ^ clkbuf_0_clk/X (sky130_fd_sc_hd__clkbuf_16)
     4    0.04                           clknet_0_clk (net)
                  0.06    0.00    0.20 ^ clkbuf_2_0__f_clk/A (sky130_fd_sc_hd__clkbuf_16)
                  0.06    0.14    0.34 ^ clkbuf_2_0__f_clk/X (sky130_fd_sc_hd__clkbuf_16)
    14    0.04                           clknet_2_0__leaf_clk (net)
                  0.06    0.00    0.34 ^ _430_/CLK (sky130_fd_sc_hd__dfrtp_1)
                  0.12    0.37    0.70 ^ _430_/Q (sky130_fd_sc_hd__dfrtp_1)
     2    0.01                           net20 (net)
                  0.12    0.00    0.70 ^ output20/A (sky130_fd_sc_hd__clkbuf_4)
                  0.11    0.20    0.91 ^ output20/X (sky130_fd_sc_hd__clkbuf_4)
     1    0.03                           rx_data[4] (net)
                  0.11    0.00    0.91 ^ rx_data[4] (out)
                                  0.91   data arrival time

                          0.00    0.00   clock clk (rise edge)
                          0.00    0.00   clock network delay (propagated)
                          0.25    0.25   clock uncertainty
                          0.00    0.25   clock reconvergence pessimism
                         -2.00   -1.75   output external delay
                                 -1.75   data required time
-----------------------------------------------------------------------------
                                 -1.75   data required time
                                 -0.91   data arrival time
-----------------------------------------------------------------------------
                                  2.66   slack (MET)


Startpoint: _424_ (rising edge-triggered flip-flop clocked by clk)
Endpoint: busy (output port clocked by clk)
Path Group: clk
Path Type: min
Corner: Typical

Fanout     Cap    Slew   Delay    Time   Description
-----------------------------------------------------------------------------
                          0.00    0.00   clock clk (rise edge)
                          0.00    0.00   clock source latency
                  0.08    0.05    0.05 ^ clk (in)
     1    0.02                           clk (net)
                  0.08    0.00    0.05 ^ clkbuf_0_clk/A (sky130_fd_sc_hd__clkbuf_16)
                  0.06    0.15    0.19 ^ clkbuf_0_clk/X (sky130_fd_sc_hd__clkbuf_16)
     4    0.04                           clknet_0_clk (net)
                  0.06    0.00    0.19 ^ clkbuf_2_3__f_clk/A (sky130_fd_sc_hd__clkbuf_16)
                  0.06    0.14    0.33 ^ clkbuf_2_3__f_clk/X (sky130_fd_sc_hd__clkbuf_16)
    12    0.04                           clknet_2_3__leaf_clk (net)
                  0.06    0.00    0.33 ^ _424_/CLK (sky130_fd_sc_hd__dfrtp_2)
                  0.11    0.39    0.72 ^ _424_/Q (sky130_fd_sc_hd__dfrtp_2)
     4    0.02                           net12 (net)
                  0.11    0.00    0.72 ^ output12/A (sky130_fd_sc_hd__buf_2)
                  0.17    0.21    0.93 ^ output12/X (sky130_fd_sc_hd__buf_2)
     1    0.03                           busy (net)
                  0.17    0.00    0.93 ^ busy (out)
                                  0.93   data arrival time

                          0.00    0.00   clock clk (rise edge)
                          0.00    0.00   clock network delay (propagated)
                          0.25    0.25   clock uncertainty
                          0.00    0.25   clock reconvergence pessimism
                         -2.00   -1.75   output external delay
                                 -1.75   data required time
-----------------------------------------------------------------------------
                                 -1.75   data required time
                                 -0.93   data arrival time
-----------------------------------------------------------------------------
                                  2.68   slack (MET)


Startpoint: _435_ (rising edge-triggered flip-flop clocked by clk)
Endpoint: sclk (output port clocked by clk)
Path Group: clk
Path Type: min
Corner: Typical

Fanout     Cap    Slew   Delay    Time   Description
-----------------------------------------------------------------------------
                          0.00    0.00   clock clk (rise edge)
                          0.00    0.00   clock source latency
                  0.08    0.05    0.05 ^ clk (in)
     1    0.02                           clk (net)
                  0.08    0.00    0.05 ^ clkbuf_0_clk/A (sky130_fd_sc_hd__clkbuf_16)
                  0.06    0.15    0.19 ^ clkbuf_0_clk/X (sky130_fd_sc_hd__clkbuf_16)
     4    0.04                           clknet_0_clk (net)
                  0.06    0.00    0.20 ^ clkbuf_2_0__f_clk/A (sky130_fd_sc_hd__clkbuf_16)
                  0.06    0.14    0.34 ^ clkbuf_2_0__f_clk/X (sky130_fd_sc_hd__clkbuf_16)
    14    0.04                           clknet_2_0__leaf_clk (net)
                  0.06    0.00    0.34 ^ _435_/CLK (sky130_fd_sc_hd__dfrtp_2)
                  0.12    0.39    0.73 ^ _435_/Q (sky130_fd_sc_hd__dfrtp_2)
     4    0.02                           net24 (net)
                  0.12    0.00    0.73 ^ output24/A (sky130_fd_sc_hd__buf_2)
                  0.17    0.21    0.95 ^ output24/X (sky130_fd_sc_hd__buf_2)
     1    0.03                           sclk (net)
                  0.17    0.00    0.95 ^ sclk (out)
                                  0.95   data arrival time

                          0.00    0.00   clock clk (rise edge)
                          0.00    0.00   clock network delay (propagated)
                          0.25    0.25   clock uncertainty
                          0.00    0.25   clock reconvergence pessimism
                         -2.00   -1.75   output external delay
                                 -1.75   data required time
-----------------------------------------------------------------------------
                                 -1.75   data required time
                                 -0.95   data arrival time
-----------------------------------------------------------------------------
                                  2.70   slack (MET)



