
===========================================================================
report_checks -path_delay max (Setup)
============================================================================
======================= Typical Corner ===================================

Startpoint: start (input port clocked by clk)
Endpoint: _450_ (rising edge-triggered flip-flop clocked by clk)
Path Group: clk
Path Type: max

Fanout     Cap    Slew   Delay    Time   Description
-----------------------------------------------------------------------------
                          0.00    0.00   clock clk (rise edge)
                          0.00    0.00   clock network delay (propagated)
                          2.00    2.00 ^ input external delay
                  0.02    0.01    2.01 ^ start (in)
     1    0.00                           start (net)
                  0.02    0.00    2.01 ^ input3/A (sky130_fd_sc_hd__buf_1)
                  0.14    0.14    2.16 ^ input3/X (sky130_fd_sc_hd__buf_1)
     2    0.01                           net3 (net)
                  0.14    0.00    2.16 ^ _237_/B (sky130_fd_sc_hd__nor2_4)
                  0.06    0.08    2.24 v _237_/Y (sky130_fd_sc_hd__nor2_4)
     9    0.03                           _125_ (net)
                  0.06    0.00    2.24 v _238_/B1 (sky130_fd_sc_hd__a21o_2)
                  0.07    0.24    2.48 v _238_/X (sky130_fd_sc_hd__a21o_2)
     8    0.02                           _126_ (net)
                  0.07    0.00    2.48 v _241_/A2 (sky130_fd_sc_hd__a22o_1)
                  0.04    0.25    2.73 v _241_/X (sky130_fd_sc_hd__a22o_1)
     1    0.00                           _090_ (net)
                  0.04    0.00    2.73 v hold10/A (sky130_fd_sc_hd__dlygate4sd3_1)
                  0.06    0.58    3.31 v hold10/X (sky130_fd_sc_hd__dlygate4sd3_1)
     1    0.00                           net35 (net)
                  0.06    0.00    3.31 v _450_/D (sky130_fd_sc_hd__dfrtp_1)
                                  3.31   data arrival time

                         10.00   10.00   clock clk (rise edge)
                          0.00   10.00   clock source latency
                  0.04    0.03   10.03 ^ clk (in)
     1    0.01                           clk (net)
                  0.04    0.00   10.03 ^ clkbuf_0_clk/A (sky130_fd_sc_hd__clkbuf_16)
                  0.06    0.13   10.16 ^ clkbuf_0_clk/X (sky130_fd_sc_hd__clkbuf_16)
     4    0.04                           clknet_0_clk (net)
                  0.06    0.00   10.16 ^ clkbuf_2_0__f_clk/A (sky130_fd_sc_hd__clkbuf_16)
                  0.05    0.13   10.29 ^ clkbuf_2_0__f_clk/X (sky130_fd_sc_hd__clkbuf_16)
    14    0.03                           clknet_2_0__leaf_clk (net)
                  0.05    0.00   10.29 ^ _450_/CLK (sky130_fd_sc_hd__dfrtp_1)
                         -0.25   10.04   clock uncertainty
                          0.00   10.04   clock reconvergence pessimism
                         -0.12    9.92   library setup time
                                  9.92   data required time
-----------------------------------------------------------------------------
                                  9.92   data required time
                                 -3.31   data arrival time
-----------------------------------------------------------------------------
                                  6.61   slack (MET)


Startpoint: start (input port clocked by clk)
Endpoint: _449_ (rising edge-triggered flip-flop clocked by clk)
Path Group: clk
Path Type: max

Fanout     Cap    Slew   Delay    Time   Description
-----------------------------------------------------------------------------
                          0.00    0.00   clock clk (rise edge)
                          0.00    0.00   clock network delay (propagated)
                          2.00    2.00 ^ input external delay
                  0.02    0.01    2.01 ^ start (in)
     1    0.00                           start (net)
                  0.02    0.00    2.01 ^ input3/A (sky130_fd_sc_hd__buf_1)
                  0.14    0.14    2.16 ^ input3/X (sky130_fd_sc_hd__buf_1)
     2    0.01                           net3 (net)
                  0.14    0.00    2.16 ^ _237_/B (sky130_fd_sc_hd__nor2_4)
                  0.06    0.08    2.24 v _237_/Y (sky130_fd_sc_hd__nor2_4)
     9    0.03                           _125_ (net)
                  0.06    0.00    2.24 v _238_/B1 (sky130_fd_sc_hd__a21o_2)
                  0.07    0.24    2.48 v _238_/X (sky130_fd_sc_hd__a21o_2)
     8    0.02                           _126_ (net)
                  0.07    0.00    2.48 v _242_/A2 (sky130_fd_sc_hd__a22o_1)
                  0.04    0.25    2.73 v _242_/X (sky130_fd_sc_hd__a22o_1)
     1    0.00                           _089_ (net)
                  0.04    0.00    2.73 v hold8/A (sky130_fd_sc_hd__dlygate4sd3_1)
                  0.05    0.57    3.30 v hold8/X (sky130_fd_sc_hd__dlygate4sd3_1)
     1    0.00                           net33 (net)
                  0.05    0.00    3.30 v _449_/D (sky130_fd_sc_hd__dfrtp_1)
                                  3.30   data arrival time

                         10.00   10.00   clock clk (rise edge)
                          0.00   10.00   clock source latency
                  0.04    0.03   10.03 ^ clk (in)
     1    0.01                           clk (net)
                  0.04    0.00   10.03 ^ clkbuf_0_clk/A (sky130_fd_sc_hd__clkbuf_16)
                  0.06    0.13   10.16 ^ clkbuf_0_clk/X (sky130_fd_sc_hd__clkbuf_16)
     4    0.04                           clknet_0_clk (net)
                  0.06    0.00   10.16 ^ clkbuf_2_0__f_clk/A (sky130_fd_sc_hd__clkbuf_16)
                  0.05    0.13   10.29 ^ clkbuf_2_0__f_clk/X (sky130_fd_sc_hd__clkbuf_16)
    14    0.03                           clknet_2_0__leaf_clk (net)
                  0.05    0.00   10.29 ^ _449_/CLK (sky130_fd_sc_hd__dfrtp_1)
                         -0.25   10.04   clock uncertainty
                          0.00   10.04   clock reconvergence pessimism
                         -0.12    9.92   library setup time
                                  9.92   data required time
-----------------------------------------------------------------------------
                                  9.92   data required time
                                 -3.30   data arrival time
-----------------------------------------------------------------------------
                                  6.62   slack (MET)


Startpoint: start (input port clocked by clk)
Endpoint: _451_ (rising edge-triggered flip-flop clocked by clk)
Path Group: clk
Path Type: max

Fanout     Cap    Slew   Delay    Time   Description
-----------------------------------------------------------------------------
                          0.00    0.00   clock clk (rise edge)
                          0.00    0.00   clock network delay (propagated)
                          2.00    2.00 ^ input external delay
                  0.02    0.01    2.01 ^ start (in)
     1    0.00                           start (net)
                  0.02    0.00    2.01 ^ input3/A (sky130_fd_sc_hd__buf_1)
                  0.14    0.14    2.16 ^ input3/X (sky130_fd_sc_hd__buf_1)
     2    0.01                           net3 (net)
                  0.14    0.00    2.16 ^ _237_/B (sky130_fd_sc_hd__nor2_4)
                  0.06    0.08    2.24 v _237_/Y (sky130_fd_sc_hd__nor2_4)
     9    0.03                           _125_ (net)
                  0.06    0.00    2.24 v _238_/B1 (sky130_fd_sc_hd__a21o_2)
                  0.07    0.24    2.48 v _238_/X (sky130_fd_sc_hd__a21o_2)
     8    0.02                           _126_ (net)
                  0.07    0.00    2.48 v _240_/A2 (sky130_fd_sc_hd__a22o_1)
                  0.04    0.24    2.73 v _240_/X (sky130_fd_sc_hd__a22o_1)
     1    0.00                           _091_ (net)
                  0.04    0.00    2.73 v hold5/A (sky130_fd_sc_hd__dlygate4sd3_1)
                  0.05    0.57    3.30 v hold5/X (sky130_fd_sc_hd__dlygate4sd3_1)
     1    0.00                           net30 (net)
                  0.05    0.00    3.30 v _451_/D (sky130_fd_sc_hd__dfrtp_1)
                                  3.30   data arrival time

                         10.00   10.00   clock clk (rise edge)
                          0.00   10.00   clock source latency
                  0.04    0.03   10.03 ^ clk (in)
     1    0.01                           clk (net)
                  0.04    0.00   10.03 ^ clkbuf_0_clk/A (sky130_fd_sc_hd__clkbuf_16)
                  0.06    0.13   10.16 ^ clkbuf_0_clk/X (sky130_fd_sc_hd__clkbuf_16)
     4    0.04                           clknet_0_clk (net)
                  0.06    0.00   10.16 ^ clkbuf_2_0__f_clk/A (sky130_fd_sc_hd__clkbuf_16)
                  0.05    0.13   10.29 ^ clkbuf_2_0__f_clk/X (sky130_fd_sc_hd__clkbuf_16)
    14    0.03                           clknet_2_0__leaf_clk (net)
                  0.05    0.00   10.29 ^ _451_/CLK (sky130_fd_sc_hd__dfrtp_1)
                         -0.25   10.04   clock uncertainty
                          0.00   10.04   clock reconvergence pessimism
                         -0.12    9.92   library setup time
                                  9.92   data required time
-----------------------------------------------------------------------------
                                  9.92   data required time
                                 -3.30   data arrival time
-----------------------------------------------------------------------------
                                  6.62   slack (MET)


Startpoint: start (input port clocked by clk)
Endpoint: _447_ (rising edge-triggered flip-flop clocked by clk)
Path Group: clk
Path Type: max

Fanout     Cap    Slew   Delay    Time   Description
-----------------------------------------------------------------------------
                          0.00    0.00   clock clk (rise edge)
                          0.00    0.00   clock network delay (propagated)
                          2.00    2.00 ^ input external delay
                  0.02    0.01    2.01 ^ start (in)
     1    0.00                           start (net)
                  0.02    0.00    2.01 ^ input3/A (sky130_fd_sc_hd__buf_1)
                  0.14    0.14    2.16 ^ input3/X (sky130_fd_sc_hd__buf_1)
     2    0.01                           net3 (net)
                  0.14    0.00    2.16 ^ _237_/B (sky130_fd_sc_hd__nor2_4)
                  0.06    0.08    2.24 v _237_/Y (sky130_fd_sc_hd__nor2_4)
     9    0.03                           _125_ (net)
                  0.06    0.00    2.24 v _238_/B1 (sky130_fd_sc_hd__a21o_2)
                  0.07    0.24    2.48 v _238_/X (sky130_fd_sc_hd__a21o_2)
     8    0.02                           _126_ (net)
                  0.07    0.00    2.48 v _244_/A2 (sky130_fd_sc_hd__a22o_1)
                  0.04    0.24    2.72 v _244_/X (sky130_fd_sc_hd__a22o_1)
     1    0.00                           _087_ (net)
                  0.04    0.00    2.72 v hold3/A (sky130_fd_sc_hd__dlygate4sd3_1)
                  0.05    0.57    3.29 v hold3/X (sky130_fd_sc_hd__dlygate4sd3_1)
     1    0.00                           net28 (net)
                  0.05    0.00    3.29 v _447_/D (sky130_fd_sc_hd__dfrtp_1)
                                  3.29   data arrival time

                         10.00   10.00   clock clk (rise edge)
                          0.00   10.00   clock source latency
                  0.04    0.03   10.03 ^ clk (in)
     1    0.01                           clk (net)
                  0.04    0.00   10.03 ^ clkbuf_0_clk/A (sky130_fd_sc_hd__clkbuf_16)
                  0.06    0.13   10.16 ^ clkbuf_0_clk/X (sky130_fd_sc_hd__clkbuf_16)
     4    0.04                           clknet_0_clk (net)
                  0.06    0.00   10.16 ^ clkbuf_2_0__f_clk/A (sky130_fd_sc_hd__clkbuf_16)
                  0.05    0.13   10.29 ^ clkbuf_2_0__f_clk/X (sky130_fd_sc_hd__clkbuf_16)
    14    0.03                           clknet_2_0__leaf_clk (net)
                  0.05    0.00   10.29 ^ _447_/CLK (sky130_fd_sc_hd__dfrtp_1)
                         -0.25   10.04   clock uncertainty
                          0.00   10.04   clock reconvergence pessimism
                         -0.12    9.92   library setup time
                                  9.92   data required time
-----------------------------------------------------------------------------
                                  9.92   data required time
                                 -3.29   data arrival time
-----------------------------------------------------------------------------
                                  6.63   slack (MET)


Startpoint: _436_ (rising edge-triggered flip-flop clocked by clk)
Endpoint: cs (output port clocked by clk)
Path Group: clk
Path Type: max

Fanout     Cap    Slew   Delay    Time   Description
-----------------------------------------------------------------------------
                          0.00    0.00   clock clk (rise edge)
                          0.00    0.00   clock source latency
                  0.04    0.03    0.03 ^ clk (in)
     1    0.01                           clk (net)
                  0.04    0.00    0.03 ^ clkbuf_0_clk/A (sky130_fd_sc_hd__clkbuf_16)
                  0.06    0.15    0.17 ^ clkbuf_0_clk/X (sky130_fd_sc_hd__clkbuf_16)
     4    0.04                           clknet_0_clk (net)
                  0.06    0.00    0.18 ^ clkbuf_2_3__f_clk/A (sky130_fd_sc_hd__clkbuf_16)
                  0.06    0.15    0.33 ^ clkbuf_2_3__f_clk/X (sky130_fd_sc_hd__clkbuf_16)
    12    0.04                           clknet_2_3__leaf_clk (net)
                  0.06    0.00    0.33 ^ _436_/CLK (sky130_fd_sc_hd__dfstp_1)
                  0.08    0.55    0.88 ^ _436_/Q (sky130_fd_sc_hd__dfstp_1)
     2    0.01                           net13 (net)
                  0.08    0.00    0.88 ^ output13/A (sky130_fd_sc_hd__clkbuf_4)
                  0.12    0.21    1.09 ^ output13/X (sky130_fd_sc_hd__clkbuf_4)
     1    0.04                           cs (net)
                  0.12    0.00    1.10 ^ cs (out)
                                  1.10   data arrival time

                         10.00   10.00   clock clk (rise edge)
                          0.00   10.00   clock network delay (propagated)
                         -0.25    9.75   clock uncertainty
                          0.00    9.75   clock reconvergence pessimism
                         -2.00    7.75   output external delay
                                  7.75   data required time
-----------------------------------------------------------------------------
                                  7.75   data required time
                                 -1.10   data arrival time
-----------------------------------------------------------------------------
                                  6.65   slack (MET)


Startpoint: _420_ (rising edge-triggered flip-flop clocked by clk)
Endpoint: _427_ (rising edge-triggered flip-flop clocked by clk)
Path Group: clk
Path Type: max

Fanout     Cap    Slew   Delay    Time   Description
-----------------------------------------------------------------------------
                          0.00    0.00   clock clk (rise edge)
                          0.00    0.00   clock source latency
                  0.04    0.03    0.03 ^ clk (in)
     1    0.01                           clk (net)
                  0.04    0.00    0.03 ^ clkbuf_0_clk/A (sky130_fd_sc_hd__clkbuf_16)
                  0.06    0.15    0.17 ^ clkbuf_0_clk/X (sky130_fd_sc_hd__clkbuf_16)
     4    0.04                           clknet_0_clk (net)
                  0.06    0.00    0.18 ^ clkbuf_2_3__f_clk/A (sky130_fd_sc_hd__clkbuf_16)
                  0.06    0.15    0.33 ^ clkbuf_2_3__f_clk/X (sky130_fd_sc_hd__clkbuf_16)
    12    0.04                           clknet_2_3__leaf_clk (net)
                  0.06    0.00    0.33 ^ _420_/CLK (sky130_fd_sc_hd__dfrtp_1)
                  0.09    0.43    0.76 v _420_/Q (sky130_fd_sc_hd__dfrtp_1)
     6    0.01                           clk_count[12] (net)
                  0.09    0.00    0.76 v _205_/B (sky130_fd_sc_hd__or4_1)
                  0.09    0.55    1.31 v _205_/X (sky130_fd_sc_hd__or4_1)
     1    0.00                           _097_ (net)
                  0.09    0.00    1.31 v _209_/A (sky130_fd_sc_hd__nor4_1)
                  0.37    0.42    1.72 ^ _209_/Y (sky130_fd_sc_hd__nor4_1)
     2    0.01                           _101_ (net)
                  0.37    0.00    1.72 ^ max_cap25/A (sky130_fd_sc_hd__buf_1)
                  0.14    0.21    1.93 ^ max_cap25/X (sky130_fd_sc_hd__buf_1)
     3    0.01                           net25 (net)
                  0.14    0.00    1.93 ^ _217_/C (sky130_fd_sc_hd__nand4_1)
                  0.12    0.16    2.09 v _217_/Y (sky130_fd_sc_hd__nand4_1)
     3    0.01                           _109_ (net)
                  0.12    0.00    2.09 v _218_/A (sky130_fd_sc_hd__buf_4)
                  0.06    0.21    2.30 v _218_/X (sky130_fd_sc_hd__buf_4)
    10    0.03                           _110_ (net)
                  0.06    0.00    2.30 v _291_/S (sky130_fd_sc_hd__mux2_1)
                  0.05    0.32    2.62 v _291_/X (sky130_fd_sc_hd__mux2_1)
     1    0.00                           _154_ (net)
                  0.05    0.00    2.62 v hold36/A (sky130_fd_sc_hd__dlygate4sd3_1)
                  0.06    0.58    3.20 v hold36/X (sky130_fd_sc_hd__dlygate4sd3_1)
     1    0.00                           net61 (net)
                  0.06    0.00    3.20 v _292_/A (sky130_fd_sc_hd__clkbuf_1)
                  0.03    0.10    3.30 v _292_/X (sky130_fd_sc_hd__clkbuf_1)
     1    0.00                           _067_ (net)
                  0.03    0.00    3.30 v _427_/D (sky130_fd_sc_hd__dfrtp_1)
                                  3.30   data arrival time

                         10.00   10.00   clock clk (rise edge)
                          0.00   10.00   clock source latency
                  0.04    0.03   10.03 ^ clk (in)
     1    0.01                           clk (net)
                  0.04    0.00   10.03 ^ clkbuf_0_clk/A (sky130_fd_sc_hd__clkbuf_16)
                  0.06    0.13   10.16 ^ clkbuf_0_clk/X (sky130_fd_sc_hd__clkbuf_16)
     4    0.04                           clknet_0_clk (net)
                  0.06    0.00   10.16 ^ clkbuf_2_1__f_clk/A (sky130_fd_sc_hd__clkbuf_16)
                  0.06    0.14   10.29 ^ clkbuf_2_1__f_clk/X (sky130_fd_sc_hd__clkbuf_16)
    12    0.03                           clknet_2_1__leaf_clk (net)
                  0.06    0.00   10.30 ^ _427_/CLK (sky130_fd_sc_hd__dfrtp_1)
                         -0.25   10.05   clock uncertainty
                          0.02   10.06   clock reconvergence pessimism
                         -0.10    9.96   library setup time
                                  9.96   data required time
-----------------------------------------------------------------------------
                                  9.96   data required time
                                 -3.30   data arrival time
-----------------------------------------------------------------------------
                                  6.66   slack (MET)


Startpoint: start (input port clocked by clk)
Endpoint: _442_ (rising edge-triggered flip-flop clocked by clk)
Path Group: clk
Path Type: max

Fanout     Cap    Slew   Delay    Time   Description
-----------------------------------------------------------------------------
                          0.00    0.00   clock clk (rise edge)
                          0.00    0.00   clock network delay (propagated)
                          2.00    2.00 v input external delay
                  0.01    0.01    2.01 v start (in)
     1    0.00                           start (net)
                  0.01    0.00    2.01 v input3/A (sky130_fd_sc_hd__buf_1)
                  0.06    0.11    2.11 v input3/X (sky130_fd_sc_hd__buf_1)
     2    0.01                           net3 (net)
                  0.06    0.00    2.11 v _204_/B (sky130_fd_sc_hd__or2_2)
                  0.08    0.33    2.44 v _204_/X (sky130_fd_sc_hd__or2_2)
     6    0.01                           _096_ (net)
                  0.08    0.00    2.44 v _222_/A (sky130_fd_sc_hd__and3_1)
                  0.04    0.17    2.61 v _222_/X (sky130_fd_sc_hd__and3_1)
     1    0.00                           _113_ (net)
                  0.04    0.00    2.61 v _223_/A (sky130_fd_sc_hd__clkbuf_4)
                  0.10    0.20    2.82 v _223_/X (sky130_fd_sc_hd__clkbuf_4)
    10    0.04                           _114_ (net)
                  0.10    0.00    2.82 v _252_/S (sky130_fd_sc_hd__mux2_1)
                  0.06    0.35    3.17 v _252_/X (sky130_fd_sc_hd__mux2_1)
     1    0.00                           _131_ (net)
                  0.06    0.00    3.17 v _253_/A (sky130_fd_sc_hd__clkbuf_1)
                  0.03    0.11    3.27 v _253_/X (sky130_fd_sc_hd__clkbuf_1)
     1    0.00                           _082_ (net)
                  0.03    0.00    3.27 v _442_/D (sky130_fd_sc_hd__dfrtp_1)
                                  3.27   data arrival time

                         10.00   10.00   clock clk (rise edge)
                          0.00   10.00   clock source latency
                  0.04    0.03   10.03 ^ clk (in)
     1    0.01                           clk (net)
                  0.04    0.00   10.03 ^ clkbuf_0_clk/A (sky130_fd_sc_hd__clkbuf_16)
                  0.06    0.13   10.16 ^ clkbuf_0_clk/X (sky130_fd_sc_hd__clkbuf_16)
     4    0.04                           clknet_0_clk (net)
                  0.06    0.00   10.16 ^ clkbuf_2_1__f_clk/A (sky130_fd_sc_hd__clkbuf_16)
                  0.06    0.14   10.29 ^ clkbuf_2_1__f_clk/X (sky130_fd_sc_hd__clkbuf_16)
    12    0.03                           clknet_2_1__leaf_clk (net)
                  0.06    0.00   10.30 ^ _442_/CLK (sky130_fd_sc_hd__dfrtp_1)
                         -0.25   10.05   clock uncertainty
                          0.00   10.05   clock reconvergence pessimism
                         -0.11    9.94   library setup time
                                  9.94   data required time
-----------------------------------------------------------------------------
                                  9.94   data required time
                                 -3.27   data arrival time
-----------------------------------------------------------------------------
                                  6.67   slack (MET)


Startpoint: _420_ (rising edge-triggered flip-flop clocked by clk)
Endpoint: _426_ (rising edge-triggered flip-flop clocked by clk)
Path Group: clk
Path Type: max

Fanout     Cap    Slew   Delay    Time   Description
-----------------------------------------------------------------------------
                          0.00    0.00   clock clk (rise edge)
                          0.00    0.00   clock source latency
                  0.04    0.03    0.03 ^ clk (in)
     1    0.01                           clk (net)
                  0.04    0.00    0.03 ^ clkbuf_0_clk/A (sky130_fd_sc_hd__clkbuf_16)
                  0.06    0.15    0.17 ^ clkbuf_0_clk/X (sky130_fd_sc_hd__clkbuf_16)
     4    0.04                           clknet_0_clk (net)
                  0.06    0.00    0.18 ^ clkbuf_2_3__f_clk/A (sky130_fd_sc_hd__clkbuf_16)
                  0.06    0.15    0.33 ^ clkbuf_2_3__f_clk/X (sky130_fd_sc_hd__clkbuf_16)
    12    0.04                           clknet_2_3__leaf_clk (net)
                  0.06    0.00    0.33 ^ _420_/CLK (sky130_fd_sc_hd__dfrtp_1)
                  0.09    0.43    0.76 v _420_/Q (sky130_fd_sc_hd__dfrtp_1)
     6    0.01                           clk_count[12] (net)
                  0.09    0.00    0.76 v _205_/B (sky130_fd_sc_hd__or4_1)
                  0.09    0.55    1.31 v _205_/X (sky130_fd_sc_hd__or4_1)
     1    0.00                           _097_ (net)
                  0.09    0.00    1.31 v _209_/A (sky130_fd_sc_hd__nor4_1)
                  0.37    0.42    1.72 ^ _209_/Y (sky130_fd_sc_hd__nor4_1)
     2    0.01                           _101_ (net)
                  0.37    0.00    1.72 ^ max_cap25/A (sky130_fd_sc_hd__buf_1)
                  0.14    0.21    1.93 ^ max_cap25/X (sky130_fd_sc_hd__buf_1)
     3    0.01                           net25 (net)
                  0.14    0.00    1.93 ^ _217_/C (sky130_fd_sc_hd__nand4_1)
                  0.12    0.16    2.09 v _217_/Y (sky130_fd_sc_hd__nand4_1)
     3    0.01                           _109_ (net)
                  0.12    0.00    2.09 v _218_/A (sky130_fd_sc_hd__buf_4)
                  0.06    0.21    2.30 v _218_/X (sky130_fd_sc_hd__buf_4)
    10    0.03                           _110_ (net)
                  0.06    0.00    2.30 v _293_/S (sky130_fd_sc_hd__mux2_1)
                  0.05    0.32    2.62 v _293_/X (sky130_fd_sc_hd__mux2_1)
     1    0.00                           _155_ (net)
                  0.05    0.00    2.62 v hold34/A (sky130_fd_sc_hd__dlygate4sd3_1)
                  0.06    0.59    3.20 v hold34/X (sky130_fd_sc_hd__dlygate4sd3_1)
     1    0.00                           net59 (net)
                  0.06    0.00    3.20 v _294_/A (sky130_fd_sc_hd__clkbuf_1)
                  0.02    0.09    3.30 v _294_/X (sky130_fd_sc_hd__clkbuf_1)
     1    0.00                           _066_ (net)
                  0.02    0.00    3.30 v _426_/D (sky130_fd_sc_hd__dfrtp_1)
                                  3.30   data arrival time

                         10.00   10.00   clock clk (rise edge)
                          0.00   10.00   clock source latency
                  0.04    0.03   10.03 ^ clk (in)
     1    0.01                           clk (net)
                  0.04    0.00   10.03 ^ clkbuf_0_clk/A (sky130_fd_sc_hd__clkbuf_16)
                  0.06    0.13   10.16 ^ clkbuf_0_clk/X (sky130_fd_sc_hd__clkbuf_16)
     4    0.04                           clknet_0_clk (net)
                  0.06    0.00   10.16 ^ clkbuf_2_3__f_clk/A (sky130_fd_sc_hd__clkbuf_16)
                  0.06    0.14   10.30 ^ clkbuf_2_3__f_clk/X (sky130_fd_sc_hd__clkbuf_16)
    12    0.04                           clknet_2_3__leaf_clk (net)
                  0.06    0.00   10.30 ^ _426_/CLK (sky130_fd_sc_hd__dfrtp_1)
                         -0.25   10.05   clock uncertainty
                          0.03   10.08   clock reconvergence pessimism
                         -0.10    9.97   library setup time
                                  9.97   data required time
-----------------------------------------------------------------------------
                                  9.97   data required time
                                 -3.30   data arrival time
-----------------------------------------------------------------------------
                                  6.67   slack (MET)


Startpoint: start (input port clocked by clk)
Endpoint: _452_ (rising edge-triggered flip-flop clocked by clk)
Path Group: clk
Path Type: max

Fanout     Cap    Slew   Delay    Time   Description
-----------------------------------------------------------------------------
                          0.00    0.00   clock clk (rise edge)
                          0.00    0.00   clock network delay (propagated)
                          2.00    2.00 v input external delay
                  0.01    0.01    2.01 v start (in)
     1    0.00                           start (net)
                  0.01    0.00    2.01 v input3/A (sky130_fd_sc_hd__buf_1)
                  0.06    0.11    2.11 v input3/X (sky130_fd_sc_hd__buf_1)
     2    0.01                           net3 (net)
                  0.06    0.00    2.11 v _204_/B (sky130_fd_sc_hd__or2_2)
                  0.08    0.33    2.44 v _204_/X (sky130_fd_sc_hd__or2_2)
     6    0.01                           _096_ (net)
                  0.08    0.00    2.44 v _222_/A (sky130_fd_sc_hd__and3_1)
                  0.04    0.17    2.61 v _222_/X (sky130_fd_sc_hd__and3_1)
     1    0.00                           _113_ (net)
                  0.04    0.00    2.61 v _223_/A (sky130_fd_sc_hd__clkbuf_4)
                  0.10    0.20    2.82 v _223_/X (sky130_fd_sc_hd__clkbuf_4)
    10    0.04                           _114_ (net)
                  0.10    0.00    2.82 v _233_/S (sky130_fd_sc_hd__mux2_1)
                  0.06    0.34    3.16 v _233_/X (sky130_fd_sc_hd__mux2_1)
     1    0.00                           _122_ (net)
                  0.06    0.00    3.16 v _234_/A (sky130_fd_sc_hd__clkbuf_1)
                  0.03    0.10    3.26 v _234_/X (sky130_fd_sc_hd__clkbuf_1)
     1    0.00                           _092_ (net)
                  0.03    0.00    3.26 v _452_/D (sky130_fd_sc_hd__dfrtp_1)
                                  3.26   data arrival time

                         10.00   10.00   clock clk (rise edge)
                          0.00   10.00   clock source latency
                  0.04    0.03   10.03 ^ clk (in)
     1    0.01                           clk (net)
                  0.04    0.00   10.03 ^ clkbuf_0_clk/A (sky130_fd_sc_hd__clkbuf_16)
                  0.06    0.13   10.16 ^ clkbuf_0_clk/X (sky130_fd_sc_hd__clkbuf_16)
     4    0.04                           clknet_0_clk (net)
                  0.06    0.00   10.16 ^ clkbuf_2_1__f_clk/A (sky130_fd_sc_hd__clkbuf_16)
                  0.06    0.14   10.29 ^ clkbuf_2_1__f_clk/X (sky130_fd_sc_hd__clkbuf_16)
    12    0.03                           clknet_2_1__leaf_clk (net)
                  0.06    0.00   10.30 ^ _452_/CLK (sky130_fd_sc_hd__dfrtp_1)
                         -0.25   10.05   clock uncertainty
                          0.00   10.05   clock reconvergence pessimism
                         -0.10    9.94   library setup time
                                  9.94   data required time
-----------------------------------------------------------------------------
                                  9.94   data required time
                                 -3.26   data arrival time
-----------------------------------------------------------------------------
                                  6.69   slack (MET)


Startpoint: start (input port clocked by clk)
Endpoint: _440_ (rising edge-triggered flip-flop clocked by clk)
Path Group: clk
Path Type: max

Fanout     Cap    Slew   Delay    Time   Description
-----------------------------------------------------------------------------
                          0.00    0.00   clock clk (rise edge)
                          0.00    0.00   clock network delay (propagated)
                          2.00    2.00 v input external delay
                  0.01    0.01    2.01 v start (in)
     1    0.00                           start (net)
                  0.01    0.00    2.01 v input3/A (sky130_fd_sc_hd__buf_1)
                  0.06    0.11    2.11 v input3/X (sky130_fd_sc_hd__buf_1)
     2    0.01                           net3 (net)
                  0.06    0.00    2.11 v _204_/B (sky130_fd_sc_hd__or2_2)
                  0.08    0.33    2.44 v _204_/X (sky130_fd_sc_hd__or2_2)
     6    0.01                           _096_ (net)
                  0.08    0.00    2.44 v _222_/A (sky130_fd_sc_hd__and3_1)
                  0.04    0.17    2.61 v _222_/X (sky130_fd_sc_hd__and3_1)
     1    0.00                           _113_ (net)
                  0.04    0.00    2.61 v _223_/A (sky130_fd_sc_hd__clkbuf_4)
                  0.10    0.20    2.82 v _223_/X (sky130_fd_sc_hd__clkbuf_4)
    10    0.04                           _114_ (net)
                  0.10    0.00    2.82 v _258_/S (sky130_fd_sc_hd__mux2_1)
                  0.06    0.34    3.16 v _258_/X (sky130_fd_sc_hd__mux2_1)
     1    0.00                           _135_ (net)
                  0.06    0.00    3.16 v _259_/A (sky130_fd_sc_hd__clkbuf_1)
                  0.03    0.10    3.26 v _259_/X (sky130_fd_sc_hd__clkbuf_1)
     1    0.00                           _080_ (net)
                  0.03    0.00    3.26 v _440_/D (sky130_fd_sc_hd__dfrtp_1)
                                  3.26   data arrival time

                         10.00   10.00   clock clk (rise edge)
                          0.00   10.00   clock source latency
                  0.04    0.03   10.03 ^ clk (in)
     1    0.01                           clk (net)
                  0.04    0.00   10.03 ^ clkbuf_0_clk/A (sky130_fd_sc_hd__clkbuf_16)
                  0.06    0.13   10.16 ^ clkbuf_0_clk/X (sky130_fd_sc_hd__clkbuf_16)
     4    0.04                           clknet_0_clk (net)
                  0.06    0.00   10.16 ^ clkbuf_2_3__f_clk/A (sky130_fd_sc_hd__clkbuf_16)
                  0.06    0.14   10.30 ^ clkbuf_2_3__f_clk/X (sky130_fd_sc_hd__clkbuf_16)
    12    0.04                           clknet_2_3__leaf_clk (net)
                  0.06    0.00   10.30 ^ _440_/CLK (sky130_fd_sc_hd__dfrtp_1)
                         -0.25   10.05   clock uncertainty
                          0.00   10.05   clock reconvergence pessimism
                         -0.10    9.94   library setup time
                                  9.94   data required time
-----------------------------------------------------------------------------
                                  9.94   data required time
                                 -3.26   data arrival time
-----------------------------------------------------------------------------
                                  6.69   slack (MET)


Startpoint: start (input port clocked by clk)
Endpoint: _437_ (rising edge-triggered flip-flop clocked by clk)
Path Group: clk
Path Type: max

Fanout     Cap    Slew   Delay    Time   Description
-----------------------------------------------------------------------------
                          0.00    0.00   clock clk (rise edge)
                          0.00    0.00   clock network delay (propagated)
                          2.00    2.00 v input external delay
                  0.01    0.01    2.01 v start (in)
     1    0.00                           start (net)
                  0.01    0.00    2.01 v input3/A (sky130_fd_sc_hd__buf_1)
                  0.06    0.11    2.11 v input3/X (sky130_fd_sc_hd__buf_1)
     2    0.01                           net3 (net)
                  0.06    0.00    2.11 v _204_/B (sky130_fd_sc_hd__or2_2)
                  0.08    0.33    2.44 v _204_/X (sky130_fd_sc_hd__or2_2)
     6    0.01                           _096_ (net)
                  0.08    0.00    2.44 v _222_/A (sky130_fd_sc_hd__and3_1)
                  0.04    0.17    2.61 v _222_/X (sky130_fd_sc_hd__and3_1)
     1    0.00                           _113_ (net)
                  0.04    0.00    2.61 v _223_/A (sky130_fd_sc_hd__clkbuf_4)
                  0.10    0.20    2.82 v _223_/X (sky130_fd_sc_hd__clkbuf_4)
    10    0.04                           _114_ (net)
                  0.10    0.00    2.82 v _267_/S (sky130_fd_sc_hd__mux2_1)
                  0.06    0.34    3.16 v _267_/X (sky130_fd_sc_hd__mux2_1)
     1    0.00                           _141_ (net)
                  0.06    0.00    3.16 v _268_/A (sky130_fd_sc_hd__clkbuf_1)
                  0.03    0.10    3.25 v _268_/X (sky130_fd_sc_hd__clkbuf_1)
     1    0.00                           _077_ (net)
                  0.03    0.00    3.25 v _437_/D (sky130_fd_sc_hd__dfrtp_1)
                                  3.25   data arrival time

                         10.00   10.00   clock clk (rise edge)
                          0.00   10.00   clock source latency
                  0.04    0.03   10.03 ^ clk (in)
     1    0.01                           clk (net)
                  0.04    0.00   10.03 ^ clkbuf_0_clk/A (sky130_fd_sc_hd__clkbuf_16)
                  0.06    0.13   10.16 ^ clkbuf_0_clk/X (sky130_fd_sc_hd__clkbuf_16)
     4    0.04                           clknet_0_clk (net)
                  0.06    0.00   10.16 ^ clkbuf_2_3__f_clk/A (sky130_fd_sc_hd__clkbuf_16)
                  0.06    0.14   10.30 ^ clkbuf_2_3__f_clk/X (sky130_fd_sc_hd__clkbuf_16)
    12    0.04                           clknet_2_3__leaf_clk (net)
                  0.06    0.00   10.30 ^ _437_/CLK (sky130_fd_sc_hd__dfrtp_1)
                         -0.25   10.05   clock uncertainty
                          0.00   10.05   clock reconvergence pessimism
                         -0.10    9.94   library setup time
                                  9.94   data required time
-----------------------------------------------------------------------------
                                  9.94   data required time
                                 -3.25   data arrival time
-----------------------------------------------------------------------------
                                  6.69   slack (MET)


Startpoint: start (input port clocked by clk)
Endpoint: _439_ (rising edge-triggered flip-flop clocked by clk)
Path Group: clk
Path Type: max

Fanout     Cap    Slew   Delay    Time   Description
-----------------------------------------------------------------------------
                          0.00    0.00   clock clk (rise edge)
                          0.00    0.00   clock network delay (propagated)
                          2.00    2.00 v input external delay
                  0.01    0.01    2.01 v start (in)
     1    0.00                           start (net)
                  0.01    0.00    2.01 v input3/A (sky130_fd_sc_hd__buf_1)
                  0.06    0.11    2.11 v input3/X (sky130_fd_sc_hd__buf_1)
     2    0.01                           net3 (net)
                  0.06    0.00    2.11 v _204_/B (sky130_fd_sc_hd__or2_2)
                  0.08    0.33    2.44 v _204_/X (sky130_fd_sc_hd__or2_2)
     6    0.01                           _096_ (net)
                  0.08    0.00    2.44 v _222_/A (sky130_fd_sc_hd__and3_1)
                  0.04    0.17    2.61 v _222_/X (sky130_fd_sc_hd__and3_1)
     1    0.00                           _113_ (net)
                  0.04    0.00    2.61 v _223_/A (sky130_fd_sc_hd__clkbuf_4)
                  0.10    0.20    2.82 v _223_/X (sky130_fd_sc_hd__clkbuf_4)
    10    0.04                           _114_ (net)
                  0.10    0.00    2.82 v _261_/S (sky130_fd_sc_hd__mux2_1)
                  0.05    0.34    3.15 v _261_/X (sky130_fd_sc_hd__mux2_1)
     1    0.00                           _137_ (net)
                  0.05    0.00    3.15 v _262_/A (sky130_fd_sc_hd__clkbuf_1)
                  0.03    0.10    3.25 v _262_/X (sky130_fd_sc_hd__clkbuf_1)
     1    0.00                           _079_ (net)
                  0.03    0.00    3.25 v _439_/D (sky130_fd_sc_hd__dfrtp_1)
                                  3.25   data arrival time

                         10.00   10.00   clock clk (rise edge)
                          0.00   10.00   clock source latency
                  0.04    0.03   10.03 ^ clk (in)
     1    0.01                           clk (net)
                  0.04    0.00   10.03 ^ clkbuf_0_clk/A (sky130_fd_sc_hd__clkbuf_16)
                  0.06    0.13   10.16 ^ clkbuf_0_clk/X (sky130_fd_sc_hd__clkbuf_16)
     4    0.04                           clknet_0_clk (net)
                  0.06    0.00   10.16 ^ clkbuf_2_3__f_clk/A (sky130_fd_sc_hd__clkbuf_16)
                  0.06    0.14   10.30 ^ clkbuf_2_3__f_clk/X (sky130_fd_sc_hd__clkbuf_16)
    12    0.04                           clknet_2_3__leaf_clk (net)
                  0.06    0.00   10.30 ^ _439_/CLK (sky130_fd_sc_hd__dfrtp_1)
                         -0.25   10.05   clock uncertainty
                          0.00   10.05   clock reconvergence pessimism
                         -0.10    9.94   library setup time
                                  9.94   data required time
-----------------------------------------------------------------------------
                                  9.94   data required time
                                 -3.25   data arrival time
-----------------------------------------------------------------------------
                                  6.69   slack (MET)


Startpoint: start (input port clocked by clk)
Endpoint: _453_ (rising edge-triggered flip-flop clocked by clk)
Path Group: clk
Path Type: max

Fanout     Cap    Slew   Delay    Time   Description
-----------------------------------------------------------------------------
                          0.00    0.00   clock clk (rise edge)
                          0.00    0.00   clock network delay (propagated)
                          2.00    2.00 v input external delay
                  0.01    0.01    2.01 v start (in)
     1    0.00                           start (net)
                  0.01    0.00    2.01 v input3/A (sky130_fd_sc_hd__buf_1)
                  0.06    0.11    2.11 v input3/X (sky130_fd_sc_hd__buf_1)
     2    0.01                           net3 (net)
                  0.06    0.00    2.11 v _204_/B (sky130_fd_sc_hd__or2_2)
                  0.08    0.33    2.44 v _204_/X (sky130_fd_sc_hd__or2_2)
     6    0.01                           _096_ (net)
                  0.08    0.00    2.44 v _222_/A (sky130_fd_sc_hd__and3_1)
                  0.04    0.17    2.61 v _222_/X (sky130_fd_sc_hd__and3_1)
     1    0.00                           _113_ (net)
                  0.04    0.00    2.61 v _223_/A (sky130_fd_sc_hd__clkbuf_4)
                  0.10    0.20    2.82 v _223_/X (sky130_fd_sc_hd__clkbuf_4)
    10    0.04                           _114_ (net)
                  0.10    0.00    2.82 v _229_/S (sky130_fd_sc_hd__mux2_1)
                  0.06    0.34    3.16 v _229_/X (sky130_fd_sc_hd__mux2_1)
     1    0.00                           _119_ (net)
                  0.06    0.00    3.16 v _230_/A (sky130_fd_sc_hd__clkbuf_1)
                  0.02    0.09    3.25 v _230_/X (sky130_fd_sc_hd__clkbuf_1)
     1    0.00                           _093_ (net)
                  0.02    0.00    3.25 v _453_/D (sky130_fd_sc_hd__dfrtp_1)
                                  3.25   data arrival time

                         10.00   10.00   clock clk (rise edge)
                          0.00   10.00   clock source latency
                  0.04    0.03   10.03 ^ clk (in)
     1    0.01                           clk (net)
                  0.04    0.00   10.03 ^ clkbuf_0_clk/A (sky130_fd_sc_hd__clkbuf_16)
                  0.06    0.13   10.16 ^ clkbuf_0_clk/X (sky130_fd_sc_hd__clkbuf_16)
     4    0.04                           clknet_0_clk (net)
                  0.06    0.00   10.16 ^ clkbuf_2_1__f_clk/A (sky130_fd_sc_hd__clkbuf_16)
                  0.06    0.14   10.29 ^ clkbuf_2_1__f_clk/X (sky130_fd_sc_hd__clkbuf_16)
    12    0.03                           clknet_2_1__leaf_clk (net)
                  0.06    0.00   10.30 ^ _453_/CLK (sky130_fd_sc_hd__dfrtp_1)
                         -0.25   10.05   clock uncertainty
                          0.00   10.05   clock reconvergence pessimism
                         -0.10    9.94   library setup time
                                  9.94   data required time
-----------------------------------------------------------------------------
                                  9.94   data required time
                                 -3.25   data arrival time
-----------------------------------------------------------------------------
                                  6.69   slack (MET)


Startpoint: start (input port clocked by clk)
Endpoint: _443_ (rising edge-triggered flip-flop clocked by clk)
Path Group: clk
Path Type: max

Fanout     Cap    Slew   Delay    Time   Description
-----------------------------------------------------------------------------
                          0.00    0.00   clock clk (rise edge)
                          0.00    0.00   clock network delay (propagated)
                          2.00    2.00 v input external delay
                  0.01    0.01    2.01 v start (in)
     1    0.00                           start (net)
                  0.01    0.00    2.01 v input3/A (sky130_fd_sc_hd__buf_1)
                  0.06    0.11    2.11 v input3/X (sky130_fd_sc_hd__buf_1)
     2    0.01                           net3 (net)
                  0.06    0.00    2.11 v _204_/B (sky130_fd_sc_hd__or2_2)
                  0.08    0.33    2.44 v _204_/X (sky130_fd_sc_hd__or2_2)
     6    0.01                           _096_ (net)
                  0.08    0.00    2.44 v _222_/A (sky130_fd_sc_hd__and3_1)
                  0.04    0.17    2.61 v _222_/X (sky130_fd_sc_hd__and3_1)
     1    0.00                           _113_ (net)
                  0.04    0.00    2.61 v _223_/A (sky130_fd_sc_hd__clkbuf_4)
                  0.10    0.20    2.82 v _223_/X (sky130_fd_sc_hd__clkbuf_4)
    10    0.04                           _114_ (net)
                  0.10    0.00    2.82 v _249_/S (sky130_fd_sc_hd__mux2_1)
                  0.05    0.33    3.15 v _249_/X (sky130_fd_sc_hd__mux2_1)
     1    0.00                           _129_ (net)
                  0.05    0.00    3.15 v _250_/A (sky130_fd_sc_hd__clkbuf_1)
                  0.03    0.10    3.25 v _250_/X (sky130_fd_sc_hd__clkbuf_1)
     1    0.00                           _083_ (net)
                  0.03    0.00    3.25 v _443_/D (sky130_fd_sc_hd__dfrtp_1)
                                  3.25   data arrival time

                         10.00   10.00   clock clk (rise edge)
                          0.00   10.00   clock source latency
                  0.04    0.03   10.03 ^ clk (in)
     1    0.01                           clk (net)
                  0.04    0.00   10.03 ^ clkbuf_0_clk/A (sky130_fd_sc_hd__clkbuf_16)
                  0.06    0.13   10.16 ^ clkbuf_0_clk/X (sky130_fd_sc_hd__clkbuf_16)
     4    0.04                           clknet_0_clk (net)
                  0.06    0.00   10.16 ^ clkbuf_2_1__f_clk/A (sky130_fd_sc_hd__clkbuf_16)
                  0.06    0.14   10.29 ^ clkbuf_2_1__f_clk/X (sky130_fd_sc_hd__clkbuf_16)
    12    0.03                           clknet_2_1__leaf_clk (net)
                  0.06    0.00   10.30 ^ _443_/CLK (sky130_fd_sc_hd__dfrtp_1)
                         -0.25   10.05   clock uncertainty
                          0.00   10.05   clock reconvergence pessimism
                         -0.10    9.94   library setup time
                                  9.94   data required time
-----------------------------------------------------------------------------
                                  9.94   data required time
                                 -3.25   data arrival time
-----------------------------------------------------------------------------
                                  6.69   slack (MET)


Startpoint: start (input port clocked by clk)
Endpoint: _441_ (rising edge-triggered flip-flop clocked by clk)
Path Group: clk
Path Type: max

Fanout     Cap    Slew   Delay    Time   Description
-----------------------------------------------------------------------------
                          0.00    0.00   clock clk (rise edge)
                          0.00    0.00   clock network delay (propagated)
                          2.00    2.00 v input external delay
                  0.01    0.01    2.01 v start (in)
     1    0.00                           start (net)
                  0.01    0.00    2.01 v input3/A (sky130_fd_sc_hd__buf_1)
                  0.06    0.11    2.11 v input3/X (sky130_fd_sc_hd__buf_1)
     2    0.01                           net3 (net)
                  0.06    0.00    2.11 v _204_/B (sky130_fd_sc_hd__or2_2)
                  0.08    0.33    2.44 v _204_/X (sky130_fd_sc_hd__or2_2)
     6    0.01                           _096_ (net)
                  0.08    0.00    2.44 v _222_/A (sky130_fd_sc_hd__and3_1)
                  0.04    0.17    2.61 v _222_/X (sky130_fd_sc_hd__and3_1)
     1    0.00                           _113_ (net)
                  0.04    0.00    2.61 v _223_/A (sky130_fd_sc_hd__clkbuf_4)
                  0.10    0.20    2.82 v _223_/X (sky130_fd_sc_hd__clkbuf_4)
    10    0.04                           _114_ (net)
                  0.10    0.00    2.82 v _255_/S (sky130_fd_sc_hd__mux2_1)
                  0.05    0.34    3.15 v _255_/X (sky130_fd_sc_hd__mux2_1)
     1    0.00                           _133_ (net)
                  0.05    0.00    3.15 v _256_/A (sky130_fd_sc_hd__clkbuf_1)
                  0.03    0.09    3.25 v _256_/X (sky130_fd_sc_hd__clkbuf_1)
     1    0.00                           _081_ (net)
                  0.03    0.00    3.25 v _441_/D (sky130_fd_sc_hd__dfrtp_1)
                                  3.25   data arrival time

                         10.00   10.00   clock clk (rise edge)
                          0.00   10.00   clock source latency
                  0.04    0.03   10.03 ^ clk (in)
     1    0.01                           clk (net)
                  0.04    0.00   10.03 ^ clkbuf_0_clk/A (sky130_fd_sc_hd__clkbuf_16)
                  0.06    0.13   10.16 ^ clkbuf_0_clk/X (sky130_fd_sc_hd__clkbuf_16)
     4    0.04                           clknet_0_clk (net)
                  0.06    0.00   10.16 ^ clkbuf_2_1__f_clk/A (sky130_fd_sc_hd__clkbuf_16)
                  0.06    0.14   10.29 ^ clkbuf_2_1__f_clk/X (sky130_fd_sc_hd__clkbuf_16)
    12    0.03                           clknet_2_1__leaf_clk (net)
                  0.06    0.00   10.30 ^ _441_/CLK (sky130_fd_sc_hd__dfrtp_1)
                         -0.25   10.05   clock uncertainty
                          0.00   10.05   clock reconvergence pessimism
                         -0.10    9.94   library setup time
                                  9.94   data required time
-----------------------------------------------------------------------------
                                  9.94   data required time
                                 -3.25   data arrival time
-----------------------------------------------------------------------------
                                  6.69   slack (MET)


Startpoint: start (input port clocked by clk)
Endpoint: _438_ (rising edge-triggered flip-flop clocked by clk)
Path Group: clk
Path Type: max

Fanout     Cap    Slew   Delay    Time   Description
-----------------------------------------------------------------------------
                          0.00    0.00   clock clk (rise edge)
                          0.00    0.00   clock network delay (propagated)
                          2.00    2.00 v input external delay
                  0.01    0.01    2.01 v start (in)
     1    0.00                           start (net)
                  0.01    0.00    2.01 v input3/A (sky130_fd_sc_hd__buf_1)
                  0.06    0.11    2.11 v input3/X (sky130_fd_sc_hd__buf_1)
     2    0.01                           net3 (net)
                  0.06    0.00    2.11 v _204_/B (sky130_fd_sc_hd__or2_2)
                  0.08    0.33    2.44 v _204_/X (sky130_fd_sc_hd__or2_2)
     6    0.01                           _096_ (net)
                  0.08    0.00    2.44 v _222_/A (sky130_fd_sc_hd__and3_1)
                  0.04    0.17    2.61 v _222_/X (sky130_fd_sc_hd__and3_1)
     1    0.00                           _113_ (net)
                  0.04    0.00    2.61 v _223_/A (sky130_fd_sc_hd__clkbuf_4)
                  0.10    0.20    2.82 v _223_/X (sky130_fd_sc_hd__clkbuf_4)
    10    0.04                           _114_ (net)
                  0.10    0.00    2.82 v _264_/S (sky130_fd_sc_hd__mux2_1)
                  0.05    0.34    3.15 v _264_/X (sky130_fd_sc_hd__mux2_1)
     1    0.00                           _139_ (net)
                  0.05    0.00    3.15 v _265_/A (sky130_fd_sc_hd__clkbuf_1)
                  0.02    0.09    3.25 v _265_/X (sky130_fd_sc_hd__clkbuf_1)
     1    0.00                           _078_ (net)
                  0.02    0.00    3.25 v _438_/D (sky130_fd_sc_hd__dfrtp_1)
                                  3.25   data arrival time

                         10.00   10.00   clock clk (rise edge)
                          0.00   10.00   clock source latency
                  0.04    0.03   10.03 ^ clk (in)
     1    0.01                           clk (net)
                  0.04    0.00   10.03 ^ clkbuf_0_clk/A (sky130_fd_sc_hd__clkbuf_16)
                  0.06    0.13   10.16 ^ clkbuf_0_clk/X (sky130_fd_sc_hd__clkbuf_16)
     4    0.04                           clknet_0_clk (net)
                  0.06    0.00   10.16 ^ clkbuf_2_3__f_clk/A (sky130_fd_sc_hd__clkbuf_16)
                  0.06    0.14   10.30 ^ clkbuf_2_3__f_clk/X (sky130_fd_sc_hd__clkbuf_16)
    12    0.04                           clknet_2_3__leaf_clk (net)
                  0.06    0.00   10.30 ^ _438_/CLK (sky130_fd_sc_hd__dfrtp_1)
                         -0.25   10.05   clock uncertainty
                          0.00   10.05   clock reconvergence pessimism
                         -0.10    9.94   library setup time
                                  9.94   data required time
-----------------------------------------------------------------------------
                                  9.94   data required time
                                 -3.25   data arrival time
-----------------------------------------------------------------------------
                                  6.70   slack (MET)


Startpoint: _424_ (rising edge-triggered flip-flop clocked by clk)
Endpoint: busy (output port clocked by clk)
Path Group: clk
Path Type: max

Fanout     Cap    Slew   Delay    Time   Description
-----------------------------------------------------------------------------
                          0.00    0.00   clock clk (rise edge)
                          0.00    0.00   clock source latency
                  0.04    0.03    0.03 ^ clk (in)
     1    0.01                           clk (net)
                  0.04    0.00    0.03 ^ clkbuf_0_clk/A (sky130_fd_sc_hd__clkbuf_16)
                  0.06    0.15    0.17 ^ clkbuf_0_clk/X (sky130_fd_sc_hd__clkbuf_16)
     4    0.04                           clknet_0_clk (net)
                  0.06    0.00    0.18 ^ clkbuf_2_3__f_clk/A (sky130_fd_sc_hd__clkbuf_16)
                  0.06    0.15    0.33 ^ clkbuf_2_3__f_clk/X (sky130_fd_sc_hd__clkbuf_16)
    12    0.04                           clknet_2_3__leaf_clk (net)
                  0.06    0.00    0.33 ^ _424_/CLK (sky130_fd_sc_hd__dfrtp_2)
                  0.06    0.43    0.76 v _424_/Q (sky130_fd_sc_hd__dfrtp_2)
     4    0.01                           net12 (net)
                  0.06    0.00    0.76 v output12/A (sky130_fd_sc_hd__buf_2)
                  0.09    0.19    0.95 v output12/X (sky130_fd_sc_hd__buf_2)
     1    0.03                           busy (net)
                  0.09    0.00    0.95 v busy (out)
                                  0.95   data arrival time

                         10.00   10.00   clock clk (rise edge)
                          0.00   10.00   clock network delay (propagated)
                         -0.25    9.75   clock uncertainty
                          0.00    9.75   clock reconvergence pessimism
                         -2.00    7.75   output external delay
                                  7.75   data required time
-----------------------------------------------------------------------------
                                  7.75   data required time
                                 -0.95   data arrival time
-----------------------------------------------------------------------------
                                  6.80   slack (MET)


Startpoint: _435_ (rising edge-triggered flip-flop clocked by clk)
Endpoint: sclk (output port clocked by clk)
Path Group: clk
Path Type: max

Fanout     Cap    Slew   Delay    Time   Description
-----------------------------------------------------------------------------
                          0.00    0.00   clock clk (rise edge)
                          0.00    0.00   clock source latency
                  0.04    0.03    0.03 ^ clk (in)
     1    0.01                           clk (net)
                  0.04    0.00    0.03 ^ clkbuf_0_clk/A (sky130_fd_sc_hd__clkbuf_16)
                  0.06    0.15    0.17 ^ clkbuf_0_clk/X (sky130_fd_sc_hd__clkbuf_16)
     4    0.04                           clknet_0_clk (net)
                  0.06    0.00    0.18 ^ clkbuf_2_0__f_clk/A (sky130_fd_sc_hd__clkbuf_16)
                  0.05    0.14    0.32 ^ clkbuf_2_0__f_clk/X (sky130_fd_sc_hd__clkbuf_16)
    14    0.03                           clknet_2_0__leaf_clk (net)
                  0.05    0.00    0.32 ^ _435_/CLK (sky130_fd_sc_hd__dfrtp_2)
                  0.06    0.43    0.75 v _435_/Q (sky130_fd_sc_hd__dfrtp_2)
     4    0.01                           net24 (net)
                  0.06    0.00    0.75 v output24/A (sky130_fd_sc_hd__buf_2)
                  0.09    0.20    0.95 v output24/X (sky130_fd_sc_hd__buf_2)
     1    0.03                           sclk (net)
                  0.09    0.00    0.95 v sclk (out)
                                  0.95   data arrival time

                         10.00   10.00   clock clk (rise edge)
                          0.00   10.00   clock network delay (propagated)
                         -0.25    9.75   clock uncertainty
                          0.00    9.75   clock reconvergence pessimism
                         -2.00    7.75   output external delay
                                  7.75   data required time
-----------------------------------------------------------------------------
                                  7.75   data required time
                                 -0.95   data arrival time
-----------------------------------------------------------------------------
                                  6.80   slack (MET)


Startpoint: _431_ (rising edge-triggered flip-flop clocked by clk)
Endpoint: rx_data[5] (output port clocked by clk)
Path Group: clk
Path Type: max

Fanout     Cap    Slew   Delay    Time   Description
-----------------------------------------------------------------------------
                          0.00    0.00   clock clk (rise edge)
                          0.00    0.00   clock source latency
                  0.04    0.03    0.03 ^ clk (in)
     1    0.01                           clk (net)
                  0.04    0.00    0.03 ^ clkbuf_0_clk/A (sky130_fd_sc_hd__clkbuf_16)
                  0.06    0.15    0.17 ^ clkbuf_0_clk/X (sky130_fd_sc_hd__clkbuf_16)
     4    0.04                           clknet_0_clk (net)
                  0.06    0.00    0.18 ^ clkbuf_2_0__f_clk/A (sky130_fd_sc_hd__clkbuf_16)
                  0.05    0.14    0.32 ^ clkbuf_2_0__f_clk/X (sky130_fd_sc_hd__clkbuf_16)
    14    0.03                           clknet_2_0__leaf_clk (net)
                  0.05    0.00    0.32 ^ _431_/CLK (sky130_fd_sc_hd__dfrtp_1)
                  0.06    0.40    0.72 v _431_/Q (sky130_fd_sc_hd__dfrtp_1)
     2    0.01                           net21 (net)
                  0.06    0.00    0.72 v output21/A (sky130_fd_sc_hd__clkbuf_4)
                  0.09    0.20    0.92 v output21/X (sky130_fd_sc_hd__clkbuf_4)
     1    0.04                           rx_data[5] (net)
                  0.09    0.00    0.92 v rx_data[5] (out)
                                  0.92   data arrival time

                         10.00   10.00   clock clk (rise edge)
                          0.00   10.00   clock network delay (propagated)
                         -0.25    9.75   clock uncertainty
                          0.00    9.75   clock reconvergence pessimism
                         -2.00    7.75   output external delay
                                  7.75   data required time
-----------------------------------------------------------------------------
                                  7.75   data required time
                                 -0.92   data arrival time
-----------------------------------------------------------------------------
                                  6.83   slack (MET)


Startpoint: _428_ (rising edge-triggered flip-flop clocked by clk)
Endpoint: rx_data[2] (output port clocked by clk)
Path Group: clk
Path Type: max

Fanout     Cap    Slew   Delay    Time   Description
-----------------------------------------------------------------------------
                          0.00    0.00   clock clk (rise edge)
                          0.00    0.00   clock source latency
                  0.04    0.03    0.03 ^ clk (in)
     1    0.01                           clk (net)
                  0.04    0.00    0.03 ^ clkbuf_0_clk/A (sky130_fd_sc_hd__clkbuf_16)
                  0.06    0.15    0.17 ^ clkbuf_0_clk/X (sky130_fd_sc_hd__clkbuf_16)
     4    0.04                           clknet_0_clk (net)
                  0.06    0.00    0.18 ^ clkbuf_2_0__f_clk/A (sky130_fd_sc_hd__clkbuf_16)
                  0.05    0.14    0.32 ^ clkbuf_2_0__f_clk/X (sky130_fd_sc_hd__clkbuf_16)
    14    0.03                           clknet_2_0__leaf_clk (net)
                  0.05    0.00    0.32 ^ _428_/CLK (sky130_fd_sc_hd__dfrtp_1)
                  0.06    0.40    0.72 v _428_/Q (sky130_fd_sc_hd__dfrtp_1)
     2    0.01                           net18 (net)
                  0.06    0.00    0.72 v output18/A (sky130_fd_sc_hd__clkbuf_4)
                  0.08    0.20    0.92 v output18/X (sky130_fd_sc_hd__clkbuf_4)
     1    0.03                           rx_data[2] (net)
                  0.08    0.00    0.92 v rx_data[2] (out)
                                  0.92   data arrival time

                         10.00   10.00   clock clk (rise edge)
                          0.00   10.00   clock network delay (propagated)
                         -0.25    9.75   clock uncertainty
                          0.00    9.75   clock reconvergence pessimism
                         -2.00    7.75   output external delay
                                  7.75   data required time
-----------------------------------------------------------------------------
                                  7.75   data required time
                                 -0.92   data arrival time
-----------------------------------------------------------------------------
                                  6.83   slack (MET)


Startpoint: _433_ (rising edge-triggered flip-flop clocked by clk)
Endpoint: rx_data[7] (output port clocked by clk)
Path Group: clk
Path Type: max

Fanout     Cap    Slew   Delay    Time   Description
-----------------------------------------------------------------------------
                          0.00    0.00   clock clk (rise edge)
                          0.00    0.00   clock source latency
                  0.04    0.03    0.03 ^ clk (in)
     1    0.01                           clk (net)
                  0.04    0.00    0.03 ^ clkbuf_0_clk/A (sky130_fd_sc_hd__clkbuf_16)
                  0.06    0.15    0.17 ^ clkbuf_0_clk/X (sky130_fd_sc_hd__clkbuf_16)
     4    0.04                           clknet_0_clk (net)
                  0.06    0.00    0.18 ^ clkbuf_2_1__f_clk/A (sky130_fd_sc_hd__clkbuf_16)
                  0.06    0.15    0.33 ^ clkbuf_2_1__f_clk/X (sky130_fd_sc_hd__clkbuf_16)
    12    0.03                           clknet_2_1__leaf_clk (net)
                  0.06    0.00    0.33 ^ _433_/CLK (sky130_fd_sc_hd__dfrtp_1)
                  0.05    0.40    0.72 v _433_/Q (sky130_fd_sc_hd__dfrtp_1)
     2    0.01                           net23 (net)
                  0.05    0.00    0.72 v output23/A (sky130_fd_sc_hd__clkbuf_4)
                  0.08    0.20    0.92 v output23/X (sky130_fd_sc_hd__clkbuf_4)
     1    0.03                           rx_data[7] (net)
                  0.08    0.00    0.92 v rx_data[7] (out)
                                  0.92   data arrival time

                         10.00   10.00   clock clk (rise edge)
                          0.00   10.00   clock network delay (propagated)
                         -0.25    9.75   clock uncertainty
                          0.00    9.75   clock reconvergence pessimism
                         -2.00    7.75   output external delay
                                  7.75   data required time
-----------------------------------------------------------------------------
                                  7.75   data required time
                                 -0.92   data arrival time
-----------------------------------------------------------------------------
                                  6.83   slack (MET)


Startpoint: _429_ (rising edge-triggered flip-flop clocked by clk)
Endpoint: rx_data[3] (output port clocked by clk)
Path Group: clk
Path Type: max

Fanout     Cap    Slew   Delay    Time   Description
-----------------------------------------------------------------------------
                          0.00    0.00   clock clk (rise edge)
                          0.00    0.00   clock source latency
                  0.04    0.03    0.03 ^ clk (in)
     1    0.01                           clk (net)
                  0.04    0.00    0.03 ^ clkbuf_0_clk/A (sky130_fd_sc_hd__clkbuf_16)
                  0.06    0.15    0.17 ^ clkbuf_0_clk/X (sky130_fd_sc_hd__clkbuf_16)
     4    0.04                           clknet_0_clk (net)
                  0.06    0.00    0.18 ^ clkbuf_2_0__f_clk/A (sky130_fd_sc_hd__clkbuf_16)
                  0.05    0.14    0.32 ^ clkbuf_2_0__f_clk/X (sky130_fd_sc_hd__clkbuf_16)
    14    0.03                           clknet_2_0__leaf_clk (net)
                  0.05    0.00    0.32 ^ _429_/CLK (sky130_fd_sc_hd__dfrtp_1)
                  0.06    0.39    0.71 v _429_/Q (sky130_fd_sc_hd__dfrtp_1)
     2    0.01                           net19 (net)
                  0.06    0.00    0.71 v output19/A (sky130_fd_sc_hd__clkbuf_4)
                  0.08    0.20    0.91 v output19/X (sky130_fd_sc_hd__clkbuf_4)
     1    0.03                           rx_data[3] (net)
                  0.08    0.00    0.91 v rx_data[3] (out)
                                  0.91   data arrival time

                         10.00   10.00   clock clk (rise edge)
                          0.00   10.00   clock network delay (propagated)
                         -0.25    9.75   clock uncertainty
                          0.00    9.75   clock reconvergence pessimism
                         -2.00    7.75   output external delay
                                  7.75   data required time
-----------------------------------------------------------------------------
                                  7.75   data required time
                                 -0.91   data arrival time
-----------------------------------------------------------------------------
                                  6.84   slack (MET)


Startpoint: _432_ (rising edge-triggered flip-flop clocked by clk)
Endpoint: rx_data[6] (output port clocked by clk)
Path Group: clk
Path Type: max

Fanout     Cap    Slew   Delay    Time   Description
-----------------------------------------------------------------------------
                          0.00    0.00   clock clk (rise edge)
                          0.00    0.00   clock source latency
                  0.04    0.03    0.03 ^ clk (in)
     1    0.01                           clk (net)
                  0.04    0.00    0.03 ^ clkbuf_0_clk/A (sky130_fd_sc_hd__clkbuf_16)
                  0.06    0.15    0.17 ^ clkbuf_0_clk/X (sky130_fd_sc_hd__clkbuf_16)
     4    0.04                           clknet_0_clk (net)
                  0.06    0.00    0.18 ^ clkbuf_2_0__f_clk/A (sky130_fd_sc_hd__clkbuf_16)
                  0.05    0.14    0.32 ^ clkbuf_2_0__f_clk/X (sky130_fd_sc_hd__clkbuf_16)
    14    0.03                           clknet_2_0__leaf_clk (net)
                  0.05    0.00    0.32 ^ _432_/CLK (sky130_fd_sc_hd__dfrtp_1)
                  0.06    0.39    0.71 v _432_/Q (sky130_fd_sc_hd__dfrtp_1)
     2    0.01                           net22 (net)
                  0.06    0.00    0.71 v output22/A (sky130_fd_sc_hd__clkbuf_4)
                  0.08    0.20    0.91 v output22/X (sky130_fd_sc_hd__clkbuf_4)
     1    0.03                           rx_data[6] (net)
                  0.08    0.00    0.91 v rx_data[6] (out)
                                  0.91   data arrival time

                         10.00   10.00   clock clk (rise edge)
                          0.00   10.00   clock network delay (propagated)
                         -0.25    9.75   clock uncertainty
                          0.00    9.75   clock reconvergence pessimism
                         -2.00    7.75   output external delay
                                  7.75   data required time
-----------------------------------------------------------------------------
                                  7.75   data required time
                                 -0.91   data arrival time
-----------------------------------------------------------------------------
                                  6.84   slack (MET)


Startpoint: _427_ (rising edge-triggered flip-flop clocked by clk)
Endpoint: rx_data[1] (output port clocked by clk)
Path Group: clk
Path Type: max

Fanout     Cap    Slew   Delay    Time   Description
-----------------------------------------------------------------------------
                          0.00    0.00   clock clk (rise edge)
                          0.00    0.00   clock source latency
                  0.04    0.03    0.03 ^ clk (in)
     1    0.01                           clk (net)
                  0.04    0.00    0.03 ^ clkbuf_0_clk/A (sky130_fd_sc_hd__clkbuf_16)
                  0.06    0.15    0.17 ^ clkbuf_0_clk/X (sky130_fd_sc_hd__clkbuf_16)
     4    0.04                           clknet_0_clk (net)
                  0.06    0.00    0.18 ^ clkbuf_2_1__f_clk/A (sky130_fd_sc_hd__clkbuf_16)
                  0.06    0.15    0.33 ^ clkbuf_2_1__f_clk/X (sky130_fd_sc_hd__clkbuf_16)
    12    0.03                           clknet_2_1__leaf_clk (net)
                  0.06    0.00    0.33 ^ _427_/CLK (sky130_fd_sc_hd__dfrtp_1)
                  0.05    0.38    0.71 v _427_/Q (sky130_fd_sc_hd__dfrtp_1)
     2    0.00                           net17 (net)
                  0.05    0.00    0.71 v output17/A (sky130_fd_sc_hd__clkbuf_4)
                  0.09    0.20    0.91 v output17/X (sky130_fd_sc_hd__clkbuf_4)
     1    0.04                           rx_data[1] (net)
                  0.09    0.00    0.91 v rx_data[1] (out)
                                  0.91   data arrival time

                         10.00   10.00   clock clk (rise edge)
                          0.00   10.00   clock network delay (propagated)
                         -0.25    9.75   clock uncertainty
                          0.00    9.75   clock reconvergence pessimism
                         -2.00    7.75   output external delay
                                  7.75   data required time
-----------------------------------------------------------------------------
                                  7.75   data required time
                                 -0.91   data arrival time
-----------------------------------------------------------------------------
                                  6.84   slack (MET)


Startpoint: _426_ (rising edge-triggered flip-flop clocked by clk)
Endpoint: rx_data[0] (output port clocked by clk)
Path Group: clk
Path Type: max

Fanout     Cap    Slew   Delay    Time   Description
-----------------------------------------------------------------------------
                          0.00    0.00   clock clk (rise edge)
                          0.00    0.00   clock source latency
                  0.04    0.03    0.03 ^ clk (in)
     1    0.01                           clk (net)
                  0.04    0.00    0.03 ^ clkbuf_0_clk/A (sky130_fd_sc_hd__clkbuf_16)
                  0.06    0.15    0.17 ^ clkbuf_0_clk/X (sky130_fd_sc_hd__clkbuf_16)
     4    0.04                           clknet_0_clk (net)
                  0.06    0.00    0.18 ^ clkbuf_2_3__f_clk/A (sky130_fd_sc_hd__clkbuf_16)
                  0.06    0.15    0.33 ^ clkbuf_2_3__f_clk/X (sky130_fd_sc_hd__clkbuf_16)
    12    0.04                           clknet_2_3__leaf_clk (net)
                  0.06    0.00    0.33 ^ _426_/CLK (sky130_fd_sc_hd__dfrtp_1)
                  0.04    0.38    0.71 v _426_/Q (sky130_fd_sc_hd__dfrtp_1)
     2    0.00                           net16 (net)
                  0.04    0.00    0.71 v output16/A (sky130_fd_sc_hd__clkbuf_4)
                  0.09    0.20    0.90 v output16/X (sky130_fd_sc_hd__clkbuf_4)
     1    0.04                           rx_data[0] (net)
                  0.09    0.00    0.90 v rx_data[0] (out)
                                  0.90   data arrival time

                         10.00   10.00   clock clk (rise edge)
                          0.00   10.00   clock network delay (propagated)
                         -0.25    9.75   clock uncertainty
                          0.00    9.75   clock reconvergence pessimism
                         -2.00    7.75   output external delay
                                  7.75   data required time
-----------------------------------------------------------------------------
                                  7.75   data required time
                                 -0.90   data arrival time
-----------------------------------------------------------------------------
                                  6.85   slack (MET)


Startpoint: _434_ (rising edge-triggered flip-flop clocked by clk)
Endpoint: mosi (output port clocked by clk)
Path Group: clk
Path Type: max

Fanout     Cap    Slew   Delay    Time   Description
-----------------------------------------------------------------------------
                          0.00    0.00   clock clk (rise edge)
                          0.00    0.00   clock source latency
                  0.04    0.03    0.03 ^ clk (in)
     1    0.01                           clk (net)
                  0.04    0.00    0.03 ^ clkbuf_0_clk/A (sky130_fd_sc_hd__clkbuf_16)
                  0.06    0.15    0.17 ^ clkbuf_0_clk/X (sky130_fd_sc_hd__clkbuf_16)
     4    0.04                           clknet_0_clk (net)
                  0.06    0.00    0.18 ^ clkbuf_2_1__f_clk/A (sky130_fd_sc_hd__clkbuf_16)
                  0.06    0.15    0.33 ^ clkbuf_2_1__f_clk/X (sky130_fd_sc_hd__clkbuf_16)
    12    0.03                           clknet_2_1__leaf_clk (net)
                  0.06    0.00    0.33 ^ _434_/CLK (sky130_fd_sc_hd__dfrtp_1)
                  0.05    0.38    0.71 v _434_/Q (sky130_fd_sc_hd__dfrtp_1)
     2    0.00                           net15 (net)
                  0.05    0.00    0.71 v output15/A (sky130_fd_sc_hd__clkbuf_4)
                  0.08    0.19    0.90 v output15/X (sky130_fd_sc_hd__clkbuf_4)
     1    0.03                           mosi (net)
                  0.08    0.00    0.90 v mosi (out)
                                  0.90   data arrival time

                         10.00   10.00   clock clk (rise edge)
                          0.00   10.00   clock network delay (propagated)
                         -0.25    9.75   clock uncertainty
                          0.00    9.75   clock reconvergence pessimism
                         -2.00    7.75   output external delay
                                  7.75   data required time
-----------------------------------------------------------------------------
                                  7.75   data required time
                                 -0.90   data arrival time
-----------------------------------------------------------------------------
                                  6.85   slack (MET)


Startpoint: _430_ (rising edge-triggered flip-flop clocked by clk)
Endpoint: rx_data[4] (output port clocked by clk)
Path Group: clk
Path Type: max

Fanout     Cap    Slew   Delay    Time   Description
-----------------------------------------------------------------------------
                          0.00    0.00   clock clk (rise edge)
                          0.00    0.00   clock source latency
                  0.04    0.03    0.03 ^ clk (in)
     1    0.01                           clk (net)
                  0.04    0.00    0.03 ^ clkbuf_0_clk/A (sky130_fd_sc_hd__clkbuf_16)
                  0.06    0.15    0.17 ^ clkbuf_0_clk/X (sky130_fd_sc_hd__clkbuf_16)
     4    0.04                           clknet_0_clk (net)
                  0.06    0.00    0.18 ^ clkbuf_2_0__f_clk/A (sky130_fd_sc_hd__clkbuf_16)
                  0.05    0.14    0.32 ^ clkbuf_2_0__f_clk/X (sky130_fd_sc_hd__clkbuf_16)
    14    0.03                           clknet_2_0__leaf_clk (net)
                  0.05    0.00    0.32 ^ _430_/CLK (sky130_fd_sc_hd__dfrtp_1)
                  0.05    0.38    0.70 v _430_/Q (sky130_fd_sc_hd__dfrtp_1)
     2    0.00                           net20 (net)
                  0.05    0.00    0.70 v output20/A (sky130_fd_sc_hd__clkbuf_4)
                  0.08    0.19    0.89 v output20/X (sky130_fd_sc_hd__clkbuf_4)
     1    0.03                           rx_data[4] (net)
                  0.08    0.00    0.89 v rx_data[4] (out)
                                  0.89   data arrival time

                         10.00   10.00   clock clk (rise edge)
                          0.00   10.00   clock network delay (propagated)
                         -0.25    9.75   clock uncertainty
                          0.00    9.75   clock reconvergence pessimism
                         -2.00    7.75   output external delay
                                  7.75   data required time
-----------------------------------------------------------------------------
                                  7.75   data required time
                                 -0.89   data arrival time
-----------------------------------------------------------------------------
                                  6.86   slack (MET)


Startpoint: _425_ (rising edge-triggered flip-flop clocked by clk)
Endpoint: done (output port clocked by clk)
Path Group: clk
Path Type: max

Fanout     Cap    Slew   Delay    Time   Description
-----------------------------------------------------------------------------
                          0.00    0.00   clock clk (rise edge)
                          0.00    0.00   clock source latency
                  0.04    0.03    0.03 ^ clk (in)
     1    0.01                           clk (net)
                  0.04    0.00    0.03 ^ clkbuf_0_clk/A (sky130_fd_sc_hd__clkbuf_16)
                  0.06    0.15    0.17 ^ clkbuf_0_clk/X (sky130_fd_sc_hd__clkbuf_16)
     4    0.04                           clknet_0_clk (net)
                  0.06    0.00    0.18 ^ clkbuf_2_2__f_clk/A (sky130_fd_sc_hd__clkbuf_16)
                  0.04    0.14    0.31 ^ clkbuf_2_2__f_clk/X (sky130_fd_sc_hd__clkbuf_16)
    10    0.02                           clknet_2_2__leaf_clk (net)
                  0.04    0.00    0.31 ^ _425_/CLK (sky130_fd_sc_hd__dfrtp_1)
                  0.04    0.36    0.67 v _425_/Q (sky130_fd_sc_hd__dfrtp_1)
     1    0.00                           net14 (net)
                  0.04    0.00    0.67 v output14/A (sky130_fd_sc_hd__clkbuf_4)
                  0.08    0.19    0.86 v output14/X (sky130_fd_sc_hd__clkbuf_4)
     1    0.03                           done (net)
                  0.08    0.00    0.86 v done (out)
                                  0.86   data arrival time

                         10.00   10.00   clock clk (rise edge)
                          0.00   10.00   clock network delay (propagated)
                         -0.25    9.75   clock uncertainty
                          0.00    9.75   clock reconvergence pessimism
                         -2.00    7.75   output external delay
                                  7.75   data required time
-----------------------------------------------------------------------------
                                  7.75   data required time
                                 -0.86   data arrival time
-----------------------------------------------------------------------------
                                  6.89   slack (MET)


Startpoint: start (input port clocked by clk)
Endpoint: _454_ (rising edge-triggered flip-flop clocked by clk)
Path Group: clk
Path Type: max

Fanout     Cap    Slew   Delay    Time   Description
-----------------------------------------------------------------------------
                          0.00    0.00   clock clk (rise edge)
                          0.00    0.00   clock network delay (propagated)
                          2.00    2.00 v input external delay
                  0.01    0.01    2.01 v start (in)
     1    0.00                           start (net)
                  0.01    0.00    2.01 v input3/A (sky130_fd_sc_hd__buf_1)
                  0.06    0.11    2.11 v input3/X (sky130_fd_sc_hd__buf_1)
     2    0.01                           net3 (net)
                  0.06    0.00    2.11 v _204_/B (sky130_fd_sc_hd__or2_2)
                  0.08    0.33    2.44 v _204_/X (sky130_fd_sc_hd__or2_2)
     6    0.01                           _096_ (net)
                  0.08    0.00    2.44 v _222_/A (sky130_fd_sc_hd__and3_1)
                  0.04    0.17    2.61 v _222_/X (sky130_fd_sc_hd__and3_1)
     1    0.00                           _113_ (net)
                  0.04    0.00    2.61 v _223_/A (sky130_fd_sc_hd__clkbuf_4)
                  0.10    0.20    2.82 v _223_/X (sky130_fd_sc_hd__clkbuf_4)
    10    0.04                           _114_ (net)
                  0.10    0.00    2.82 v _226_/A2_N (sky130_fd_sc_hd__a2bb2o_1)
                  0.05    0.27    3.09 ^ _226_/X (sky130_fd_sc_hd__a2bb2o_1)
     1    0.00                           _094_ (net)
                  0.05    0.00    3.09 ^ _454_/D (sky130_fd_sc_hd__dfrtp_1)
                                  3.09   data arrival time

                         10.00   10.00   clock clk (rise edge)
                          0.00   10.00   clock source latency
                  0.04    0.03   10.03 ^ clk (in)
     1    0.01                           clk (net)
                  0.04    0.00   10.03 ^ clkbuf_0_clk/A (sky130_fd_sc_hd__clkbuf_16)
                  0.06    0.13   10.16 ^ clkbuf_0_clk/X (sky130_fd_sc_hd__clkbuf_16)
     4    0.04                           clknet_0_clk (net)
                  0.06    0.00   10.16 ^ clkbuf_2_1__f_clk/A (sky130_fd_sc_hd__clkbuf_16)
                  0.06    0.14   10.29 ^ clkbuf_2_1__f_clk/X (sky130_fd_sc_hd__clkbuf_16)
    12    0.03                           clknet_2_1__leaf_clk (net)
                  0.06    0.00   10.30 ^ _454_/CLK (sky130_fd_sc_hd__dfrtp_1)
                         -0.25   10.05   clock uncertainty
                          0.00   10.05   clock reconvergence pessimism
                         -0.06    9.99   library setup time
                                  9.99   data required time
-----------------------------------------------------------------------------
                                  9.99   data required time
                                 -3.09   data arrival time
-----------------------------------------------------------------------------
                                  6.90   slack (MET)


Startpoint: start (input port clocked by clk)
Endpoint: _434_ (rising edge-triggered flip-flop clocked by clk)
Path Group: clk
Path Type: max

Fanout     Cap    Slew   Delay    Time   Description
-----------------------------------------------------------------------------
                          0.00    0.00   clock clk (rise edge)
                          0.00    0.00   clock network delay (propagated)
                          2.00    2.00 v input external delay
                  0.01    0.01    2.01 v start (in)
     1    0.00                           start (net)
                  0.01    0.00    2.01 v input3/A (sky130_fd_sc_hd__buf_1)
                  0.06    0.11    2.11 v input3/X (sky130_fd_sc_hd__buf_1)
     2    0.01                           net3 (net)
                  0.06    0.00    2.11 v _204_/B (sky130_fd_sc_hd__or2_2)
                  0.08    0.33    2.44 v _204_/X (sky130_fd_sc_hd__or2_2)
     6    0.01                           _096_ (net)
                  0.08    0.00    2.44 v _212_/A (sky130_fd_sc_hd__nand2_1)
                  0.09    0.11    2.55 ^ _212_/Y (sky130_fd_sc_hd__nand2_1)
     2    0.01                           _104_ (net)
                  0.09    0.00    2.55 ^ _277_/S (sky130_fd_sc_hd__mux2_1)
                  0.06    0.34    2.89 v _277_/X (sky130_fd_sc_hd__mux2_1)
     1    0.00                           _147_ (net)
                  0.06    0.00    2.89 v _278_/A (sky130_fd_sc_hd__clkbuf_1)
                  0.03    0.10    2.99 v _278_/X (sky130_fd_sc_hd__clkbuf_1)
     1    0.00                           _074_ (net)
                  0.03    0.00    2.99 v _434_/D (sky130_fd_sc_hd__dfrtp_1)
                                  2.99   data arrival time

                         10.00   10.00   clock clk (rise edge)
                          0.00   10.00   clock source latency
                  0.04    0.03   10.03 ^ clk (in)
     1    0.01                           clk (net)
                  0.04    0.00   10.03 ^ clkbuf_0_clk/A (sky130_fd_sc_hd__clkbuf_16)
                  0.06    0.13   10.16 ^ clkbuf_0_clk/X (sky130_fd_sc_hd__clkbuf_16)
     4    0.04                           clknet_0_clk (net)
                  0.06    0.00   10.16 ^ clkbuf_2_1__f_clk/A (sky130_fd_sc_hd__clkbuf_16)
                  0.06    0.14   10.29 ^ clkbuf_2_1__f_clk/X (sky130_fd_sc_hd__clkbuf_16)
    12    0.03                           clknet_2_1__leaf_clk (net)
                  0.06    0.00   10.30 ^ _434_/CLK (sky130_fd_sc_hd__dfrtp_1)
                         -0.25   10.05   clock uncertainty
                          0.00   10.05   clock reconvergence pessimism
                         -0.10    9.94   library setup time
                                  9.94   data required time
-----------------------------------------------------------------------------
                                  9.94   data required time
                                 -2.99   data arrival time
-----------------------------------------------------------------------------
                                  6.96   slack (MET)


Startpoint: start (input port clocked by clk)
Endpoint: _415_ (rising edge-triggered flip-flop clocked by clk)
Path Group: clk
Path Type: max

Fanout     Cap    Slew   Delay    Time   Description
-----------------------------------------------------------------------------
                          0.00    0.00   clock clk (rise edge)
                          0.00    0.00   clock network delay (propagated)
                          2.00    2.00 ^ input external delay
                  0.02    0.01    2.01 ^ start (in)
     1    0.00                           start (net)
                  0.02    0.00    2.01 ^ input3/A (sky130_fd_sc_hd__buf_1)
                  0.14    0.14    2.16 ^ input3/X (sky130_fd_sc_hd__buf_1)
     2    0.01                           net3 (net)
                  0.14    0.00    2.16 ^ _204_/B (sky130_fd_sc_hd__or2_2)
                  0.08    0.17    2.33 ^ _204_/X (sky130_fd_sc_hd__or2_2)
     6    0.01                           _096_ (net)
                  0.08    0.00    2.33 ^ _331_/A (sky130_fd_sc_hd__nand2_1)
                  0.06    0.08    2.41 v _331_/Y (sky130_fd_sc_hd__nand2_1)
     2    0.01                           _184_ (net)
                  0.06    0.00    2.41 v _332_/A1 (sky130_fd_sc_hd__mux2_1)
                  0.06    0.31    2.71 v _332_/X (sky130_fd_sc_hd__mux2_1)
     1    0.00                           _185_ (net)
                  0.06    0.00    2.71 v _333_/A (sky130_fd_sc_hd__clkbuf_1)
                  0.03    0.10    2.81 v _333_/X (sky130_fd_sc_hd__clkbuf_1)
     1    0.00                           _057_ (net)
                  0.03    0.00    2.81 v _415_/D (sky130_fd_sc_hd__dfrtp_1)
                                  2.81   data arrival time

                         10.00   10.00   clock clk (rise edge)
                          0.00   10.00   clock source latency
                  0.04    0.03   10.03 ^ clk (in)
     1    0.01                           clk (net)
                  0.04    0.00   10.03 ^ clkbuf_0_clk/A (sky130_fd_sc_hd__clkbuf_16)
                  0.06    0.13   10.16 ^ clkbuf_0_clk/X (sky130_fd_sc_hd__clkbuf_16)
     4    0.04                           clknet_0_clk (net)
                  0.06    0.00   10.16 ^ clkbuf_2_2__f_clk/A (sky130_fd_sc_hd__clkbuf_16)
                  0.04    0.12   10.28 ^ clkbuf_2_2__f_clk/X (sky130_fd_sc_hd__clkbuf_16)
    10    0.02                           clknet_2_2__leaf_clk (net)
                  0.04    0.00   10.28 ^ _415_/CLK (sky130_fd_sc_hd__dfrtp_1)
                         -0.25   10.03   clock uncertainty
                          0.00   10.03   clock reconvergence pessimism
                         -0.11    9.92   library setup time
                                  9.92   data required time
-----------------------------------------------------------------------------
                                  9.92   data required time
                                 -2.81   data arrival time
-----------------------------------------------------------------------------
                                  7.11   slack (MET)


Startpoint: start (input port clocked by clk)
Endpoint: _413_ (rising edge-triggered flip-flop clocked by clk)
Path Group: clk
Path Type: max

Fanout     Cap    Slew   Delay    Time   Description
-----------------------------------------------------------------------------
                          0.00    0.00   clock clk (rise edge)
                          0.00    0.00   clock network delay (propagated)
                          2.00    2.00 ^ input external delay
                  0.02    0.01    2.01 ^ start (in)
     1    0.00                           start (net)
                  0.02    0.00    2.01 ^ input3/A (sky130_fd_sc_hd__buf_1)
                  0.14    0.14    2.16 ^ input3/X (sky130_fd_sc_hd__buf_1)
     2    0.01                           net3 (net)
                  0.14    0.00    2.16 ^ _237_/B (sky130_fd_sc_hd__nor2_4)
                  0.06    0.08    2.24 v _237_/Y (sky130_fd_sc_hd__nor2_4)
     9    0.03                           _125_ (net)
                  0.06    0.00    2.24 v _338_/B1 (sky130_fd_sc_hd__a21o_1)
                  0.04    0.17    2.41 v _338_/X (sky130_fd_sc_hd__a21o_1)
     2    0.01                           _189_ (net)
                  0.04    0.00    2.41 v _339_/A1 (sky130_fd_sc_hd__mux2_1)
                  0.05    0.30    2.72 v _339_/X (sky130_fd_sc_hd__mux2_1)
     1    0.00                           _190_ (net)
                  0.05    0.00    2.72 v _340_/A (sky130_fd_sc_hd__clkbuf_1)
                  0.03    0.09    2.81 v _340_/X (sky130_fd_sc_hd__clkbuf_1)
     1    0.00                           _055_ (net)
                  0.03    0.00    2.81 v _413_/D (sky130_fd_sc_hd__dfrtp_1)
                                  2.81   data arrival time

                         10.00   10.00   clock clk (rise edge)
                          0.00   10.00   clock source latency
                  0.04    0.03   10.03 ^ clk (in)
     1    0.01                           clk (net)
                  0.04    0.00   10.03 ^ clkbuf_0_clk/A (sky130_fd_sc_hd__clkbuf_16)
                  0.06    0.13   10.16 ^ clkbuf_0_clk/X (sky130_fd_sc_hd__clkbuf_16)
     4    0.04                           clknet_0_clk (net)
                  0.06    0.00   10.16 ^ clkbuf_2_2__f_clk/A (sky130_fd_sc_hd__clkbuf_16)
                  0.04    0.12   10.28 ^ clkbuf_2_2__f_clk/X (sky130_fd_sc_hd__clkbuf_16)
    10    0.02                           clknet_2_2__leaf_clk (net)
                  0.04    0.00   10.28 ^ _413_/CLK (sky130_fd_sc_hd__dfrtp_1)
                         -0.25   10.03   clock uncertainty
                          0.00   10.03   clock reconvergence pessimism
                         -0.11    9.93   library setup time
                                  9.93   data required time
-----------------------------------------------------------------------------
                                  9.93   data required time
                                 -2.81   data arrival time
-----------------------------------------------------------------------------
                                  7.12   slack (MET)


Startpoint: start (input port clocked by clk)
Endpoint: _436_ (rising edge-triggered flip-flop clocked by clk)
Path Group: clk
Path Type: max

Fanout     Cap    Slew   Delay    Time   Description
-----------------------------------------------------------------------------
                          0.00    0.00   clock clk (rise edge)
                          0.00    0.00   clock network delay (propagated)
                          2.00    2.00 v input external delay
                  0.01    0.01    2.01 v start (in)
     1    0.00                           start (net)
                  0.01    0.00    2.01 v input3/A (sky130_fd_sc_hd__buf_1)
                  0.06    0.11    2.11 v input3/X (sky130_fd_sc_hd__buf_1)
     2    0.01                           net3 (net)
                  0.06    0.00    2.11 v _204_/B (sky130_fd_sc_hd__or2_2)
                  0.08    0.33    2.44 v _204_/X (sky130_fd_sc_hd__or2_2)
     6    0.01                           _096_ (net)
                  0.08    0.00    2.44 v _270_/A (sky130_fd_sc_hd__and2_1)
                  0.03    0.16    2.60 v _270_/X (sky130_fd_sc_hd__and2_1)
     1    0.00                           _143_ (net)
                  0.03    0.00    2.60 v _271_/A (sky130_fd_sc_hd__clkbuf_1)
                  0.03    0.10    2.70 v _271_/X (sky130_fd_sc_hd__clkbuf_1)
     2    0.00                           _000_ (net)
                  0.03    0.00    2.70 v _272_/B1_N (sky130_fd_sc_hd__a21bo_1)
                  0.04    0.18    2.87 ^ _272_/X (sky130_fd_sc_hd__a21bo_1)
     1    0.00                           _076_ (net)
                  0.04    0.00    2.87 ^ _436_/D (sky130_fd_sc_hd__dfstp_1)
                                  2.87   data arrival time

                         10.00   10.00   clock clk (rise edge)
                          0.00   10.00   clock source latency
                  0.04    0.03   10.03 ^ clk (in)
     1    0.01                           clk (net)
                  0.04    0.00   10.03 ^ clkbuf_0_clk/A (sky130_fd_sc_hd__clkbuf_16)
                  0.06    0.13   10.16 ^ clkbuf_0_clk/X (sky130_fd_sc_hd__clkbuf_16)
     4    0.04                           clknet_0_clk (net)
                  0.06    0.00   10.16 ^ clkbuf_2_3__f_clk/A (sky130_fd_sc_hd__clkbuf_16)
                  0.06    0.14   10.30 ^ clkbuf_2_3__f_clk/X (sky130_fd_sc_hd__clkbuf_16)
    12    0.04                           clknet_2_3__leaf_clk (net)
                  0.06    0.00   10.30 ^ _436_/CLK (sky130_fd_sc_hd__dfstp_1)
                         -0.25   10.05   clock uncertainty
                          0.00   10.05   clock reconvergence pessimism
                         -0.05    9.99   library setup time
                                  9.99   data required time
-----------------------------------------------------------------------------
                                  9.99   data required time
                                 -2.87   data arrival time
-----------------------------------------------------------------------------
                                  7.12   slack (MET)


Startpoint: start (input port clocked by clk)
Endpoint: _419_ (rising edge-triggered flip-flop clocked by clk)
Path Group: clk
Path Type: max

Fanout     Cap    Slew   Delay    Time   Description
-----------------------------------------------------------------------------
                          0.00    0.00   clock clk (rise edge)
                          0.00    0.00   clock network delay (propagated)
                          2.00    2.00 ^ input external delay
                  0.02    0.01    2.01 ^ start (in)
     1    0.00                           start (net)
                  0.02    0.00    2.01 ^ input3/A (sky130_fd_sc_hd__buf_1)
                  0.14    0.14    2.16 ^ input3/X (sky130_fd_sc_hd__buf_1)
     2    0.01                           net3 (net)
                  0.14    0.00    2.16 ^ _237_/B (sky130_fd_sc_hd__nor2_4)
                  0.06    0.08    2.24 v _237_/Y (sky130_fd_sc_hd__nor2_4)
     9    0.03                           _125_ (net)
                  0.06    0.00    2.24 v _316_/B1 (sky130_fd_sc_hd__a21o_1)
                  0.04    0.17    2.41 v _316_/X (sky130_fd_sc_hd__a21o_1)
     2    0.00                           _173_ (net)
                  0.04    0.00    2.41 v _317_/A1 (sky130_fd_sc_hd__mux2_1)
                  0.06    0.30    2.72 v _317_/X (sky130_fd_sc_hd__mux2_1)
     1    0.00                           _174_ (net)
                  0.06    0.00    2.72 v _318_/A (sky130_fd_sc_hd__clkbuf_1)
                  0.03    0.10    2.82 v _318_/X (sky130_fd_sc_hd__clkbuf_1)
     1    0.00                           _061_ (net)
                  0.03    0.00    2.82 v _419_/D (sky130_fd_sc_hd__dfrtp_1)
                                  2.82   data arrival time

                         10.00   10.00   clock clk (rise edge)
                          0.00   10.00   clock source latency
                  0.04    0.03   10.03 ^ clk (in)
     1    0.01                           clk (net)
                  0.04    0.00   10.03 ^ clkbuf_0_clk/A (sky130_fd_sc_hd__clkbuf_16)
                  0.06    0.13   10.16 ^ clkbuf_0_clk/X (sky130_fd_sc_hd__clkbuf_16)
     4    0.04                           clknet_0_clk (net)
                  0.06    0.00   10.16 ^ clkbuf_2_3__f_clk/A (sky130_fd_sc_hd__clkbuf_16)
                  0.06    0.14   10.30 ^ clkbuf_2_3__f_clk/X (sky130_fd_sc_hd__clkbuf_16)
    12    0.04                           clknet_2_3__leaf_clk (net)
                  0.06    0.00   10.30 ^ _419_/CLK (sky130_fd_sc_hd__dfrtp_1)
                         -0.25   10.05   clock uncertainty
                          0.00   10.05   clock reconvergence pessimism
                         -0.11    9.94   library setup time
                                  9.94   data required time
-----------------------------------------------------------------------------
                                  9.94   data required time
                                 -2.82   data arrival time
-----------------------------------------------------------------------------
                                  7.13   slack (MET)


Startpoint: start (input port clocked by clk)
Endpoint: _421_ (rising edge-triggered flip-flop clocked by clk)
Path Group: clk
Path Type: max

Fanout     Cap    Slew   Delay    Time   Description
-----------------------------------------------------------------------------
                          0.00    0.00   clock clk (rise edge)
                          0.00    0.00   clock network delay (propagated)
                          2.00    2.00 ^ input external delay
                  0.02    0.01    2.01 ^ start (in)
     1    0.00                           start (net)
                  0.02    0.00    2.01 ^ input3/A (sky130_fd_sc_hd__buf_1)
                  0.14    0.14    2.16 ^ input3/X (sky130_fd_sc_hd__buf_1)
     2    0.01                           net3 (net)
                  0.14    0.00    2.16 ^ _204_/B (sky130_fd_sc_hd__or2_2)
                  0.08    0.17    2.33 ^ _204_/X (sky130_fd_sc_hd__or2_2)
     6    0.01                           _096_ (net)
                  0.08    0.00    2.33 ^ _308_/A (sky130_fd_sc_hd__nand2_1)
                  0.05    0.07    2.40 v _308_/Y (sky130_fd_sc_hd__nand2_1)
     2    0.01                           _167_ (net)
                  0.05    0.00    2.40 v _309_/A1 (sky130_fd_sc_hd__mux2_1)
                  0.05    0.30    2.70 v _309_/X (sky130_fd_sc_hd__mux2_1)
     1    0.00                           _168_ (net)
                  0.05    0.00    2.70 v _310_/A (sky130_fd_sc_hd__clkbuf_1)
                  0.03    0.10    2.80 v _310_/X (sky130_fd_sc_hd__clkbuf_1)
     1    0.00                           _063_ (net)
                  0.03    0.00    2.80 v _421_/D (sky130_fd_sc_hd__dfrtp_1)
                                  2.80   data arrival time

                         10.00   10.00   clock clk (rise edge)
                          0.00   10.00   clock source latency
                  0.04    0.03   10.03 ^ clk (in)
     1    0.01                           clk (net)
                  0.04    0.00   10.03 ^ clkbuf_0_clk/A (sky130_fd_sc_hd__clkbuf_16)
                  0.06    0.13   10.16 ^ clkbuf_0_clk/X (sky130_fd_sc_hd__clkbuf_16)
     4    0.04                           clknet_0_clk (net)
                  0.06    0.00   10.16 ^ clkbuf_2_3__f_clk/A (sky130_fd_sc_hd__clkbuf_16)
                  0.06    0.14   10.30 ^ clkbuf_2_3__f_clk/X (sky130_fd_sc_hd__clkbuf_16)
    12    0.04                           clknet_2_3__leaf_clk (net)
                  0.06    0.00   10.30 ^ _421_/CLK (sky130_fd_sc_hd__dfrtp_1)
                         -0.25   10.05   clock uncertainty
                          0.00   10.05   clock reconvergence pessimism
                         -0.10    9.94   library setup time
                                  9.94   data required time
-----------------------------------------------------------------------------
                                  9.94   data required time
                                 -2.80   data arrival time
-----------------------------------------------------------------------------
                                  7.14   slack (MET)


Startpoint: start (input port clocked by clk)
Endpoint: _448_ (rising edge-triggered flip-flop clocked by clk)
Path Group: clk
Path Type: max

Fanout     Cap    Slew   Delay    Time   Description
-----------------------------------------------------------------------------
                          0.00    0.00   clock clk (rise edge)
                          0.00    0.00   clock network delay (propagated)
                          2.00    2.00 ^ input external delay
                  0.02    0.01    2.01 ^ start (in)
     1    0.00                           start (net)
                  0.02    0.00    2.01 ^ input3/A (sky130_fd_sc_hd__buf_1)
                  0.14    0.14    2.16 ^ input3/X (sky130_fd_sc_hd__buf_1)
     2    0.01                           net3 (net)
                  0.14    0.00    2.16 ^ _237_/B (sky130_fd_sc_hd__nor2_4)
                  0.06    0.08    2.24 v _237_/Y (sky130_fd_sc_hd__nor2_4)
     9    0.03                           _125_ (net)
                  0.06    0.00    2.24 v _238_/B1 (sky130_fd_sc_hd__a21o_2)
                  0.07    0.24    2.48 v _238_/X (sky130_fd_sc_hd__a21o_2)
     8    0.02                           _126_ (net)
                  0.07    0.00    2.48 v _243_/A2 (sky130_fd_sc_hd__a22o_1)
                  0.04    0.25    2.73 v _243_/X (sky130_fd_sc_hd__a22o_1)
     1    0.00                           _088_ (net)
                  0.04    0.00    2.73 v _448_/D (sky130_fd_sc_hd__dfrtp_1)
                                  2.73   data arrival time

                         10.00   10.00   clock clk (rise edge)
                          0.00   10.00   clock source latency
                  0.04    0.03   10.03 ^ clk (in)
     1    0.01                           clk (net)
                  0.04    0.00   10.03 ^ clkbuf_0_clk/A (sky130_fd_sc_hd__clkbuf_16)
                  0.06    0.13   10.16 ^ clkbuf_0_clk/X (sky130_fd_sc_hd__clkbuf_16)
     4    0.04                           clknet_0_clk (net)
                  0.06    0.00   10.16 ^ clkbuf_2_0__f_clk/A (sky130_fd_sc_hd__clkbuf_16)
                  0.05    0.13   10.29 ^ clkbuf_2_0__f_clk/X (sky130_fd_sc_hd__clkbuf_16)
    14    0.03                           clknet_2_0__leaf_clk (net)
                  0.05    0.00   10.29 ^ _448_/CLK (sky130_fd_sc_hd__dfrtp_1)
                         -0.25   10.04   clock uncertainty
                          0.00   10.04   clock reconvergence pessimism
                         -0.11    9.93   library setup time
                                  9.93   data required time
-----------------------------------------------------------------------------
                                  9.93   data required time
                                 -2.73   data arrival time
-----------------------------------------------------------------------------
                                  7.20   slack (MET)


Startpoint: start (input port clocked by clk)
Endpoint: _446_ (rising edge-triggered flip-flop clocked by clk)
Path Group: clk
Path Type: max

Fanout     Cap    Slew   Delay    Time   Description
-----------------------------------------------------------------------------
                          0.00    0.00   clock clk (rise edge)
                          0.00    0.00   clock network delay (propagated)
                          2.00    2.00 ^ input external delay
                  0.02    0.01    2.01 ^ start (in)
     1    0.00                           start (net)
                  0.02    0.00    2.01 ^ input3/A (sky130_fd_sc_hd__buf_1)
                  0.14    0.14    2.16 ^ input3/X (sky130_fd_sc_hd__buf_1)
     2    0.01                           net3 (net)
                  0.14    0.00    2.16 ^ _237_/B (sky130_fd_sc_hd__nor2_4)
                  0.06    0.08    2.24 v _237_/Y (sky130_fd_sc_hd__nor2_4)
     9    0.03                           _125_ (net)
                  0.06    0.00    2.24 v _238_/B1 (sky130_fd_sc_hd__a21o_2)
                  0.07    0.24    2.48 v _238_/X (sky130_fd_sc_hd__a21o_2)
     8    0.02                           _126_ (net)
                  0.07    0.00    2.48 v _245_/A2 (sky130_fd_sc_hd__a22o_1)
                  0.04    0.25    2.73 v _245_/X (sky130_fd_sc_hd__a22o_1)
     1    0.00                           _086_ (net)
                  0.04    0.00    2.73 v _446_/D (sky130_fd_sc_hd__dfrtp_1)
                                  2.73   data arrival time

                         10.00   10.00   clock clk (rise edge)
                          0.00   10.00   clock source latency
                  0.04    0.03   10.03 ^ clk (in)
     1    0.01                           clk (net)
                  0.04    0.00   10.03 ^ clkbuf_0_clk/A (sky130_fd_sc_hd__clkbuf_16)
                  0.06    0.13   10.16 ^ clkbuf_0_clk/X (sky130_fd_sc_hd__clkbuf_16)
     4    0.04                           clknet_0_clk (net)
                  0.06    0.00   10.16 ^ clkbuf_2_1__f_clk/A (sky130_fd_sc_hd__clkbuf_16)
                  0.06    0.14   10.29 ^ clkbuf_2_1__f_clk/X (sky130_fd_sc_hd__clkbuf_16)
    12    0.03                           clknet_2_1__leaf_clk (net)
                  0.06    0.00   10.30 ^ _446_/CLK (sky130_fd_sc_hd__dfrtp_1)
                         -0.25   10.05   clock uncertainty
                          0.00   10.05   clock reconvergence pessimism
                         -0.11    9.93   library setup time
                                  9.93   data required time
-----------------------------------------------------------------------------
                                  9.93   data required time
                                 -2.73   data arrival time
-----------------------------------------------------------------------------
                                  7.20   slack (MET)


Startpoint: start (input port clocked by clk)
Endpoint: _445_ (rising edge-triggered flip-flop clocked by clk)
Path Group: clk
Path Type: max

Fanout     Cap    Slew   Delay    Time   Description
-----------------------------------------------------------------------------
                          0.00    0.00   clock clk (rise edge)
                          0.00    0.00   clock network delay (propagated)
                          2.00    2.00 ^ input external delay
                  0.02    0.01    2.01 ^ start (in)
     1    0.00                           start (net)
                  0.02    0.00    2.01 ^ input3/A (sky130_fd_sc_hd__buf_1)
                  0.14    0.14    2.16 ^ input3/X (sky130_fd_sc_hd__buf_1)
     2    0.01                           net3 (net)
                  0.14    0.00    2.16 ^ _237_/B (sky130_fd_sc_hd__nor2_4)
                  0.06    0.08    2.24 v _237_/Y (sky130_fd_sc_hd__nor2_4)
     9    0.03                           _125_ (net)
                  0.06    0.00    2.24 v _238_/B1 (sky130_fd_sc_hd__a21o_2)
                  0.07    0.24    2.48 v _238_/X (sky130_fd_sc_hd__a21o_2)
     8    0.02                           _126_ (net)
                  0.07    0.00    2.48 v _246_/A2 (sky130_fd_sc_hd__a22o_1)
                  0.04    0.25    2.73 v _246_/X (sky130_fd_sc_hd__a22o_1)
     1    0.00                           _085_ (net)
                  0.04    0.00    2.73 v _445_/D (sky130_fd_sc_hd__dfrtp_1)
                                  2.73   data arrival time

                         10.00   10.00   clock clk (rise edge)
                          0.00   10.00   clock source latency
                  0.04    0.03   10.03 ^ clk (in)
     1    0.01                           clk (net)
                  0.04    0.00   10.03 ^ clkbuf_0_clk/A (sky130_fd_sc_hd__clkbuf_16)
                  0.06    0.13   10.16 ^ clkbuf_0_clk/X (sky130_fd_sc_hd__clkbuf_16)
     4    0.04                           clknet_0_clk (net)
                  0.06    0.00   10.16 ^ clkbuf_2_1__f_clk/A (sky130_fd_sc_hd__clkbuf_16)
                  0.06    0.14   10.29 ^ clkbuf_2_1__f_clk/X (sky130_fd_sc_hd__clkbuf_16)
    12    0.03                           clknet_2_1__leaf_clk (net)
                  0.06    0.00   10.30 ^ _445_/CLK (sky130_fd_sc_hd__dfrtp_1)
                         -0.25   10.05   clock uncertainty
                          0.00   10.05   clock reconvergence pessimism
                         -0.11    9.93   library setup time
                                  9.93   data required time
-----------------------------------------------------------------------------
                                  9.93   data required time
                                 -2.73   data arrival time
-----------------------------------------------------------------------------
                                  7.20   slack (MET)


Startpoint: start (input port clocked by clk)
Endpoint: _444_ (rising edge-triggered flip-flop clocked by clk)
Path Group: clk
Path Type: max

Fanout     Cap    Slew   Delay    Time   Description
-----------------------------------------------------------------------------
                          0.00    0.00   clock clk (rise edge)
                          0.00    0.00   clock network delay (propagated)
                          2.00    2.00 ^ input external delay
                  0.02    0.01    2.01 ^ start (in)
     1    0.00                           start (net)
                  0.02    0.00    2.01 ^ input3/A (sky130_fd_sc_hd__buf_1)
                  0.14    0.14    2.16 ^ input3/X (sky130_fd_sc_hd__buf_1)
     2    0.01                           net3 (net)
                  0.14    0.00    2.16 ^ _237_/B (sky130_fd_sc_hd__nor2_4)
                  0.06    0.08    2.24 v _237_/Y (sky130_fd_sc_hd__nor2_4)
     9    0.03                           _125_ (net)
                  0.06    0.00    2.24 v _238_/B1 (sky130_fd_sc_hd__a21o_2)
                  0.07    0.24    2.48 v _238_/X (sky130_fd_sc_hd__a21o_2)
     8    0.02                           _126_ (net)
                  0.07    0.00    2.48 v _247_/A2 (sky130_fd_sc_hd__a22o_1)
                  0.04    0.24    2.72 v _247_/X (sky130_fd_sc_hd__a22o_1)
     1    0.00                           _084_ (net)
                  0.04    0.00    2.72 v _444_/D (sky130_fd_sc_hd__dfrtp_1)
                                  2.72   data arrival time

                         10.00   10.00   clock clk (rise edge)
                          0.00   10.00   clock source latency
                  0.04    0.03   10.03 ^ clk (in)
     1    0.01                           clk (net)
                  0.04    0.00   10.03 ^ clkbuf_0_clk/A (sky130_fd_sc_hd__clkbuf_16)
                  0.06    0.13   10.16 ^ clkbuf_0_clk/X (sky130_fd_sc_hd__clkbuf_16)
     4    0.04                           clknet_0_clk (net)
                  0.06    0.00   10.16 ^ clkbuf_2_3__f_clk/A (sky130_fd_sc_hd__clkbuf_16)
                  0.06    0.14   10.30 ^ clkbuf_2_3__f_clk/X (sky130_fd_sc_hd__clkbuf_16)
    12    0.04                           clknet_2_3__leaf_clk (net)
                  0.06    0.00   10.30 ^ _444_/CLK (sky130_fd_sc_hd__dfrtp_1)
                         -0.25   10.05   clock uncertainty
                          0.00   10.05   clock reconvergence pessimism
                         -0.11    9.94   library setup time
                                  9.94   data required time
-----------------------------------------------------------------------------
                                  9.94   data required time
                                 -2.72   data arrival time
-----------------------------------------------------------------------------
                                  7.21   slack (MET)


Startpoint: start (input port clocked by clk)
Endpoint: _417_ (rising edge-triggered flip-flop clocked by clk)
Path Group: clk
Path Type: max

Fanout     Cap    Slew   Delay    Time   Description
-----------------------------------------------------------------------------
                          0.00    0.00   clock clk (rise edge)
                          0.00    0.00   clock network delay (propagated)
                          2.00    2.00 ^ input external delay
                  0.02    0.01    2.01 ^ start (in)
     1    0.00                           start (net)
                  0.02    0.00    2.01 ^ input3/A (sky130_fd_sc_hd__buf_1)
                  0.14    0.14    2.16 ^ input3/X (sky130_fd_sc_hd__buf_1)
     2    0.01                           net3 (net)
                  0.14    0.00    2.16 ^ _237_/B (sky130_fd_sc_hd__nor2_4)
                  0.06    0.08    2.24 v _237_/Y (sky130_fd_sc_hd__nor2_4)
     9    0.03                           _125_ (net)
                  0.06    0.00    2.24 v _324_/B1 (sky130_fd_sc_hd__a21o_1)
                  0.05    0.18    2.42 v _324_/X (sky130_fd_sc_hd__a21o_1)
     2    0.01                           _179_ (net)
                  0.05    0.00    2.42 v _325_/B1 (sky130_fd_sc_hd__a2bb2o_1)
                  0.05    0.28    2.70 v _325_/X (sky130_fd_sc_hd__a2bb2o_1)
     1    0.00                           _059_ (net)
                  0.05    0.00    2.70 v _417_/D (sky130_fd_sc_hd__dfrtp_1)
                                  2.70   data arrival time

                         10.00   10.00   clock clk (rise edge)
                          0.00   10.00   clock source latency
                  0.04    0.03   10.03 ^ clk (in)
     1    0.01                           clk (net)
                  0.04    0.00   10.03 ^ clkbuf_0_clk/A (sky130_fd_sc_hd__clkbuf_16)
                  0.06    0.13   10.16 ^ clkbuf_0_clk/X (sky130_fd_sc_hd__clkbuf_16)
     4    0.04                           clknet_0_clk (net)
                  0.06    0.00   10.16 ^ clkbuf_2_2__f_clk/A (sky130_fd_sc_hd__clkbuf_16)
                  0.04    0.12   10.28 ^ clkbuf_2_2__f_clk/X (sky130_fd_sc_hd__clkbuf_16)
    10    0.02                           clknet_2_2__leaf_clk (net)
                  0.04    0.00   10.28 ^ _417_/CLK (sky130_fd_sc_hd__dfrtp_1)
                         -0.25   10.03   clock uncertainty
                          0.00   10.03   clock reconvergence pessimism
                         -0.12    9.92   library setup time
                                  9.92   data required time
-----------------------------------------------------------------------------
                                  9.92   data required time
                                 -2.70   data arrival time
-----------------------------------------------------------------------------
                                  7.22   slack (MET)


Startpoint: _420_ (rising edge-triggered flip-flop clocked by clk)
Endpoint: _431_ (rising edge-triggered flip-flop clocked by clk)
Path Group: clk
Path Type: max

Fanout     Cap    Slew   Delay    Time   Description
-----------------------------------------------------------------------------
                          0.00    0.00   clock clk (rise edge)
                          0.00    0.00   clock source latency
                  0.04    0.03    0.03 ^ clk (in)
     1    0.01                           clk (net)
                  0.04    0.00    0.03 ^ clkbuf_0_clk/A (sky130_fd_sc_hd__clkbuf_16)
                  0.06    0.15    0.17 ^ clkbuf_0_clk/X (sky130_fd_sc_hd__clkbuf_16)
     4    0.04                           clknet_0_clk (net)
                  0.06    0.00    0.18 ^ clkbuf_2_3__f_clk/A (sky130_fd_sc_hd__clkbuf_16)
                  0.06    0.15    0.33 ^ clkbuf_2_3__f_clk/X (sky130_fd_sc_hd__clkbuf_16)
    12    0.04                           clknet_2_3__leaf_clk (net)
                  0.06    0.00    0.33 ^ _420_/CLK (sky130_fd_sc_hd__dfrtp_1)
                  0.09    0.43    0.76 v _420_/Q (sky130_fd_sc_hd__dfrtp_1)
     6    0.01                           clk_count[12] (net)
                  0.09    0.00    0.76 v _205_/B (sky130_fd_sc_hd__or4_1)
                  0.09    0.55    1.31 v _205_/X (sky130_fd_sc_hd__or4_1)
     1    0.00                           _097_ (net)
                  0.09    0.00    1.31 v _209_/A (sky130_fd_sc_hd__nor4_1)
                  0.37    0.42    1.72 ^ _209_/Y (sky130_fd_sc_hd__nor4_1)
     2    0.01                           _101_ (net)
                  0.37    0.00    1.72 ^ max_cap25/A (sky130_fd_sc_hd__buf_1)
                  0.14    0.21    1.93 ^ max_cap25/X (sky130_fd_sc_hd__buf_1)
     3    0.01                           net25 (net)
                  0.14    0.00    1.93 ^ _217_/C (sky130_fd_sc_hd__nand4_1)
                  0.12    0.16    2.09 v _217_/Y (sky130_fd_sc_hd__nand4_1)
     3    0.01                           _109_ (net)
                  0.12    0.00    2.09 v _218_/A (sky130_fd_sc_hd__buf_4)
                  0.06    0.21    2.30 v _218_/X (sky130_fd_sc_hd__buf_4)
    10    0.03                           _110_ (net)
                  0.06    0.00    2.30 v _283_/S (sky130_fd_sc_hd__mux2_1)
                  0.06    0.32    2.62 v _283_/X (sky130_fd_sc_hd__mux2_1)
     1    0.00                           _150_ (net)
                  0.06    0.00    2.62 v _284_/A (sky130_fd_sc_hd__clkbuf_1)
                  0.03    0.10    2.72 v _284_/X (sky130_fd_sc_hd__clkbuf_1)
     1    0.00                           _071_ (net)
                  0.03    0.00    2.72 v _431_/D (sky130_fd_sc_hd__dfrtp_1)
                                  2.72   data arrival time

                         10.00   10.00   clock clk (rise edge)
                          0.00   10.00   clock source latency
                  0.04    0.03   10.03 ^ clk (in)
     1    0.01                           clk (net)
                  0.04    0.00   10.03 ^ clkbuf_0_clk/A (sky130_fd_sc_hd__clkbuf_16)
                  0.06    0.13   10.16 ^ clkbuf_0_clk/X (sky130_fd_sc_hd__clkbuf_16)
     4    0.04                           clknet_0_clk (net)
                  0.06    0.00   10.16 ^ clkbuf_2_0__f_clk/A (sky130_fd_sc_hd__clkbuf_16)
                  0.05    0.13   10.29 ^ clkbuf_2_0__f_clk/X (sky130_fd_sc_hd__clkbuf_16)
    14    0.03                           clknet_2_0__leaf_clk (net)
                  0.05    0.00   10.29 ^ _431_/CLK (sky130_fd_sc_hd__dfrtp_1)
                         -0.25   10.04   clock uncertainty
                          0.02   10.06   clock reconvergence pessimism
                         -0.11    9.95   library setup time
                                  9.95   data required time
-----------------------------------------------------------------------------
                                  9.95   data required time
                                 -2.72   data arrival time
-----------------------------------------------------------------------------
                                  7.23   slack (MET)


Startpoint: _420_ (rising edge-triggered flip-flop clocked by clk)
Endpoint: _428_ (rising edge-triggered flip-flop clocked by clk)
Path Group: clk
Path Type: max

Fanout     Cap    Slew   Delay    Time   Description
-----------------------------------------------------------------------------
                          0.00    0.00   clock clk (rise edge)
                          0.00    0.00   clock source latency
                  0.04    0.03    0.03 ^ clk (in)
     1    0.01                           clk (net)
                  0.04    0.00    0.03 ^ clkbuf_0_clk/A (sky130_fd_sc_hd__clkbuf_16)
                  0.06    0.15    0.17 ^ clkbuf_0_clk/X (sky130_fd_sc_hd__clkbuf_16)
     4    0.04                           clknet_0_clk (net)
                  0.06    0.00    0.18 ^ clkbuf_2_3__f_clk/A (sky130_fd_sc_hd__clkbuf_16)
                  0.06    0.15    0.33 ^ clkbuf_2_3__f_clk/X (sky130_fd_sc_hd__clkbuf_16)
    12    0.04                           clknet_2_3__leaf_clk (net)
                  0.06    0.00    0.33 ^ _420_/CLK (sky130_fd_sc_hd__dfrtp_1)
                  0.09    0.43    0.76 v _420_/Q (sky130_fd_sc_hd__dfrtp_1)
     6    0.01                           clk_count[12] (net)
                  0.09    0.00    0.76 v _205_/B (sky130_fd_sc_hd__or4_1)
                  0.09    0.55    1.31 v _205_/X (sky130_fd_sc_hd__or4_1)
     1    0.00                           _097_ (net)
                  0.09    0.00    1.31 v _209_/A (sky130_fd_sc_hd__nor4_1)
                  0.37    0.42    1.72 ^ _209_/Y (sky130_fd_sc_hd__nor4_1)
     2    0.01                           _101_ (net)
                  0.37    0.00    1.72 ^ max_cap25/A (sky130_fd_sc_hd__buf_1)
                  0.14    0.21    1.93 ^ max_cap25/X (sky130_fd_sc_hd__buf_1)
     3    0.01                           net25 (net)
                  0.14    0.00    1.93 ^ _217_/C (sky130_fd_sc_hd__nand4_1)
                  0.12    0.16    2.09 v _217_/Y (sky130_fd_sc_hd__nand4_1)
     3    0.01                           _109_ (net)
                  0.12    0.00    2.09 v _218_/A (sky130_fd_sc_hd__buf_4)
                  0.06    0.21    2.30 v _218_/X (sky130_fd_sc_hd__buf_4)
    10    0.03                           _110_ (net)
                  0.06    0.00    2.30 v _289_/S (sky130_fd_sc_hd__mux2_1)
                  0.05    0.32    2.62 v _289_/X (sky130_fd_sc_hd__mux2_1)
     1    0.00                           _153_ (net)
                  0.05    0.00    2.62 v _290_/A (sky130_fd_sc_hd__clkbuf_1)
                  0.03    0.10    2.72 v _290_/X (sky130_fd_sc_hd__clkbuf_1)
     1    0.00                           _068_ (net)
                  0.03    0.00    2.72 v _428_/D (sky130_fd_sc_hd__dfrtp_1)
                                  2.72   data arrival time

                         10.00   10.00   clock clk (rise edge)
                          0.00   10.00   clock source latency
                  0.04    0.03   10.03 ^ clk (in)
     1    0.01                           clk (net)
                  0.04    0.00   10.03 ^ clkbuf_0_clk/A (sky130_fd_sc_hd__clkbuf_16)
                  0.06    0.13   10.16 ^ clkbuf_0_clk/X (sky130_fd_sc_hd__clkbuf_16)
     4    0.04                           clknet_0_clk (net)
                  0.06    0.00   10.16 ^ clkbuf_2_0__f_clk/A (sky130_fd_sc_hd__clkbuf_16)
                  0.05    0.13   10.29 ^ clkbuf_2_0__f_clk/X (sky130_fd_sc_hd__clkbuf_16)
    14    0.03                           clknet_2_0__leaf_clk (net)
                  0.05    0.00   10.29 ^ _428_/CLK (sky130_fd_sc_hd__dfrtp_1)
                         -0.25   10.04   clock uncertainty
                          0.02   10.06   clock reconvergence pessimism
                         -0.11    9.95   library setup time
                                  9.95   data required time
-----------------------------------------------------------------------------
                                  9.95   data required time
                                 -2.72   data arrival time
-----------------------------------------------------------------------------
                                  7.23   slack (MET)


Startpoint: _420_ (rising edge-triggered flip-flop clocked by clk)
Endpoint: _432_ (rising edge-triggered flip-flop clocked by clk)
Path Group: clk
Path Type: max

Fanout     Cap    Slew   Delay    Time   Description
-----------------------------------------------------------------------------
                          0.00    0.00   clock clk (rise edge)
                          0.00    0.00   clock source latency
                  0.04    0.03    0.03 ^ clk (in)
     1    0.01                           clk (net)
                  0.04    0.00    0.03 ^ clkbuf_0_clk/A (sky130_fd_sc_hd__clkbuf_16)
                  0.06    0.15    0.17 ^ clkbuf_0_clk/X (sky130_fd_sc_hd__clkbuf_16)
     4    0.04                           clknet_0_clk (net)
                  0.06    0.00    0.18 ^ clkbuf_2_3__f_clk/A (sky130_fd_sc_hd__clkbuf_16)
                  0.06    0.15    0.33 ^ clkbuf_2_3__f_clk/X (sky130_fd_sc_hd__clkbuf_16)
    12    0.04                           clknet_2_3__leaf_clk (net)
                  0.06    0.00    0.33 ^ _420_/CLK (sky130_fd_sc_hd__dfrtp_1)
                  0.09    0.43    0.76 v _420_/Q (sky130_fd_sc_hd__dfrtp_1)
     6    0.01                           clk_count[12] (net)
                  0.09    0.00    0.76 v _205_/B (sky130_fd_sc_hd__or4_1)
                  0.09    0.55    1.31 v _205_/X (sky130_fd_sc_hd__or4_1)
     1    0.00                           _097_ (net)
                  0.09    0.00    1.31 v _209_/A (sky130_fd_sc_hd__nor4_1)
                  0.37    0.42    1.72 ^ _209_/Y (sky130_fd_sc_hd__nor4_1)
     2    0.01                           _101_ (net)
                  0.37    0.00    1.72 ^ max_cap25/A (sky130_fd_sc_hd__buf_1)
                  0.14    0.21    1.93 ^ max_cap25/X (sky130_fd_sc_hd__buf_1)
     3    0.01                           net25 (net)
                  0.14    0.00    1.93 ^ _217_/C (sky130_fd_sc_hd__nand4_1)
                  0.12    0.16    2.09 v _217_/Y (sky130_fd_sc_hd__nand4_1)
     3    0.01                           _109_ (net)
                  0.12    0.00    2.09 v _218_/A (sky130_fd_sc_hd__buf_4)
                  0.06    0.21    2.30 v _218_/X (sky130_fd_sc_hd__buf_4)
    10    0.03                           _110_ (net)
                  0.06    0.00    2.30 v _281_/S (sky130_fd_sc_hd__mux2_1)
                  0.06    0.32    2.62 v _281_/X (sky130_fd_sc_hd__mux2_1)
     1    0.00                           _149_ (net)
                  0.06    0.00    2.62 v _282_/A (sky130_fd_sc_hd__clkbuf_1)
                  0.03    0.09    2.72 v _282_/X (sky130_fd_sc_hd__clkbuf_1)
     1    0.00                           _072_ (net)
                  0.03    0.00    2.72 v _432_/D (sky130_fd_sc_hd__dfrtp_1)
                                  2.72   data arrival time

                         10.00   10.00   clock clk (rise edge)
                          0.00   10.00   clock source latency
                  0.04    0.03   10.03 ^ clk (in)
     1    0.01                           clk (net)
                  0.04    0.00   10.03 ^ clkbuf_0_clk/A (sky130_fd_sc_hd__clkbuf_16)
                  0.06    0.13   10.16 ^ clkbuf_0_clk/X (sky130_fd_sc_hd__clkbuf_16)
     4    0.04                           clknet_0_clk (net)
                  0.06    0.00   10.16 ^ clkbuf_2_0__f_clk/A (sky130_fd_sc_hd__clkbuf_16)
                  0.05    0.13   10.29 ^ clkbuf_2_0__f_clk/X (sky130_fd_sc_hd__clkbuf_16)
    14    0.03                           clknet_2_0__leaf_clk (net)
                  0.05    0.00   10.29 ^ _432_/CLK (sky130_fd_sc_hd__dfrtp_1)
                         -0.25   10.04   clock uncertainty
                          0.02   10.06   clock reconvergence pessimism
                         -0.10    9.95   library setup time
                                  9.95   data required time
-----------------------------------------------------------------------------
                                  9.95   data required time
                                 -2.72   data arrival time
-----------------------------------------------------------------------------
                                  7.23   slack (MET)


Startpoint: _420_ (rising edge-triggered flip-flop clocked by clk)
Endpoint: _430_ (rising edge-triggered flip-flop clocked by clk)
Path Group: clk
Path Type: max

Fanout     Cap    Slew   Delay    Time   Description
-----------------------------------------------------------------------------
                          0.00    0.00   clock clk (rise edge)
                          0.00    0.00   clock source latency
                  0.04    0.03    0.03 ^ clk (in)
     1    0.01                           clk (net)
                  0.04    0.00    0.03 ^ clkbuf_0_clk/A (sky130_fd_sc_hd__clkbuf_16)
                  0.06    0.15    0.17 ^ clkbuf_0_clk/X (sky130_fd_sc_hd__clkbuf_16)
     4    0.04                           clknet_0_clk (net)
                  0.06    0.00    0.18 ^ clkbuf_2_3__f_clk/A (sky130_fd_sc_hd__clkbuf_16)
                  0.06    0.15    0.33 ^ clkbuf_2_3__f_clk/X (sky130_fd_sc_hd__clkbuf_16)
    12    0.04                           clknet_2_3__leaf_clk (net)
                  0.06    0.00    0.33 ^ _420_/CLK (sky130_fd_sc_hd__dfrtp_1)
                  0.09    0.43    0.76 v _420_/Q (sky130_fd_sc_hd__dfrtp_1)
     6    0.01                           clk_count[12] (net)
                  0.09    0.00    0.76 v _205_/B (sky130_fd_sc_hd__or4_1)
                  0.09    0.55    1.31 v _205_/X (sky130_fd_sc_hd__or4_1)
     1    0.00                           _097_ (net)
                  0.09    0.00    1.31 v _209_/A (sky130_fd_sc_hd__nor4_1)
                  0.37    0.42    1.72 ^ _209_/Y (sky130_fd_sc_hd__nor4_1)
     2    0.01                           _101_ (net)
                  0.37    0.00    1.72 ^ max_cap25/A (sky130_fd_sc_hd__buf_1)
                  0.14    0.21    1.93 ^ max_cap25/X (sky130_fd_sc_hd__buf_1)
     3    0.01                           net25 (net)
                  0.14    0.00    1.93 ^ _217_/C (sky130_fd_sc_hd__nand4_1)
                  0.12    0.16    2.09 v _217_/Y (sky130_fd_sc_hd__nand4_1)
     3    0.01                           _109_ (net)
                  0.12    0.00    2.09 v _218_/A (sky130_fd_sc_hd__buf_4)
                  0.06    0.21    2.30 v _218_/X (sky130_fd_sc_hd__buf_4)
    10    0.03                           _110_ (net)
                  0.06    0.00    2.30 v _285_/S (sky130_fd_sc_hd__mux2_1)
                  0.05    0.32    2.62 v _285_/X (sky130_fd_sc_hd__mux2_1)
     1    0.00                           _151_ (net)
                  0.05    0.00    2.62 v _286_/A (sky130_fd_sc_hd__clkbuf_1)
                  0.03    0.10    2.72 v _286_/X (sky130_fd_sc_hd__clkbuf_1)
     1    0.00                           _070_ (net)
                  0.03    0.00    2.72 v _430_/D (sky130_fd_sc_hd__dfrtp_1)
                                  2.72   data arrival time

                         10.00   10.00   clock clk (rise edge)
                          0.00   10.00   clock source latency
                  0.04    0.03   10.03 ^ clk (in)
     1    0.01                           clk (net)
                  0.04    0.00   10.03 ^ clkbuf_0_clk/A (sky130_fd_sc_hd__clkbuf_16)
                  0.06    0.13   10.16 ^ clkbuf_0_clk/X (sky130_fd_sc_hd__clkbuf_16)
     4    0.04                           clknet_0_clk (net)
                  0.06    0.00   10.16 ^ clkbuf_2_0__f_clk/A (sky130_fd_sc_hd__clkbuf_16)
                  0.05    0.13   10.29 ^ clkbuf_2_0__f_clk/X (sky130_fd_sc_hd__clkbuf_16)
    14    0.03                           clknet_2_0__leaf_clk (net)
                  0.05    0.00   10.29 ^ _430_/CLK (sky130_fd_sc_hd__dfrtp_1)
                         -0.25   10.04   clock uncertainty
                          0.02   10.06   clock reconvergence pessimism
                         -0.11    9.95   library setup time
                                  9.95   data required time
-----------------------------------------------------------------------------
                                  9.95   data required time
                                 -2.72   data arrival time
-----------------------------------------------------------------------------
                                  7.23   slack (MET)


Startpoint: _420_ (rising edge-triggered flip-flop clocked by clk)
Endpoint: _429_ (rising edge-triggered flip-flop clocked by clk)
Path Group: clk
Path Type: max

Fanout     Cap    Slew   Delay    Time   Description
-----------------------------------------------------------------------------
                          0.00    0.00   clock clk (rise edge)
                          0.00    0.00   clock source latency
                  0.04    0.03    0.03 ^ clk (in)
     1    0.01                           clk (net)
                  0.04    0.00    0.03 ^ clkbuf_0_clk/A (sky130_fd_sc_hd__clkbuf_16)
                  0.06    0.15    0.17 ^ clkbuf_0_clk/X (sky130_fd_sc_hd__clkbuf_16)
     4    0.04                           clknet_0_clk (net)
                  0.06    0.00    0.18 ^ clkbuf_2_3__f_clk/A (sky130_fd_sc_hd__clkbuf_16)
                  0.06    0.15    0.33 ^ clkbuf_2_3__f_clk/X (sky130_fd_sc_hd__clkbuf_16)
    12    0.04                           clknet_2_3__leaf_clk (net)
                  0.06    0.00    0.33 ^ _420_/CLK (sky130_fd_sc_hd__dfrtp_1)
                  0.09    0.43    0.76 v _420_/Q (sky130_fd_sc_hd__dfrtp_1)
     6    0.01                           clk_count[12] (net)
                  0.09    0.00    0.76 v _205_/B (sky130_fd_sc_hd__or4_1)
                  0.09    0.55    1.31 v _205_/X (sky130_fd_sc_hd__or4_1)
     1    0.00                           _097_ (net)
                  0.09    0.00    1.31 v _209_/A (sky130_fd_sc_hd__nor4_1)
                  0.37    0.42    1.72 ^ _209_/Y (sky130_fd_sc_hd__nor4_1)
     2    0.01                           _101_ (net)
                  0.37    0.00    1.72 ^ max_cap25/A (sky130_fd_sc_hd__buf_1)
                  0.14    0.21    1.93 ^ max_cap25/X (sky130_fd_sc_hd__buf_1)
     3    0.01                           net25 (net)
                  0.14    0.00    1.93 ^ _217_/C (sky130_fd_sc_hd__nand4_1)
                  0.12    0.16    2.09 v _217_/Y (sky130_fd_sc_hd__nand4_1)
     3    0.01                           _109_ (net)
                  0.12    0.00    2.09 v _218_/A (sky130_fd_sc_hd__buf_4)
                  0.06    0.21    2.30 v _218_/X (sky130_fd_sc_hd__buf_4)
    10    0.03                           _110_ (net)
                  0.06    0.00    2.30 v _287_/S (sky130_fd_sc_hd__mux2_1)
                  0.05    0.32    2.62 v _287_/X (sky130_fd_sc_hd__mux2_1)
     1    0.00                           _152_ (net)
                  0.05    0.00    2.62 v _288_/A (sky130_fd_sc_hd__clkbuf_1)
                  0.02    0.09    2.71 v _288_/X (sky130_fd_sc_hd__clkbuf_1)
     1    0.00                           _069_ (net)
                  0.02    0.00    2.71 v _429_/D (sky130_fd_sc_hd__dfrtp_1)
                                  2.71   data arrival time

                         10.00   10.00   clock clk (rise edge)
                          0.00   10.00   clock source latency
                  0.04    0.03   10.03 ^ clk (in)
     1    0.01                           clk (net)
                  0.04    0.00   10.03 ^ clkbuf_0_clk/A (sky130_fd_sc_hd__clkbuf_16)
                  0.06    0.13   10.16 ^ clkbuf_0_clk/X (sky130_fd_sc_hd__clkbuf_16)
     4    0.04                           clknet_0_clk (net)
                  0.06    0.00   10.16 ^ clkbuf_2_0__f_clk/A (sky130_fd_sc_hd__clkbuf_16)
                  0.05    0.13   10.29 ^ clkbuf_2_0__f_clk/X (sky130_fd_sc_hd__clkbuf_16)
    14    0.03                           clknet_2_0__leaf_clk (net)
                  0.05    0.00   10.29 ^ _429_/CLK (sky130_fd_sc_hd__dfrtp_1)
                         -0.25   10.04   clock uncertainty
                          0.02   10.06   clock reconvergence pessimism
                         -0.10    9.95   library setup time
                                  9.95   data required time
-----------------------------------------------------------------------------
                                  9.95   data required time
                                 -2.71   data arrival time
-----------------------------------------------------------------------------
                                  7.24   slack (MET)


Startpoint: start (input port clocked by clk)
Endpoint: _424_ (rising edge-triggered flip-flop clocked by clk)
Path Group: clk
Path Type: max

Fanout     Cap    Slew   Delay    Time   Description
-----------------------------------------------------------------------------
                          0.00    0.00   clock clk (rise edge)
                          0.00    0.00   clock network delay (propagated)
                          2.00    2.00 v input external delay
                  0.01    0.01    2.01 v start (in)
     1    0.00                           start (net)
                  0.01    0.00    2.01 v input3/A (sky130_fd_sc_hd__buf_1)
                  0.06    0.11    2.11 v input3/X (sky130_fd_sc_hd__buf_1)
     2    0.01                           net3 (net)
                  0.06    0.00    2.11 v _204_/B (sky130_fd_sc_hd__or2_2)
                  0.08    0.33    2.44 v _204_/X (sky130_fd_sc_hd__or2_2)
     6    0.01                           _096_ (net)
                  0.08    0.00    2.44 v _270_/A (sky130_fd_sc_hd__and2_1)
                  0.03    0.16    2.60 v _270_/X (sky130_fd_sc_hd__and2_1)
     1    0.00                           _143_ (net)
                  0.03    0.00    2.60 v _271_/A (sky130_fd_sc_hd__clkbuf_1)
                  0.03    0.10    2.70 v _271_/X (sky130_fd_sc_hd__clkbuf_1)
     2    0.00                           _000_ (net)
                  0.03    0.00    2.70 v _424_/D (sky130_fd_sc_hd__dfrtp_2)
                                  2.70   data arrival time

                         10.00   10.00   clock clk (rise edge)
                          0.00   10.00   clock source latency
                  0.04    0.03   10.03 ^ clk (in)
     1    0.01                           clk (net)
                  0.04    0.00   10.03 ^ clkbuf_0_clk/A (sky130_fd_sc_hd__clkbuf_16)
                  0.06    0.13   10.16 ^ clkbuf_0_clk/X (sky130_fd_sc_hd__clkbuf_16)
     4    0.04                           clknet_0_clk (net)
                  0.06    0.00   10.16 ^ clkbuf_2_3__f_clk/A (sky130_fd_sc_hd__clkbuf_16)
                  0.06    0.14   10.30 ^ clkbuf_2_3__f_clk/X (sky130_fd_sc_hd__clkbuf_16)
    12    0.04                           clknet_2_3__leaf_clk (net)
                  0.06    0.00   10.30 ^ _424_/CLK (sky130_fd_sc_hd__dfrtp_2)
                         -0.25   10.05   clock uncertainty
                          0.00   10.05   clock reconvergence pessimism
                         -0.11    9.94   library setup time
                                  9.94   data required time
-----------------------------------------------------------------------------
                                  9.94   data required time
                                 -2.70   data arrival time
-----------------------------------------------------------------------------
                                  7.24   slack (MET)


Startpoint: _420_ (rising edge-triggered flip-flop clocked by clk)
Endpoint: _433_ (rising edge-triggered flip-flop clocked by clk)
Path Group: clk
Path Type: max

Fanout     Cap    Slew   Delay    Time   Description
-----------------------------------------------------------------------------
                          0.00    0.00   clock clk (rise edge)
                          0.00    0.00   clock source latency
                  0.04    0.03    0.03 ^ clk (in)
     1    0.01                           clk (net)
                  0.04    0.00    0.03 ^ clkbuf_0_clk/A (sky130_fd_sc_hd__clkbuf_16)
                  0.06    0.15    0.17 ^ clkbuf_0_clk/X (sky130_fd_sc_hd__clkbuf_16)
     4    0.04                           clknet_0_clk (net)
                  0.06    0.00    0.18 ^ clkbuf_2_3__f_clk/A (sky130_fd_sc_hd__clkbuf_16)
                  0.06    0.15    0.33 ^ clkbuf_2_3__f_clk/X (sky130_fd_sc_hd__clkbuf_16)
    12    0.04                           clknet_2_3__leaf_clk (net)
                  0.06    0.00    0.33 ^ _420_/CLK (sky130_fd_sc_hd__dfrtp_1)
                  0.09    0.43    0.76 v _420_/Q (sky130_fd_sc_hd__dfrtp_1)
     6    0.01                           clk_count[12] (net)
                  0.09    0.00    0.76 v _205_/B (sky130_fd_sc_hd__or4_1)
                  0.09    0.55    1.31 v _205_/X (sky130_fd_sc_hd__or4_1)
     1    0.00                           _097_ (net)
                  0.09    0.00    1.31 v _209_/A (sky130_fd_sc_hd__nor4_1)
                  0.37    0.42    1.72 ^ _209_/Y (sky130_fd_sc_hd__nor4_1)
     2    0.01                           _101_ (net)
                  0.37    0.00    1.72 ^ max_cap25/A (sky130_fd_sc_hd__buf_1)
                  0.14    0.21    1.93 ^ max_cap25/X (sky130_fd_sc_hd__buf_1)
     3    0.01                           net25 (net)
                  0.14    0.00    1.93 ^ _217_/C (sky130_fd_sc_hd__nand4_1)
                  0.12    0.16    2.09 v _217_/Y (sky130_fd_sc_hd__nand4_1)
     3    0.01                           _109_ (net)
                  0.12    0.00    2.09 v _218_/A (sky130_fd_sc_hd__buf_4)
                  0.06    0.21    2.30 v _218_/X (sky130_fd_sc_hd__buf_4)
    10    0.03                           _110_ (net)
                  0.06    0.00    2.30 v _279_/S (sky130_fd_sc_hd__mux2_1)
                  0.05    0.32    2.62 v _279_/X (sky130_fd_sc_hd__mux2_1)
     1    0.00                           _148_ (net)
                  0.05    0.00    2.62 v _280_/A (sky130_fd_sc_hd__clkbuf_1)
                  0.02    0.09    2.71 v _280_/X (sky130_fd_sc_hd__clkbuf_1)
     1    0.00                           _073_ (net)
                  0.02    0.00    2.71 v _433_/D (sky130_fd_sc_hd__dfrtp_1)
                                  2.71   data arrival time

                         10.00   10.00   clock clk (rise edge)
                          0.00   10.00   clock source latency
                  0.04    0.03   10.03 ^ clk (in)
     1    0.01                           clk (net)
                  0.04    0.00   10.03 ^ clkbuf_0_clk/A (sky130_fd_sc_hd__clkbuf_16)
                  0.06    0.13   10.16 ^ clkbuf_0_clk/X (sky130_fd_sc_hd__clkbuf_16)
     4    0.04                           clknet_0_clk (net)
                  0.06    0.00   10.16 ^ clkbuf_2_1__f_clk/A (sky130_fd_sc_hd__clkbuf_16)
                  0.06    0.14   10.29 ^ clkbuf_2_1__f_clk/X (sky130_fd_sc_hd__clkbuf_16)
    12    0.03                           clknet_2_1__leaf_clk (net)
                  0.06    0.00   10.30 ^ _433_/CLK (sky130_fd_sc_hd__dfrtp_1)
                         -0.25   10.05   clock uncertainty
                          0.02   10.06   clock reconvergence pessimism
                         -0.10    9.96   library setup time
                                  9.96   data required time
-----------------------------------------------------------------------------
                                  9.96   data required time
                                 -2.71   data arrival time
-----------------------------------------------------------------------------
                                  7.25   slack (MET)


Startpoint: _420_ (rising edge-triggered flip-flop clocked by clk)
Endpoint: _455_ (rising edge-triggered flip-flop clocked by clk)
Path Group: clk
Path Type: max

Fanout     Cap    Slew   Delay    Time   Description
-----------------------------------------------------------------------------
                          0.00    0.00   clock clk (rise edge)
                          0.00    0.00   clock source latency
                  0.04    0.03    0.03 ^ clk (in)
     1    0.01                           clk (net)
                  0.04    0.00    0.03 ^ clkbuf_0_clk/A (sky130_fd_sc_hd__clkbuf_16)
                  0.06    0.15    0.17 ^ clkbuf_0_clk/X (sky130_fd_sc_hd__clkbuf_16)
     4    0.04                           clknet_0_clk (net)
                  0.06    0.00    0.18 ^ clkbuf_2_3__f_clk/A (sky130_fd_sc_hd__clkbuf_16)
                  0.06    0.15    0.33 ^ clkbuf_2_3__f_clk/X (sky130_fd_sc_hd__clkbuf_16)
    12    0.04                           clknet_2_3__leaf_clk (net)
                  0.06    0.00    0.33 ^ _420_/CLK (sky130_fd_sc_hd__dfrtp_1)
                  0.09    0.43    0.76 v _420_/Q (sky130_fd_sc_hd__dfrtp_1)
     6    0.01                           clk_count[12] (net)
                  0.09    0.00    0.76 v _205_/B (sky130_fd_sc_hd__or4_1)
                  0.09    0.55    1.31 v _205_/X (sky130_fd_sc_hd__or4_1)
     1    0.00                           _097_ (net)
                  0.09    0.00    1.31 v _209_/A (sky130_fd_sc_hd__nor4_1)
                  0.37    0.42    1.72 ^ _209_/Y (sky130_fd_sc_hd__nor4_1)
     2    0.01                           _101_ (net)
                  0.37    0.00    1.72 ^ max_cap25/A (sky130_fd_sc_hd__buf_1)
                  0.14    0.21    1.93 ^ max_cap25/X (sky130_fd_sc_hd__buf_1)
     3    0.01                           net25 (net)
                  0.14    0.00    1.93 ^ _217_/C (sky130_fd_sc_hd__nand4_1)
                  0.12    0.16    2.09 v _217_/Y (sky130_fd_sc_hd__nand4_1)
     3    0.01                           _109_ (net)
                  0.12    0.00    2.09 v _218_/A (sky130_fd_sc_hd__buf_4)
                  0.06    0.21    2.30 v _218_/X (sky130_fd_sc_hd__buf_4)
    10    0.03                           _110_ (net)
                  0.06    0.00    2.30 v _219_/D (sky130_fd_sc_hd__and4_1)
                  0.05    0.22    2.52 v _219_/X (sky130_fd_sc_hd__and4_1)
     2    0.01                           _111_ (net)
                  0.05    0.00    2.52 v _220_/A2 (sky130_fd_sc_hd__o21a_1)
                  0.04    0.18    2.70 v _220_/X (sky130_fd_sc_hd__o21a_1)
     1    0.00                           _095_ (net)
                  0.04    0.00    2.70 v _455_/D (sky130_fd_sc_hd__dfrtp_1)
                                  2.70   data arrival time

                         10.00   10.00   clock clk (rise edge)
                          0.00   10.00   clock source latency
                  0.04    0.03   10.03 ^ clk (in)
     1    0.01                           clk (net)
                  0.04    0.00   10.03 ^ clkbuf_0_clk/A (sky130_fd_sc_hd__clkbuf_16)
                  0.06    0.13   10.16 ^ clkbuf_0_clk/X (sky130_fd_sc_hd__clkbuf_16)
     4    0.04                           clknet_0_clk (net)
                  0.06    0.00   10.16 ^ clkbuf_2_1__f_clk/A (sky130_fd_sc_hd__clkbuf_16)
                  0.06    0.14   10.29 ^ clkbuf_2_1__f_clk/X (sky130_fd_sc_hd__clkbuf_16)
    12    0.03                           clknet_2_1__leaf_clk (net)
                  0.06    0.00   10.30 ^ _455_/CLK (sky130_fd_sc_hd__dfrtp_1)
                         -0.25   10.05   clock uncertainty
                          0.02   10.06   clock reconvergence pessimism
                         -0.11    9.95   library setup time
                                  9.95   data required time
-----------------------------------------------------------------------------
                                  9.95   data required time
                                 -2.70   data arrival time
-----------------------------------------------------------------------------
                                  7.25   slack (MET)


Startpoint: start (input port clocked by clk)
Endpoint: _408_ (rising edge-triggered flip-flop clocked by clk)
Path Group: clk
Path Type: max

Fanout     Cap    Slew   Delay    Time   Description
-----------------------------------------------------------------------------
                          0.00    0.00   clock clk (rise edge)
                          0.00    0.00   clock network delay (propagated)
                          2.00    2.00 ^ input external delay
                  0.02    0.01    2.01 ^ start (in)
     1    0.00                           start (net)
                  0.02    0.00    2.01 ^ input3/A (sky130_fd_sc_hd__buf_1)
                  0.14    0.14    2.16 ^ input3/X (sky130_fd_sc_hd__buf_1)
     2    0.01                           net3 (net)
                  0.14    0.00    2.16 ^ _237_/B (sky130_fd_sc_hd__nor2_4)
                  0.06    0.08    2.24 v _237_/Y (sky130_fd_sc_hd__nor2_4)
     9    0.03                           _125_ (net)
                  0.06    0.00    2.24 v _352_/A1 (sky130_fd_sc_hd__mux2_1)
                  0.05    0.30    2.54 v _352_/X (sky130_fd_sc_hd__mux2_1)
     1    0.00                           _198_ (net)
                  0.05    0.00    2.54 v _353_/A (sky130_fd_sc_hd__clkbuf_1)
                  0.03    0.10    2.64 v _353_/X (sky130_fd_sc_hd__clkbuf_1)
     1    0.00                           _050_ (net)
                  0.03    0.00    2.64 v _408_/D (sky130_fd_sc_hd__dfrtp_4)
                                  2.64   data arrival time

                         10.00   10.00   clock clk (rise edge)
                          0.00   10.00   clock source latency
                  0.04    0.03   10.03 ^ clk (in)
     1    0.01                           clk (net)
                  0.04    0.00   10.03 ^ clkbuf_0_clk/A (sky130_fd_sc_hd__clkbuf_16)
                  0.06    0.13   10.16 ^ clkbuf_0_clk/X (sky130_fd_sc_hd__clkbuf_16)
     4    0.04                           clknet_0_clk (net)
                  0.06    0.00   10.16 ^ clkbuf_2_0__f_clk/A (sky130_fd_sc_hd__clkbuf_16)
                  0.05    0.13   10.29 ^ clkbuf_2_0__f_clk/X (sky130_fd_sc_hd__clkbuf_16)
    14    0.03                           clknet_2_0__leaf_clk (net)
                  0.05    0.00   10.29 ^ _408_/CLK (sky130_fd_sc_hd__dfrtp_4)
                         -0.25   10.04   clock uncertainty
                          0.00   10.04   clock reconvergence pessimism
                         -0.11    9.93   library setup time
                                  9.93   data required time
-----------------------------------------------------------------------------
                                  9.93   data required time
                                 -2.64   data arrival time
-----------------------------------------------------------------------------
                                  7.29   slack (MET)


Startpoint: start (input port clocked by clk)
Endpoint: _409_ (rising edge-triggered flip-flop clocked by clk)
Path Group: clk
Path Type: max

Fanout     Cap    Slew   Delay    Time   Description
-----------------------------------------------------------------------------
                          0.00    0.00   clock clk (rise edge)
                          0.00    0.00   clock network delay (propagated)
                          2.00    2.00 v input external delay
                  0.01    0.01    2.01 v start (in)
     1    0.00                           start (net)
                  0.01    0.00    2.01 v input3/A (sky130_fd_sc_hd__buf_1)
                  0.06    0.11    2.11 v input3/X (sky130_fd_sc_hd__buf_1)
     2    0.01                           net3 (net)
                  0.06    0.00    2.11 v _204_/B (sky130_fd_sc_hd__or2_2)
                  0.08    0.33    2.44 v _204_/X (sky130_fd_sc_hd__or2_2)
     6    0.01                           _096_ (net)
                  0.08    0.00    2.44 v _350_/B1 (sky130_fd_sc_hd__o211a_1)
                  0.04    0.15    2.59 v _350_/X (sky130_fd_sc_hd__o211a_1)
     1    0.00                           _197_ (net)
                  0.04    0.00    2.59 v _351_/B (sky130_fd_sc_hd__nor2_1)
                  0.07    0.08    2.67 ^ _351_/Y (sky130_fd_sc_hd__nor2_1)
     1    0.00                           _051_ (net)
                  0.07    0.00    2.67 ^ _409_/D (sky130_fd_sc_hd__dfrtp_4)
                                  2.67   data arrival time

                         10.00   10.00   clock clk (rise edge)
                          0.00   10.00   clock source latency
                  0.04    0.03   10.03 ^ clk (in)
     1    0.01                           clk (net)
                  0.04    0.00   10.03 ^ clkbuf_0_clk/A (sky130_fd_sc_hd__clkbuf_16)
                  0.06    0.13   10.16 ^ clkbuf_0_clk/X (sky130_fd_sc_hd__clkbuf_16)
     4    0.04                           clknet_0_clk (net)
                  0.06    0.00   10.16 ^ clkbuf_2_2__f_clk/A (sky130_fd_sc_hd__clkbuf_16)
                  0.04    0.12   10.28 ^ clkbuf_2_2__f_clk/X (sky130_fd_sc_hd__clkbuf_16)
    10    0.02                           clknet_2_2__leaf_clk (net)
                  0.04    0.00   10.28 ^ _409_/CLK (sky130_fd_sc_hd__dfrtp_4)
                         -0.25   10.03   clock uncertainty
                          0.00   10.03   clock reconvergence pessimism
                         -0.07    9.96   library setup time
                                  9.96   data required time
-----------------------------------------------------------------------------
                                  9.96   data required time
                                 -2.67   data arrival time
-----------------------------------------------------------------------------
                                  7.29   slack (MET)


Startpoint: start (input port clocked by clk)
Endpoint: _418_ (rising edge-triggered flip-flop clocked by clk)
Path Group: clk
Path Type: max

Fanout     Cap    Slew   Delay    Time   Description
-----------------------------------------------------------------------------
                          0.00    0.00   clock clk (rise edge)
                          0.00    0.00   clock network delay (propagated)
                          2.00    2.00 ^ input external delay
                  0.02    0.01    2.01 ^ start (in)
     1    0.00                           start (net)
                  0.02    0.00    2.01 ^ input3/A (sky130_fd_sc_hd__buf_1)
                  0.14    0.14    2.16 ^ input3/X (sky130_fd_sc_hd__buf_1)
     2    0.01                           net3 (net)
                  0.14    0.00    2.16 ^ _237_/B (sky130_fd_sc_hd__nor2_4)
                  0.06    0.08    2.24 v _237_/Y (sky130_fd_sc_hd__nor2_4)
     9    0.03                           _125_ (net)
                  0.06    0.00    2.24 v _316_/B1 (sky130_fd_sc_hd__a21o_1)
                  0.04    0.17    2.41 v _316_/X (sky130_fd_sc_hd__a21o_1)
     2    0.00                           _173_ (net)
                  0.04    0.00    2.41 v _320_/A (sky130_fd_sc_hd__and2_1)
                  0.04    0.14    2.55 v _320_/X (sky130_fd_sc_hd__and2_1)
     1    0.00                           _176_ (net)
                  0.04    0.00    2.55 v _321_/A (sky130_fd_sc_hd__clkbuf_1)
                  0.03    0.09    2.64 v _321_/X (sky130_fd_sc_hd__clkbuf_1)
     1    0.00                           _060_ (net)
                  0.03    0.00    2.64 v _418_/D (sky130_fd_sc_hd__dfrtp_1)
                                  2.64   data arrival time

                         10.00   10.00   clock clk (rise edge)
                          0.00   10.00   clock source latency
                  0.04    0.03   10.03 ^ clk (in)
     1    0.01                           clk (net)
                  0.04    0.00   10.03 ^ clkbuf_0_clk/A (sky130_fd_sc_hd__clkbuf_16)
                  0.06    0.13   10.16 ^ clkbuf_0_clk/X (sky130_fd_sc_hd__clkbuf_16)
     4    0.04                           clknet_0_clk (net)
                  0.06    0.00   10.16 ^ clkbuf_2_3__f_clk/A (sky130_fd_sc_hd__clkbuf_16)
                  0.06    0.14   10.30 ^ clkbuf_2_3__f_clk/X (sky130_fd_sc_hd__clkbuf_16)
    12    0.04                           clknet_2_3__leaf_clk (net)
                  0.06    0.00   10.30 ^ _418_/CLK (sky130_fd_sc_hd__dfrtp_1)
                         -0.25   10.05   clock uncertainty
                          0.00   10.05   clock reconvergence pessimism
                         -0.10    9.94   library setup time
                                  9.94   data required time
-----------------------------------------------------------------------------
                                  9.94   data required time
                                 -2.64   data arrival time
-----------------------------------------------------------------------------
                                  7.30   slack (MET)


Startpoint: start (input port clocked by clk)
Endpoint: _414_ (rising edge-triggered flip-flop clocked by clk)
Path Group: clk
Path Type: max

Fanout     Cap    Slew   Delay    Time   Description
-----------------------------------------------------------------------------
                          0.00    0.00   clock clk (rise edge)
                          0.00    0.00   clock network delay (propagated)
                          2.00    2.00 v input external delay
                  0.01    0.01    2.01 v start (in)
     1    0.00                           start (net)
                  0.01    0.00    2.01 v input3/A (sky130_fd_sc_hd__buf_1)
                  0.06    0.11    2.11 v input3/X (sky130_fd_sc_hd__buf_1)
     2    0.01                           net3 (net)
                  0.06    0.00    2.11 v _204_/B (sky130_fd_sc_hd__or2_2)
                  0.08    0.33    2.44 v _204_/X (sky130_fd_sc_hd__or2_2)
     6    0.01                           _096_ (net)
                  0.08    0.00    2.44 v _331_/A (sky130_fd_sc_hd__nand2_1)
                  0.08    0.10    2.55 ^ _331_/Y (sky130_fd_sc_hd__nand2_1)
     2    0.01                           _184_ (net)
                  0.08    0.00    2.55 ^ _335_/A2 (sky130_fd_sc_hd__a21o_1)
                  0.04    0.12    2.66 ^ _335_/X (sky130_fd_sc_hd__a21o_1)
     1    0.00                           _056_ (net)
                  0.04    0.00    2.66 ^ _414_/D (sky130_fd_sc_hd__dfrtp_1)
                                  2.66   data arrival time

                         10.00   10.00   clock clk (rise edge)
                          0.00   10.00   clock source latency
                  0.04    0.03   10.03 ^ clk (in)
     1    0.01                           clk (net)
                  0.04    0.00   10.03 ^ clkbuf_0_clk/A (sky130_fd_sc_hd__clkbuf_16)
                  0.06    0.13   10.16 ^ clkbuf_0_clk/X (sky130_fd_sc_hd__clkbuf_16)
     4    0.04                           clknet_0_clk (net)
                  0.06    0.00   10.16 ^ clkbuf_2_2__f_clk/A (sky130_fd_sc_hd__clkbuf_16)
                  0.04    0.12   10.28 ^ clkbuf_2_2__f_clk/X (sky130_fd_sc_hd__clkbuf_16)
    10    0.02                           clknet_2_2__leaf_clk (net)
                  0.04    0.00   10.28 ^ _414_/CLK (sky130_fd_sc_hd__dfrtp_1)
                         -0.25   10.03   clock uncertainty
                          0.00   10.03   clock reconvergence pessimism
                         -0.06    9.97   library setup time
                                  9.97   data required time
-----------------------------------------------------------------------------
                                  9.97   data required time
                                 -2.66   data arrival time
-----------------------------------------------------------------------------
                                  7.31   slack (MET)


Startpoint: start (input port clocked by clk)
Endpoint: _416_ (rising edge-triggered flip-flop clocked by clk)
Path Group: clk
Path Type: max

Fanout     Cap    Slew   Delay    Time   Description
-----------------------------------------------------------------------------
                          0.00    0.00   clock clk (rise edge)
                          0.00    0.00   clock network delay (propagated)
                          2.00    2.00 ^ input external delay
                  0.02    0.01    2.01 ^ start (in)
     1    0.00                           start (net)
                  0.02    0.00    2.01 ^ input3/A (sky130_fd_sc_hd__buf_1)
                  0.14    0.14    2.16 ^ input3/X (sky130_fd_sc_hd__buf_1)
     2    0.01                           net3 (net)
                  0.14    0.00    2.16 ^ _237_/B (sky130_fd_sc_hd__nor2_4)
                  0.06    0.08    2.24 v _237_/Y (sky130_fd_sc_hd__nor2_4)
     9    0.03                           _125_ (net)
                  0.06    0.00    2.24 v _324_/B1 (sky130_fd_sc_hd__a21o_1)
                  0.05    0.18    2.42 v _324_/X (sky130_fd_sc_hd__a21o_1)
     2    0.01                           _179_ (net)
                  0.05    0.00    2.42 v _327_/A2 (sky130_fd_sc_hd__a21o_1)
                  0.03    0.18    2.60 v _327_/X (sky130_fd_sc_hd__a21o_1)
     1    0.00                           _058_ (net)
                  0.03    0.00    2.60 v _416_/D (sky130_fd_sc_hd__dfrtp_1)
                                  2.60   data arrival time

                         10.00   10.00   clock clk (rise edge)
                          0.00   10.00   clock source latency
                  0.04    0.03   10.03 ^ clk (in)
     1    0.01                           clk (net)
                  0.04    0.00   10.03 ^ clkbuf_0_clk/A (sky130_fd_sc_hd__clkbuf_16)
                  0.06    0.13   10.16 ^ clkbuf_0_clk/X (sky130_fd_sc_hd__clkbuf_16)
     4    0.04                           clknet_0_clk (net)
                  0.06    0.00   10.16 ^ clkbuf_2_2__f_clk/A (sky130_fd_sc_hd__clkbuf_16)
                  0.04    0.12   10.28 ^ clkbuf_2_2__f_clk/X (sky130_fd_sc_hd__clkbuf_16)
    10    0.02                           clknet_2_2__leaf_clk (net)
                  0.04    0.00   10.28 ^ _416_/CLK (sky130_fd_sc_hd__dfrtp_1)
                         -0.25   10.03   clock uncertainty
                          0.00   10.03   clock reconvergence pessimism
                         -0.11    9.92   library setup time
                                  9.92   data required time
-----------------------------------------------------------------------------
                                  9.92   data required time
                                 -2.60   data arrival time
-----------------------------------------------------------------------------
                                  7.32   slack (MET)


Startpoint: start (input port clocked by clk)
Endpoint: _412_ (rising edge-triggered flip-flop clocked by clk)
Path Group: clk
Path Type: max

Fanout     Cap    Slew   Delay    Time   Description
-----------------------------------------------------------------------------
                          0.00    0.00   clock clk (rise edge)
                          0.00    0.00   clock network delay (propagated)
                          2.00    2.00 ^ input external delay
                  0.02    0.01    2.01 ^ start (in)
     1    0.00                           start (net)
                  0.02    0.00    2.01 ^ input3/A (sky130_fd_sc_hd__buf_1)
                  0.14    0.14    2.16 ^ input3/X (sky130_fd_sc_hd__buf_1)
     2    0.01                           net3 (net)
                  0.14    0.00    2.16 ^ _237_/B (sky130_fd_sc_hd__nor2_4)
                  0.06    0.08    2.24 v _237_/Y (sky130_fd_sc_hd__nor2_4)
     9    0.03                           _125_ (net)
                  0.06    0.00    2.24 v _338_/B1 (sky130_fd_sc_hd__a21o_1)
                  0.04    0.17    2.41 v _338_/X (sky130_fd_sc_hd__a21o_1)
     2    0.01                           _189_ (net)
                  0.04    0.00    2.41 v _342_/A2 (sky130_fd_sc_hd__a21o_1)
                  0.04    0.18    2.60 v _342_/X (sky130_fd_sc_hd__a21o_1)
     1    0.00                           _054_ (net)
                  0.04    0.00    2.60 v _412_/D (sky130_fd_sc_hd__dfrtp_1)
                                  2.60   data arrival time

                         10.00   10.00   clock clk (rise edge)
                          0.00   10.00   clock source latency
                  0.04    0.03   10.03 ^ clk (in)
     1    0.01                           clk (net)
                  0.04    0.00   10.03 ^ clkbuf_0_clk/A (sky130_fd_sc_hd__clkbuf_16)
                  0.06    0.13   10.16 ^ clkbuf_0_clk/X (sky130_fd_sc_hd__clkbuf_16)
     4    0.04                           clknet_0_clk (net)
                  0.06    0.00   10.16 ^ clkbuf_2_2__f_clk/A (sky130_fd_sc_hd__clkbuf_16)
                  0.04    0.12   10.28 ^ clkbuf_2_2__f_clk/X (sky130_fd_sc_hd__clkbuf_16)
    10    0.02                           clknet_2_2__leaf_clk (net)
                  0.04    0.00   10.28 ^ _412_/CLK (sky130_fd_sc_hd__dfrtp_1)
                         -0.25   10.03   clock uncertainty
                          0.00   10.03   clock reconvergence pessimism
                         -0.11    9.92   library setup time
                                  9.92   data required time
-----------------------------------------------------------------------------
                                  9.92   data required time
                                 -2.60   data arrival time
-----------------------------------------------------------------------------
                                  7.33   slack (MET)


Startpoint: start (input port clocked by clk)
Endpoint: _420_ (rising edge-triggered flip-flop clocked by clk)
Path Group: clk
Path Type: max

Fanout     Cap    Slew   Delay    Time   Description
-----------------------------------------------------------------------------
                          0.00    0.00   clock clk (rise edge)
                          0.00    0.00   clock network delay (propagated)
                          2.00    2.00 v input external delay
                  0.01    0.01    2.01 v start (in)
     1    0.00                           start (net)
                  0.01    0.00    2.01 v input3/A (sky130_fd_sc_hd__buf_1)
                  0.06    0.11    2.11 v input3/X (sky130_fd_sc_hd__buf_1)
     2    0.01                           net3 (net)
                  0.06    0.00    2.11 v _204_/B (sky130_fd_sc_hd__or2_2)
                  0.08    0.33    2.44 v _204_/X (sky130_fd_sc_hd__or2_2)
     6    0.01                           _096_ (net)
                  0.08    0.00    2.44 v _308_/A (sky130_fd_sc_hd__nand2_1)
                  0.07    0.10    2.54 ^ _308_/Y (sky130_fd_sc_hd__nand2_1)
     2    0.01                           _167_ (net)
                  0.07    0.00    2.54 ^ _312_/A2 (sky130_fd_sc_hd__a21o_1)
                  0.04    0.12    2.66 ^ _312_/X (sky130_fd_sc_hd__a21o_1)
     1    0.00                           _062_ (net)
                  0.04    0.00    2.66 ^ _420_/D (sky130_fd_sc_hd__dfrtp_1)
                                  2.66   data arrival time

                         10.00   10.00   clock clk (rise edge)
                          0.00   10.00   clock source latency
                  0.04    0.03   10.03 ^ clk (in)
     1    0.01                           clk (net)
                  0.04    0.00   10.03 ^ clkbuf_0_clk/A (sky130_fd_sc_hd__clkbuf_16)
                  0.06    0.13   10.16 ^ clkbuf_0_clk/X (sky130_fd_sc_hd__clkbuf_16)
     4    0.04                           clknet_0_clk (net)
                  0.06    0.00   10.16 ^ clkbuf_2_3__f_clk/A (sky130_fd_sc_hd__clkbuf_16)
                  0.06    0.14   10.30 ^ clkbuf_2_3__f_clk/X (sky130_fd_sc_hd__clkbuf_16)
    12    0.04                           clknet_2_3__leaf_clk (net)
                  0.06    0.00   10.30 ^ _420_/CLK (sky130_fd_sc_hd__dfrtp_1)
                         -0.25   10.05   clock uncertainty
                          0.00   10.05   clock reconvergence pessimism
                         -0.06    9.99   library setup time
                                  9.99   data required time
-----------------------------------------------------------------------------
                                  9.99   data required time
                                 -2.66   data arrival time
-----------------------------------------------------------------------------
                                  7.33   slack (MET)


Startpoint: start (input port clocked by clk)
Endpoint: _423_ (rising edge-triggered flip-flop clocked by clk)
Path Group: clk
Path Type: max

Fanout     Cap    Slew   Delay    Time   Description
-----------------------------------------------------------------------------
                          0.00    0.00   clock clk (rise edge)
                          0.00    0.00   clock network delay (propagated)
                          2.00    2.00 ^ input external delay
                  0.02    0.01    2.01 ^ start (in)
     1    0.00                           start (net)
                  0.02    0.00    2.01 ^ input3/A (sky130_fd_sc_hd__buf_1)
                  0.14    0.14    2.16 ^ input3/X (sky130_fd_sc_hd__buf_1)
     2    0.01                           net3 (net)
                  0.14    0.00    2.16 ^ _237_/B (sky130_fd_sc_hd__nor2_4)
                  0.06    0.08    2.24 v _237_/Y (sky130_fd_sc_hd__nor2_4)
     9    0.03                           _125_ (net)
                  0.06    0.00    2.24 v _303_/A2 (sky130_fd_sc_hd__o31a_1)
                  0.05    0.29    2.53 v _303_/X (sky130_fd_sc_hd__o31a_1)
     1    0.00                           _065_ (net)
                  0.05    0.00    2.53 v _423_/D (sky130_fd_sc_hd__dfrtp_1)
                                  2.53   data arrival time

                         10.00   10.00   clock clk (rise edge)
                          0.00   10.00   clock source latency
                  0.04    0.03   10.03 ^ clk (in)
     1    0.01                           clk (net)
                  0.04    0.00   10.03 ^ clkbuf_0_clk/A (sky130_fd_sc_hd__clkbuf_16)
                  0.06    0.13   10.16 ^ clkbuf_0_clk/X (sky130_fd_sc_hd__clkbuf_16)
     4    0.04                           clknet_0_clk (net)
                  0.06    0.00   10.16 ^ clkbuf_2_2__f_clk/A (sky130_fd_sc_hd__clkbuf_16)
                  0.04    0.12   10.28 ^ clkbuf_2_2__f_clk/X (sky130_fd_sc_hd__clkbuf_16)
    10    0.02                           clknet_2_2__leaf_clk (net)
                  0.04    0.00   10.28 ^ _423_/CLK (sky130_fd_sc_hd__dfrtp_1)
                         -0.25   10.03   clock uncertainty
                          0.00   10.03   clock reconvergence pessimism
                         -0.12    9.92   library setup time
                                  9.92   data required time
-----------------------------------------------------------------------------
                                  9.92   data required time
                                 -2.53   data arrival time
-----------------------------------------------------------------------------
                                  7.38   slack (MET)


Startpoint: start (input port clocked by clk)
Endpoint: _411_ (rising edge-triggered flip-flop clocked by clk)
Path Group: clk
Path Type: max

Fanout     Cap    Slew   Delay    Time   Description
-----------------------------------------------------------------------------
                          0.00    0.00   clock clk (rise edge)
                          0.00    0.00   clock network delay (propagated)
                          2.00    2.00 ^ input external delay
                  0.02    0.01    2.01 ^ start (in)
     1    0.00                           start (net)
                  0.02    0.00    2.01 ^ input3/A (sky130_fd_sc_hd__buf_1)
                  0.14    0.14    2.16 ^ input3/X (sky130_fd_sc_hd__buf_1)
     2    0.01                           net3 (net)
                  0.14    0.00    2.16 ^ _237_/B (sky130_fd_sc_hd__nor2_4)
                  0.06    0.08    2.24 v _237_/Y (sky130_fd_sc_hd__nor2_4)
     9    0.03                           _125_ (net)
                  0.06    0.00    2.24 v _346_/A2 (sky130_fd_sc_hd__o31a_1)
                  0.05    0.29    2.53 v _346_/X (sky130_fd_sc_hd__o31a_1)
     1    0.00                           _053_ (net)
                  0.05    0.00    2.53 v _411_/D (sky130_fd_sc_hd__dfrtp_1)
                                  2.53   data arrival time

                         10.00   10.00   clock clk (rise edge)
                          0.00   10.00   clock source latency
                  0.04    0.03   10.03 ^ clk (in)
     1    0.01                           clk (net)
                  0.04    0.00   10.03 ^ clkbuf_0_clk/A (sky130_fd_sc_hd__clkbuf_16)
                  0.06    0.13   10.16 ^ clkbuf_0_clk/X (sky130_fd_sc_hd__clkbuf_16)
     4    0.04                           clknet_0_clk (net)
                  0.06    0.00   10.16 ^ clkbuf_2_0__f_clk/A (sky130_fd_sc_hd__clkbuf_16)
                  0.05    0.13   10.29 ^ clkbuf_2_0__f_clk/X (sky130_fd_sc_hd__clkbuf_16)
    14    0.03                           clknet_2_0__leaf_clk (net)
                  0.05    0.00   10.29 ^ _411_/CLK (sky130_fd_sc_hd__dfrtp_1)
                         -0.25   10.04   clock uncertainty
                          0.00   10.04   clock reconvergence pessimism
                         -0.12    9.92   library setup time
                                  9.92   data required time
-----------------------------------------------------------------------------
                                  9.92   data required time
                                 -2.53   data arrival time
-----------------------------------------------------------------------------
                                  7.39   slack (MET)


Startpoint: start (input port clocked by clk)
Endpoint: _410_ (rising edge-triggered flip-flop clocked by clk)
Path Group: clk
Path Type: max

Fanout     Cap    Slew   Delay    Time   Description
-----------------------------------------------------------------------------
                          0.00    0.00   clock clk (rise edge)
                          0.00    0.00   clock network delay (propagated)
                          2.00    2.00 ^ input external delay
                  0.02    0.01    2.01 ^ start (in)
     1    0.00                           start (net)
                  0.02    0.00    2.01 ^ input3/A (sky130_fd_sc_hd__buf_1)
                  0.14    0.14    2.16 ^ input3/X (sky130_fd_sc_hd__buf_1)
     2    0.01                           net3 (net)
                  0.14    0.00    2.16 ^ _237_/B (sky130_fd_sc_hd__nor2_4)
                  0.06    0.08    2.24 v _237_/Y (sky130_fd_sc_hd__nor2_4)
     9    0.03                           _125_ (net)
                  0.06    0.00    2.24 v _348_/B1 (sky130_fd_sc_hd__a32o_1)
                  0.04    0.21    2.45 v _348_/X (sky130_fd_sc_hd__a32o_1)
     1    0.00                           _052_ (net)
                  0.04    0.00    2.45 v _410_/D (sky130_fd_sc_hd__dfrtp_2)
                                  2.45   data arrival time

                         10.00   10.00   clock clk (rise edge)
                          0.00   10.00   clock source latency
                  0.04    0.03   10.03 ^ clk (in)
     1    0.01                           clk (net)
                  0.04    0.00   10.03 ^ clkbuf_0_clk/A (sky130_fd_sc_hd__clkbuf_16)
                  0.06    0.13   10.16 ^ clkbuf_0_clk/X (sky130_fd_sc_hd__clkbuf_16)
     4    0.04                           clknet_0_clk (net)
                  0.06    0.00   10.16 ^ clkbuf_2_0__f_clk/A (sky130_fd_sc_hd__clkbuf_16)
                  0.05    0.13   10.29 ^ clkbuf_2_0__f_clk/X (sky130_fd_sc_hd__clkbuf_16)
    14    0.03                           clknet_2_0__leaf_clk (net)
                  0.05    0.00   10.29 ^ _410_/CLK (sky130_fd_sc_hd__dfrtp_2)
                         -0.25   10.04   clock uncertainty
                          0.00   10.04   clock reconvergence pessimism
                         -0.11    9.93   library setup time
                                  9.93   data required time
-----------------------------------------------------------------------------
                                  9.93   data required time
                                 -2.45   data arrival time
-----------------------------------------------------------------------------
                                  7.47   slack (MET)


Startpoint: start (input port clocked by clk)
Endpoint: _422_ (rising edge-triggered flip-flop clocked by clk)
Path Group: clk
Path Type: max

Fanout     Cap    Slew   Delay    Time   Description
-----------------------------------------------------------------------------
                          0.00    0.00   clock clk (rise edge)
                          0.00    0.00   clock network delay (propagated)
                          2.00    2.00 v input external delay
                  0.01    0.01    2.01 v start (in)
     1    0.00                           start (net)
                  0.01    0.00    2.01 v input3/A (sky130_fd_sc_hd__buf_1)
                  0.06    0.11    2.11 v input3/X (sky130_fd_sc_hd__buf_1)
     2    0.01                           net3 (net)
                  0.06    0.00    2.11 v _237_/B (sky130_fd_sc_hd__nor2_4)
                  0.22    0.21    2.32 ^ _237_/Y (sky130_fd_sc_hd__nor2_4)
     9    0.03                           _125_ (net)
                  0.22    0.00    2.32 ^ _305_/A1 (sky130_fd_sc_hd__o21a_1)
                  0.04    0.17    2.49 ^ _305_/X (sky130_fd_sc_hd__o21a_1)
     1    0.00                           _064_ (net)
                  0.04    0.00    2.49 ^ _422_/D (sky130_fd_sc_hd__dfrtp_1)
                                  2.49   data arrival time

                         10.00   10.00   clock clk (rise edge)
                          0.00   10.00   clock source latency
                  0.04    0.03   10.03 ^ clk (in)
     1    0.01                           clk (net)
                  0.04    0.00   10.03 ^ clkbuf_0_clk/A (sky130_fd_sc_hd__clkbuf_16)
                  0.06    0.13   10.16 ^ clkbuf_0_clk/X (sky130_fd_sc_hd__clkbuf_16)
     4    0.04                           clknet_0_clk (net)
                  0.06    0.00   10.16 ^ clkbuf_2_2__f_clk/A (sky130_fd_sc_hd__clkbuf_16)
                  0.04    0.12   10.28 ^ clkbuf_2_2__f_clk/X (sky130_fd_sc_hd__clkbuf_16)
    10    0.02                           clknet_2_2__leaf_clk (net)
                  0.04    0.00   10.28 ^ _422_/CLK (sky130_fd_sc_hd__dfrtp_1)
                         -0.25   10.03   clock uncertainty
                          0.00   10.03   clock reconvergence pessimism
                         -0.06    9.97   library setup time
                                  9.97   data required time
-----------------------------------------------------------------------------
                                  9.97   data required time
                                 -2.49   data arrival time
-----------------------------------------------------------------------------
                                  7.49   slack (MET)


Startpoint: _420_ (rising edge-triggered flip-flop clocked by clk)
Endpoint: _425_ (rising edge-triggered flip-flop clocked by clk)
Path Group: clk
Path Type: max

Fanout     Cap    Slew   Delay    Time   Description
-----------------------------------------------------------------------------
                          0.00    0.00   clock clk (rise edge)
                          0.00    0.00   clock source latency
                  0.04    0.03    0.03 ^ clk (in)
     1    0.01                           clk (net)
                  0.04    0.00    0.03 ^ clkbuf_0_clk/A (sky130_fd_sc_hd__clkbuf_16)
                  0.06    0.15    0.17 ^ clkbuf_0_clk/X (sky130_fd_sc_hd__clkbuf_16)
     4    0.04                           clknet_0_clk (net)
                  0.06    0.00    0.18 ^ clkbuf_2_3__f_clk/A (sky130_fd_sc_hd__clkbuf_16)
                  0.06    0.15    0.33 ^ clkbuf_2_3__f_clk/X (sky130_fd_sc_hd__clkbuf_16)
    12    0.04                           clknet_2_3__leaf_clk (net)
                  0.06    0.00    0.33 ^ _420_/CLK (sky130_fd_sc_hd__dfrtp_1)
                  0.09    0.43    0.76 v _420_/Q (sky130_fd_sc_hd__dfrtp_1)
     6    0.01                           clk_count[12] (net)
                  0.09    0.00    0.76 v _205_/B (sky130_fd_sc_hd__or4_1)
                  0.09    0.55    1.31 v _205_/X (sky130_fd_sc_hd__or4_1)
     1    0.00                           _097_ (net)
                  0.09    0.00    1.31 v _209_/A (sky130_fd_sc_hd__nor4_1)
                  0.37    0.42    1.72 ^ _209_/Y (sky130_fd_sc_hd__nor4_1)
     2    0.01                           _101_ (net)
                  0.37    0.00    1.72 ^ max_cap25/A (sky130_fd_sc_hd__buf_1)
                  0.14    0.21    1.93 ^ max_cap25/X (sky130_fd_sc_hd__buf_1)
     3    0.01                           net25 (net)
                  0.14    0.00    1.93 ^ _217_/C (sky130_fd_sc_hd__nand4_1)
                  0.12    0.16    2.09 v _217_/Y (sky130_fd_sc_hd__nand4_1)
     3    0.01                           _109_ (net)
                  0.12    0.00    2.09 v _218_/A (sky130_fd_sc_hd__buf_4)
                  0.06    0.21    2.30 v _218_/X (sky130_fd_sc_hd__buf_4)
    10    0.03                           _110_ (net)
                  0.06    0.00    2.30 v _354_/A (sky130_fd_sc_hd__inv_2)
                  0.03    0.05    2.35 ^ _354_/Y (sky130_fd_sc_hd__inv_2)
     1    0.00                           _001_ (net)
                  0.03    0.00    2.35 ^ _425_/D (sky130_fd_sc_hd__dfrtp_1)
                                  2.35   data arrival time

                         10.00   10.00   clock clk (rise edge)
                          0.00   10.00   clock source latency
                  0.04    0.03   10.03 ^ clk (in)
     1    0.01                           clk (net)
                  0.04    0.00   10.03 ^ clkbuf_0_clk/A (sky130_fd_sc_hd__clkbuf_16)
                  0.06    0.13   10.16 ^ clkbuf_0_clk/X (sky130_fd_sc_hd__clkbuf_16)
     4    0.04                           clknet_0_clk (net)
                  0.06    0.00   10.16 ^ clkbuf_2_2__f_clk/A (sky130_fd_sc_hd__clkbuf_16)
                  0.04    0.12   10.28 ^ clkbuf_2_2__f_clk/X (sky130_fd_sc_hd__clkbuf_16)
    10    0.02                           clknet_2_2__leaf_clk (net)
                  0.04    0.00   10.28 ^ _425_/CLK (sky130_fd_sc_hd__dfrtp_1)
                         -0.25   10.03   clock uncertainty
                          0.02   10.05   clock reconvergence pessimism
                         -0.06    9.99   library setup time
                                  9.99   data required time
-----------------------------------------------------------------------------
                                  9.99   data required time
                                 -2.35   data arrival time
-----------------------------------------------------------------------------
                                  7.64   slack (MET)


Startpoint: rst (input port clocked by clk)
Endpoint: _409_ (recovery check against rising-edge clock clk)
Path Group: asynchronous
Path Type: max

Fanout     Cap    Slew   Delay    Time   Description
-----------------------------------------------------------------------------
                          0.00    0.00   clock clk (rise edge)
                          0.00    0.00   clock network delay (propagated)
                          2.00    2.00 v input external delay
                  0.01    0.00    2.00 v rst (in)
     1    0.00                           rst (net)
                  0.01    0.00    2.00 v input2/A (sky130_fd_sc_hd__buf_1)
                  0.06    0.10    2.11 v input2/X (sky130_fd_sc_hd__buf_1)
     3    0.01                           net2 (net)
                  0.06    0.00    2.11 v _355_/A (sky130_fd_sc_hd__buf_4)
                  0.07    0.19    2.30 v _355_/X (sky130_fd_sc_hd__buf_4)
    10    0.04                           _199_ (net)
                  0.07    0.00    2.30 v _356_/A (sky130_fd_sc_hd__buf_4)
                  0.07    0.20    2.49 v _356_/X (sky130_fd_sc_hd__buf_4)
    10    0.04                           _200_ (net)
                  0.07    0.00    2.49 v _358_/A (sky130_fd_sc_hd__inv_2)
                  0.03    0.06    2.55 ^ _358_/Y (sky130_fd_sc_hd__inv_2)
     1    0.00                           _003_ (net)
                  0.03    0.00    2.55 ^ _409_/RESET_B (sky130_fd_sc_hd__dfrtp_4)
                                  2.55   data arrival time

                         10.00   10.00   clock clk (rise edge)
                          0.00   10.00   clock source latency
                  0.04    0.03   10.03 ^ clk (in)
     1    0.01                           clk (net)
                  0.04    0.00   10.03 ^ clkbuf_0_clk/A (sky130_fd_sc_hd__clkbuf_16)
                  0.06    0.13   10.16 ^ clkbuf_0_clk/X (sky130_fd_sc_hd__clkbuf_16)
     4    0.04                           clknet_0_clk (net)
                  0.06    0.00   10.16 ^ clkbuf_2_2__f_clk/A (sky130_fd_sc_hd__clkbuf_16)
                  0.04    0.12   10.28 ^ clkbuf_2_2__f_clk/X (sky130_fd_sc_hd__clkbuf_16)
    10    0.02                           clknet_2_2__leaf_clk (net)
                  0.04    0.00   10.28 ^ _409_/CLK (sky130_fd_sc_hd__dfrtp_4)
                         -0.25   10.03   clock uncertainty
                          0.00   10.03   clock reconvergence pessimism
                          0.22   10.25   library recovery time
                                 10.25   data required time
-----------------------------------------------------------------------------
                                 10.25   data required time
                                 -2.55   data arrival time
-----------------------------------------------------------------------------
                                  7.70   slack (MET)


Startpoint: rst (input port clocked by clk)
Endpoint: _415_ (recovery check against rising-edge clock clk)
Path Group: asynchronous
Path Type: max

Fanout     Cap    Slew   Delay    Time   Description
-----------------------------------------------------------------------------
                          0.00    0.00   clock clk (rise edge)
                          0.00    0.00   clock network delay (propagated)
                          2.00    2.00 v input external delay
                  0.01    0.00    2.00 v rst (in)
     1    0.00                           rst (net)
                  0.01    0.00    2.00 v input2/A (sky130_fd_sc_hd__buf_1)
                  0.06    0.10    2.11 v input2/X (sky130_fd_sc_hd__buf_1)
     3    0.01                           net2 (net)
                  0.06    0.00    2.11 v _355_/A (sky130_fd_sc_hd__buf_4)
                  0.07    0.19    2.30 v _355_/X (sky130_fd_sc_hd__buf_4)
    10    0.04                           _199_ (net)
                  0.07    0.00    2.30 v _356_/A (sky130_fd_sc_hd__buf_4)
                  0.07    0.20    2.49 v _356_/X (sky130_fd_sc_hd__buf_4)
    10    0.04                           _200_ (net)
                  0.07    0.00    2.49 v _364_/A (sky130_fd_sc_hd__inv_2)
                  0.03    0.06    2.55 ^ _364_/Y (sky130_fd_sc_hd__inv_2)
     1    0.00                           _009_ (net)
                  0.03    0.00    2.55 ^ _415_/RESET_B (sky130_fd_sc_hd__dfrtp_1)
                                  2.55   data arrival time

                         10.00   10.00   clock clk (rise edge)
                          0.00   10.00   clock source latency
                  0.04    0.03   10.03 ^ clk (in)
     1    0.01                           clk (net)
                  0.04    0.00   10.03 ^ clkbuf_0_clk/A (sky130_fd_sc_hd__clkbuf_16)
                  0.06    0.13   10.16 ^ clkbuf_0_clk/X (sky130_fd_sc_hd__clkbuf_16)
     4    0.04                           clknet_0_clk (net)
                  0.06    0.00   10.16 ^ clkbuf_2_2__f_clk/A (sky130_fd_sc_hd__clkbuf_16)
                  0.04    0.12   10.28 ^ clkbuf_2_2__f_clk/X (sky130_fd_sc_hd__clkbuf_16)
    10    0.02                           clknet_2_2__leaf_clk (net)
                  0.04    0.00   10.28 ^ _415_/CLK (sky130_fd_sc_hd__dfrtp_1)
                         -0.25   10.03   clock uncertainty
                          0.00   10.03   clock reconvergence pessimism
                          0.23   10.26   library recovery time
                                 10.26   data required time
-----------------------------------------------------------------------------
                                 10.26   data required time
                                 -2.55   data arrival time
-----------------------------------------------------------------------------
                                  7.71   slack (MET)


Startpoint: rst (input port clocked by clk)
Endpoint: _412_ (recovery check against rising-edge clock clk)
Path Group: asynchronous
Path Type: max

Fanout     Cap    Slew   Delay    Time   Description
-----------------------------------------------------------------------------
                          0.00    0.00   clock clk (rise edge)
                          0.00    0.00   clock network delay (propagated)
                          2.00    2.00 v input external delay
                  0.01    0.00    2.00 v rst (in)
     1    0.00                           rst (net)
                  0.01    0.00    2.00 v input2/A (sky130_fd_sc_hd__buf_1)
                  0.06    0.10    2.11 v input2/X (sky130_fd_sc_hd__buf_1)
     3    0.01                           net2 (net)
                  0.06    0.00    2.11 v _355_/A (sky130_fd_sc_hd__buf_4)
                  0.07    0.19    2.30 v _355_/X (sky130_fd_sc_hd__buf_4)
    10    0.04                           _199_ (net)
                  0.07    0.00    2.30 v _356_/A (sky130_fd_sc_hd__buf_4)
                  0.07    0.20    2.49 v _356_/X (sky130_fd_sc_hd__buf_4)
    10    0.04                           _200_ (net)
                  0.07    0.00    2.49 v _361_/A (sky130_fd_sc_hd__inv_2)
                  0.03    0.06    2.55 ^ _361_/Y (sky130_fd_sc_hd__inv_2)
     1    0.00                           _006_ (net)
                  0.03    0.00    2.55 ^ _412_/RESET_B (sky130_fd_sc_hd__dfrtp_1)
                                  2.55   data arrival time

                         10.00   10.00   clock clk (rise edge)
                          0.00   10.00   clock source latency
                  0.04    0.03   10.03 ^ clk (in)
     1    0.01                           clk (net)
                  0.04    0.00   10.03 ^ clkbuf_0_clk/A (sky130_fd_sc_hd__clkbuf_16)
                  0.06    0.13   10.16 ^ clkbuf_0_clk/X (sky130_fd_sc_hd__clkbuf_16)
     4    0.04                           clknet_0_clk (net)
                  0.06    0.00   10.16 ^ clkbuf_2_2__f_clk/A (sky130_fd_sc_hd__clkbuf_16)
                  0.04    0.12   10.28 ^ clkbuf_2_2__f_clk/X (sky130_fd_sc_hd__clkbuf_16)
    10    0.02                           clknet_2_2__leaf_clk (net)
                  0.04    0.00   10.28 ^ _412_/CLK (sky130_fd_sc_hd__dfrtp_1)
                         -0.25   10.03   clock uncertainty
                          0.00   10.03   clock reconvergence pessimism
                          0.23   10.26   library recovery time
                                 10.26   data required time
-----------------------------------------------------------------------------
                                 10.26   data required time
                                 -2.55   data arrival time
-----------------------------------------------------------------------------
                                  7.71   slack (MET)


Startpoint: rst (input port clocked by clk)
Endpoint: _408_ (recovery check against rising-edge clock clk)
Path Group: asynchronous
Path Type: max

Fanout     Cap    Slew   Delay    Time   Description
-----------------------------------------------------------------------------
                          0.00    0.00   clock clk (rise edge)
                          0.00    0.00   clock network delay (propagated)
                          2.00    2.00 v input external delay
                  0.01    0.00    2.00 v rst (in)
     1    0.00                           rst (net)
                  0.01    0.00    2.00 v input2/A (sky130_fd_sc_hd__buf_1)
                  0.06    0.10    2.11 v input2/X (sky130_fd_sc_hd__buf_1)
     3    0.01                           net2 (net)
                  0.06    0.00    2.11 v _355_/A (sky130_fd_sc_hd__buf_4)
                  0.07    0.19    2.30 v _355_/X (sky130_fd_sc_hd__buf_4)
    10    0.04                           _199_ (net)
                  0.07    0.00    2.30 v _356_/A (sky130_fd_sc_hd__buf_4)
                  0.07    0.20    2.49 v _356_/X (sky130_fd_sc_hd__buf_4)
    10    0.04                           _200_ (net)
                  0.07    0.00    2.49 v _357_/A (sky130_fd_sc_hd__inv_2)
                  0.03    0.06    2.55 ^ _357_/Y (sky130_fd_sc_hd__inv_2)
     1    0.00                           _002_ (net)
                  0.03    0.00    2.55 ^ _408_/RESET_B (sky130_fd_sc_hd__dfrtp_4)
                                  2.55   data arrival time

                         10.00   10.00   clock clk (rise edge)
                          0.00   10.00   clock source latency
                  0.04    0.03   10.03 ^ clk (in)
     1    0.01                           clk (net)
                  0.04    0.00   10.03 ^ clkbuf_0_clk/A (sky130_fd_sc_hd__clkbuf_16)
                  0.06    0.13   10.16 ^ clkbuf_0_clk/X (sky130_fd_sc_hd__clkbuf_16)
     4    0.04                           clknet_0_clk (net)
                  0.06    0.00   10.16 ^ clkbuf_2_0__f_clk/A (sky130_fd_sc_hd__clkbuf_16)
                  0.05    0.13   10.29 ^ clkbuf_2_0__f_clk/X (sky130_fd_sc_hd__clkbuf_16)
    14    0.03                           clknet_2_0__leaf_clk (net)
                  0.05    0.00   10.29 ^ _408_/CLK (sky130_fd_sc_hd__dfrtp_4)
                         -0.25   10.04   clock uncertainty
                          0.00   10.04   clock reconvergence pessimism
                          0.22   10.26   library recovery time
                                 10.26   data required time
-----------------------------------------------------------------------------
                                 10.26   data required time
                                 -2.55   data arrival time
-----------------------------------------------------------------------------
                                  7.71   slack (MET)


Startpoint: rst (input port clocked by clk)
Endpoint: _413_ (recovery check against rising-edge clock clk)
Path Group: asynchronous
Path Type: max

Fanout     Cap    Slew   Delay    Time   Description
-----------------------------------------------------------------------------
                          0.00    0.00   clock clk (rise edge)
                          0.00    0.00   clock network delay (propagated)
                          2.00    2.00 v input external delay
                  0.01    0.00    2.00 v rst (in)
     1    0.00                           rst (net)
                  0.01    0.00    2.00 v input2/A (sky130_fd_sc_hd__buf_1)
                  0.06    0.10    2.11 v input2/X (sky130_fd_sc_hd__buf_1)
     3    0.01                           net2 (net)
                  0.06    0.00    2.11 v _355_/A (sky130_fd_sc_hd__buf_4)
                  0.07    0.19    2.30 v _355_/X (sky130_fd_sc_hd__buf_4)
    10    0.04                           _199_ (net)
                  0.07    0.00    2.30 v _356_/A (sky130_fd_sc_hd__buf_4)
                  0.07    0.20    2.49 v _356_/X (sky130_fd_sc_hd__buf_4)
    10    0.04                           _200_ (net)
                  0.07    0.00    2.49 v _362_/A (sky130_fd_sc_hd__inv_2)
                  0.03    0.06    2.55 ^ _362_/Y (sky130_fd_sc_hd__inv_2)
     1    0.00                           _007_ (net)
                  0.03    0.00    2.55 ^ _413_/RESET_B (sky130_fd_sc_hd__dfrtp_1)
                                  2.55   data arrival time

                         10.00   10.00   clock clk (rise edge)
                          0.00   10.00   clock source latency
                  0.04    0.03   10.03 ^ clk (in)
     1    0.01                           clk (net)
                  0.04    0.00   10.03 ^ clkbuf_0_clk/A (sky130_fd_sc_hd__clkbuf_16)
                  0.06    0.13   10.16 ^ clkbuf_0_clk/X (sky130_fd_sc_hd__clkbuf_16)
     4    0.04                           clknet_0_clk (net)
                  0.06    0.00   10.16 ^ clkbuf_2_2__f_clk/A (sky130_fd_sc_hd__clkbuf_16)
                  0.04    0.12   10.28 ^ clkbuf_2_2__f_clk/X (sky130_fd_sc_hd__clkbuf_16)
    10    0.02                           clknet_2_2__leaf_clk (net)
                  0.04    0.00   10.28 ^ _413_/CLK (sky130_fd_sc_hd__dfrtp_1)
                         -0.25   10.03   clock uncertainty
                          0.00   10.03   clock reconvergence pessimism
                          0.23   10.26   library recovery time
                                 10.26   data required time
-----------------------------------------------------------------------------
                                 10.26   data required time
                                 -2.55   data arrival time
-----------------------------------------------------------------------------
                                  7.71   slack (MET)


Startpoint: rst (input port clocked by clk)
Endpoint: _410_ (recovery check against rising-edge clock clk)
Path Group: asynchronous
Path Type: max

Fanout     Cap    Slew   Delay    Time   Description
-----------------------------------------------------------------------------
                          0.00    0.00   clock clk (rise edge)
                          0.00    0.00   clock network delay (propagated)
                          2.00    2.00 v input external delay
                  0.01    0.00    2.00 v rst (in)
     1    0.00                           rst (net)
                  0.01    0.00    2.00 v input2/A (sky130_fd_sc_hd__buf_1)
                  0.06    0.10    2.11 v input2/X (sky130_fd_sc_hd__buf_1)
     3    0.01                           net2 (net)
                  0.06    0.00    2.11 v _355_/A (sky130_fd_sc_hd__buf_4)
                  0.07    0.19    2.30 v _355_/X (sky130_fd_sc_hd__buf_4)
    10    0.04                           _199_ (net)
                  0.07    0.00    2.30 v _356_/A (sky130_fd_sc_hd__buf_4)
                  0.07    0.20    2.49 v _356_/X (sky130_fd_sc_hd__buf_4)
    10    0.04                           _200_ (net)
                  0.07    0.00    2.49 v _359_/A (sky130_fd_sc_hd__inv_2)
                  0.03    0.06    2.55 ^ _359_/Y (sky130_fd_sc_hd__inv_2)
     1    0.00                           _004_ (net)
                  0.03    0.00    2.55 ^ _410_/RESET_B (sky130_fd_sc_hd__dfrtp_2)
                                  2.55   data arrival time

                         10.00   10.00   clock clk (rise edge)
                          0.00   10.00   clock source latency
                  0.04    0.03   10.03 ^ clk (in)
     1    0.01                           clk (net)
                  0.04    0.00   10.03 ^ clkbuf_0_clk/A (sky130_fd_sc_hd__clkbuf_16)
                  0.06    0.13   10.16 ^ clkbuf_0_clk/X (sky130_fd_sc_hd__clkbuf_16)
     4    0.04                           clknet_0_clk (net)
                  0.06    0.00   10.16 ^ clkbuf_2_0__f_clk/A (sky130_fd_sc_hd__clkbuf_16)
                  0.05    0.13   10.29 ^ clkbuf_2_0__f_clk/X (sky130_fd_sc_hd__clkbuf_16)
    14    0.03                           clknet_2_0__leaf_clk (net)
                  0.05    0.00   10.29 ^ _410_/CLK (sky130_fd_sc_hd__dfrtp_2)
                         -0.25   10.04   clock uncertainty
                          0.00   10.04   clock reconvergence pessimism
                          0.22   10.26   library recovery time
                                 10.26   data required time
-----------------------------------------------------------------------------
                                 10.26   data required time
                                 -2.55   data arrival time
-----------------------------------------------------------------------------
                                  7.71   slack (MET)


Startpoint: rst (input port clocked by clk)
Endpoint: _414_ (recovery check against rising-edge clock clk)
Path Group: asynchronous
Path Type: max

Fanout     Cap    Slew   Delay    Time   Description
-----------------------------------------------------------------------------
                          0.00    0.00   clock clk (rise edge)
                          0.00    0.00   clock network delay (propagated)
                          2.00    2.00 v input external delay
                  0.01    0.00    2.00 v rst (in)
     1    0.00                           rst (net)
                  0.01    0.00    2.00 v input2/A (sky130_fd_sc_hd__buf_1)
                  0.06    0.10    2.11 v input2/X (sky130_fd_sc_hd__buf_1)
     3    0.01                           net2 (net)
                  0.06    0.00    2.11 v _355_/A (sky130_fd_sc_hd__buf_4)
                  0.07    0.19    2.30 v _355_/X (sky130_fd_sc_hd__buf_4)
    10    0.04                           _199_ (net)
                  0.07    0.00    2.30 v _356_/A (sky130_fd_sc_hd__buf_4)
                  0.07    0.20    2.49 v _356_/X (sky130_fd_sc_hd__buf_4)
    10    0.04                           _200_ (net)
                  0.07    0.00    2.49 v _363_/A (sky130_fd_sc_hd__inv_2)
                  0.03    0.06    2.55 ^ _363_/Y (sky130_fd_sc_hd__inv_2)
     1    0.00                           _008_ (net)
                  0.03    0.00    2.55 ^ _414_/RESET_B (sky130_fd_sc_hd__dfrtp_1)
                                  2.55   data arrival time

                         10.00   10.00   clock clk (rise edge)
                          0.00   10.00   clock source latency
                  0.04    0.03   10.03 ^ clk (in)
     1    0.01                           clk (net)
                  0.04    0.00   10.03 ^ clkbuf_0_clk/A (sky130_fd_sc_hd__clkbuf_16)
                  0.06    0.13   10.16 ^ clkbuf_0_clk/X (sky130_fd_sc_hd__clkbuf_16)
     4    0.04                           clknet_0_clk (net)
                  0.06    0.00   10.16 ^ clkbuf_2_2__f_clk/A (sky130_fd_sc_hd__clkbuf_16)
                  0.04    0.12   10.28 ^ clkbuf_2_2__f_clk/X (sky130_fd_sc_hd__clkbuf_16)
    10    0.02                           clknet_2_2__leaf_clk (net)
                  0.04    0.00   10.28 ^ _414_/CLK (sky130_fd_sc_hd__dfrtp_1)
                         -0.25   10.03   clock uncertainty
                          0.00   10.03   clock reconvergence pessimism
                          0.23   10.26   library recovery time
                                 10.26   data required time
-----------------------------------------------------------------------------
                                 10.26   data required time
                                 -2.55   data arrival time
-----------------------------------------------------------------------------
                                  7.71   slack (MET)


Startpoint: rst (input port clocked by clk)
Endpoint: _417_ (recovery check against rising-edge clock clk)
Path Group: asynchronous
Path Type: max

Fanout     Cap    Slew   Delay    Time   Description
-----------------------------------------------------------------------------
                          0.00    0.00   clock clk (rise edge)
                          0.00    0.00   clock network delay (propagated)
                          2.00    2.00 v input external delay
                  0.01    0.00    2.00 v rst (in)
     1    0.00                           rst (net)
                  0.01    0.00    2.00 v input2/A (sky130_fd_sc_hd__buf_1)
                  0.06    0.10    2.11 v input2/X (sky130_fd_sc_hd__buf_1)
     3    0.01                           net2 (net)
                  0.06    0.00    2.11 v _355_/A (sky130_fd_sc_hd__buf_4)
                  0.07    0.19    2.30 v _355_/X (sky130_fd_sc_hd__buf_4)
    10    0.04                           _199_ (net)
                  0.07    0.00    2.30 v _356_/A (sky130_fd_sc_hd__buf_4)
                  0.07    0.20    2.49 v _356_/X (sky130_fd_sc_hd__buf_4)
    10    0.04                           _200_ (net)
                  0.07    0.00    2.49 v _366_/A (sky130_fd_sc_hd__inv_2)
                  0.03    0.06    2.55 ^ _366_/Y (sky130_fd_sc_hd__inv_2)
     1    0.00                           _011_ (net)
                  0.03    0.00    2.55 ^ _417_/RESET_B (sky130_fd_sc_hd__dfrtp_1)
                                  2.55   data arrival time

                         10.00   10.00   clock clk (rise edge)
                          0.00   10.00   clock source latency
                  0.04    0.03   10.03 ^ clk (in)
     1    0.01                           clk (net)
                  0.04    0.00   10.03 ^ clkbuf_0_clk/A (sky130_fd_sc_hd__clkbuf_16)
                  0.06    0.13   10.16 ^ clkbuf_0_clk/X (sky130_fd_sc_hd__clkbuf_16)
     4    0.04                           clknet_0_clk (net)
                  0.06    0.00   10.16 ^ clkbuf_2_2__f_clk/A (sky130_fd_sc_hd__clkbuf_16)
                  0.04    0.12   10.28 ^ clkbuf_2_2__f_clk/X (sky130_fd_sc_hd__clkbuf_16)
    10    0.02                           clknet_2_2__leaf_clk (net)
                  0.04    0.00   10.28 ^ _417_/CLK (sky130_fd_sc_hd__dfrtp_1)
                         -0.25   10.03   clock uncertainty
                          0.00   10.03   clock reconvergence pessimism
                          0.23   10.26   library recovery time
                                 10.26   data required time
-----------------------------------------------------------------------------
                                 10.26   data required time
                                 -2.55   data arrival time
-----------------------------------------------------------------------------
                                  7.71   slack (MET)


Startpoint: rst (input port clocked by clk)
Endpoint: _416_ (recovery check against rising-edge clock clk)
Path Group: asynchronous
Path Type: max

Fanout     Cap    Slew   Delay    Time   Description
-----------------------------------------------------------------------------
                          0.00    0.00   clock clk (rise edge)
                          0.00    0.00   clock network delay (propagated)
                          2.00    2.00 v input external delay
                  0.01    0.00    2.00 v rst (in)
     1    0.00                           rst (net)
                  0.01    0.00    2.00 v input2/A (sky130_fd_sc_hd__buf_1)
                  0.06    0.10    2.11 v input2/X (sky130_fd_sc_hd__buf_1)
     3    0.01                           net2 (net)
                  0.06    0.00    2.11 v _355_/A (sky130_fd_sc_hd__buf_4)
                  0.07    0.19    2.30 v _355_/X (sky130_fd_sc_hd__buf_4)
    10    0.04                           _199_ (net)
                  0.07    0.00    2.30 v _356_/A (sky130_fd_sc_hd__buf_4)
                  0.07    0.20    2.49 v _356_/X (sky130_fd_sc_hd__buf_4)
    10    0.04                           _200_ (net)
                  0.07    0.00    2.49 v _365_/A (sky130_fd_sc_hd__inv_2)
                  0.03    0.06    2.55 ^ _365_/Y (sky130_fd_sc_hd__inv_2)
     1    0.00                           _010_ (net)
                  0.03    0.00    2.55 ^ _416_/RESET_B (sky130_fd_sc_hd__dfrtp_1)
                                  2.55   data arrival time

                         10.00   10.00   clock clk (rise edge)
                          0.00   10.00   clock source latency
                  0.04    0.03   10.03 ^ clk (in)
     1    0.01                           clk (net)
                  0.04    0.00   10.03 ^ clkbuf_0_clk/A (sky130_fd_sc_hd__clkbuf_16)
                  0.06    0.13   10.16 ^ clkbuf_0_clk/X (sky130_fd_sc_hd__clkbuf_16)
     4    0.04                           clknet_0_clk (net)
                  0.06    0.00   10.16 ^ clkbuf_2_2__f_clk/A (sky130_fd_sc_hd__clkbuf_16)
                  0.04    0.12   10.28 ^ clkbuf_2_2__f_clk/X (sky130_fd_sc_hd__clkbuf_16)
    10    0.02                           clknet_2_2__leaf_clk (net)
                  0.04    0.00   10.28 ^ _416_/CLK (sky130_fd_sc_hd__dfrtp_1)
                         -0.25   10.03   clock uncertainty
                          0.00   10.03   clock reconvergence pessimism
                          0.23   10.26   library recovery time
                                 10.26   data required time
-----------------------------------------------------------------------------
                                 10.26   data required time
                                 -2.55   data arrival time
-----------------------------------------------------------------------------
                                  7.71   slack (MET)


Startpoint: rst (input port clocked by clk)
Endpoint: _411_ (recovery check against rising-edge clock clk)
Path Group: asynchronous
Path Type: max

Fanout     Cap    Slew   Delay    Time   Description
-----------------------------------------------------------------------------
                          0.00    0.00   clock clk (rise edge)
                          0.00    0.00   clock network delay (propagated)
                          2.00    2.00 v input external delay
                  0.01    0.00    2.00 v rst (in)
     1    0.00                           rst (net)
                  0.01    0.00    2.00 v input2/A (sky130_fd_sc_hd__buf_1)
                  0.06    0.10    2.11 v input2/X (sky130_fd_sc_hd__buf_1)
     3    0.01                           net2 (net)
                  0.06    0.00    2.11 v _355_/A (sky130_fd_sc_hd__buf_4)
                  0.07    0.19    2.30 v _355_/X (sky130_fd_sc_hd__buf_4)
    10    0.04                           _199_ (net)
                  0.07    0.00    2.30 v _356_/A (sky130_fd_sc_hd__buf_4)
                  0.07    0.20    2.49 v _356_/X (sky130_fd_sc_hd__buf_4)
    10    0.04                           _200_ (net)
                  0.07    0.00    2.49 v _360_/A (sky130_fd_sc_hd__inv_2)
                  0.04    0.06    2.56 ^ _360_/Y (sky130_fd_sc_hd__inv_2)
     1    0.01                           _005_ (net)
                  0.04    0.00    2.56 ^ _411_/RESET_B (sky130_fd_sc_hd__dfrtp_1)
                                  2.56   data arrival time

                         10.00   10.00   clock clk (rise edge)
                          0.00   10.00   clock source latency
                  0.04    0.03   10.03 ^ clk (in)
     1    0.01                           clk (net)
                  0.04    0.00   10.03 ^ clkbuf_0_clk/A (sky130_fd_sc_hd__clkbuf_16)
                  0.06    0.13   10.16 ^ clkbuf_0_clk/X (sky130_fd_sc_hd__clkbuf_16)
     4    0.04                           clknet_0_clk (net)
                  0.06    0.00   10.16 ^ clkbuf_2_0__f_clk/A (sky130_fd_sc_hd__clkbuf_16)
                  0.05    0.13   10.29 ^ clkbuf_2_0__f_clk/X (sky130_fd_sc_hd__clkbuf_16)
    14    0.03                           clknet_2_0__leaf_clk (net)
                  0.05    0.00   10.29 ^ _411_/CLK (sky130_fd_sc_hd__dfrtp_1)
                         -0.25   10.04   clock uncertainty
                          0.00   10.04   clock reconvergence pessimism
                          0.23   10.27   library recovery time
                                 10.27   data required time
-----------------------------------------------------------------------------
                                 10.27   data required time
                                 -2.56   data arrival time
-----------------------------------------------------------------------------
                                  7.72   slack (MET)


Startpoint: rst (input port clocked by clk)
Endpoint: _425_ (recovery check against rising-edge clock clk)
Path Group: asynchronous
Path Type: max

Fanout     Cap    Slew   Delay    Time   Description
-----------------------------------------------------------------------------
                          0.00    0.00   clock clk (rise edge)
                          0.00    0.00   clock network delay (propagated)
                          2.00    2.00 v input external delay
                  0.01    0.00    2.00 v rst (in)
     1    0.00                           rst (net)
                  0.01    0.00    2.00 v input2/A (sky130_fd_sc_hd__buf_1)
                  0.06    0.10    2.11 v input2/X (sky130_fd_sc_hd__buf_1)
     3    0.01                           net2 (net)
                  0.06    0.00    2.11 v _355_/A (sky130_fd_sc_hd__buf_4)
                  0.07    0.19    2.30 v _355_/X (sky130_fd_sc_hd__buf_4)
    10    0.04                           _199_ (net)
                  0.07    0.00    2.30 v _367_/A (sky130_fd_sc_hd__clkbuf_8)
                  0.06    0.18    2.48 v _367_/X (sky130_fd_sc_hd__clkbuf_8)
    10    0.04                           _201_ (net)
                  0.06    0.00    2.48 v _375_/A (sky130_fd_sc_hd__inv_2)
                  0.03    0.06    2.54 ^ _375_/Y (sky130_fd_sc_hd__inv_2)
     1    0.00                           _019_ (net)
                  0.03    0.00    2.54 ^ _425_/RESET_B (sky130_fd_sc_hd__dfrtp_1)
                                  2.54   data arrival time

                         10.00   10.00   clock clk (rise edge)
                          0.00   10.00   clock source latency
                  0.04    0.03   10.03 ^ clk (in)
     1    0.01                           clk (net)
                  0.04    0.00   10.03 ^ clkbuf_0_clk/A (sky130_fd_sc_hd__clkbuf_16)
                  0.06    0.13   10.16 ^ clkbuf_0_clk/X (sky130_fd_sc_hd__clkbuf_16)
     4    0.04                           clknet_0_clk (net)
                  0.06    0.00   10.16 ^ clkbuf_2_2__f_clk/A (sky130_fd_sc_hd__clkbuf_16)
                  0.04    0.12   10.28 ^ clkbuf_2_2__f_clk/X (sky130_fd_sc_hd__clkbuf_16)
    10    0.02                           clknet_2_2__leaf_clk (net)
                  0.04    0.00   10.28 ^ _425_/CLK (sky130_fd_sc_hd__dfrtp_1)
                         -0.25   10.03   clock uncertainty
                          0.00   10.03   clock reconvergence pessimism
                          0.23   10.26   library recovery time
                                 10.26   data required time
-----------------------------------------------------------------------------
                                 10.26   data required time
                                 -2.54   data arrival time
-----------------------------------------------------------------------------
                                  7.73   slack (MET)


Startpoint: rst (input port clocked by clk)
Endpoint: _423_ (recovery check against rising-edge clock clk)
Path Group: asynchronous
Path Type: max

Fanout     Cap    Slew   Delay    Time   Description
-----------------------------------------------------------------------------
                          0.00    0.00   clock clk (rise edge)
                          0.00    0.00   clock network delay (propagated)
                          2.00    2.00 v input external delay
                  0.01    0.00    2.00 v rst (in)
     1    0.00                           rst (net)
                  0.01    0.00    2.00 v input2/A (sky130_fd_sc_hd__buf_1)
                  0.06    0.10    2.11 v input2/X (sky130_fd_sc_hd__buf_1)
     3    0.01                           net2 (net)
                  0.06    0.00    2.11 v _355_/A (sky130_fd_sc_hd__buf_4)
                  0.07    0.19    2.30 v _355_/X (sky130_fd_sc_hd__buf_4)
    10    0.04                           _199_ (net)
                  0.07    0.00    2.30 v _367_/A (sky130_fd_sc_hd__clkbuf_8)
                  0.06    0.18    2.48 v _367_/X (sky130_fd_sc_hd__clkbuf_8)
    10    0.04                           _201_ (net)
                  0.06    0.00    2.48 v _373_/A (sky130_fd_sc_hd__inv_2)
                  0.03    0.06    2.54 ^ _373_/Y (sky130_fd_sc_hd__inv_2)
     1    0.00                           _017_ (net)
                  0.03    0.00    2.54 ^ _423_/RESET_B (sky130_fd_sc_hd__dfrtp_1)
                                  2.54   data arrival time

                         10.00   10.00   clock clk (rise edge)
                          0.00   10.00   clock source latency
                  0.04    0.03   10.03 ^ clk (in)
     1    0.01                           clk (net)
                  0.04    0.00   10.03 ^ clkbuf_0_clk/A (sky130_fd_sc_hd__clkbuf_16)
                  0.06    0.13   10.16 ^ clkbuf_0_clk/X (sky130_fd_sc_hd__clkbuf_16)
     4    0.04                           clknet_0_clk (net)
                  0.06    0.00   10.16 ^ clkbuf_2_2__f_clk/A (sky130_fd_sc_hd__clkbuf_16)
                  0.04    0.12   10.28 ^ clkbuf_2_2__f_clk/X (sky130_fd_sc_hd__clkbuf_16)
    10    0.02                           clknet_2_2__leaf_clk (net)
                  0.04    0.00   10.28 ^ _423_/CLK (sky130_fd_sc_hd__dfrtp_1)
                         -0.25   10.03   clock uncertainty
                          0.00   10.03   clock reconvergence pessimism
                          0.23   10.26   library recovery time
                                 10.26   data required time
-----------------------------------------------------------------------------
                                 10.26   data required time
                                 -2.54   data arrival time
-----------------------------------------------------------------------------
                                  7.73   slack (MET)


Startpoint: rst (input port clocked by clk)
Endpoint: _422_ (recovery check against rising-edge clock clk)
Path Group: asynchronous
Path Type: max

Fanout     Cap    Slew   Delay    Time   Description
-----------------------------------------------------------------------------
                          0.00    0.00   clock clk (rise edge)
                          0.00    0.00   clock network delay (propagated)
                          2.00    2.00 v input external delay
                  0.01    0.00    2.00 v rst (in)
     1    0.00                           rst (net)
                  0.01    0.00    2.00 v input2/A (sky130_fd_sc_hd__buf_1)
                  0.06    0.10    2.11 v input2/X (sky130_fd_sc_hd__buf_1)
     3    0.01                           net2 (net)
                  0.06    0.00    2.11 v _355_/A (sky130_fd_sc_hd__buf_4)
                  0.07    0.19    2.30 v _355_/X (sky130_fd_sc_hd__buf_4)
    10    0.04                           _199_ (net)
                  0.07    0.00    2.30 v _367_/A (sky130_fd_sc_hd__clkbuf_8)
                  0.06    0.18    2.48 v _367_/X (sky130_fd_sc_hd__clkbuf_8)
    10    0.04                           _201_ (net)
                  0.06    0.00    2.48 v _372_/A (sky130_fd_sc_hd__inv_2)
                  0.03    0.05    2.54 ^ _372_/Y (sky130_fd_sc_hd__inv_2)
     1    0.00                           _016_ (net)
                  0.03    0.00    2.54 ^ _422_/RESET_B (sky130_fd_sc_hd__dfrtp_1)
                                  2.54   data arrival time

                         10.00   10.00   clock clk (rise edge)
                          0.00   10.00   clock source latency
                  0.04    0.03   10.03 ^ clk (in)
     1    0.01                           clk (net)
                  0.04    0.00   10.03 ^ clkbuf_0_clk/A (sky130_fd_sc_hd__clkbuf_16)
                  0.06    0.13   10.16 ^ clkbuf_0_clk/X (sky130_fd_sc_hd__clkbuf_16)
     4    0.04                           clknet_0_clk (net)
                  0.06    0.00   10.16 ^ clkbuf_2_2__f_clk/A (sky130_fd_sc_hd__clkbuf_16)
                  0.04    0.12   10.28 ^ clkbuf_2_2__f_clk/X (sky130_fd_sc_hd__clkbuf_16)
    10    0.02                           clknet_2_2__leaf_clk (net)
                  0.04    0.00   10.28 ^ _422_/CLK (sky130_fd_sc_hd__dfrtp_1)
                         -0.25   10.03   clock uncertainty
                          0.00   10.03   clock reconvergence pessimism
                          0.23   10.27   library recovery time
                                 10.27   data required time
-----------------------------------------------------------------------------
                                 10.27   data required time
                                 -2.54   data arrival time
-----------------------------------------------------------------------------
                                  7.73   slack (MET)


Startpoint: rst (input port clocked by clk)
Endpoint: _424_ (recovery check against rising-edge clock clk)
Path Group: asynchronous
Path Type: max

Fanout     Cap    Slew   Delay    Time   Description
-----------------------------------------------------------------------------
                          0.00    0.00   clock clk (rise edge)
                          0.00    0.00   clock network delay (propagated)
                          2.00    2.00 v input external delay
                  0.01    0.00    2.00 v rst (in)
     1    0.00                           rst (net)
                  0.01    0.00    2.00 v input2/A (sky130_fd_sc_hd__buf_1)
                  0.06    0.10    2.11 v input2/X (sky130_fd_sc_hd__buf_1)
     3    0.01                           net2 (net)
                  0.06    0.00    2.11 v _355_/A (sky130_fd_sc_hd__buf_4)
                  0.07    0.19    2.30 v _355_/X (sky130_fd_sc_hd__buf_4)
    10    0.04                           _199_ (net)
                  0.07    0.00    2.30 v _367_/A (sky130_fd_sc_hd__clkbuf_8)
                  0.06    0.18    2.48 v _367_/X (sky130_fd_sc_hd__clkbuf_8)
    10    0.04                           _201_ (net)
                  0.06    0.00    2.48 v _374_/A (sky130_fd_sc_hd__inv_2)
                  0.04    0.06    2.54 ^ _374_/Y (sky130_fd_sc_hd__inv_2)
     1    0.01                           _018_ (net)
                  0.04    0.00    2.54 ^ _424_/RESET_B (sky130_fd_sc_hd__dfrtp_2)
                                  2.54   data arrival time

                         10.00   10.00   clock clk (rise edge)
                          0.00   10.00   clock source latency
                  0.04    0.03   10.03 ^ clk (in)
     1    0.01                           clk (net)
                  0.04    0.00   10.03 ^ clkbuf_0_clk/A (sky130_fd_sc_hd__clkbuf_16)
                  0.06    0.13   10.16 ^ clkbuf_0_clk/X (sky130_fd_sc_hd__clkbuf_16)
     4    0.04                           clknet_0_clk (net)
                  0.06    0.00   10.16 ^ clkbuf_2_3__f_clk/A (sky130_fd_sc_hd__clkbuf_16)
                  0.06    0.14   10.30 ^ clkbuf_2_3__f_clk/X (sky130_fd_sc_hd__clkbuf_16)
    12    0.04                           clknet_2_3__leaf_clk (net)
                  0.06    0.00   10.30 ^ _424_/CLK (sky130_fd_sc_hd__dfrtp_2)
                         -0.25   10.05   clock uncertainty
                          0.00   10.05   clock reconvergence pessimism
                          0.23   10.27   library recovery time
                                 10.27   data required time
-----------------------------------------------------------------------------
                                 10.27   data required time
                                 -2.54   data arrival time
-----------------------------------------------------------------------------
                                  7.73   slack (MET)


Startpoint: rst (input port clocked by clk)
Endpoint: _418_ (recovery check against rising-edge clock clk)
Path Group: asynchronous
Path Type: max

Fanout     Cap    Slew   Delay    Time   Description
-----------------------------------------------------------------------------
                          0.00    0.00   clock clk (rise edge)
                          0.00    0.00   clock network delay (propagated)
                          2.00    2.00 v input external delay
                  0.01    0.00    2.00 v rst (in)
     1    0.00                           rst (net)
                  0.01    0.00    2.00 v input2/A (sky130_fd_sc_hd__buf_1)
                  0.06    0.10    2.11 v input2/X (sky130_fd_sc_hd__buf_1)
     3    0.01                           net2 (net)
                  0.06    0.00    2.11 v _355_/A (sky130_fd_sc_hd__buf_4)
                  0.07    0.19    2.30 v _355_/X (sky130_fd_sc_hd__buf_4)
    10    0.04                           _199_ (net)
                  0.07    0.00    2.30 v _367_/A (sky130_fd_sc_hd__clkbuf_8)
                  0.06    0.18    2.48 v _367_/X (sky130_fd_sc_hd__clkbuf_8)
    10    0.04                           _201_ (net)
                  0.06    0.00    2.48 v _368_/A (sky130_fd_sc_hd__inv_2)
                  0.03    0.06    2.54 ^ _368_/Y (sky130_fd_sc_hd__inv_2)
     1    0.01                           _012_ (net)
                  0.03    0.00    2.54 ^ _418_/RESET_B (sky130_fd_sc_hd__dfrtp_1)
                                  2.54   data arrival time

                         10.00   10.00   clock clk (rise edge)
                          0.00   10.00   clock source latency
                  0.04    0.03   10.03 ^ clk (in)
     1    0.01                           clk (net)
                  0.04    0.00   10.03 ^ clkbuf_0_clk/A (sky130_fd_sc_hd__clkbuf_16)
                  0.06    0.13   10.16 ^ clkbuf_0_clk/X (sky130_fd_sc_hd__clkbuf_16)
     4    0.04                           clknet_0_clk (net)
                  0.06    0.00   10.16 ^ clkbuf_2_3__f_clk/A (sky130_fd_sc_hd__clkbuf_16)
                  0.06    0.14   10.30 ^ clkbuf_2_3__f_clk/X (sky130_fd_sc_hd__clkbuf_16)
    12    0.04                           clknet_2_3__leaf_clk (net)
                  0.06    0.00   10.30 ^ _418_/CLK (sky130_fd_sc_hd__dfrtp_1)
                         -0.25   10.05   clock uncertainty
                          0.00   10.05   clock reconvergence pessimism
                          0.24   10.28   library recovery time
                                 10.28   data required time
-----------------------------------------------------------------------------
                                 10.28   data required time
                                 -2.54   data arrival time
-----------------------------------------------------------------------------
                                  7.74   slack (MET)


Startpoint: rst (input port clocked by clk)
Endpoint: _421_ (recovery check against rising-edge clock clk)
Path Group: asynchronous
Path Type: max

Fanout     Cap    Slew   Delay    Time   Description
-----------------------------------------------------------------------------
                          0.00    0.00   clock clk (rise edge)
                          0.00    0.00   clock network delay (propagated)
                          2.00    2.00 v input external delay
                  0.01    0.00    2.00 v rst (in)
     1    0.00                           rst (net)
                  0.01    0.00    2.00 v input2/A (sky130_fd_sc_hd__buf_1)
                  0.06    0.10    2.11 v input2/X (sky130_fd_sc_hd__buf_1)
     3    0.01                           net2 (net)
                  0.06    0.00    2.11 v _355_/A (sky130_fd_sc_hd__buf_4)
                  0.07    0.19    2.30 v _355_/X (sky130_fd_sc_hd__buf_4)
    10    0.04                           _199_ (net)
                  0.07    0.00    2.30 v _367_/A (sky130_fd_sc_hd__clkbuf_8)
                  0.06    0.18    2.48 v _367_/X (sky130_fd_sc_hd__clkbuf_8)
    10    0.04                           _201_ (net)
                  0.06    0.00    2.48 v _371_/A (sky130_fd_sc_hd__inv_2)
                  0.03    0.06    2.54 ^ _371_/Y (sky130_fd_sc_hd__inv_2)
     1    0.00                           _015_ (net)
                  0.03    0.00    2.54 ^ _421_/RESET_B (sky130_fd_sc_hd__dfrtp_1)
                                  2.54   data arrival time

                         10.00   10.00   clock clk (rise edge)
                          0.00   10.00   clock source latency
                  0.04    0.03   10.03 ^ clk (in)
     1    0.01                           clk (net)
                  0.04    0.00   10.03 ^ clkbuf_0_clk/A (sky130_fd_sc_hd__clkbuf_16)
                  0.06    0.13   10.16 ^ clkbuf_0_clk/X (sky130_fd_sc_hd__clkbuf_16)
     4    0.04                           clknet_0_clk (net)
                  0.06    0.00   10.16 ^ clkbuf_2_3__f_clk/A (sky130_fd_sc_hd__clkbuf_16)
                  0.06    0.14   10.30 ^ clkbuf_2_3__f_clk/X (sky130_fd_sc_hd__clkbuf_16)
    12    0.04                           clknet_2_3__leaf_clk (net)
                  0.06    0.00   10.30 ^ _421_/CLK (sky130_fd_sc_hd__dfrtp_1)
                         -0.25   10.05   clock uncertainty
                          0.00   10.05   clock reconvergence pessimism
                          0.24   10.28   library recovery time
                                 10.28   data required time
-----------------------------------------------------------------------------
                                 10.28   data required time
                                 -2.54   data arrival time
-----------------------------------------------------------------------------
                                  7.74   slack (MET)


Startpoint: rst (input port clocked by clk)
Endpoint: _426_ (recovery check against rising-edge clock clk)
Path Group: asynchronous
Path Type: max

Fanout     Cap    Slew   Delay    Time   Description
-----------------------------------------------------------------------------
                          0.00    0.00   clock clk (rise edge)
                          0.00    0.00   clock network delay (propagated)
                          2.00    2.00 v input external delay
                  0.01    0.00    2.00 v rst (in)
     1    0.00                           rst (net)
                  0.01    0.00    2.00 v input2/A (sky130_fd_sc_hd__buf_1)
                  0.06    0.10    2.11 v input2/X (sky130_fd_sc_hd__buf_1)
     3    0.01                           net2 (net)
                  0.06    0.00    2.11 v _355_/A (sky130_fd_sc_hd__buf_4)
                  0.07    0.19    2.30 v _355_/X (sky130_fd_sc_hd__buf_4)
    10    0.04                           _199_ (net)
                  0.07    0.00    2.30 v _367_/A (sky130_fd_sc_hd__clkbuf_8)
                  0.06    0.18    2.48 v _367_/X (sky130_fd_sc_hd__clkbuf_8)
    10    0.04                           _201_ (net)
                  0.06    0.00    2.48 v _376_/A (sky130_fd_sc_hd__inv_2)
                  0.03    0.06    2.54 ^ _376_/Y (sky130_fd_sc_hd__inv_2)
     1    0.00                           _020_ (net)
                  0.03    0.00    2.54 ^ _426_/RESET_B (sky130_fd_sc_hd__dfrtp_1)
                                  2.54   data arrival time

                         10.00   10.00   clock clk (rise edge)
                          0.00   10.00   clock source latency
                  0.04    0.03   10.03 ^ clk (in)
     1    0.01                           clk (net)
                  0.04    0.00   10.03 ^ clkbuf_0_clk/A (sky130_fd_sc_hd__clkbuf_16)
                  0.06    0.13   10.16 ^ clkbuf_0_clk/X (sky130_fd_sc_hd__clkbuf_16)
     4    0.04                           clknet_0_clk (net)
                  0.06    0.00   10.16 ^ clkbuf_2_3__f_clk/A (sky130_fd_sc_hd__clkbuf_16)
                  0.06    0.14   10.30 ^ clkbuf_2_3__f_clk/X (sky130_fd_sc_hd__clkbuf_16)
    12    0.04                           clknet_2_3__leaf_clk (net)
                  0.06    0.00   10.30 ^ _426_/CLK (sky130_fd_sc_hd__dfrtp_1)
                         -0.25   10.05   clock uncertainty
                          0.00   10.05   clock reconvergence pessimism
                          0.24   10.28   library recovery time
                                 10.28   data required time
-----------------------------------------------------------------------------
                                 10.28   data required time
                                 -2.54   data arrival time
-----------------------------------------------------------------------------
                                  7.74   slack (MET)


Startpoint: rst (input port clocked by clk)
Endpoint: _427_ (recovery check against rising-edge clock clk)
Path Group: asynchronous
Path Type: max

Fanout     Cap    Slew   Delay    Time   Description
-----------------------------------------------------------------------------
                          0.00    0.00   clock clk (rise edge)
                          0.00    0.00   clock network delay (propagated)
                          2.00    2.00 v input external delay
                  0.01    0.00    2.00 v rst (in)
     1    0.00                           rst (net)
                  0.01    0.00    2.00 v input2/A (sky130_fd_sc_hd__buf_1)
                  0.06    0.10    2.11 v input2/X (sky130_fd_sc_hd__buf_1)
     3    0.01                           net2 (net)
                  0.06    0.00    2.11 v _355_/A (sky130_fd_sc_hd__buf_4)
                  0.07    0.19    2.30 v _355_/X (sky130_fd_sc_hd__buf_4)
    10    0.04                           _199_ (net)
                  0.07    0.00    2.30 v _367_/A (sky130_fd_sc_hd__clkbuf_8)
                  0.06    0.18    2.48 v _367_/X (sky130_fd_sc_hd__clkbuf_8)
    10    0.04                           _201_ (net)
                  0.06    0.00    2.48 v _377_/A (sky130_fd_sc_hd__inv_2)
                  0.03    0.06    2.54 ^ _377_/Y (sky130_fd_sc_hd__inv_2)
     1    0.00                           _021_ (net)
                  0.03    0.00    2.54 ^ _427_/RESET_B (sky130_fd_sc_hd__dfrtp_1)
                                  2.54   data arrival time

                         10.00   10.00   clock clk (rise edge)
                          0.00   10.00   clock source latency
                  0.04    0.03   10.03 ^ clk (in)
     1    0.01                           clk (net)
                  0.04    0.00   10.03 ^ clkbuf_0_clk/A (sky130_fd_sc_hd__clkbuf_16)
                  0.06    0.13   10.16 ^ clkbuf_0_clk/X (sky130_fd_sc_hd__clkbuf_16)
     4    0.04                           clknet_0_clk (net)
                  0.06    0.00   10.16 ^ clkbuf_2_1__f_clk/A (sky130_fd_sc_hd__clkbuf_16)
                  0.06    0.14   10.29 ^ clkbuf_2_1__f_clk/X (sky130_fd_sc_hd__clkbuf_16)
    12    0.03                           clknet_2_1__leaf_clk (net)
                  0.06    0.00   10.30 ^ _427_/CLK (sky130_fd_sc_hd__dfrtp_1)
                         -0.25   10.05   clock uncertainty
                          0.00   10.05   clock reconvergence pessimism
                          0.24   10.28   library recovery time
                                 10.28   data required time
-----------------------------------------------------------------------------
                                 10.28   data required time
                                 -2.54   data arrival time
-----------------------------------------------------------------------------
                                  7.75   slack (MET)


Startpoint: rst (input port clocked by clk)
Endpoint: _419_ (recovery check against rising-edge clock clk)
Path Group: asynchronous
Path Type: max

Fanout     Cap    Slew   Delay    Time   Description
-----------------------------------------------------------------------------
                          0.00    0.00   clock clk (rise edge)
                          0.00    0.00   clock network delay (propagated)
                          2.00    2.00 v input external delay
                  0.01    0.00    2.00 v rst (in)
     1    0.00                           rst (net)
                  0.01    0.00    2.00 v input2/A (sky130_fd_sc_hd__buf_1)
                  0.06    0.10    2.11 v input2/X (sky130_fd_sc_hd__buf_1)
     3    0.01                           net2 (net)
                  0.06    0.00    2.11 v _355_/A (sky130_fd_sc_hd__buf_4)
                  0.07    0.19    2.30 v _355_/X (sky130_fd_sc_hd__buf_4)
    10    0.04                           _199_ (net)
                  0.07    0.00    2.30 v _367_/A (sky130_fd_sc_hd__clkbuf_8)
                  0.06    0.18    2.48 v _367_/X (sky130_fd_sc_hd__clkbuf_8)
    10    0.04                           _201_ (net)
                  0.06    0.00    2.48 v _369_/A (sky130_fd_sc_hd__inv_2)
                  0.03    0.06    2.54 ^ _369_/Y (sky130_fd_sc_hd__inv_2)
     1    0.00                           _013_ (net)
                  0.03    0.00    2.54 ^ _419_/RESET_B (sky130_fd_sc_hd__dfrtp_1)
                                  2.54   data arrival time

                         10.00   10.00   clock clk (rise edge)
                          0.00   10.00   clock source latency
                  0.04    0.03   10.03 ^ clk (in)
     1    0.01                           clk (net)
                  0.04    0.00   10.03 ^ clkbuf_0_clk/A (sky130_fd_sc_hd__clkbuf_16)
                  0.06    0.13   10.16 ^ clkbuf_0_clk/X (sky130_fd_sc_hd__clkbuf_16)
     4    0.04                           clknet_0_clk (net)
                  0.06    0.00   10.16 ^ clkbuf_2_3__f_clk/A (sky130_fd_sc_hd__clkbuf_16)
                  0.06    0.14   10.30 ^ clkbuf_2_3__f_clk/X (sky130_fd_sc_hd__clkbuf_16)
    12    0.04                           clknet_2_3__leaf_clk (net)
                  0.06    0.00   10.30 ^ _419_/CLK (sky130_fd_sc_hd__dfrtp_1)
                         -0.25   10.05   clock uncertainty
                          0.00   10.05   clock reconvergence pessimism
                          0.24   10.28   library recovery time
                                 10.28   data required time
-----------------------------------------------------------------------------
                                 10.28   data required time
                                 -2.54   data arrival time
-----------------------------------------------------------------------------
                                  7.75   slack (MET)


Startpoint: rst (input port clocked by clk)
Endpoint: _420_ (recovery check against rising-edge clock clk)
Path Group: asynchronous
Path Type: max

Fanout     Cap    Slew   Delay    Time   Description
-----------------------------------------------------------------------------
                          0.00    0.00   clock clk (rise edge)
                          0.00    0.00   clock network delay (propagated)
                          2.00    2.00 v input external delay
                  0.01    0.00    2.00 v rst (in)
     1    0.00                           rst (net)
                  0.01    0.00    2.00 v input2/A (sky130_fd_sc_hd__buf_1)
                  0.06    0.10    2.11 v input2/X (sky130_fd_sc_hd__buf_1)
     3    0.01                           net2 (net)
                  0.06    0.00    2.11 v _355_/A (sky130_fd_sc_hd__buf_4)
                  0.07    0.19    2.30 v _355_/X (sky130_fd_sc_hd__buf_4)
    10    0.04                           _199_ (net)
                  0.07    0.00    2.30 v _367_/A (sky130_fd_sc_hd__clkbuf_8)
                  0.06    0.18    2.48 v _367_/X (sky130_fd_sc_hd__clkbuf_8)
    10    0.04                           _201_ (net)
                  0.06    0.00    2.48 v _370_/A (sky130_fd_sc_hd__inv_2)
                  0.03    0.05    2.53 ^ _370_/Y (sky130_fd_sc_hd__inv_2)
     1    0.00                           _014_ (net)
                  0.03    0.00    2.53 ^ _420_/RESET_B (sky130_fd_sc_hd__dfrtp_1)
                                  2.53   data arrival time

                         10.00   10.00   clock clk (rise edge)
                          0.00   10.00   clock source latency
                  0.04    0.03   10.03 ^ clk (in)
     1    0.01                           clk (net)
                  0.04    0.00   10.03 ^ clkbuf_0_clk/A (sky130_fd_sc_hd__clkbuf_16)
                  0.06    0.13   10.16 ^ clkbuf_0_clk/X (sky130_fd_sc_hd__clkbuf_16)
     4    0.04                           clknet_0_clk (net)
                  0.06    0.00   10.16 ^ clkbuf_2_3__f_clk/A (sky130_fd_sc_hd__clkbuf_16)
                  0.06    0.14   10.30 ^ clkbuf_2_3__f_clk/X (sky130_fd_sc_hd__clkbuf_16)
    12    0.04                           clknet_2_3__leaf_clk (net)
                  0.06    0.00   10.30 ^ _420_/CLK (sky130_fd_sc_hd__dfrtp_1)
                         -0.25   10.05   clock uncertainty
                          0.00   10.05   clock reconvergence pessimism
                          0.24   10.28   library recovery time
                                 10.28   data required time
-----------------------------------------------------------------------------
                                 10.28   data required time
                                 -2.53   data arrival time
-----------------------------------------------------------------------------
                                  7.75   slack (MET)


Startpoint: rst (input port clocked by clk)
Endpoint: _436_ (recovery check against rising-edge clock clk)
Path Group: asynchronous
Path Type: max

Fanout     Cap    Slew   Delay    Time   Description
-----------------------------------------------------------------------------
                          0.00    0.00   clock clk (rise edge)
                          0.00    0.00   clock network delay (propagated)
                          2.00    2.00 v input external delay
                  0.01    0.00    2.00 v rst (in)
     1    0.00                           rst (net)
                  0.01    0.00    2.00 v input2/A (sky130_fd_sc_hd__buf_1)
                  0.06    0.10    2.11 v input2/X (sky130_fd_sc_hd__buf_1)
     3    0.01                           net2 (net)
                  0.06    0.00    2.11 v _378_/A (sky130_fd_sc_hd__buf_4)
                  0.07    0.19    2.30 v _378_/X (sky130_fd_sc_hd__buf_4)
    10    0.04                           _202_ (net)
                  0.07    0.00    2.30 v _387_/A (sky130_fd_sc_hd__inv_2)
                  0.03    0.06    2.36 ^ _387_/Y (sky130_fd_sc_hd__inv_2)
     1    0.00                           _030_ (net)
                  0.03    0.00    2.36 ^ _436_/SET_B (sky130_fd_sc_hd__dfstp_1)
                                  2.36   data arrival time

                         10.00   10.00   clock clk (rise edge)
                          0.00   10.00   clock source latency
                  0.04    0.03   10.03 ^ clk (in)
     1    0.01                           clk (net)
                  0.04    0.00   10.03 ^ clkbuf_0_clk/A (sky130_fd_sc_hd__clkbuf_16)
                  0.06    0.13   10.16 ^ clkbuf_0_clk/X (sky130_fd_sc_hd__clkbuf_16)
     4    0.04                           clknet_0_clk (net)
                  0.06    0.00   10.16 ^ clkbuf_2_3__f_clk/A (sky130_fd_sc_hd__clkbuf_16)
                  0.06    0.14   10.30 ^ clkbuf_2_3__f_clk/X (sky130_fd_sc_hd__clkbuf_16)
    12    0.04                           clknet_2_3__leaf_clk (net)
                  0.06    0.00   10.30 ^ _436_/CLK (sky130_fd_sc_hd__dfstp_1)
                         -0.25   10.05   clock uncertainty
                          0.00   10.05   clock reconvergence pessimism
                          0.14   10.19   library recovery time
                                 10.19   data required time
-----------------------------------------------------------------------------
                                 10.19   data required time
                                 -2.36   data arrival time
-----------------------------------------------------------------------------
                                  7.83   slack (MET)


Startpoint: _420_ (rising edge-triggered flip-flop clocked by clk)
Endpoint: _435_ (rising edge-triggered flip-flop clocked by clk)
Path Group: clk
Path Type: max

Fanout     Cap    Slew   Delay    Time   Description
-----------------------------------------------------------------------------
                          0.00    0.00   clock clk (rise edge)
                          0.00    0.00   clock source latency
                  0.04    0.03    0.03 ^ clk (in)
     1    0.01                           clk (net)
                  0.04    0.00    0.03 ^ clkbuf_0_clk/A (sky130_fd_sc_hd__clkbuf_16)
                  0.06    0.15    0.17 ^ clkbuf_0_clk/X (sky130_fd_sc_hd__clkbuf_16)
     4    0.04                           clknet_0_clk (net)
                  0.06    0.00    0.18 ^ clkbuf_2_3__f_clk/A (sky130_fd_sc_hd__clkbuf_16)
                  0.06    0.15    0.33 ^ clkbuf_2_3__f_clk/X (sky130_fd_sc_hd__clkbuf_16)
    12    0.04                           clknet_2_3__leaf_clk (net)
                  0.06    0.00    0.33 ^ _420_/CLK (sky130_fd_sc_hd__dfrtp_1)
                  0.09    0.43    0.76 v _420_/Q (sky130_fd_sc_hd__dfrtp_1)
     6    0.01                           clk_count[12] (net)
                  0.09    0.00    0.76 v _205_/B (sky130_fd_sc_hd__or4_1)
                  0.09    0.55    1.31 v _205_/X (sky130_fd_sc_hd__or4_1)
     1    0.00                           _097_ (net)
                  0.09    0.00    1.31 v _209_/A (sky130_fd_sc_hd__nor4_1)
                  0.37    0.42    1.72 ^ _209_/Y (sky130_fd_sc_hd__nor4_1)
     2    0.01                           _101_ (net)
                  0.37    0.00    1.72 ^ max_cap25/A (sky130_fd_sc_hd__buf_1)
                  0.14    0.21    1.93 ^ max_cap25/X (sky130_fd_sc_hd__buf_1)
     3    0.01                           net25 (net)
                  0.14    0.00    1.93 ^ _273_/A (sky130_fd_sc_hd__inv_2)
                  0.04    0.05    1.99 v _273_/Y (sky130_fd_sc_hd__inv_2)
     2    0.01                           _144_ (net)
                  0.04    0.00    1.99 v _274_/A2 (sky130_fd_sc_hd__a21oi_1)
                  0.12    0.15    2.14 ^ _274_/Y (sky130_fd_sc_hd__a21oi_1)
     1    0.00                           _075_ (net)
                  0.12    0.00    2.14 ^ _435_/D (sky130_fd_sc_hd__dfrtp_2)
                                  2.14   data arrival time

                         10.00   10.00   clock clk (rise edge)
                          0.00   10.00   clock source latency
                  0.04    0.03   10.03 ^ clk (in)
     1    0.01                           clk (net)
                  0.04    0.00   10.03 ^ clkbuf_0_clk/A (sky130_fd_sc_hd__clkbuf_16)
                  0.06    0.13   10.16 ^ clkbuf_0_clk/X (sky130_fd_sc_hd__clkbuf_16)
     4    0.04                           clknet_0_clk (net)
                  0.06    0.00   10.16 ^ clkbuf_2_0__f_clk/A (sky130_fd_sc_hd__clkbuf_16)
                  0.05    0.13   10.29 ^ clkbuf_2_0__f_clk/X (sky130_fd_sc_hd__clkbuf_16)
    14    0.03                           clknet_2_0__leaf_clk (net)
                  0.05    0.00   10.29 ^ _435_/CLK (sky130_fd_sc_hd__dfrtp_2)
                         -0.25   10.04   clock uncertainty
                          0.02   10.06   clock reconvergence pessimism
                         -0.08    9.97   library setup time
                                  9.97   data required time
-----------------------------------------------------------------------------
                                  9.97   data required time
                                 -2.14   data arrival time
-----------------------------------------------------------------------------
                                  7.84   slack (MET)


Startpoint: rst (input port clocked by clk)
Endpoint: _435_ (recovery check against rising-edge clock clk)
Path Group: asynchronous
Path Type: max

Fanout     Cap    Slew   Delay    Time   Description
-----------------------------------------------------------------------------
                          0.00    0.00   clock clk (rise edge)
                          0.00    0.00   clock network delay (propagated)
                          2.00    2.00 v input external delay
                  0.01    0.00    2.00 v rst (in)
     1    0.00                           rst (net)
                  0.01    0.00    2.00 v input2/A (sky130_fd_sc_hd__buf_1)
                  0.06    0.10    2.11 v input2/X (sky130_fd_sc_hd__buf_1)
     3    0.01                           net2 (net)
                  0.06    0.00    2.11 v _378_/A (sky130_fd_sc_hd__buf_4)
                  0.07    0.19    2.30 v _378_/X (sky130_fd_sc_hd__buf_4)
    10    0.04                           _202_ (net)
                  0.07    0.00    2.30 v _386_/A (sky130_fd_sc_hd__inv_2)
                  0.03    0.06    2.36 ^ _386_/Y (sky130_fd_sc_hd__inv_2)
     1    0.00                           _029_ (net)
                  0.03    0.00    2.36 ^ _435_/RESET_B (sky130_fd_sc_hd__dfrtp_2)
                                  2.36   data arrival time

                         10.00   10.00   clock clk (rise edge)
                          0.00   10.00   clock source latency
                  0.04    0.03   10.03 ^ clk (in)
     1    0.01                           clk (net)
                  0.04    0.00   10.03 ^ clkbuf_0_clk/A (sky130_fd_sc_hd__clkbuf_16)
                  0.06    0.13   10.16 ^ clkbuf_0_clk/X (sky130_fd_sc_hd__clkbuf_16)
     4    0.04                           clknet_0_clk (net)
                  0.06    0.00   10.16 ^ clkbuf_2_0__f_clk/A (sky130_fd_sc_hd__clkbuf_16)
                  0.05    0.13   10.29 ^ clkbuf_2_0__f_clk/X (sky130_fd_sc_hd__clkbuf_16)
    14    0.03                           clknet_2_0__leaf_clk (net)
                  0.05    0.00   10.29 ^ _435_/CLK (sky130_fd_sc_hd__dfrtp_2)
                         -0.25   10.04   clock uncertainty
                          0.00   10.04   clock reconvergence pessimism
                          0.22   10.26   library recovery time
                                 10.26   data required time
-----------------------------------------------------------------------------
                                 10.26   data required time
                                 -2.36   data arrival time
-----------------------------------------------------------------------------
                                  7.91   slack (MET)


Startpoint: rst (input port clocked by clk)
Endpoint: _432_ (recovery check against rising-edge clock clk)
Path Group: asynchronous
Path Type: max

Fanout     Cap    Slew   Delay    Time   Description
-----------------------------------------------------------------------------
                          0.00    0.00   clock clk (rise edge)
                          0.00    0.00   clock network delay (propagated)
                          2.00    2.00 v input external delay
                  0.01    0.00    2.00 v rst (in)
     1    0.00                           rst (net)
                  0.01    0.00    2.00 v input2/A (sky130_fd_sc_hd__buf_1)
                  0.06    0.10    2.11 v input2/X (sky130_fd_sc_hd__buf_1)
     3    0.01                           net2 (net)
                  0.06    0.00    2.11 v _378_/A (sky130_fd_sc_hd__buf_4)
                  0.07    0.19    2.30 v _378_/X (sky130_fd_sc_hd__buf_4)
    10    0.04                           _202_ (net)
                  0.07    0.00    2.30 v _383_/A (sky130_fd_sc_hd__inv_2)
                  0.04    0.06    2.36 ^ _383_/Y (sky130_fd_sc_hd__inv_2)
     1    0.01                           _026_ (net)
                  0.04    0.00    2.36 ^ _432_/RESET_B (sky130_fd_sc_hd__dfrtp_1)
                                  2.36   data arrival time

                         10.00   10.00   clock clk (rise edge)
                          0.00   10.00   clock source latency
                  0.04    0.03   10.03 ^ clk (in)
     1    0.01                           clk (net)
                  0.04    0.00   10.03 ^ clkbuf_0_clk/A (sky130_fd_sc_hd__clkbuf_16)
                  0.06    0.13   10.16 ^ clkbuf_0_clk/X (sky130_fd_sc_hd__clkbuf_16)
     4    0.04                           clknet_0_clk (net)
                  0.06    0.00   10.16 ^ clkbuf_2_0__f_clk/A (sky130_fd_sc_hd__clkbuf_16)
                  0.05    0.13   10.29 ^ clkbuf_2_0__f_clk/X (sky130_fd_sc_hd__clkbuf_16)
    14    0.03                           clknet_2_0__leaf_clk (net)
                  0.05    0.00   10.29 ^ _432_/CLK (sky130_fd_sc_hd__dfrtp_1)
                         -0.25   10.04   clock uncertainty
                          0.00   10.04   clock reconvergence pessimism
                          0.23   10.27   library recovery time
                                 10.27   data required time
-----------------------------------------------------------------------------
                                 10.27   data required time
                                 -2.36   data arrival time
-----------------------------------------------------------------------------
                                  7.91   slack (MET)


Startpoint: rst (input port clocked by clk)
Endpoint: _431_ (recovery check against rising-edge clock clk)
Path Group: asynchronous
Path Type: max

Fanout     Cap    Slew   Delay    Time   Description
-----------------------------------------------------------------------------
                          0.00    0.00   clock clk (rise edge)
                          0.00    0.00   clock network delay (propagated)
                          2.00    2.00 v input external delay
                  0.01    0.00    2.00 v rst (in)
     1    0.00                           rst (net)
                  0.01    0.00    2.00 v input2/A (sky130_fd_sc_hd__buf_1)
                  0.06    0.10    2.11 v input2/X (sky130_fd_sc_hd__buf_1)
     3    0.01                           net2 (net)
                  0.06    0.00    2.11 v _378_/A (sky130_fd_sc_hd__buf_4)
                  0.07    0.19    2.30 v _378_/X (sky130_fd_sc_hd__buf_4)
    10    0.04                           _202_ (net)
                  0.07    0.00    2.30 v _382_/A (sky130_fd_sc_hd__inv_2)
                  0.04    0.06    2.36 ^ _382_/Y (sky130_fd_sc_hd__inv_2)
     1    0.01                           _025_ (net)
                  0.04    0.00    2.36 ^ _431_/RESET_B (sky130_fd_sc_hd__dfrtp_1)
                                  2.36   data arrival time

                         10.00   10.00   clock clk (rise edge)
                          0.00   10.00   clock source latency
                  0.04    0.03   10.03 ^ clk (in)
     1    0.01                           clk (net)
                  0.04    0.00   10.03 ^ clkbuf_0_clk/A (sky130_fd_sc_hd__clkbuf_16)
                  0.06    0.13   10.16 ^ clkbuf_0_clk/X (sky130_fd_sc_hd__clkbuf_16)
     4    0.04                           clknet_0_clk (net)
                  0.06    0.00   10.16 ^ clkbuf_2_0__f_clk/A (sky130_fd_sc_hd__clkbuf_16)
                  0.05    0.13   10.29 ^ clkbuf_2_0__f_clk/X (sky130_fd_sc_hd__clkbuf_16)
    14    0.03                           clknet_2_0__leaf_clk (net)
                  0.05    0.00   10.29 ^ _431_/CLK (sky130_fd_sc_hd__dfrtp_1)
                         -0.25   10.04   clock uncertainty
                          0.00   10.04   clock reconvergence pessimism
                          0.23   10.27   library recovery time
                                 10.27   data required time
-----------------------------------------------------------------------------
                                 10.27   data required time
                                 -2.36   data arrival time
-----------------------------------------------------------------------------
                                  7.91   slack (MET)


Startpoint: rst (input port clocked by clk)
Endpoint: _447_ (recovery check against rising-edge clock clk)
Path Group: asynchronous
Path Type: max

Fanout     Cap    Slew   Delay    Time   Description
-----------------------------------------------------------------------------
                          0.00    0.00   clock clk (rise edge)
                          0.00    0.00   clock network delay (propagated)
                          2.00    2.00 v input external delay
                  0.01    0.00    2.00 v rst (in)
     1    0.00                           rst (net)
                  0.01    0.00    2.00 v input2/A (sky130_fd_sc_hd__buf_1)
                  0.06    0.10    2.11 v input2/X (sky130_fd_sc_hd__buf_1)
     3    0.01                           net2 (net)
                  0.06    0.00    2.11 v _389_/A (sky130_fd_sc_hd__buf_4)
                  0.07    0.19    2.30 v _389_/X (sky130_fd_sc_hd__buf_4)
    10    0.04                           _203_ (net)
                  0.07    0.00    2.30 v _399_/A (sky130_fd_sc_hd__inv_2)
                  0.04    0.06    2.36 ^ _399_/Y (sky130_fd_sc_hd__inv_2)
     1    0.01                           _041_ (net)
                  0.04    0.00    2.36 ^ _447_/RESET_B (sky130_fd_sc_hd__dfrtp_1)
                                  2.36   data arrival time

                         10.00   10.00   clock clk (rise edge)
                          0.00   10.00   clock source latency
                  0.04    0.03   10.03 ^ clk (in)
     1    0.01                           clk (net)
                  0.04    0.00   10.03 ^ clkbuf_0_clk/A (sky130_fd_sc_hd__clkbuf_16)
                  0.06    0.13   10.16 ^ clkbuf_0_clk/X (sky130_fd_sc_hd__clkbuf_16)
     4    0.04                           clknet_0_clk (net)
                  0.06    0.00   10.16 ^ clkbuf_2_0__f_clk/A (sky130_fd_sc_hd__clkbuf_16)
                  0.05    0.13   10.29 ^ clkbuf_2_0__f_clk/X (sky130_fd_sc_hd__clkbuf_16)
    14    0.03                           clknet_2_0__leaf_clk (net)
                  0.05    0.00   10.29 ^ _447_/CLK (sky130_fd_sc_hd__dfrtp_1)
                         -0.25   10.04   clock uncertainty
                          0.00   10.04   clock reconvergence pessimism
                          0.23   10.27   library recovery time
                                 10.27   data required time
-----------------------------------------------------------------------------
                                 10.27   data required time
                                 -2.36   data arrival time
-----------------------------------------------------------------------------
                                  7.91   slack (MET)


Startpoint: rst (input port clocked by clk)
Endpoint: _429_ (recovery check against rising-edge clock clk)
Path Group: asynchronous
Path Type: max

Fanout     Cap    Slew   Delay    Time   Description
-----------------------------------------------------------------------------
                          0.00    0.00   clock clk (rise edge)
                          0.00    0.00   clock network delay (propagated)
                          2.00    2.00 v input external delay
                  0.01    0.00    2.00 v rst (in)
     1    0.00                           rst (net)
                  0.01    0.00    2.00 v input2/A (sky130_fd_sc_hd__buf_1)
                  0.06    0.10    2.11 v input2/X (sky130_fd_sc_hd__buf_1)
     3    0.01                           net2 (net)
                  0.06    0.00    2.11 v _378_/A (sky130_fd_sc_hd__buf_4)
                  0.07    0.19    2.30 v _378_/X (sky130_fd_sc_hd__buf_4)
    10    0.04                           _202_ (net)
                  0.07    0.00    2.30 v _380_/A (sky130_fd_sc_hd__inv_2)
                  0.04    0.06    2.36 ^ _380_/Y (sky130_fd_sc_hd__inv_2)
     1    0.01                           _023_ (net)
                  0.04    0.00    2.36 ^ _429_/RESET_B (sky130_fd_sc_hd__dfrtp_1)
                                  2.36   data arrival time

                         10.00   10.00   clock clk (rise edge)
                          0.00   10.00   clock source latency
                  0.04    0.03   10.03 ^ clk (in)
     1    0.01                           clk (net)
                  0.04    0.00   10.03 ^ clkbuf_0_clk/A (sky130_fd_sc_hd__clkbuf_16)
                  0.06    0.13   10.16 ^ clkbuf_0_clk/X (sky130_fd_sc_hd__clkbuf_16)
     4    0.04                           clknet_0_clk (net)
                  0.06    0.00   10.16 ^ clkbuf_2_0__f_clk/A (sky130_fd_sc_hd__clkbuf_16)
                  0.05    0.13   10.29 ^ clkbuf_2_0__f_clk/X (sky130_fd_sc_hd__clkbuf_16)
    14    0.03                           clknet_2_0__leaf_clk (net)
                  0.05    0.00   10.29 ^ _429_/CLK (sky130_fd_sc_hd__dfrtp_1)
                         -0.25   10.04   clock uncertainty
                          0.00   10.04   clock reconvergence pessimism
                          0.23   10.27   library recovery time
                                 10.27   data required time
-----------------------------------------------------------------------------
                                 10.27   data required time
                                 -2.36   data arrival time
-----------------------------------------------------------------------------
                                  7.91   slack (MET)


Startpoint: rst (input port clocked by clk)
Endpoint: _430_ (recovery check against rising-edge clock clk)
Path Group: asynchronous
Path Type: max

Fanout     Cap    Slew   Delay    Time   Description
-----------------------------------------------------------------------------
                          0.00    0.00   clock clk (rise edge)
                          0.00    0.00   clock network delay (propagated)
                          2.00    2.00 v input external delay
                  0.01    0.00    2.00 v rst (in)
     1    0.00                           rst (net)
                  0.01    0.00    2.00 v input2/A (sky130_fd_sc_hd__buf_1)
                  0.06    0.10    2.11 v input2/X (sky130_fd_sc_hd__buf_1)
     3    0.01                           net2 (net)
                  0.06    0.00    2.11 v _378_/A (sky130_fd_sc_hd__buf_4)
                  0.07    0.19    2.30 v _378_/X (sky130_fd_sc_hd__buf_4)
    10    0.04                           _202_ (net)
                  0.07    0.00    2.30 v _381_/A (sky130_fd_sc_hd__inv_2)
                  0.03    0.06    2.36 ^ _381_/Y (sky130_fd_sc_hd__inv_2)
     1    0.00                           _024_ (net)
                  0.03    0.00    2.36 ^ _430_/RESET_B (sky130_fd_sc_hd__dfrtp_1)
                                  2.36   data arrival time

                         10.00   10.00   clock clk (rise edge)
                          0.00   10.00   clock source latency
                  0.04    0.03   10.03 ^ clk (in)
     1    0.01                           clk (net)
                  0.04    0.00   10.03 ^ clkbuf_0_clk/A (sky130_fd_sc_hd__clkbuf_16)
                  0.06    0.13   10.16 ^ clkbuf_0_clk/X (sky130_fd_sc_hd__clkbuf_16)
     4    0.04                           clknet_0_clk (net)
                  0.06    0.00   10.16 ^ clkbuf_2_0__f_clk/A (sky130_fd_sc_hd__clkbuf_16)
                  0.05    0.13   10.29 ^ clkbuf_2_0__f_clk/X (sky130_fd_sc_hd__clkbuf_16)
    14    0.03                           clknet_2_0__leaf_clk (net)
                  0.05    0.00   10.29 ^ _430_/CLK (sky130_fd_sc_hd__dfrtp_1)
                         -0.25   10.04   clock uncertainty
                          0.00   10.04   clock reconvergence pessimism
                          0.23   10.27   library recovery time
                                 10.27   data required time
-----------------------------------------------------------------------------
                                 10.27   data required time
                                 -2.36   data arrival time
-----------------------------------------------------------------------------
                                  7.91   slack (MET)


Startpoint: rst (input port clocked by clk)
Endpoint: _450_ (recovery check against rising-edge clock clk)
Path Group: asynchronous
Path Type: max

Fanout     Cap    Slew   Delay    Time   Description
-----------------------------------------------------------------------------
                          0.00    0.00   clock clk (rise edge)
                          0.00    0.00   clock network delay (propagated)
                          2.00    2.00 v input external delay
                  0.01    0.00    2.00 v rst (in)
     1    0.00                           rst (net)
                  0.01    0.00    2.00 v input2/A (sky130_fd_sc_hd__buf_1)
                  0.06    0.10    2.11 v input2/X (sky130_fd_sc_hd__buf_1)
     3    0.01                           net2 (net)
                  0.06    0.00    2.11 v _355_/A (sky130_fd_sc_hd__buf_4)
                  0.07    0.19    2.30 v _355_/X (sky130_fd_sc_hd__buf_4)
    10    0.04                           _199_ (net)
                  0.07    0.00    2.30 v _402_/A (sky130_fd_sc_hd__inv_2)
                  0.04    0.06    2.36 ^ _402_/Y (sky130_fd_sc_hd__inv_2)
     1    0.01                           _044_ (net)
                  0.04    0.00    2.36 ^ _450_/RESET_B (sky130_fd_sc_hd__dfrtp_1)
                                  2.36   data arrival time

                         10.00   10.00   clock clk (rise edge)
                          0.00   10.00   clock source latency
                  0.04    0.03   10.03 ^ clk (in)
     1    0.01                           clk (net)
                  0.04    0.00   10.03 ^ clkbuf_0_clk/A (sky130_fd_sc_hd__clkbuf_16)
                  0.06    0.13   10.16 ^ clkbuf_0_clk/X (sky130_fd_sc_hd__clkbuf_16)
     4    0.04                           clknet_0_clk (net)
                  0.06    0.00   10.16 ^ clkbuf_2_0__f_clk/A (sky130_fd_sc_hd__clkbuf_16)
                  0.05    0.13   10.29 ^ clkbuf_2_0__f_clk/X (sky130_fd_sc_hd__clkbuf_16)
    14    0.03                           clknet_2_0__leaf_clk (net)
                  0.05    0.00   10.29 ^ _450_/CLK (sky130_fd_sc_hd__dfrtp_1)
                         -0.25   10.04   clock uncertainty
                          0.00   10.04   clock reconvergence pessimism
                          0.23   10.27   library recovery time
                                 10.27   data required time
-----------------------------------------------------------------------------
                                 10.27   data required time
                                 -2.36   data arrival time
-----------------------------------------------------------------------------
                                  7.91   slack (MET)


Startpoint: rst (input port clocked by clk)
Endpoint: _428_ (recovery check against rising-edge clock clk)
Path Group: asynchronous
Path Type: max

Fanout     Cap    Slew   Delay    Time   Description
-----------------------------------------------------------------------------
                          0.00    0.00   clock clk (rise edge)
                          0.00    0.00   clock network delay (propagated)
                          2.00    2.00 v input external delay
                  0.01    0.00    2.00 v rst (in)
     1    0.00                           rst (net)
                  0.01    0.00    2.00 v input2/A (sky130_fd_sc_hd__buf_1)
                  0.06    0.10    2.11 v input2/X (sky130_fd_sc_hd__buf_1)
     3    0.01                           net2 (net)
                  0.06    0.00    2.11 v _378_/A (sky130_fd_sc_hd__buf_4)
                  0.07    0.19    2.30 v _378_/X (sky130_fd_sc_hd__buf_4)
    10    0.04                           _202_ (net)
                  0.07    0.00    2.30 v _379_/A (sky130_fd_sc_hd__inv_2)
                  0.03    0.06    2.36 ^ _379_/Y (sky130_fd_sc_hd__inv_2)
     1    0.00                           _022_ (net)
                  0.03    0.00    2.36 ^ _428_/RESET_B (sky130_fd_sc_hd__dfrtp_1)
                                  2.36   data arrival time

                         10.00   10.00   clock clk (rise edge)
                          0.00   10.00   clock source latency
                  0.04    0.03   10.03 ^ clk (in)
     1    0.01                           clk (net)
                  0.04    0.00   10.03 ^ clkbuf_0_clk/A (sky130_fd_sc_hd__clkbuf_16)
                  0.06    0.13   10.16 ^ clkbuf_0_clk/X (sky130_fd_sc_hd__clkbuf_16)
     4    0.04                           clknet_0_clk (net)
                  0.06    0.00   10.16 ^ clkbuf_2_0__f_clk/A (sky130_fd_sc_hd__clkbuf_16)
                  0.05    0.13   10.29 ^ clkbuf_2_0__f_clk/X (sky130_fd_sc_hd__clkbuf_16)
    14    0.03                           clknet_2_0__leaf_clk (net)
                  0.05    0.00   10.29 ^ _428_/CLK (sky130_fd_sc_hd__dfrtp_1)
                         -0.25   10.04   clock uncertainty
                          0.00   10.04   clock reconvergence pessimism
                          0.24   10.27   library recovery time
                                 10.27   data required time
-----------------------------------------------------------------------------
                                 10.27   data required time
                                 -2.36   data arrival time
-----------------------------------------------------------------------------
                                  7.92   slack (MET)


Startpoint: rst (input port clocked by clk)
Endpoint: _451_ (recovery check against rising-edge clock clk)
Path Group: asynchronous
Path Type: max

Fanout     Cap    Slew   Delay    Time   Description
-----------------------------------------------------------------------------
                          0.00    0.00   clock clk (rise edge)
                          0.00    0.00   clock network delay (propagated)
                          2.00    2.00 v input external delay
                  0.01    0.00    2.00 v rst (in)
     1    0.00                           rst (net)
                  0.01    0.00    2.00 v input2/A (sky130_fd_sc_hd__buf_1)
                  0.06    0.10    2.11 v input2/X (sky130_fd_sc_hd__buf_1)
     3    0.01                           net2 (net)
                  0.06    0.00    2.11 v _355_/A (sky130_fd_sc_hd__buf_4)
                  0.07    0.19    2.30 v _355_/X (sky130_fd_sc_hd__buf_4)
    10    0.04                           _199_ (net)
                  0.07    0.00    2.30 v _403_/A (sky130_fd_sc_hd__inv_2)
                  0.03    0.06    2.36 ^ _403_/Y (sky130_fd_sc_hd__inv_2)
     1    0.00                           _045_ (net)
                  0.03    0.00    2.36 ^ _451_/RESET_B (sky130_fd_sc_hd__dfrtp_1)
                                  2.36   data arrival time

                         10.00   10.00   clock clk (rise edge)
                          0.00   10.00   clock source latency
                  0.04    0.03   10.03 ^ clk (in)
     1    0.01                           clk (net)
                  0.04    0.00   10.03 ^ clkbuf_0_clk/A (sky130_fd_sc_hd__clkbuf_16)
                  0.06    0.13   10.16 ^ clkbuf_0_clk/X (sky130_fd_sc_hd__clkbuf_16)
     4    0.04                           clknet_0_clk (net)
                  0.06    0.00   10.16 ^ clkbuf_2_0__f_clk/A (sky130_fd_sc_hd__clkbuf_16)
                  0.05    0.13   10.29 ^ clkbuf_2_0__f_clk/X (sky130_fd_sc_hd__clkbuf_16)
    14    0.03                           clknet_2_0__leaf_clk (net)
                  0.05    0.00   10.29 ^ _451_/CLK (sky130_fd_sc_hd__dfrtp_1)
                         -0.25   10.04   clock uncertainty
                          0.00   10.04   clock reconvergence pessimism
                          0.23   10.27   library recovery time
                                 10.27   data required time
-----------------------------------------------------------------------------
                                 10.27   data required time
                                 -2.36   data arrival time
-----------------------------------------------------------------------------
                                  7.92   slack (MET)


Startpoint: rst (input port clocked by clk)
Endpoint: _449_ (recovery check against rising-edge clock clk)
Path Group: asynchronous
Path Type: max

Fanout     Cap    Slew   Delay    Time   Description
-----------------------------------------------------------------------------
                          0.00    0.00   clock clk (rise edge)
                          0.00    0.00   clock network delay (propagated)
                          2.00    2.00 v input external delay
                  0.01    0.00    2.00 v rst (in)
     1    0.00                           rst (net)
                  0.01    0.00    2.00 v input2/A (sky130_fd_sc_hd__buf_1)
                  0.06    0.10    2.11 v input2/X (sky130_fd_sc_hd__buf_1)
     3    0.01                           net2 (net)
                  0.06    0.00    2.11 v _355_/A (sky130_fd_sc_hd__buf_4)
                  0.07    0.19    2.30 v _355_/X (sky130_fd_sc_hd__buf_4)
    10    0.04                           _199_ (net)
                  0.07    0.00    2.30 v _401_/A (sky130_fd_sc_hd__inv_2)
                  0.03    0.06    2.35 ^ _401_/Y (sky130_fd_sc_hd__inv_2)
     1    0.00                           _043_ (net)
                  0.03    0.00    2.35 ^ _449_/RESET_B (sky130_fd_sc_hd__dfrtp_1)
                                  2.35   data arrival time

                         10.00   10.00   clock clk (rise edge)
                          0.00   10.00   clock source latency
                  0.04    0.03   10.03 ^ clk (in)
     1    0.01                           clk (net)
                  0.04    0.00   10.03 ^ clkbuf_0_clk/A (sky130_fd_sc_hd__clkbuf_16)
                  0.06    0.13   10.16 ^ clkbuf_0_clk/X (sky130_fd_sc_hd__clkbuf_16)
     4    0.04                           clknet_0_clk (net)
                  0.06    0.00   10.16 ^ clkbuf_2_0__f_clk/A (sky130_fd_sc_hd__clkbuf_16)
                  0.05    0.13   10.29 ^ clkbuf_2_0__f_clk/X (sky130_fd_sc_hd__clkbuf_16)
    14    0.03                           clknet_2_0__leaf_clk (net)
                  0.05    0.00   10.29 ^ _449_/CLK (sky130_fd_sc_hd__dfrtp_1)
                         -0.25   10.04   clock uncertainty
                          0.00   10.04   clock reconvergence pessimism
                          0.24   10.27   library recovery time
                                 10.27   data required time
-----------------------------------------------------------------------------
                                 10.27   data required time
                                 -2.35   data arrival time
-----------------------------------------------------------------------------
                                  7.92   slack (MET)


Startpoint: rst (input port clocked by clk)
Endpoint: _443_ (recovery check against rising-edge clock clk)
Path Group: asynchronous
Path Type: max

Fanout     Cap    Slew   Delay    Time   Description
-----------------------------------------------------------------------------
                          0.00    0.00   clock clk (rise edge)
                          0.00    0.00   clock network delay (propagated)
                          2.00    2.00 v input external delay
                  0.01    0.00    2.00 v rst (in)
     1    0.00                           rst (net)
                  0.01    0.00    2.00 v input2/A (sky130_fd_sc_hd__buf_1)
                  0.06    0.10    2.11 v input2/X (sky130_fd_sc_hd__buf_1)
     3    0.01                           net2 (net)
                  0.06    0.00    2.11 v _389_/A (sky130_fd_sc_hd__buf_4)
                  0.07    0.19    2.30 v _389_/X (sky130_fd_sc_hd__buf_4)
    10    0.04                           _203_ (net)
                  0.07    0.00    2.30 v _395_/A (sky130_fd_sc_hd__inv_2)
                  0.03    0.06    2.36 ^ _395_/Y (sky130_fd_sc_hd__inv_2)
     1    0.01                           _037_ (net)
                  0.03    0.00    2.36 ^ _443_/RESET_B (sky130_fd_sc_hd__dfrtp_1)
                                  2.36   data arrival time

                         10.00   10.00   clock clk (rise edge)
                          0.00   10.00   clock source latency
                  0.04    0.03   10.03 ^ clk (in)
     1    0.01                           clk (net)
                  0.04    0.00   10.03 ^ clkbuf_0_clk/A (sky130_fd_sc_hd__clkbuf_16)
                  0.06    0.13   10.16 ^ clkbuf_0_clk/X (sky130_fd_sc_hd__clkbuf_16)
     4    0.04                           clknet_0_clk (net)
                  0.06    0.00   10.16 ^ clkbuf_2_1__f_clk/A (sky130_fd_sc_hd__clkbuf_16)
                  0.06    0.14   10.29 ^ clkbuf_2_1__f_clk/X (sky130_fd_sc_hd__clkbuf_16)
    12    0.03                           clknet_2_1__leaf_clk (net)
                  0.06    0.00   10.30 ^ _443_/CLK (sky130_fd_sc_hd__dfrtp_1)
                         -0.25   10.05   clock uncertainty
                          0.00   10.05   clock reconvergence pessimism
                          0.24   10.28   library recovery time
                                 10.28   data required time
-----------------------------------------------------------------------------
                                 10.28   data required time
                                 -2.36   data arrival time
-----------------------------------------------------------------------------
                                  7.92   slack (MET)


Startpoint: rst (input port clocked by clk)
Endpoint: _448_ (recovery check against rising-edge clock clk)
Path Group: asynchronous
Path Type: max

Fanout     Cap    Slew   Delay    Time   Description
-----------------------------------------------------------------------------
                          0.00    0.00   clock clk (rise edge)
                          0.00    0.00   clock network delay (propagated)
                          2.00    2.00 v input external delay
                  0.01    0.00    2.00 v rst (in)
     1    0.00                           rst (net)
                  0.01    0.00    2.00 v input2/A (sky130_fd_sc_hd__buf_1)
                  0.06    0.10    2.11 v input2/X (sky130_fd_sc_hd__buf_1)
     3    0.01                           net2 (net)
                  0.06    0.00    2.11 v _355_/A (sky130_fd_sc_hd__buf_4)
                  0.07    0.19    2.30 v _355_/X (sky130_fd_sc_hd__buf_4)
    10    0.04                           _199_ (net)
                  0.07    0.00    2.30 v _400_/A (sky130_fd_sc_hd__inv_2)
                  0.03    0.06    2.35 ^ _400_/Y (sky130_fd_sc_hd__inv_2)
     1    0.00                           _042_ (net)
                  0.03    0.00    2.35 ^ _448_/RESET_B (sky130_fd_sc_hd__dfrtp_1)
                                  2.35   data arrival time

                         10.00   10.00   clock clk (rise edge)
                          0.00   10.00   clock source latency
                  0.04    0.03   10.03 ^ clk (in)
     1    0.01                           clk (net)
                  0.04    0.00   10.03 ^ clkbuf_0_clk/A (sky130_fd_sc_hd__clkbuf_16)
                  0.06    0.13   10.16 ^ clkbuf_0_clk/X (sky130_fd_sc_hd__clkbuf_16)
     4    0.04                           clknet_0_clk (net)
                  0.06    0.00   10.16 ^ clkbuf_2_0__f_clk/A (sky130_fd_sc_hd__clkbuf_16)
                  0.05    0.13   10.29 ^ clkbuf_2_0__f_clk/X (sky130_fd_sc_hd__clkbuf_16)
    14    0.03                           clknet_2_0__leaf_clk (net)
                  0.05    0.00   10.29 ^ _448_/CLK (sky130_fd_sc_hd__dfrtp_1)
                         -0.25   10.04   clock uncertainty
                          0.00   10.04   clock reconvergence pessimism
                          0.24   10.27   library recovery time
                                 10.27   data required time
-----------------------------------------------------------------------------
                                 10.27   data required time
                                 -2.35   data arrival time
-----------------------------------------------------------------------------
                                  7.92   slack (MET)


Startpoint: rst (input port clocked by clk)
Endpoint: _440_ (recovery check against rising-edge clock clk)
Path Group: asynchronous
Path Type: max

Fanout     Cap    Slew   Delay    Time   Description
-----------------------------------------------------------------------------
                          0.00    0.00   clock clk (rise edge)
                          0.00    0.00   clock network delay (propagated)
                          2.00    2.00 v input external delay
                  0.01    0.00    2.00 v rst (in)
     1    0.00                           rst (net)
                  0.01    0.00    2.00 v input2/A (sky130_fd_sc_hd__buf_1)
                  0.06    0.10    2.11 v input2/X (sky130_fd_sc_hd__buf_1)
     3    0.01                           net2 (net)
                  0.06    0.00    2.11 v _389_/A (sky130_fd_sc_hd__buf_4)
                  0.07    0.19    2.30 v _389_/X (sky130_fd_sc_hd__buf_4)
    10    0.04                           _203_ (net)
                  0.07    0.00    2.30 v _392_/A (sky130_fd_sc_hd__inv_2)
                  0.03    0.06    2.36 ^ _392_/Y (sky130_fd_sc_hd__inv_2)
     1    0.01                           _034_ (net)
                  0.03    0.00    2.36 ^ _440_/RESET_B (sky130_fd_sc_hd__dfrtp_1)
                                  2.36   data arrival time

                         10.00   10.00   clock clk (rise edge)
                          0.00   10.00   clock source latency
                  0.04    0.03   10.03 ^ clk (in)
     1    0.01                           clk (net)
                  0.04    0.00   10.03 ^ clkbuf_0_clk/A (sky130_fd_sc_hd__clkbuf_16)
                  0.06    0.13   10.16 ^ clkbuf_0_clk/X (sky130_fd_sc_hd__clkbuf_16)
     4    0.04                           clknet_0_clk (net)
                  0.06    0.00   10.16 ^ clkbuf_2_3__f_clk/A (sky130_fd_sc_hd__clkbuf_16)
                  0.06    0.14   10.30 ^ clkbuf_2_3__f_clk/X (sky130_fd_sc_hd__clkbuf_16)
    12    0.04                           clknet_2_3__leaf_clk (net)
                  0.06    0.00   10.30 ^ _440_/CLK (sky130_fd_sc_hd__dfrtp_1)
                         -0.25   10.05   clock uncertainty
                          0.00   10.05   clock reconvergence pessimism
                          0.24   10.28   library recovery time
                                 10.28   data required time
-----------------------------------------------------------------------------
                                 10.28   data required time
                                 -2.36   data arrival time
-----------------------------------------------------------------------------
                                  7.92   slack (MET)


Startpoint: rst (input port clocked by clk)
Endpoint: _442_ (recovery check against rising-edge clock clk)
Path Group: asynchronous
Path Type: max

Fanout     Cap    Slew   Delay    Time   Description
-----------------------------------------------------------------------------
                          0.00    0.00   clock clk (rise edge)
                          0.00    0.00   clock network delay (propagated)
                          2.00    2.00 v input external delay
                  0.01    0.00    2.00 v rst (in)
     1    0.00                           rst (net)
                  0.01    0.00    2.00 v input2/A (sky130_fd_sc_hd__buf_1)
                  0.06    0.10    2.11 v input2/X (sky130_fd_sc_hd__buf_1)
     3    0.01                           net2 (net)
                  0.06    0.00    2.11 v _389_/A (sky130_fd_sc_hd__buf_4)
                  0.07    0.19    2.30 v _389_/X (sky130_fd_sc_hd__buf_4)
    10    0.04                           _203_ (net)
                  0.07    0.00    2.30 v _394_/A (sky130_fd_sc_hd__inv_2)
                  0.03    0.06    2.36 ^ _394_/Y (sky130_fd_sc_hd__inv_2)
     1    0.00                           _036_ (net)
                  0.03    0.00    2.36 ^ _442_/RESET_B (sky130_fd_sc_hd__dfrtp_1)
                                  2.36   data arrival time

                         10.00   10.00   clock clk (rise edge)
                          0.00   10.00   clock source latency
                  0.04    0.03   10.03 ^ clk (in)
     1    0.01                           clk (net)
                  0.04    0.00   10.03 ^ clkbuf_0_clk/A (sky130_fd_sc_hd__clkbuf_16)
                  0.06    0.13   10.16 ^ clkbuf_0_clk/X (sky130_fd_sc_hd__clkbuf_16)
     4    0.04                           clknet_0_clk (net)
                  0.06    0.00   10.16 ^ clkbuf_2_1__f_clk/A (sky130_fd_sc_hd__clkbuf_16)
                  0.06    0.14   10.29 ^ clkbuf_2_1__f_clk/X (sky130_fd_sc_hd__clkbuf_16)
    12    0.03                           clknet_2_1__leaf_clk (net)
                  0.06    0.00   10.30 ^ _442_/CLK (sky130_fd_sc_hd__dfrtp_1)
                         -0.25   10.05   clock uncertainty
                          0.00   10.05   clock reconvergence pessimism
                          0.24   10.28   library recovery time
                                 10.28   data required time
-----------------------------------------------------------------------------
                                 10.28   data required time
                                 -2.36   data arrival time
-----------------------------------------------------------------------------
                                  7.92   slack (MET)


Startpoint: rst (input port clocked by clk)
Endpoint: _441_ (recovery check against rising-edge clock clk)
Path Group: asynchronous
Path Type: max

Fanout     Cap    Slew   Delay    Time   Description
-----------------------------------------------------------------------------
                          0.00    0.00   clock clk (rise edge)
                          0.00    0.00   clock network delay (propagated)
                          2.00    2.00 v input external delay
                  0.01    0.00    2.00 v rst (in)
     1    0.00                           rst (net)
                  0.01    0.00    2.00 v input2/A (sky130_fd_sc_hd__buf_1)
                  0.06    0.10    2.11 v input2/X (sky130_fd_sc_hd__buf_1)
     3    0.01                           net2 (net)
                  0.06    0.00    2.11 v _389_/A (sky130_fd_sc_hd__buf_4)
                  0.07    0.19    2.30 v _389_/X (sky130_fd_sc_hd__buf_4)
    10    0.04                           _203_ (net)
                  0.07    0.00    2.30 v _393_/A (sky130_fd_sc_hd__inv_2)
                  0.03    0.06    2.36 ^ _393_/Y (sky130_fd_sc_hd__inv_2)
     1    0.00                           _035_ (net)
                  0.03    0.00    2.36 ^ _441_/RESET_B (sky130_fd_sc_hd__dfrtp_1)
                                  2.36   data arrival time

                         10.00   10.00   clock clk (rise edge)
                          0.00   10.00   clock source latency
                  0.04    0.03   10.03 ^ clk (in)
     1    0.01                           clk (net)
                  0.04    0.00   10.03 ^ clkbuf_0_clk/A (sky130_fd_sc_hd__clkbuf_16)
                  0.06    0.13   10.16 ^ clkbuf_0_clk/X (sky130_fd_sc_hd__clkbuf_16)
     4    0.04                           clknet_0_clk (net)
                  0.06    0.00   10.16 ^ clkbuf_2_1__f_clk/A (sky130_fd_sc_hd__clkbuf_16)
                  0.06    0.14   10.29 ^ clkbuf_2_1__f_clk/X (sky130_fd_sc_hd__clkbuf_16)
    12    0.03                           clknet_2_1__leaf_clk (net)
                  0.06    0.00   10.30 ^ _441_/CLK (sky130_fd_sc_hd__dfrtp_1)
                         -0.25   10.05   clock uncertainty
                          0.00   10.05   clock reconvergence pessimism
                          0.24   10.28   library recovery time
                                 10.28   data required time
-----------------------------------------------------------------------------
                                 10.28   data required time
                                 -2.36   data arrival time
-----------------------------------------------------------------------------
                                  7.92   slack (MET)


Startpoint: rst (input port clocked by clk)
Endpoint: _444_ (recovery check against rising-edge clock clk)
Path Group: asynchronous
Path Type: max

Fanout     Cap    Slew   Delay    Time   Description
-----------------------------------------------------------------------------
                          0.00    0.00   clock clk (rise edge)
                          0.00    0.00   clock network delay (propagated)
                          2.00    2.00 v input external delay
                  0.01    0.00    2.00 v rst (in)
     1    0.00                           rst (net)
                  0.01    0.00    2.00 v input2/A (sky130_fd_sc_hd__buf_1)
                  0.06    0.10    2.11 v input2/X (sky130_fd_sc_hd__buf_1)
     3    0.01                           net2 (net)
                  0.06    0.00    2.11 v _389_/A (sky130_fd_sc_hd__buf_4)
                  0.07    0.19    2.30 v _389_/X (sky130_fd_sc_hd__buf_4)
    10    0.04                           _203_ (net)
                  0.07    0.00    2.30 v _396_/A (sky130_fd_sc_hd__inv_2)
                  0.03    0.06    2.36 ^ _396_/Y (sky130_fd_sc_hd__inv_2)
     1    0.00                           _038_ (net)
                  0.03    0.00    2.36 ^ _444_/RESET_B (sky130_fd_sc_hd__dfrtp_1)
                                  2.36   data arrival time

                         10.00   10.00   clock clk (rise edge)
                          0.00   10.00   clock source latency
                  0.04    0.03   10.03 ^ clk (in)
     1    0.01                           clk (net)
                  0.04    0.00   10.03 ^ clkbuf_0_clk/A (sky130_fd_sc_hd__clkbuf_16)
                  0.06    0.13   10.16 ^ clkbuf_0_clk/X (sky130_fd_sc_hd__clkbuf_16)
     4    0.04                           clknet_0_clk (net)
                  0.06    0.00   10.16 ^ clkbuf_2_3__f_clk/A (sky130_fd_sc_hd__clkbuf_16)
                  0.06    0.14   10.30 ^ clkbuf_2_3__f_clk/X (sky130_fd_sc_hd__clkbuf_16)
    12    0.04                           clknet_2_3__leaf_clk (net)
                  0.06    0.00   10.30 ^ _444_/CLK (sky130_fd_sc_hd__dfrtp_1)
                         -0.25   10.05   clock uncertainty
                          0.00   10.05   clock reconvergence pessimism
                          0.24   10.28   library recovery time
                                 10.28   data required time
-----------------------------------------------------------------------------
                                 10.28   data required time
                                 -2.36   data arrival time
-----------------------------------------------------------------------------
                                  7.92   slack (MET)


Startpoint: rst (input port clocked by clk)
Endpoint: _433_ (recovery check against rising-edge clock clk)
Path Group: asynchronous
Path Type: max

Fanout     Cap    Slew   Delay    Time   Description
-----------------------------------------------------------------------------
                          0.00    0.00   clock clk (rise edge)
                          0.00    0.00   clock network delay (propagated)
                          2.00    2.00 v input external delay
                  0.01    0.00    2.00 v rst (in)
     1    0.00                           rst (net)
                  0.01    0.00    2.00 v input2/A (sky130_fd_sc_hd__buf_1)
                  0.06    0.10    2.11 v input2/X (sky130_fd_sc_hd__buf_1)
     3    0.01                           net2 (net)
                  0.06    0.00    2.11 v _378_/A (sky130_fd_sc_hd__buf_4)
                  0.07    0.19    2.30 v _378_/X (sky130_fd_sc_hd__buf_4)
    10    0.04                           _202_ (net)
                  0.07    0.00    2.30 v _384_/A (sky130_fd_sc_hd__inv_2)
                  0.03    0.06    2.36 ^ _384_/Y (sky130_fd_sc_hd__inv_2)
     1    0.00                           _027_ (net)
                  0.03    0.00    2.36 ^ _433_/RESET_B (sky130_fd_sc_hd__dfrtp_1)
                                  2.36   data arrival time

                         10.00   10.00   clock clk (rise edge)
                          0.00   10.00   clock source latency
                  0.04    0.03   10.03 ^ clk (in)
     1    0.01                           clk (net)
                  0.04    0.00   10.03 ^ clkbuf_0_clk/A (sky130_fd_sc_hd__clkbuf_16)
                  0.06    0.13   10.16 ^ clkbuf_0_clk/X (sky130_fd_sc_hd__clkbuf_16)
     4    0.04                           clknet_0_clk (net)
                  0.06    0.00   10.16 ^ clkbuf_2_1__f_clk/A (sky130_fd_sc_hd__clkbuf_16)
                  0.06    0.14   10.29 ^ clkbuf_2_1__f_clk/X (sky130_fd_sc_hd__clkbuf_16)
    12    0.03                           clknet_2_1__leaf_clk (net)
                  0.06    0.00   10.30 ^ _433_/CLK (sky130_fd_sc_hd__dfrtp_1)
                         -0.25   10.05   clock uncertainty
                          0.00   10.05   clock reconvergence pessimism
                          0.24   10.28   library recovery time
                                 10.28   data required time
-----------------------------------------------------------------------------
                                 10.28   data required time
                                 -2.36   data arrival time
-----------------------------------------------------------------------------
                                  7.92   slack (MET)


Startpoint: rst (input port clocked by clk)
Endpoint: _445_ (recovery check against rising-edge clock clk)
Path Group: asynchronous
Path Type: max

Fanout     Cap    Slew   Delay    Time   Description
-----------------------------------------------------------------------------
                          0.00    0.00   clock clk (rise edge)
                          0.00    0.00   clock network delay (propagated)
                          2.00    2.00 v input external delay
                  0.01    0.00    2.00 v rst (in)
     1    0.00                           rst (net)
                  0.01    0.00    2.00 v input2/A (sky130_fd_sc_hd__buf_1)
                  0.06    0.10    2.11 v input2/X (sky130_fd_sc_hd__buf_1)
     3    0.01                           net2 (net)
                  0.06    0.00    2.11 v _389_/A (sky130_fd_sc_hd__buf_4)
                  0.07    0.19    2.30 v _389_/X (sky130_fd_sc_hd__buf_4)
    10    0.04                           _203_ (net)
                  0.07    0.00    2.30 v _397_/A (sky130_fd_sc_hd__inv_2)
                  0.03    0.06    2.36 ^ _397_/Y (sky130_fd_sc_hd__inv_2)
     1    0.00                           _039_ (net)
                  0.03    0.00    2.36 ^ _445_/RESET_B (sky130_fd_sc_hd__dfrtp_1)
                                  2.36   data arrival time

                         10.00   10.00   clock clk (rise edge)
                          0.00   10.00   clock source latency
                  0.04    0.03   10.03 ^ clk (in)
     1    0.01                           clk (net)
                  0.04    0.00   10.03 ^ clkbuf_0_clk/A (sky130_fd_sc_hd__clkbuf_16)
                  0.06    0.13   10.16 ^ clkbuf_0_clk/X (sky130_fd_sc_hd__clkbuf_16)
     4    0.04                           clknet_0_clk (net)
                  0.06    0.00   10.16 ^ clkbuf_2_1__f_clk/A (sky130_fd_sc_hd__clkbuf_16)
                  0.06    0.14   10.29 ^ clkbuf_2_1__f_clk/X (sky130_fd_sc_hd__clkbuf_16)
    12    0.03                           clknet_2_1__leaf_clk (net)
                  0.06    0.00   10.30 ^ _445_/CLK (sky130_fd_sc_hd__dfrtp_1)
                         -0.25   10.05   clock uncertainty
                          0.00   10.05   clock reconvergence pessimism
                          0.24   10.28   library recovery time
                                 10.28   data required time
-----------------------------------------------------------------------------
                                 10.28   data required time
                                 -2.36   data arrival time
-----------------------------------------------------------------------------
                                  7.92   slack (MET)


Startpoint: rst (input port clocked by clk)
Endpoint: _434_ (recovery check against rising-edge clock clk)
Path Group: asynchronous
Path Type: max

Fanout     Cap    Slew   Delay    Time   Description
-----------------------------------------------------------------------------
                          0.00    0.00   clock clk (rise edge)
                          0.00    0.00   clock network delay (propagated)
                          2.00    2.00 v input external delay
                  0.01    0.00    2.00 v rst (in)
     1    0.00                           rst (net)
                  0.01    0.00    2.00 v input2/A (sky130_fd_sc_hd__buf_1)
                  0.06    0.10    2.11 v input2/X (sky130_fd_sc_hd__buf_1)
     3    0.01                           net2 (net)
                  0.06    0.00    2.11 v _378_/A (sky130_fd_sc_hd__buf_4)
                  0.07    0.19    2.30 v _378_/X (sky130_fd_sc_hd__buf_4)
    10    0.04                           _202_ (net)
                  0.07    0.00    2.30 v _385_/A (sky130_fd_sc_hd__inv_2)
                  0.03    0.06    2.36 ^ _385_/Y (sky130_fd_sc_hd__inv_2)
     1    0.00                           _028_ (net)
                  0.03    0.00    2.36 ^ _434_/RESET_B (sky130_fd_sc_hd__dfrtp_1)
                                  2.36   data arrival time

                         10.00   10.00   clock clk (rise edge)
                          0.00   10.00   clock source latency
                  0.04    0.03   10.03 ^ clk (in)
     1    0.01                           clk (net)
                  0.04    0.00   10.03 ^ clkbuf_0_clk/A (sky130_fd_sc_hd__clkbuf_16)
                  0.06    0.13   10.16 ^ clkbuf_0_clk/X (sky130_fd_sc_hd__clkbuf_16)
     4    0.04                           clknet_0_clk (net)
                  0.06    0.00   10.16 ^ clkbuf_2_1__f_clk/A (sky130_fd_sc_hd__clkbuf_16)
                  0.06    0.14   10.29 ^ clkbuf_2_1__f_clk/X (sky130_fd_sc_hd__clkbuf_16)
    12    0.03                           clknet_2_1__leaf_clk (net)
                  0.06    0.00   10.30 ^ _434_/CLK (sky130_fd_sc_hd__dfrtp_1)
                         -0.25   10.05   clock uncertainty
                          0.00   10.05   clock reconvergence pessimism
                          0.24   10.28   library recovery time
                                 10.28   data required time
-----------------------------------------------------------------------------
                                 10.28   data required time
                                 -2.36   data arrival time
-----------------------------------------------------------------------------
                                  7.92   slack (MET)


Startpoint: rst (input port clocked by clk)
Endpoint: _439_ (recovery check against rising-edge clock clk)
Path Group: asynchronous
Path Type: max

Fanout     Cap    Slew   Delay    Time   Description
-----------------------------------------------------------------------------
                          0.00    0.00   clock clk (rise edge)
                          0.00    0.00   clock network delay (propagated)
                          2.00    2.00 v input external delay
                  0.01    0.00    2.00 v rst (in)
     1    0.00                           rst (net)
                  0.01    0.00    2.00 v input2/A (sky130_fd_sc_hd__buf_1)
                  0.06    0.10    2.11 v input2/X (sky130_fd_sc_hd__buf_1)
     3    0.01                           net2 (net)
                  0.06    0.00    2.11 v _389_/A (sky130_fd_sc_hd__buf_4)
                  0.07    0.19    2.30 v _389_/X (sky130_fd_sc_hd__buf_4)
    10    0.04                           _203_ (net)
                  0.07    0.00    2.30 v _391_/A (sky130_fd_sc_hd__inv_2)
                  0.03    0.06    2.36 ^ _391_/Y (sky130_fd_sc_hd__inv_2)
     1    0.00                           _033_ (net)
                  0.03    0.00    2.36 ^ _439_/RESET_B (sky130_fd_sc_hd__dfrtp_1)
                                  2.36   data arrival time

                         10.00   10.00   clock clk (rise edge)
                          0.00   10.00   clock source latency
                  0.04    0.03   10.03 ^ clk (in)
     1    0.01                           clk (net)
                  0.04    0.00   10.03 ^ clkbuf_0_clk/A (sky130_fd_sc_hd__clkbuf_16)
                  0.06    0.13   10.16 ^ clkbuf_0_clk/X (sky130_fd_sc_hd__clkbuf_16)
     4    0.04                           clknet_0_clk (net)
                  0.06    0.00   10.16 ^ clkbuf_2_3__f_clk/A (sky130_fd_sc_hd__clkbuf_16)
                  0.06    0.14   10.30 ^ clkbuf_2_3__f_clk/X (sky130_fd_sc_hd__clkbuf_16)
    12    0.04                           clknet_2_3__leaf_clk (net)
                  0.06    0.00   10.30 ^ _439_/CLK (sky130_fd_sc_hd__dfrtp_1)
                         -0.25   10.05   clock uncertainty
                          0.00   10.05   clock reconvergence pessimism
                          0.24   10.28   library recovery time
                                 10.28   data required time
-----------------------------------------------------------------------------
                                 10.28   data required time
                                 -2.36   data arrival time
-----------------------------------------------------------------------------
                                  7.93   slack (MET)


Startpoint: rst (input port clocked by clk)
Endpoint: _446_ (recovery check against rising-edge clock clk)
Path Group: asynchronous
Path Type: max

Fanout     Cap    Slew   Delay    Time   Description
-----------------------------------------------------------------------------
                          0.00    0.00   clock clk (rise edge)
                          0.00    0.00   clock network delay (propagated)
                          2.00    2.00 v input external delay
                  0.01    0.00    2.00 v rst (in)
     1    0.00                           rst (net)
                  0.01    0.00    2.00 v input2/A (sky130_fd_sc_hd__buf_1)
                  0.06    0.10    2.11 v input2/X (sky130_fd_sc_hd__buf_1)
     3    0.01                           net2 (net)
                  0.06    0.00    2.11 v _389_/A (sky130_fd_sc_hd__buf_4)
                  0.07    0.19    2.30 v _389_/X (sky130_fd_sc_hd__buf_4)
    10    0.04                           _203_ (net)
                  0.07    0.00    2.30 v _398_/A (sky130_fd_sc_hd__inv_2)
                  0.03    0.06    2.36 ^ _398_/Y (sky130_fd_sc_hd__inv_2)
     1    0.00                           _040_ (net)
                  0.03    0.00    2.36 ^ _446_/RESET_B (sky130_fd_sc_hd__dfrtp_1)
                                  2.36   data arrival time

                         10.00   10.00   clock clk (rise edge)
                          0.00   10.00   clock source latency
                  0.04    0.03   10.03 ^ clk (in)
     1    0.01                           clk (net)
                  0.04    0.00   10.03 ^ clkbuf_0_clk/A (sky130_fd_sc_hd__clkbuf_16)
                  0.06    0.13   10.16 ^ clkbuf_0_clk/X (sky130_fd_sc_hd__clkbuf_16)
     4    0.04                           clknet_0_clk (net)
                  0.06    0.00   10.16 ^ clkbuf_2_1__f_clk/A (sky130_fd_sc_hd__clkbuf_16)
                  0.06    0.14   10.29 ^ clkbuf_2_1__f_clk/X (sky130_fd_sc_hd__clkbuf_16)
    12    0.03                           clknet_2_1__leaf_clk (net)
                  0.06    0.00   10.30 ^ _446_/CLK (sky130_fd_sc_hd__dfrtp_1)
                         -0.25   10.05   clock uncertainty
                          0.00   10.05   clock reconvergence pessimism
                          0.24   10.28   library recovery time
                                 10.28   data required time
-----------------------------------------------------------------------------
                                 10.28   data required time
                                 -2.36   data arrival time
-----------------------------------------------------------------------------
                                  7.93   slack (MET)


Startpoint: rst (input port clocked by clk)
Endpoint: _437_ (recovery check against rising-edge clock clk)
Path Group: asynchronous
Path Type: max

Fanout     Cap    Slew   Delay    Time   Description
-----------------------------------------------------------------------------
                          0.00    0.00   clock clk (rise edge)
                          0.00    0.00   clock network delay (propagated)
                          2.00    2.00 v input external delay
                  0.01    0.00    2.00 v rst (in)
     1    0.00                           rst (net)
                  0.01    0.00    2.00 v input2/A (sky130_fd_sc_hd__buf_1)
                  0.06    0.10    2.11 v input2/X (sky130_fd_sc_hd__buf_1)
     3    0.01                           net2 (net)
                  0.06    0.00    2.11 v _378_/A (sky130_fd_sc_hd__buf_4)
                  0.07    0.19    2.30 v _378_/X (sky130_fd_sc_hd__buf_4)
    10    0.04                           _202_ (net)
                  0.07    0.00    2.30 v _388_/A (sky130_fd_sc_hd__inv_2)
                  0.03    0.06    2.36 ^ _388_/Y (sky130_fd_sc_hd__inv_2)
     1    0.00                           _031_ (net)
                  0.03    0.00    2.36 ^ _437_/RESET_B (sky130_fd_sc_hd__dfrtp_1)
                                  2.36   data arrival time

                         10.00   10.00   clock clk (rise edge)
                          0.00   10.00   clock source latency
                  0.04    0.03   10.03 ^ clk (in)
     1    0.01                           clk (net)
                  0.04    0.00   10.03 ^ clkbuf_0_clk/A (sky130_fd_sc_hd__clkbuf_16)
                  0.06    0.13   10.16 ^ clkbuf_0_clk/X (sky130_fd_sc_hd__clkbuf_16)
     4    0.04                           clknet_0_clk (net)
                  0.06    0.00   10.16 ^ clkbuf_2_3__f_clk/A (sky130_fd_sc_hd__clkbuf_16)
                  0.06    0.14   10.30 ^ clkbuf_2_3__f_clk/X (sky130_fd_sc_hd__clkbuf_16)
    12    0.04                           clknet_2_3__leaf_clk (net)
                  0.06    0.00   10.30 ^ _437_/CLK (sky130_fd_sc_hd__dfrtp_1)
                         -0.25   10.05   clock uncertainty
                          0.00   10.05   clock reconvergence pessimism
                          0.24   10.28   library recovery time
                                 10.28   data required time
-----------------------------------------------------------------------------
                                 10.28   data required time
                                 -2.36   data arrival time
-----------------------------------------------------------------------------
                                  7.93   slack (MET)


Startpoint: rst (input port clocked by clk)
Endpoint: _438_ (recovery check against rising-edge clock clk)
Path Group: asynchronous
Path Type: max

Fanout     Cap    Slew   Delay    Time   Description
-----------------------------------------------------------------------------
                          0.00    0.00   clock clk (rise edge)
                          0.00    0.00   clock network delay (propagated)
                          2.00    2.00 v input external delay
                  0.01    0.00    2.00 v rst (in)
     1    0.00                           rst (net)
                  0.01    0.00    2.00 v input2/A (sky130_fd_sc_hd__buf_1)
                  0.06    0.10    2.11 v input2/X (sky130_fd_sc_hd__buf_1)
     3    0.01                           net2 (net)
                  0.06    0.00    2.11 v _389_/A (sky130_fd_sc_hd__buf_4)
                  0.07    0.19    2.30 v _389_/X (sky130_fd_sc_hd__buf_4)
    10    0.04                           _203_ (net)
                  0.07    0.00    2.30 v _390_/A (sky130_fd_sc_hd__inv_2)
                  0.03    0.06    2.36 ^ _390_/Y (sky130_fd_sc_hd__inv_2)
     1    0.00                           _032_ (net)
                  0.03    0.00    2.36 ^ _438_/RESET_B (sky130_fd_sc_hd__dfrtp_1)
                                  2.36   data arrival time

                         10.00   10.00   clock clk (rise edge)
                          0.00   10.00   clock source latency
                  0.04    0.03   10.03 ^ clk (in)
     1    0.01                           clk (net)
                  0.04    0.00   10.03 ^ clkbuf_0_clk/A (sky130_fd_sc_hd__clkbuf_16)
                  0.06    0.13   10.16 ^ clkbuf_0_clk/X (sky130_fd_sc_hd__clkbuf_16)
     4    0.04                           clknet_0_clk (net)
                  0.06    0.00   10.16 ^ clkbuf_2_3__f_clk/A (sky130_fd_sc_hd__clkbuf_16)
                  0.06    0.14   10.30 ^ clkbuf_2_3__f_clk/X (sky130_fd_sc_hd__clkbuf_16)
    12    0.04                           clknet_2_3__leaf_clk (net)
                  0.06    0.00   10.30 ^ _438_/CLK (sky130_fd_sc_hd__dfrtp_1)
                         -0.25   10.05   clock uncertainty
                          0.00   10.05   clock reconvergence pessimism
                          0.24   10.28   library recovery time
                                 10.28   data required time
-----------------------------------------------------------------------------
                                 10.28   data required time
                                 -2.36   data arrival time
-----------------------------------------------------------------------------
                                  7.93   slack (MET)


Startpoint: rst (input port clocked by clk)
Endpoint: _454_ (recovery check against rising-edge clock clk)
Path Group: asynchronous
Path Type: max

Fanout     Cap    Slew   Delay    Time   Description
-----------------------------------------------------------------------------
                          0.00    0.00   clock clk (rise edge)
                          0.00    0.00   clock network delay (propagated)
                          2.00    2.00 v input external delay
                  0.01    0.00    2.00 v rst (in)
     1    0.00                           rst (net)
                  0.01    0.00    2.00 v input2/A (sky130_fd_sc_hd__buf_1)
                  0.06    0.10    2.11 v input2/X (sky130_fd_sc_hd__buf_1)
     3    0.01                           net2 (net)
                  0.06    0.00    2.11 v _355_/A (sky130_fd_sc_hd__buf_4)
                  0.07    0.19    2.30 v _355_/X (sky130_fd_sc_hd__buf_4)
    10    0.04                           _199_ (net)
                  0.07    0.00    2.30 v _406_/A (sky130_fd_sc_hd__inv_2)
                  0.03    0.06    2.35 ^ _406_/Y (sky130_fd_sc_hd__inv_2)
     1    0.00                           _048_ (net)
                  0.03    0.00    2.35 ^ _454_/RESET_B (sky130_fd_sc_hd__dfrtp_1)
                                  2.35   data arrival time

                         10.00   10.00   clock clk (rise edge)
                          0.00   10.00   clock source latency
                  0.04    0.03   10.03 ^ clk (in)
     1    0.01                           clk (net)
                  0.04    0.00   10.03 ^ clkbuf_0_clk/A (sky130_fd_sc_hd__clkbuf_16)
                  0.06    0.13   10.16 ^ clkbuf_0_clk/X (sky130_fd_sc_hd__clkbuf_16)
     4    0.04                           clknet_0_clk (net)
                  0.06    0.00   10.16 ^ clkbuf_2_1__f_clk/A (sky130_fd_sc_hd__clkbuf_16)
                  0.06    0.14   10.29 ^ clkbuf_2_1__f_clk/X (sky130_fd_sc_hd__clkbuf_16)
    12    0.03                           clknet_2_1__leaf_clk (net)
                  0.06    0.00   10.30 ^ _454_/CLK (sky130_fd_sc_hd__dfrtp_1)
                         -0.25   10.05   clock uncertainty
                          0.00   10.05   clock reconvergence pessimism
                          0.24   10.28   library recovery time
                                 10.28   data required time
-----------------------------------------------------------------------------
                                 10.28   data required time
                                 -2.35   data arrival time
-----------------------------------------------------------------------------
                                  7.93   slack (MET)


Startpoint: rst (input port clocked by clk)
Endpoint: _455_ (recovery check against rising-edge clock clk)
Path Group: asynchronous
Path Type: max

Fanout     Cap    Slew   Delay    Time   Description
-----------------------------------------------------------------------------
                          0.00    0.00   clock clk (rise edge)
                          0.00    0.00   clock network delay (propagated)
                          2.00    2.00 v input external delay
                  0.01    0.00    2.00 v rst (in)
     1    0.00                           rst (net)
                  0.01    0.00    2.00 v input2/A (sky130_fd_sc_hd__buf_1)
                  0.06    0.10    2.11 v input2/X (sky130_fd_sc_hd__buf_1)
     3    0.01                           net2 (net)
                  0.06    0.00    2.11 v _355_/A (sky130_fd_sc_hd__buf_4)
                  0.07    0.19    2.30 v _355_/X (sky130_fd_sc_hd__buf_4)
    10    0.04                           _199_ (net)
                  0.07    0.00    2.30 v _407_/A (sky130_fd_sc_hd__inv_2)
                  0.03    0.06    2.35 ^ _407_/Y (sky130_fd_sc_hd__inv_2)
     1    0.00                           _049_ (net)
                  0.03    0.00    2.35 ^ _455_/RESET_B (sky130_fd_sc_hd__dfrtp_1)
                                  2.35   data arrival time

                         10.00   10.00   clock clk (rise edge)
                          0.00   10.00   clock source latency
                  0.04    0.03   10.03 ^ clk (in)
     1    0.01                           clk (net)
                  0.04    0.00   10.03 ^ clkbuf_0_clk/A (sky130_fd_sc_hd__clkbuf_16)
                  0.06    0.13   10.16 ^ clkbuf_0_clk/X (sky130_fd_sc_hd__clkbuf_16)
     4    0.04                           clknet_0_clk (net)
                  0.06    0.00   10.16 ^ clkbuf_2_1__f_clk/A (sky130_fd_sc_hd__clkbuf_16)
                  0.06    0.14   10.29 ^ clkbuf_2_1__f_clk/X (sky130_fd_sc_hd__clkbuf_16)
    12    0.03                           clknet_2_1__leaf_clk (net)
                  0.06    0.00   10.30 ^ _455_/CLK (sky130_fd_sc_hd__dfrtp_1)
                         -0.25   10.05   clock uncertainty
                          0.00   10.05   clock reconvergence pessimism
                          0.24   10.28   library recovery time
                                 10.28   data required time
-----------------------------------------------------------------------------
                                 10.28   data required time
                                 -2.35   data arrival time
-----------------------------------------------------------------------------
                                  7.93   slack (MET)


Startpoint: rst (input port clocked by clk)
Endpoint: _453_ (recovery check against rising-edge clock clk)
Path Group: asynchronous
Path Type: max

Fanout     Cap    Slew   Delay    Time   Description
-----------------------------------------------------------------------------
                          0.00    0.00   clock clk (rise edge)
                          0.00    0.00   clock network delay (propagated)
                          2.00    2.00 v input external delay
                  0.01    0.00    2.00 v rst (in)
     1    0.00                           rst (net)
                  0.01    0.00    2.00 v input2/A (sky130_fd_sc_hd__buf_1)
                  0.06    0.10    2.11 v input2/X (sky130_fd_sc_hd__buf_1)
     3    0.01                           net2 (net)
                  0.06    0.00    2.11 v _355_/A (sky130_fd_sc_hd__buf_4)
                  0.07    0.19    2.30 v _355_/X (sky130_fd_sc_hd__buf_4)
    10    0.04                           _199_ (net)
                  0.07    0.00    2.30 v _405_/A (sky130_fd_sc_hd__inv_2)
                  0.03    0.06    2.35 ^ _405_/Y (sky130_fd_sc_hd__inv_2)
     1    0.00                           _047_ (net)
                  0.03    0.00    2.35 ^ _453_/RESET_B (sky130_fd_sc_hd__dfrtp_1)
                                  2.35   data arrival time

                         10.00   10.00   clock clk (rise edge)
                          0.00   10.00   clock source latency
                  0.04    0.03   10.03 ^ clk (in)
     1    0.01                           clk (net)
                  0.04    0.00   10.03 ^ clkbuf_0_clk/A (sky130_fd_sc_hd__clkbuf_16)
                  0.06    0.13   10.16 ^ clkbuf_0_clk/X (sky130_fd_sc_hd__clkbuf_16)
     4    0.04                           clknet_0_clk (net)
                  0.06    0.00   10.16 ^ clkbuf_2_1__f_clk/A (sky130_fd_sc_hd__clkbuf_16)
                  0.06    0.14   10.29 ^ clkbuf_2_1__f_clk/X (sky130_fd_sc_hd__clkbuf_16)
    12    0.03                           clknet_2_1__leaf_clk (net)
                  0.06    0.00   10.30 ^ _453_/CLK (sky130_fd_sc_hd__dfrtp_1)
                         -0.25   10.05   clock uncertainty
                          0.00   10.05   clock reconvergence pessimism
                          0.24   10.28   library recovery time
                                 10.28   data required time
-----------------------------------------------------------------------------
                                 10.28   data required time
                                 -2.35   data arrival time
-----------------------------------------------------------------------------
                                  7.93   slack (MET)


Startpoint: rst (input port clocked by clk)
Endpoint: _452_ (recovery check against rising-edge clock clk)
Path Group: asynchronous
Path Type: max

Fanout     Cap    Slew   Delay    Time   Description
-----------------------------------------------------------------------------
                          0.00    0.00   clock clk (rise edge)
                          0.00    0.00   clock network delay (propagated)
                          2.00    2.00 v input external delay
                  0.01    0.00    2.00 v rst (in)
     1    0.00                           rst (net)
                  0.01    0.00    2.00 v input2/A (sky130_fd_sc_hd__buf_1)
                  0.06    0.10    2.11 v input2/X (sky130_fd_sc_hd__buf_1)
     3    0.01                           net2 (net)
                  0.06    0.00    2.11 v _355_/A (sky130_fd_sc_hd__buf_4)
                  0.07    0.19    2.30 v _355_/X (sky130_fd_sc_hd__buf_4)
    10    0.04                           _199_ (net)
                  0.07    0.00    2.30 v _404_/A (sky130_fd_sc_hd__inv_2)
                  0.03    0.06    2.35 ^ _404_/Y (sky130_fd_sc_hd__inv_2)
     1    0.00                           _046_ (net)
                  0.03    0.00    2.35 ^ _452_/RESET_B (sky130_fd_sc_hd__dfrtp_1)
                                  2.35   data arrival time

                         10.00   10.00   clock clk (rise edge)
                          0.00   10.00   clock source latency
                  0.04    0.03   10.03 ^ clk (in)
     1    0.01                           clk (net)
                  0.04    0.00   10.03 ^ clkbuf_0_clk/A (sky130_fd_sc_hd__clkbuf_16)
                  0.06    0.13   10.16 ^ clkbuf_0_clk/X (sky130_fd_sc_hd__clkbuf_16)
     4    0.04                           clknet_0_clk (net)
                  0.06    0.00   10.16 ^ clkbuf_2_1__f_clk/A (sky130_fd_sc_hd__clkbuf_16)
                  0.06    0.14   10.29 ^ clkbuf_2_1__f_clk/X (sky130_fd_sc_hd__clkbuf_16)
    12    0.03                           clknet_2_1__leaf_clk (net)
                  0.06    0.00   10.30 ^ _452_/CLK (sky130_fd_sc_hd__dfrtp_1)
                         -0.25   10.05   clock uncertainty
                          0.00   10.05   clock reconvergence pessimism
                          0.24   10.28   library recovery time
                                 10.28   data required time
-----------------------------------------------------------------------------
                                 10.28   data required time
                                 -2.35   data arrival time
-----------------------------------------------------------------------------
                                  7.93   slack (MET)



