
===========================================================================
report_checks -path_delay max (Setup)
============================================================================
======================= Typical Corner ===================================

Startpoint: _421_ (rising edge-triggered flip-flop clocked by clk)
Endpoint: _427_ (rising edge-triggered flip-flop clocked by clk)
Path Group: clk
Path Type: max

Fanout     Cap    Slew   Delay    Time   Description
-----------------------------------------------------------------------------
                          0.00    0.00   clock clk (rise edge)
                          0.00    0.00   clock source latency
                  0.08    0.06    0.06 ^ clk (in)
     1    0.02                           clk (net)
                  0.08    0.00    0.06 ^ clkbuf_0_clk/A (sky130_fd_sc_hd__clkbuf_16)
                  0.06    0.16    0.22 ^ clkbuf_0_clk/X (sky130_fd_sc_hd__clkbuf_16)
     4    0.04                           clknet_0_clk (net)
                  0.06    0.00    0.22 ^ clkbuf_2_3__f_clk/A (sky130_fd_sc_hd__clkbuf_16)
                  0.06    0.15    0.37 ^ clkbuf_2_3__f_clk/X (sky130_fd_sc_hd__clkbuf_16)
    12    0.04                           clknet_2_3__leaf_clk (net)
                  0.06    0.00    0.38 ^ _421_/CLK (sky130_fd_sc_hd__dfrtp_1)
                  0.08    0.42    0.80 v _421_/Q (sky130_fd_sc_hd__dfrtp_1)
     3    0.01                           clk_count[13] (net)
                  0.08    0.00    0.80 v _205_/A (sky130_fd_sc_hd__or4_1)
                  0.09    0.57    1.37 v _205_/X (sky130_fd_sc_hd__or4_1)
     1    0.00                           _097_ (net)
                  0.09    0.00    1.37 v _209_/A (sky130_fd_sc_hd__nor4_1)
                  0.42    0.46    1.83 ^ _209_/Y (sky130_fd_sc_hd__nor4_1)
     2    0.01                           _101_ (net)
                  0.42    0.00    1.83 ^ max_cap25/A (sky130_fd_sc_hd__buf_1)
                  0.15    0.22    2.05 ^ max_cap25/X (sky130_fd_sc_hd__buf_1)
     3    0.01                           net25 (net)
                  0.15    0.00    2.05 ^ _217_/C (sky130_fd_sc_hd__nand4_1)
                  0.13    0.17    2.22 v _217_/Y (sky130_fd_sc_hd__nand4_1)
     3    0.01                           _109_ (net)
                  0.13    0.00    2.22 v _218_/A (sky130_fd_sc_hd__buf_4)
                  0.09    0.25    2.46 v _218_/X (sky130_fd_sc_hd__buf_4)
    10    0.06                           _110_ (net)
                  0.09    0.00    2.47 v _291_/S (sky130_fd_sc_hd__mux2_1)
                  0.05    0.33    2.80 v _291_/X (sky130_fd_sc_hd__mux2_1)
     1    0.00                           _154_ (net)
                  0.05    0.00    2.80 v hold36/A (sky130_fd_sc_hd__dlygate4sd3_1)
                  0.06    0.58    3.38 v hold36/X (sky130_fd_sc_hd__dlygate4sd3_1)
     1    0.00                           net61 (net)
                  0.06    0.00    3.38 v _292_/A (sky130_fd_sc_hd__clkbuf_1)
                  0.03    0.10    3.48 v _292_/X (sky130_fd_sc_hd__clkbuf_1)
     1    0.00                           _067_ (net)
                  0.03    0.00    3.48 v _427_/D (sky130_fd_sc_hd__dfrtp_1)
                                  3.48   data arrival time

                         10.00   10.00   clock clk (rise edge)
                          0.00   10.00   clock source latency
                  0.08    0.05   10.05 ^ clk (in)
     1    0.02                           clk (net)
                  0.08    0.00   10.05 ^ clkbuf_0_clk/A (sky130_fd_sc_hd__clkbuf_16)
                  0.06    0.15   10.20 ^ clkbuf_0_clk/X (sky130_fd_sc_hd__clkbuf_16)
     4    0.04                           clknet_0_clk (net)
                  0.06    0.00   10.20 ^ clkbuf_2_1__f_clk/A (sky130_fd_sc_hd__clkbuf_16)
                  0.06    0.14   10.34 ^ clkbuf_2_1__f_clk/X (sky130_fd_sc_hd__clkbuf_16)
    12    0.04                           clknet_2_1__leaf_clk (net)
                  0.06    0.00   10.34 ^ _427_/CLK (sky130_fd_sc_hd__dfrtp_1)
                         -0.25   10.09   clock uncertainty
                          0.02   10.11   clock reconvergence pessimism
                         -0.10   10.01   library setup time
                                 10.01   data required time
-----------------------------------------------------------------------------
                                 10.01   data required time
                                 -3.48   data arrival time
-----------------------------------------------------------------------------
                                  6.53   slack (MET)


Startpoint: start (input port clocked by clk)
Endpoint: _450_ (rising edge-triggered flip-flop clocked by clk)
Path Group: clk
Path Type: max

Fanout     Cap    Slew   Delay    Time   Description
-----------------------------------------------------------------------------
                          0.00    0.00   clock clk (rise edge)
                          0.00    0.00   clock network delay (propagated)
                          2.00    2.00 ^ input external delay
                  0.02    0.01    2.01 ^ start (in)
     1    0.00                           start (net)
                  0.02    0.00    2.01 ^ input3/A (sky130_fd_sc_hd__buf_1)
                  0.19    0.19    2.20 ^ input3/X (sky130_fd_sc_hd__buf_1)
     2    0.02                           net3 (net)
                  0.19    0.00    2.20 ^ _237_/B (sky130_fd_sc_hd__nor2_4)
                  0.07    0.10    2.30 v _237_/Y (sky130_fd_sc_hd__nor2_4)
     9    0.04                           _125_ (net)
                  0.07    0.00    2.30 v _238_/B1 (sky130_fd_sc_hd__a21o_2)
                  0.11    0.29    2.59 v _238_/X (sky130_fd_sc_hd__a21o_2)
     8    0.04                           _126_ (net)
                  0.11    0.00    2.59 v _241_/A2 (sky130_fd_sc_hd__a22o_1)
                  0.04    0.26    2.85 v _241_/X (sky130_fd_sc_hd__a22o_1)
     1    0.00                           _090_ (net)
                  0.04    0.00    2.85 v hold10/A (sky130_fd_sc_hd__dlygate4sd3_1)
                  0.05    0.58    3.43 v hold10/X (sky130_fd_sc_hd__dlygate4sd3_1)
     1    0.00                           net35 (net)
                  0.05    0.00    3.43 v _450_/D (sky130_fd_sc_hd__dfrtp_1)
                                  3.43   data arrival time

                         10.00   10.00   clock clk (rise edge)
                          0.00   10.00   clock source latency
                  0.08    0.05   10.05 ^ clk (in)
     1    0.02                           clk (net)
                  0.08    0.00   10.05 ^ clkbuf_0_clk/A (sky130_fd_sc_hd__clkbuf_16)
                  0.06    0.15   10.20 ^ clkbuf_0_clk/X (sky130_fd_sc_hd__clkbuf_16)
     4    0.04                           clknet_0_clk (net)
                  0.06    0.00   10.20 ^ clkbuf_2_0__f_clk/A (sky130_fd_sc_hd__clkbuf_16)
                  0.06    0.14   10.34 ^ clkbuf_2_0__f_clk/X (sky130_fd_sc_hd__clkbuf_16)
    14    0.04                           clknet_2_0__leaf_clk (net)
                  0.06    0.00   10.34 ^ _450_/CLK (sky130_fd_sc_hd__dfrtp_1)
                         -0.25   10.09   clock uncertainty
                          0.00   10.09   clock reconvergence pessimism
                         -0.11    9.98   library setup time
                                  9.98   data required time
-----------------------------------------------------------------------------
                                  9.98   data required time
                                 -3.43   data arrival time
-----------------------------------------------------------------------------
                                  6.55   slack (MET)


Startpoint: _421_ (rising edge-triggered flip-flop clocked by clk)
Endpoint: _426_ (rising edge-triggered flip-flop clocked by clk)
Path Group: clk
Path Type: max

Fanout     Cap    Slew   Delay    Time   Description
-----------------------------------------------------------------------------
                          0.00    0.00   clock clk (rise edge)
                          0.00    0.00   clock source latency
                  0.08    0.06    0.06 ^ clk (in)
     1    0.02                           clk (net)
                  0.08    0.00    0.06 ^ clkbuf_0_clk/A (sky130_fd_sc_hd__clkbuf_16)
                  0.06    0.16    0.22 ^ clkbuf_0_clk/X (sky130_fd_sc_hd__clkbuf_16)
     4    0.04                           clknet_0_clk (net)
                  0.06    0.00    0.22 ^ clkbuf_2_3__f_clk/A (sky130_fd_sc_hd__clkbuf_16)
                  0.06    0.15    0.37 ^ clkbuf_2_3__f_clk/X (sky130_fd_sc_hd__clkbuf_16)
    12    0.04                           clknet_2_3__leaf_clk (net)
                  0.06    0.00    0.38 ^ _421_/CLK (sky130_fd_sc_hd__dfrtp_1)
                  0.08    0.42    0.80 v _421_/Q (sky130_fd_sc_hd__dfrtp_1)
     3    0.01                           clk_count[13] (net)
                  0.08    0.00    0.80 v _205_/A (sky130_fd_sc_hd__or4_1)
                  0.09    0.57    1.37 v _205_/X (sky130_fd_sc_hd__or4_1)
     1    0.00                           _097_ (net)
                  0.09    0.00    1.37 v _209_/A (sky130_fd_sc_hd__nor4_1)
                  0.42    0.46    1.83 ^ _209_/Y (sky130_fd_sc_hd__nor4_1)
     2    0.01                           _101_ (net)
                  0.42    0.00    1.83 ^ max_cap25/A (sky130_fd_sc_hd__buf_1)
                  0.15    0.22    2.05 ^ max_cap25/X (sky130_fd_sc_hd__buf_1)
     3    0.01                           net25 (net)
                  0.15    0.00    2.05 ^ _217_/C (sky130_fd_sc_hd__nand4_1)
                  0.13    0.17    2.22 v _217_/Y (sky130_fd_sc_hd__nand4_1)
     3    0.01                           _109_ (net)
                  0.13    0.00    2.22 v _218_/A (sky130_fd_sc_hd__buf_4)
                  0.09    0.25    2.46 v _218_/X (sky130_fd_sc_hd__buf_4)
    10    0.06                           _110_ (net)
                  0.09    0.00    2.46 v _293_/S (sky130_fd_sc_hd__mux2_1)
                  0.05    0.33    2.79 v _293_/X (sky130_fd_sc_hd__mux2_1)
     1    0.00                           _155_ (net)
                  0.05    0.00    2.79 v hold34/A (sky130_fd_sc_hd__dlygate4sd3_1)
                  0.06    0.58    3.38 v hold34/X (sky130_fd_sc_hd__dlygate4sd3_1)
     1    0.00                           net59 (net)
                  0.06    0.00    3.38 v _294_/A (sky130_fd_sc_hd__clkbuf_1)
                  0.03    0.09    3.47 v _294_/X (sky130_fd_sc_hd__clkbuf_1)
     1    0.00                           _066_ (net)
                  0.03    0.00    3.47 v _426_/D (sky130_fd_sc_hd__dfrtp_1)
                                  3.47   data arrival time

                         10.00   10.00   clock clk (rise edge)
                          0.00   10.00   clock source latency
                  0.08    0.05   10.05 ^ clk (in)
     1    0.02                           clk (net)
                  0.08    0.00   10.05 ^ clkbuf_0_clk/A (sky130_fd_sc_hd__clkbuf_16)
                  0.06    0.15   10.20 ^ clkbuf_0_clk/X (sky130_fd_sc_hd__clkbuf_16)
     4    0.04                           clknet_0_clk (net)
                  0.06    0.00   10.20 ^ clkbuf_2_3__f_clk/A (sky130_fd_sc_hd__clkbuf_16)
                  0.06    0.14   10.34 ^ clkbuf_2_3__f_clk/X (sky130_fd_sc_hd__clkbuf_16)
    12    0.04                           clknet_2_3__leaf_clk (net)
                  0.06    0.00   10.34 ^ _426_/CLK (sky130_fd_sc_hd__dfrtp_1)
                         -0.25   10.09   clock uncertainty
                          0.04   10.13   clock reconvergence pessimism
                         -0.10   10.02   library setup time
                                 10.02   data required time
-----------------------------------------------------------------------------
                                 10.02   data required time
                                 -3.47   data arrival time
-----------------------------------------------------------------------------
                                  6.55   slack (MET)


Startpoint: start (input port clocked by clk)
Endpoint: _449_ (rising edge-triggered flip-flop clocked by clk)
Path Group: clk
Path Type: max

Fanout     Cap    Slew   Delay    Time   Description
-----------------------------------------------------------------------------
                          0.00    0.00   clock clk (rise edge)
                          0.00    0.00   clock network delay (propagated)
                          2.00    2.00 ^ input external delay
                  0.02    0.01    2.01 ^ start (in)
     1    0.00                           start (net)
                  0.02    0.00    2.01 ^ input3/A (sky130_fd_sc_hd__buf_1)
                  0.19    0.19    2.20 ^ input3/X (sky130_fd_sc_hd__buf_1)
     2    0.02                           net3 (net)
                  0.19    0.00    2.20 ^ _237_/B (sky130_fd_sc_hd__nor2_4)
                  0.07    0.10    2.30 v _237_/Y (sky130_fd_sc_hd__nor2_4)
     9    0.04                           _125_ (net)
                  0.07    0.00    2.30 v _238_/B1 (sky130_fd_sc_hd__a21o_2)
                  0.11    0.29    2.59 v _238_/X (sky130_fd_sc_hd__a21o_2)
     8    0.04                           _126_ (net)
                  0.11    0.00    2.59 v _242_/A2 (sky130_fd_sc_hd__a22o_1)
                  0.04    0.26    2.85 v _242_/X (sky130_fd_sc_hd__a22o_1)
     1    0.00                           _089_ (net)
                  0.04    0.00    2.85 v hold8/A (sky130_fd_sc_hd__dlygate4sd3_1)
                  0.05    0.57    3.42 v hold8/X (sky130_fd_sc_hd__dlygate4sd3_1)
     1    0.00                           net33 (net)
                  0.05    0.00    3.42 v _449_/D (sky130_fd_sc_hd__dfrtp_1)
                                  3.42   data arrival time

                         10.00   10.00   clock clk (rise edge)
                          0.00   10.00   clock source latency
                  0.08    0.05   10.05 ^ clk (in)
     1    0.02                           clk (net)
                  0.08    0.00   10.05 ^ clkbuf_0_clk/A (sky130_fd_sc_hd__clkbuf_16)
                  0.06    0.15   10.20 ^ clkbuf_0_clk/X (sky130_fd_sc_hd__clkbuf_16)
     4    0.04                           clknet_0_clk (net)
                  0.06    0.00   10.20 ^ clkbuf_2_0__f_clk/A (sky130_fd_sc_hd__clkbuf_16)
                  0.06    0.14   10.34 ^ clkbuf_2_0__f_clk/X (sky130_fd_sc_hd__clkbuf_16)
    14    0.04                           clknet_2_0__leaf_clk (net)
                  0.06    0.00   10.34 ^ _449_/CLK (sky130_fd_sc_hd__dfrtp_1)
                         -0.25   10.09   clock uncertainty
                          0.00   10.09   clock reconvergence pessimism
                         -0.11    9.98   library setup time
                                  9.98   data required time
-----------------------------------------------------------------------------
                                  9.98   data required time
                                 -3.42   data arrival time
-----------------------------------------------------------------------------
                                  6.56   slack (MET)


Startpoint: start (input port clocked by clk)
Endpoint: _447_ (rising edge-triggered flip-flop clocked by clk)
Path Group: clk
Path Type: max

Fanout     Cap    Slew   Delay    Time   Description
-----------------------------------------------------------------------------
                          0.00    0.00   clock clk (rise edge)
                          0.00    0.00   clock network delay (propagated)
                          2.00    2.00 ^ input external delay
                  0.02    0.01    2.01 ^ start (in)
     1    0.00                           start (net)
                  0.02    0.00    2.01 ^ input3/A (sky130_fd_sc_hd__buf_1)
                  0.19    0.19    2.20 ^ input3/X (sky130_fd_sc_hd__buf_1)
     2    0.02                           net3 (net)
                  0.19    0.00    2.20 ^ _237_/B (sky130_fd_sc_hd__nor2_4)
                  0.07    0.10    2.30 v _237_/Y (sky130_fd_sc_hd__nor2_4)
     9    0.04                           _125_ (net)
                  0.07    0.00    2.30 v _238_/B1 (sky130_fd_sc_hd__a21o_2)
                  0.11    0.29    2.59 v _238_/X (sky130_fd_sc_hd__a21o_2)
     8    0.04                           _126_ (net)
                  0.11    0.00    2.59 v _244_/A2 (sky130_fd_sc_hd__a22o_1)
                  0.03    0.25    2.84 v _244_/X (sky130_fd_sc_hd__a22o_1)
     1    0.00                           _087_ (net)
                  0.03    0.00    2.84 v hold3/A (sky130_fd_sc_hd__dlygate4sd3_1)
                  0.05    0.57    3.41 v hold3/X (sky130_fd_sc_hd__dlygate4sd3_1)
     1    0.00                           net28 (net)
                  0.05    0.00    3.41 v _447_/D (sky130_fd_sc_hd__dfrtp_1)
                                  3.41   data arrival time

                         10.00   10.00   clock clk (rise edge)
                          0.00   10.00   clock source latency
                  0.08    0.05   10.05 ^ clk (in)
     1    0.02                           clk (net)
                  0.08    0.00   10.05 ^ clkbuf_0_clk/A (sky130_fd_sc_hd__clkbuf_16)
                  0.06    0.15   10.20 ^ clkbuf_0_clk/X (sky130_fd_sc_hd__clkbuf_16)
     4    0.04                           clknet_0_clk (net)
                  0.06    0.00   10.20 ^ clkbuf_2_0__f_clk/A (sky130_fd_sc_hd__clkbuf_16)
                  0.06    0.14   10.34 ^ clkbuf_2_0__f_clk/X (sky130_fd_sc_hd__clkbuf_16)
    14    0.04                           clknet_2_0__leaf_clk (net)
                  0.06    0.00   10.34 ^ _447_/CLK (sky130_fd_sc_hd__dfrtp_1)
                         -0.25   10.09   clock uncertainty
                          0.00   10.09   clock reconvergence pessimism
                         -0.11    9.98   library setup time
                                  9.98   data required time
-----------------------------------------------------------------------------
                                  9.98   data required time
                                 -3.41   data arrival time
-----------------------------------------------------------------------------
                                  6.57   slack (MET)


Startpoint: start (input port clocked by clk)
Endpoint: _451_ (rising edge-triggered flip-flop clocked by clk)
Path Group: clk
Path Type: max

Fanout     Cap    Slew   Delay    Time   Description
-----------------------------------------------------------------------------
                          0.00    0.00   clock clk (rise edge)
                          0.00    0.00   clock network delay (propagated)
                          2.00    2.00 ^ input external delay
                  0.02    0.01    2.01 ^ start (in)
     1    0.00                           start (net)
                  0.02    0.00    2.01 ^ input3/A (sky130_fd_sc_hd__buf_1)
                  0.19    0.19    2.20 ^ input3/X (sky130_fd_sc_hd__buf_1)
     2    0.02                           net3 (net)
                  0.19    0.00    2.20 ^ _237_/B (sky130_fd_sc_hd__nor2_4)
                  0.07    0.10    2.30 v _237_/Y (sky130_fd_sc_hd__nor2_4)
     9    0.04                           _125_ (net)
                  0.07    0.00    2.30 v _238_/B1 (sky130_fd_sc_hd__a21o_2)
                  0.11    0.29    2.59 v _238_/X (sky130_fd_sc_hd__a21o_2)
     8    0.04                           _126_ (net)
                  0.11    0.00    2.59 v _240_/A2 (sky130_fd_sc_hd__a22o_1)
                  0.03    0.25    2.84 v _240_/X (sky130_fd_sc_hd__a22o_1)
     1    0.00                           _091_ (net)
                  0.03    0.00    2.84 v hold5/A (sky130_fd_sc_hd__dlygate4sd3_1)
                  0.05    0.57    3.41 v hold5/X (sky130_fd_sc_hd__dlygate4sd3_1)
     1    0.00                           net30 (net)
                  0.05    0.00    3.41 v _451_/D (sky130_fd_sc_hd__dfrtp_1)
                                  3.41   data arrival time

                         10.00   10.00   clock clk (rise edge)
                          0.00   10.00   clock source latency
                  0.08    0.05   10.05 ^ clk (in)
     1    0.02                           clk (net)
                  0.08    0.00   10.05 ^ clkbuf_0_clk/A (sky130_fd_sc_hd__clkbuf_16)
                  0.06    0.15   10.20 ^ clkbuf_0_clk/X (sky130_fd_sc_hd__clkbuf_16)
     4    0.04                           clknet_0_clk (net)
                  0.06    0.00   10.20 ^ clkbuf_2_0__f_clk/A (sky130_fd_sc_hd__clkbuf_16)
                  0.06    0.14   10.34 ^ clkbuf_2_0__f_clk/X (sky130_fd_sc_hd__clkbuf_16)
    14    0.04                           clknet_2_0__leaf_clk (net)
                  0.06    0.00   10.34 ^ _451_/CLK (sky130_fd_sc_hd__dfrtp_1)
                         -0.25   10.09   clock uncertainty
                          0.00   10.09   clock reconvergence pessimism
                         -0.11    9.98   library setup time
                                  9.98   data required time
-----------------------------------------------------------------------------
                                  9.98   data required time
                                 -3.41   data arrival time
-----------------------------------------------------------------------------
                                  6.57   slack (MET)


Startpoint: _436_ (rising edge-triggered flip-flop clocked by clk)
Endpoint: cs (output port clocked by clk)
Path Group: clk
Path Type: max

Fanout     Cap    Slew   Delay    Time   Description
-----------------------------------------------------------------------------
                          0.00    0.00   clock clk (rise edge)
                          0.00    0.00   clock source latency
                  0.08    0.06    0.06 ^ clk (in)
     1    0.02                           clk (net)
                  0.08    0.00    0.06 ^ clkbuf_0_clk/A (sky130_fd_sc_hd__clkbuf_16)
                  0.06    0.16    0.22 ^ clkbuf_0_clk/X (sky130_fd_sc_hd__clkbuf_16)
     4    0.04                           clknet_0_clk (net)
                  0.06    0.00    0.22 ^ clkbuf_2_3__f_clk/A (sky130_fd_sc_hd__clkbuf_16)
                  0.06    0.15    0.37 ^ clkbuf_2_3__f_clk/X (sky130_fd_sc_hd__clkbuf_16)
    12    0.04                           clknet_2_3__leaf_clk (net)
                  0.06    0.00    0.38 ^ _436_/CLK (sky130_fd_sc_hd__dfstp_1)
                  0.08    0.56    0.93 ^ _436_/Q (sky130_fd_sc_hd__dfstp_1)
     2    0.01                           net13 (net)
                  0.08    0.00    0.93 ^ output13/A (sky130_fd_sc_hd__clkbuf_4)
                  0.11    0.21    1.14 ^ output13/X (sky130_fd_sc_hd__clkbuf_4)
     1    0.03                           cs (net)
                  0.11    0.00    1.15 ^ cs (out)
                                  1.15   data arrival time

                         10.00   10.00   clock clk (rise edge)
                          0.00   10.00   clock network delay (propagated)
                         -0.25    9.75   clock uncertainty
                          0.00    9.75   clock reconvergence pessimism
                         -2.00    7.75   output external delay
                                  7.75   data required time
-----------------------------------------------------------------------------
                                  7.75   data required time
                                 -1.15   data arrival time
-----------------------------------------------------------------------------
                                  6.60   slack (MET)


Startpoint: start (input port clocked by clk)
Endpoint: _453_ (rising edge-triggered flip-flop clocked by clk)
Path Group: clk
Path Type: max

Fanout     Cap    Slew   Delay    Time   Description
-----------------------------------------------------------------------------
                          0.00    0.00   clock clk (rise edge)
                          0.00    0.00   clock network delay (propagated)
                          2.00    2.00 v input external delay
                  0.01    0.00    2.00 v start (in)
     1    0.00                           start (net)
                  0.01    0.00    2.00 v input3/A (sky130_fd_sc_hd__buf_1)
                  0.09    0.13    2.14 v input3/X (sky130_fd_sc_hd__buf_1)
     2    0.01                           net3 (net)
                  0.09    0.00    2.14 v _204_/B (sky130_fd_sc_hd__or2_2)
                  0.10    0.37    2.51 v _204_/X (sky130_fd_sc_hd__or2_2)
     6    0.02                           _096_ (net)
                  0.10    0.00    2.51 v _222_/A (sky130_fd_sc_hd__and3_1)
                  0.03    0.17    2.68 v _222_/X (sky130_fd_sc_hd__and3_1)
     1    0.00                           _113_ (net)
                  0.03    0.00    2.68 v _223_/A (sky130_fd_sc_hd__clkbuf_4)
                  0.10    0.21    2.88 v _223_/X (sky130_fd_sc_hd__clkbuf_4)
    10    0.05                           _114_ (net)
                  0.10    0.00    2.88 v _229_/S (sky130_fd_sc_hd__mux2_1)
                  0.06    0.34    3.23 v _229_/X (sky130_fd_sc_hd__mux2_1)
     1    0.00                           _119_ (net)
                  0.06    0.00    3.23 v _230_/A (sky130_fd_sc_hd__clkbuf_1)
                  0.03    0.10    3.32 v _230_/X (sky130_fd_sc_hd__clkbuf_1)
     1    0.00                           _093_ (net)
                  0.03    0.00    3.32 v _453_/D (sky130_fd_sc_hd__dfrtp_1)
                                  3.32   data arrival time

                         10.00   10.00   clock clk (rise edge)
                          0.00   10.00   clock source latency
                  0.08    0.05   10.05 ^ clk (in)
     1    0.02                           clk (net)
                  0.08    0.00   10.05 ^ clkbuf_0_clk/A (sky130_fd_sc_hd__clkbuf_16)
                  0.06    0.15   10.20 ^ clkbuf_0_clk/X (sky130_fd_sc_hd__clkbuf_16)
     4    0.04                           clknet_0_clk (net)
                  0.06    0.00   10.20 ^ clkbuf_2_1__f_clk/A (sky130_fd_sc_hd__clkbuf_16)
                  0.06    0.14   10.34 ^ clkbuf_2_1__f_clk/X (sky130_fd_sc_hd__clkbuf_16)
    12    0.04                           clknet_2_1__leaf_clk (net)
                  0.06    0.00   10.34 ^ _453_/CLK (sky130_fd_sc_hd__dfrtp_1)
                         -0.25   10.09   clock uncertainty
                          0.00   10.09   clock reconvergence pessimism
                         -0.10    9.99   library setup time
                                  9.99   data required time
-----------------------------------------------------------------------------
                                  9.99   data required time
                                 -3.32   data arrival time
-----------------------------------------------------------------------------
                                  6.66   slack (MET)


Startpoint: start (input port clocked by clk)
Endpoint: _442_ (rising edge-triggered flip-flop clocked by clk)
Path Group: clk
Path Type: max

Fanout     Cap    Slew   Delay    Time   Description
-----------------------------------------------------------------------------
                          0.00    0.00   clock clk (rise edge)
                          0.00    0.00   clock network delay (propagated)
                          2.00    2.00 v input external delay
                  0.01    0.00    2.00 v start (in)
     1    0.00                           start (net)
                  0.01    0.00    2.00 v input3/A (sky130_fd_sc_hd__buf_1)
                  0.09    0.13    2.14 v input3/X (sky130_fd_sc_hd__buf_1)
     2    0.01                           net3 (net)
                  0.09    0.00    2.14 v _204_/B (sky130_fd_sc_hd__or2_2)
                  0.10    0.37    2.51 v _204_/X (sky130_fd_sc_hd__or2_2)
     6    0.02                           _096_ (net)
                  0.10    0.00    2.51 v _222_/A (sky130_fd_sc_hd__and3_1)
                  0.03    0.17    2.68 v _222_/X (sky130_fd_sc_hd__and3_1)
     1    0.00                           _113_ (net)
                  0.03    0.00    2.68 v _223_/A (sky130_fd_sc_hd__clkbuf_4)
                  0.10    0.21    2.88 v _223_/X (sky130_fd_sc_hd__clkbuf_4)
    10    0.05                           _114_ (net)
                  0.10    0.00    2.88 v _252_/S (sky130_fd_sc_hd__mux2_1)
                  0.06    0.34    3.23 v _252_/X (sky130_fd_sc_hd__mux2_1)
     1    0.00                           _131_ (net)
                  0.06    0.00    3.23 v _253_/A (sky130_fd_sc_hd__clkbuf_1)
                  0.02    0.09    3.32 v _253_/X (sky130_fd_sc_hd__clkbuf_1)
     1    0.00                           _082_ (net)
                  0.02    0.00    3.32 v _442_/D (sky130_fd_sc_hd__dfrtp_1)
                                  3.32   data arrival time

                         10.00   10.00   clock clk (rise edge)
                          0.00   10.00   clock source latency
                  0.08    0.05   10.05 ^ clk (in)
     1    0.02                           clk (net)
                  0.08    0.00   10.05 ^ clkbuf_0_clk/A (sky130_fd_sc_hd__clkbuf_16)
                  0.06    0.15   10.20 ^ clkbuf_0_clk/X (sky130_fd_sc_hd__clkbuf_16)
     4    0.04                           clknet_0_clk (net)
                  0.06    0.00   10.20 ^ clkbuf_2_1__f_clk/A (sky130_fd_sc_hd__clkbuf_16)
                  0.06    0.14   10.34 ^ clkbuf_2_1__f_clk/X (sky130_fd_sc_hd__clkbuf_16)
    12    0.04                           clknet_2_1__leaf_clk (net)
                  0.06    0.00   10.34 ^ _442_/CLK (sky130_fd_sc_hd__dfrtp_1)
                         -0.25   10.09   clock uncertainty
                          0.00   10.09   clock reconvergence pessimism
                         -0.10    9.99   library setup time
                                  9.99   data required time
-----------------------------------------------------------------------------
                                  9.99   data required time
                                 -3.32   data arrival time
-----------------------------------------------------------------------------
                                  6.67   slack (MET)


Startpoint: start (input port clocked by clk)
Endpoint: _443_ (rising edge-triggered flip-flop clocked by clk)
Path Group: clk
Path Type: max

Fanout     Cap    Slew   Delay    Time   Description
-----------------------------------------------------------------------------
                          0.00    0.00   clock clk (rise edge)
                          0.00    0.00   clock network delay (propagated)
                          2.00    2.00 v input external delay
                  0.01    0.00    2.00 v start (in)
     1    0.00                           start (net)
                  0.01    0.00    2.00 v input3/A (sky130_fd_sc_hd__buf_1)
                  0.09    0.13    2.14 v input3/X (sky130_fd_sc_hd__buf_1)
     2    0.01                           net3 (net)
                  0.09    0.00    2.14 v _204_/B (sky130_fd_sc_hd__or2_2)
                  0.10    0.37    2.51 v _204_/X (sky130_fd_sc_hd__or2_2)
     6    0.02                           _096_ (net)
                  0.10    0.00    2.51 v _222_/A (sky130_fd_sc_hd__and3_1)
                  0.03    0.17    2.68 v _222_/X (sky130_fd_sc_hd__and3_1)
     1    0.00                           _113_ (net)
                  0.03    0.00    2.68 v _223_/A (sky130_fd_sc_hd__clkbuf_4)
                  0.10    0.21    2.88 v _223_/X (sky130_fd_sc_hd__clkbuf_4)
    10    0.05                           _114_ (net)
                  0.10    0.00    2.88 v _249_/S (sky130_fd_sc_hd__mux2_1)
                  0.05    0.34    3.22 v _249_/X (sky130_fd_sc_hd__mux2_1)
     1    0.00                           _129_ (net)
                  0.05    0.00    3.22 v _250_/A (sky130_fd_sc_hd__clkbuf_1)
                  0.03    0.10    3.32 v _250_/X (sky130_fd_sc_hd__clkbuf_1)
     1    0.00                           _083_ (net)
                  0.03    0.00    3.32 v _443_/D (sky130_fd_sc_hd__dfrtp_1)
                                  3.32   data arrival time

                         10.00   10.00   clock clk (rise edge)
                          0.00   10.00   clock source latency
                  0.08    0.05   10.05 ^ clk (in)
     1    0.02                           clk (net)
                  0.08    0.00   10.05 ^ clkbuf_0_clk/A (sky130_fd_sc_hd__clkbuf_16)
                  0.06    0.15   10.20 ^ clkbuf_0_clk/X (sky130_fd_sc_hd__clkbuf_16)
     4    0.04                           clknet_0_clk (net)
                  0.06    0.00   10.20 ^ clkbuf_2_1__f_clk/A (sky130_fd_sc_hd__clkbuf_16)
                  0.06    0.14   10.34 ^ clkbuf_2_1__f_clk/X (sky130_fd_sc_hd__clkbuf_16)
    12    0.04                           clknet_2_1__leaf_clk (net)
                  0.06    0.00   10.34 ^ _443_/CLK (sky130_fd_sc_hd__dfrtp_1)
                         -0.25   10.09   clock uncertainty
                          0.00   10.09   clock reconvergence pessimism
                         -0.10    9.99   library setup time
                                  9.99   data required time
-----------------------------------------------------------------------------
                                  9.99   data required time
                                 -3.32   data arrival time
-----------------------------------------------------------------------------
                                  6.67   slack (MET)


Startpoint: start (input port clocked by clk)
Endpoint: _452_ (rising edge-triggered flip-flop clocked by clk)
Path Group: clk
Path Type: max

Fanout     Cap    Slew   Delay    Time   Description
-----------------------------------------------------------------------------
                          0.00    0.00   clock clk (rise edge)
                          0.00    0.00   clock network delay (propagated)
                          2.00    2.00 v input external delay
                  0.01    0.00    2.00 v start (in)
     1    0.00                           start (net)
                  0.01    0.00    2.00 v input3/A (sky130_fd_sc_hd__buf_1)
                  0.09    0.13    2.14 v input3/X (sky130_fd_sc_hd__buf_1)
     2    0.01                           net3 (net)
                  0.09    0.00    2.14 v _204_/B (sky130_fd_sc_hd__or2_2)
                  0.10    0.37    2.51 v _204_/X (sky130_fd_sc_hd__or2_2)
     6    0.02                           _096_ (net)
                  0.10    0.00    2.51 v _222_/A (sky130_fd_sc_hd__and3_1)
                  0.03    0.17    2.68 v _222_/X (sky130_fd_sc_hd__and3_1)
     1    0.00                           _113_ (net)
                  0.03    0.00    2.68 v _223_/A (sky130_fd_sc_hd__clkbuf_4)
                  0.10    0.21    2.88 v _223_/X (sky130_fd_sc_hd__clkbuf_4)
    10    0.05                           _114_ (net)
                  0.10    0.00    2.88 v _233_/S (sky130_fd_sc_hd__mux2_1)
                  0.06    0.34    3.22 v _233_/X (sky130_fd_sc_hd__mux2_1)
     1    0.00                           _122_ (net)
                  0.06    0.00    3.22 v _234_/A (sky130_fd_sc_hd__clkbuf_1)
                  0.02    0.09    3.32 v _234_/X (sky130_fd_sc_hd__clkbuf_1)
     1    0.00                           _092_ (net)
                  0.02    0.00    3.32 v _452_/D (sky130_fd_sc_hd__dfrtp_1)
                                  3.32   data arrival time

                         10.00   10.00   clock clk (rise edge)
                          0.00   10.00   clock source latency
                  0.08    0.05   10.05 ^ clk (in)
     1    0.02                           clk (net)
                  0.08    0.00   10.05 ^ clkbuf_0_clk/A (sky130_fd_sc_hd__clkbuf_16)
                  0.06    0.15   10.20 ^ clkbuf_0_clk/X (sky130_fd_sc_hd__clkbuf_16)
     4    0.04                           clknet_0_clk (net)
                  0.06    0.00   10.20 ^ clkbuf_2_1__f_clk/A (sky130_fd_sc_hd__clkbuf_16)
                  0.06    0.14   10.34 ^ clkbuf_2_1__f_clk/X (sky130_fd_sc_hd__clkbuf_16)
    12    0.04                           clknet_2_1__leaf_clk (net)
                  0.06    0.00   10.34 ^ _452_/CLK (sky130_fd_sc_hd__dfrtp_1)
                         -0.25   10.09   clock uncertainty
                          0.00   10.09   clock reconvergence pessimism
                         -0.10    9.99   library setup time
                                  9.99   data required time
-----------------------------------------------------------------------------
                                  9.99   data required time
                                 -3.32   data arrival time
-----------------------------------------------------------------------------
                                  6.67   slack (MET)


Startpoint: start (input port clocked by clk)
Endpoint: _440_ (rising edge-triggered flip-flop clocked by clk)
Path Group: clk
Path Type: max

Fanout     Cap    Slew   Delay    Time   Description
-----------------------------------------------------------------------------
                          0.00    0.00   clock clk (rise edge)
                          0.00    0.00   clock network delay (propagated)
                          2.00    2.00 v input external delay
                  0.01    0.00    2.00 v start (in)
     1    0.00                           start (net)
                  0.01    0.00    2.00 v input3/A (sky130_fd_sc_hd__buf_1)
                  0.09    0.13    2.14 v input3/X (sky130_fd_sc_hd__buf_1)
     2    0.01                           net3 (net)
                  0.09    0.00    2.14 v _204_/B (sky130_fd_sc_hd__or2_2)
                  0.10    0.37    2.51 v _204_/X (sky130_fd_sc_hd__or2_2)
     6    0.02                           _096_ (net)
                  0.10    0.00    2.51 v _222_/A (sky130_fd_sc_hd__and3_1)
                  0.03    0.17    2.68 v _222_/X (sky130_fd_sc_hd__and3_1)
     1    0.00                           _113_ (net)
                  0.03    0.00    2.68 v _223_/A (sky130_fd_sc_hd__clkbuf_4)
                  0.10    0.21    2.88 v _223_/X (sky130_fd_sc_hd__clkbuf_4)
    10    0.05                           _114_ (net)
                  0.10    0.00    2.88 v _258_/S (sky130_fd_sc_hd__mux2_1)
                  0.05    0.34    3.22 v _258_/X (sky130_fd_sc_hd__mux2_1)
     1    0.00                           _135_ (net)
                  0.05    0.00    3.22 v _259_/A (sky130_fd_sc_hd__clkbuf_1)
                  0.03    0.10    3.32 v _259_/X (sky130_fd_sc_hd__clkbuf_1)
     1    0.00                           _080_ (net)
                  0.03    0.00    3.32 v _440_/D (sky130_fd_sc_hd__dfrtp_1)
                                  3.32   data arrival time

                         10.00   10.00   clock clk (rise edge)
                          0.00   10.00   clock source latency
                  0.08    0.05   10.05 ^ clk (in)
     1    0.02                           clk (net)
                  0.08    0.00   10.05 ^ clkbuf_0_clk/A (sky130_fd_sc_hd__clkbuf_16)
                  0.06    0.15   10.20 ^ clkbuf_0_clk/X (sky130_fd_sc_hd__clkbuf_16)
     4    0.04                           clknet_0_clk (net)
                  0.06    0.00   10.20 ^ clkbuf_2_3__f_clk/A (sky130_fd_sc_hd__clkbuf_16)
                  0.06    0.14   10.34 ^ clkbuf_2_3__f_clk/X (sky130_fd_sc_hd__clkbuf_16)
    12    0.04                           clknet_2_3__leaf_clk (net)
                  0.06    0.00   10.34 ^ _440_/CLK (sky130_fd_sc_hd__dfrtp_1)
                         -0.25   10.09   clock uncertainty
                          0.00   10.09   clock reconvergence pessimism
                         -0.10    9.99   library setup time
                                  9.99   data required time
-----------------------------------------------------------------------------
                                  9.99   data required time
                                 -3.32   data arrival time
-----------------------------------------------------------------------------
                                  6.67   slack (MET)


Startpoint: start (input port clocked by clk)
Endpoint: _438_ (rising edge-triggered flip-flop clocked by clk)
Path Group: clk
Path Type: max

Fanout     Cap    Slew   Delay    Time   Description
-----------------------------------------------------------------------------
                          0.00    0.00   clock clk (rise edge)
                          0.00    0.00   clock network delay (propagated)
                          2.00    2.00 v input external delay
                  0.01    0.00    2.00 v start (in)
     1    0.00                           start (net)
                  0.01    0.00    2.00 v input3/A (sky130_fd_sc_hd__buf_1)
                  0.09    0.13    2.14 v input3/X (sky130_fd_sc_hd__buf_1)
     2    0.01                           net3 (net)
                  0.09    0.00    2.14 v _204_/B (sky130_fd_sc_hd__or2_2)
                  0.10    0.37    2.51 v _204_/X (sky130_fd_sc_hd__or2_2)
     6    0.02                           _096_ (net)
                  0.10    0.00    2.51 v _222_/A (sky130_fd_sc_hd__and3_1)
                  0.03    0.17    2.68 v _222_/X (sky130_fd_sc_hd__and3_1)
     1    0.00                           _113_ (net)
                  0.03    0.00    2.68 v _223_/A (sky130_fd_sc_hd__clkbuf_4)
                  0.10    0.21    2.88 v _223_/X (sky130_fd_sc_hd__clkbuf_4)
    10    0.05                           _114_ (net)
                  0.10    0.00    2.88 v _264_/S (sky130_fd_sc_hd__mux2_1)
                  0.06    0.34    3.22 v _264_/X (sky130_fd_sc_hd__mux2_1)
     1    0.00                           _139_ (net)
                  0.06    0.00    3.22 v _265_/A (sky130_fd_sc_hd__clkbuf_1)
                  0.02    0.09    3.32 v _265_/X (sky130_fd_sc_hd__clkbuf_1)
     1    0.00                           _078_ (net)
                  0.02    0.00    3.32 v _438_/D (sky130_fd_sc_hd__dfrtp_1)
                                  3.32   data arrival time

                         10.00   10.00   clock clk (rise edge)
                          0.00   10.00   clock source latency
                  0.08    0.05   10.05 ^ clk (in)
     1    0.02                           clk (net)
                  0.08    0.00   10.05 ^ clkbuf_0_clk/A (sky130_fd_sc_hd__clkbuf_16)
                  0.06    0.15   10.20 ^ clkbuf_0_clk/X (sky130_fd_sc_hd__clkbuf_16)
     4    0.04                           clknet_0_clk (net)
                  0.06    0.00   10.20 ^ clkbuf_2_3__f_clk/A (sky130_fd_sc_hd__clkbuf_16)
                  0.06    0.14   10.34 ^ clkbuf_2_3__f_clk/X (sky130_fd_sc_hd__clkbuf_16)
    12    0.04                           clknet_2_3__leaf_clk (net)
                  0.06    0.00   10.34 ^ _438_/CLK (sky130_fd_sc_hd__dfrtp_1)
                         -0.25   10.09   clock uncertainty
                          0.00   10.09   clock reconvergence pessimism
                         -0.10    9.99   library setup time
                                  9.99   data required time
-----------------------------------------------------------------------------
                                  9.99   data required time
                                 -3.32   data arrival time
-----------------------------------------------------------------------------
                                  6.67   slack (MET)


Startpoint: start (input port clocked by clk)
Endpoint: _439_ (rising edge-triggered flip-flop clocked by clk)
Path Group: clk
Path Type: max

Fanout     Cap    Slew   Delay    Time   Description
-----------------------------------------------------------------------------
                          0.00    0.00   clock clk (rise edge)
                          0.00    0.00   clock network delay (propagated)
                          2.00    2.00 v input external delay
                  0.01    0.00    2.00 v start (in)
     1    0.00                           start (net)
                  0.01    0.00    2.00 v input3/A (sky130_fd_sc_hd__buf_1)
                  0.09    0.13    2.14 v input3/X (sky130_fd_sc_hd__buf_1)
     2    0.01                           net3 (net)
                  0.09    0.00    2.14 v _204_/B (sky130_fd_sc_hd__or2_2)
                  0.10    0.37    2.51 v _204_/X (sky130_fd_sc_hd__or2_2)
     6    0.02                           _096_ (net)
                  0.10    0.00    2.51 v _222_/A (sky130_fd_sc_hd__and3_1)
                  0.03    0.17    2.68 v _222_/X (sky130_fd_sc_hd__and3_1)
     1    0.00                           _113_ (net)
                  0.03    0.00    2.68 v _223_/A (sky130_fd_sc_hd__clkbuf_4)
                  0.10    0.21    2.88 v _223_/X (sky130_fd_sc_hd__clkbuf_4)
    10    0.05                           _114_ (net)
                  0.10    0.00    2.88 v _261_/S (sky130_fd_sc_hd__mux2_1)
                  0.05    0.34    3.22 v _261_/X (sky130_fd_sc_hd__mux2_1)
     1    0.00                           _137_ (net)
                  0.05    0.00    3.22 v _262_/A (sky130_fd_sc_hd__clkbuf_1)
                  0.02    0.09    3.31 v _262_/X (sky130_fd_sc_hd__clkbuf_1)
     1    0.00                           _079_ (net)
                  0.02    0.00    3.31 v _439_/D (sky130_fd_sc_hd__dfrtp_1)
                                  3.31   data arrival time

                         10.00   10.00   clock clk (rise edge)
                          0.00   10.00   clock source latency
                  0.08    0.05   10.05 ^ clk (in)
     1    0.02                           clk (net)
                  0.08    0.00   10.05 ^ clkbuf_0_clk/A (sky130_fd_sc_hd__clkbuf_16)
                  0.06    0.15   10.20 ^ clkbuf_0_clk/X (sky130_fd_sc_hd__clkbuf_16)
     4    0.04                           clknet_0_clk (net)
                  0.06    0.00   10.20 ^ clkbuf_2_3__f_clk/A (sky130_fd_sc_hd__clkbuf_16)
                  0.06    0.14   10.34 ^ clkbuf_2_3__f_clk/X (sky130_fd_sc_hd__clkbuf_16)
    12    0.04                           clknet_2_3__leaf_clk (net)
                  0.06    0.00   10.34 ^ _439_/CLK (sky130_fd_sc_hd__dfrtp_1)
                         -0.25   10.09   clock uncertainty
                          0.00   10.09   clock reconvergence pessimism
                         -0.10    9.99   library setup time
                                  9.99   data required time
-----------------------------------------------------------------------------
                                  9.99   data required time
                                 -3.31   data arrival time
-----------------------------------------------------------------------------
                                  6.67   slack (MET)


Startpoint: start (input port clocked by clk)
Endpoint: _441_ (rising edge-triggered flip-flop clocked by clk)
Path Group: clk
Path Type: max

Fanout     Cap    Slew   Delay    Time   Description
-----------------------------------------------------------------------------
                          0.00    0.00   clock clk (rise edge)
                          0.00    0.00   clock network delay (propagated)
                          2.00    2.00 v input external delay
                  0.01    0.00    2.00 v start (in)
     1    0.00                           start (net)
                  0.01    0.00    2.00 v input3/A (sky130_fd_sc_hd__buf_1)
                  0.09    0.13    2.14 v input3/X (sky130_fd_sc_hd__buf_1)
     2    0.01                           net3 (net)
                  0.09    0.00    2.14 v _204_/B (sky130_fd_sc_hd__or2_2)
                  0.10    0.37    2.51 v _204_/X (sky130_fd_sc_hd__or2_2)
     6    0.02                           _096_ (net)
                  0.10    0.00    2.51 v _222_/A (sky130_fd_sc_hd__and3_1)
                  0.03    0.17    2.68 v _222_/X (sky130_fd_sc_hd__and3_1)
     1    0.00                           _113_ (net)
                  0.03    0.00    2.68 v _223_/A (sky130_fd_sc_hd__clkbuf_4)
                  0.10    0.21    2.88 v _223_/X (sky130_fd_sc_hd__clkbuf_4)
    10    0.05                           _114_ (net)
                  0.10    0.00    2.88 v _255_/S (sky130_fd_sc_hd__mux2_1)
                  0.05    0.34    3.22 v _255_/X (sky130_fd_sc_hd__mux2_1)
     1    0.00                           _133_ (net)
                  0.05    0.00    3.22 v _256_/A (sky130_fd_sc_hd__clkbuf_1)
                  0.02    0.09    3.31 v _256_/X (sky130_fd_sc_hd__clkbuf_1)
     1    0.00                           _081_ (net)
                  0.02    0.00    3.31 v _441_/D (sky130_fd_sc_hd__dfrtp_1)
                                  3.31   data arrival time

                         10.00   10.00   clock clk (rise edge)
                          0.00   10.00   clock source latency
                  0.08    0.05   10.05 ^ clk (in)
     1    0.02                           clk (net)
                  0.08    0.00   10.05 ^ clkbuf_0_clk/A (sky130_fd_sc_hd__clkbuf_16)
                  0.06    0.15   10.20 ^ clkbuf_0_clk/X (sky130_fd_sc_hd__clkbuf_16)
     4    0.04                           clknet_0_clk (net)
                  0.06    0.00   10.20 ^ clkbuf_2_1__f_clk/A (sky130_fd_sc_hd__clkbuf_16)
                  0.06    0.14   10.34 ^ clkbuf_2_1__f_clk/X (sky130_fd_sc_hd__clkbuf_16)
    12    0.04                           clknet_2_1__leaf_clk (net)
                  0.06    0.00   10.34 ^ _441_/CLK (sky130_fd_sc_hd__dfrtp_1)
                         -0.25   10.09   clock uncertainty
                          0.00   10.09   clock reconvergence pessimism
                         -0.10    9.99   library setup time
                                  9.99   data required time
-----------------------------------------------------------------------------
                                  9.99   data required time
                                 -3.31   data arrival time
-----------------------------------------------------------------------------
                                  6.68   slack (MET)


Startpoint: start (input port clocked by clk)
Endpoint: _437_ (rising edge-triggered flip-flop clocked by clk)
Path Group: clk
Path Type: max

Fanout     Cap    Slew   Delay    Time   Description
-----------------------------------------------------------------------------
                          0.00    0.00   clock clk (rise edge)
                          0.00    0.00   clock network delay (propagated)
                          2.00    2.00 v input external delay
                  0.01    0.00    2.00 v start (in)
     1    0.00                           start (net)
                  0.01    0.00    2.00 v input3/A (sky130_fd_sc_hd__buf_1)
                  0.09    0.13    2.14 v input3/X (sky130_fd_sc_hd__buf_1)
     2    0.01                           net3 (net)
                  0.09    0.00    2.14 v _204_/B (sky130_fd_sc_hd__or2_2)
                  0.10    0.37    2.51 v _204_/X (sky130_fd_sc_hd__or2_2)
     6    0.02                           _096_ (net)
                  0.10    0.00    2.51 v _222_/A (sky130_fd_sc_hd__and3_1)
                  0.03    0.17    2.68 v _222_/X (sky130_fd_sc_hd__and3_1)
     1    0.00                           _113_ (net)
                  0.03    0.00    2.68 v _223_/A (sky130_fd_sc_hd__clkbuf_4)
                  0.10    0.21    2.88 v _223_/X (sky130_fd_sc_hd__clkbuf_4)
    10    0.05                           _114_ (net)
                  0.10    0.00    2.88 v _267_/S (sky130_fd_sc_hd__mux2_1)
                  0.05    0.34    3.22 v _267_/X (sky130_fd_sc_hd__mux2_1)
     1    0.00                           _141_ (net)
                  0.05    0.00    3.22 v _268_/A (sky130_fd_sc_hd__clkbuf_1)
                  0.02    0.09    3.31 v _268_/X (sky130_fd_sc_hd__clkbuf_1)
     1    0.00                           _077_ (net)
                  0.02    0.00    3.31 v _437_/D (sky130_fd_sc_hd__dfrtp_1)
                                  3.31   data arrival time

                         10.00   10.00   clock clk (rise edge)
                          0.00   10.00   clock source latency
                  0.08    0.05   10.05 ^ clk (in)
     1    0.02                           clk (net)
                  0.08    0.00   10.05 ^ clkbuf_0_clk/A (sky130_fd_sc_hd__clkbuf_16)
                  0.06    0.15   10.20 ^ clkbuf_0_clk/X (sky130_fd_sc_hd__clkbuf_16)
     4    0.04                           clknet_0_clk (net)
                  0.06    0.00   10.20 ^ clkbuf_2_3__f_clk/A (sky130_fd_sc_hd__clkbuf_16)
                  0.06    0.14   10.34 ^ clkbuf_2_3__f_clk/X (sky130_fd_sc_hd__clkbuf_16)
    12    0.04                           clknet_2_3__leaf_clk (net)
                  0.06    0.00   10.34 ^ _437_/CLK (sky130_fd_sc_hd__dfrtp_1)
                         -0.25   10.09   clock uncertainty
                          0.00   10.09   clock reconvergence pessimism
                         -0.10    9.99   library setup time
                                  9.99   data required time
-----------------------------------------------------------------------------
                                  9.99   data required time
                                 -3.31   data arrival time
-----------------------------------------------------------------------------
                                  6.68   slack (MET)


Startpoint: _435_ (rising edge-triggered flip-flop clocked by clk)
Endpoint: sclk (output port clocked by clk)
Path Group: clk
Path Type: max

Fanout     Cap    Slew   Delay    Time   Description
-----------------------------------------------------------------------------
                          0.00    0.00   clock clk (rise edge)
                          0.00    0.00   clock source latency
                  0.08    0.06    0.06 ^ clk (in)
     1    0.02                           clk (net)
                  0.08    0.00    0.06 ^ clkbuf_0_clk/A (sky130_fd_sc_hd__clkbuf_16)
                  0.06    0.16    0.22 ^ clkbuf_0_clk/X (sky130_fd_sc_hd__clkbuf_16)
     4    0.04                           clknet_0_clk (net)
                  0.06    0.00    0.22 ^ clkbuf_2_0__f_clk/A (sky130_fd_sc_hd__clkbuf_16)
                  0.06    0.16    0.38 ^ clkbuf_2_0__f_clk/X (sky130_fd_sc_hd__clkbuf_16)
    14    0.04                           clknet_2_0__leaf_clk (net)
                  0.06    0.00    0.38 ^ _435_/CLK (sky130_fd_sc_hd__dfrtp_2)
                  0.13    0.44    0.82 ^ _435_/Q (sky130_fd_sc_hd__dfrtp_2)
     4    0.02                           net24 (net)
                  0.13    0.00    0.82 ^ output24/A (sky130_fd_sc_hd__buf_2)
                  0.17    0.24    1.06 ^ output24/X (sky130_fd_sc_hd__buf_2)
     1    0.03                           sclk (net)
                  0.17    0.00    1.06 ^ sclk (out)
                                  1.06   data arrival time

                         10.00   10.00   clock clk (rise edge)
                          0.00   10.00   clock network delay (propagated)
                         -0.25    9.75   clock uncertainty
                          0.00    9.75   clock reconvergence pessimism
                         -2.00    7.75   output external delay
                                  7.75   data required time
-----------------------------------------------------------------------------
                                  7.75   data required time
                                 -1.06   data arrival time
-----------------------------------------------------------------------------
                                  6.69   slack (MET)


Startpoint: _424_ (rising edge-triggered flip-flop clocked by clk)
Endpoint: busy (output port clocked by clk)
Path Group: clk
Path Type: max

Fanout     Cap    Slew   Delay    Time   Description
-----------------------------------------------------------------------------
                          0.00    0.00   clock clk (rise edge)
                          0.00    0.00   clock source latency
                  0.08    0.06    0.06 ^ clk (in)
     1    0.02                           clk (net)
                  0.08    0.00    0.06 ^ clkbuf_0_clk/A (sky130_fd_sc_hd__clkbuf_16)
                  0.06    0.16    0.22 ^ clkbuf_0_clk/X (sky130_fd_sc_hd__clkbuf_16)
     4    0.04                           clknet_0_clk (net)
                  0.06    0.00    0.22 ^ clkbuf_2_3__f_clk/A (sky130_fd_sc_hd__clkbuf_16)
                  0.06    0.15    0.37 ^ clkbuf_2_3__f_clk/X (sky130_fd_sc_hd__clkbuf_16)
    12    0.04                           clknet_2_3__leaf_clk (net)
                  0.06    0.00    0.38 ^ _424_/CLK (sky130_fd_sc_hd__dfrtp_2)
                  0.08    0.46    0.84 v _424_/Q (sky130_fd_sc_hd__dfrtp_2)
     4    0.02                           net12 (net)
                  0.08    0.00    0.84 v output12/A (sky130_fd_sc_hd__buf_2)
                  0.09    0.21    1.04 v output12/X (sky130_fd_sc_hd__buf_2)
     1    0.03                           busy (net)
                  0.09    0.00    1.05 v busy (out)
                                  1.05   data arrival time

                         10.00   10.00   clock clk (rise edge)
                          0.00   10.00   clock network delay (propagated)
                         -0.25    9.75   clock uncertainty
                          0.00    9.75   clock reconvergence pessimism
                         -2.00    7.75   output external delay
                                  7.75   data required time
-----------------------------------------------------------------------------
                                  7.75   data required time
                                 -1.05   data arrival time
-----------------------------------------------------------------------------
                                  6.70   slack (MET)


Startpoint: _430_ (rising edge-triggered flip-flop clocked by clk)
Endpoint: rx_data[4] (output port clocked by clk)
Path Group: clk
Path Type: max

Fanout     Cap    Slew   Delay    Time   Description
-----------------------------------------------------------------------------
                          0.00    0.00   clock clk (rise edge)
                          0.00    0.00   clock source latency
                  0.08    0.06    0.06 ^ clk (in)
     1    0.02                           clk (net)
                  0.08    0.00    0.06 ^ clkbuf_0_clk/A (sky130_fd_sc_hd__clkbuf_16)
                  0.06    0.16    0.22 ^ clkbuf_0_clk/X (sky130_fd_sc_hd__clkbuf_16)
     4    0.04                           clknet_0_clk (net)
                  0.06    0.00    0.22 ^ clkbuf_2_0__f_clk/A (sky130_fd_sc_hd__clkbuf_16)
                  0.06    0.16    0.38 ^ clkbuf_2_0__f_clk/X (sky130_fd_sc_hd__clkbuf_16)
    14    0.04                           clknet_2_0__leaf_clk (net)
                  0.06    0.00    0.38 ^ _430_/CLK (sky130_fd_sc_hd__dfrtp_1)
                  0.08    0.43    0.81 v _430_/Q (sky130_fd_sc_hd__dfrtp_1)
     2    0.01                           net20 (net)
                  0.08    0.00    0.81 v output20/A (sky130_fd_sc_hd__clkbuf_4)
                  0.08    0.21    1.02 v output20/X (sky130_fd_sc_hd__clkbuf_4)
     1    0.03                           rx_data[4] (net)
                  0.08    0.00    1.02 v rx_data[4] (out)
                                  1.02   data arrival time

                         10.00   10.00   clock clk (rise edge)
                          0.00   10.00   clock network delay (propagated)
                         -0.25    9.75   clock uncertainty
                          0.00    9.75   clock reconvergence pessimism
                         -2.00    7.75   output external delay
                                  7.75   data required time
-----------------------------------------------------------------------------
                                  7.75   data required time
                                 -1.02   data arrival time
-----------------------------------------------------------------------------
                                  6.73   slack (MET)


Startpoint: _434_ (rising edge-triggered flip-flop clocked by clk)
Endpoint: mosi (output port clocked by clk)
Path Group: clk
Path Type: max

Fanout     Cap    Slew   Delay    Time   Description
-----------------------------------------------------------------------------
                          0.00    0.00   clock clk (rise edge)
                          0.00    0.00   clock source latency
                  0.08    0.06    0.06 ^ clk (in)
     1    0.02                           clk (net)
                  0.08    0.00    0.06 ^ clkbuf_0_clk/A (sky130_fd_sc_hd__clkbuf_16)
                  0.06    0.16    0.22 ^ clkbuf_0_clk/X (sky130_fd_sc_hd__clkbuf_16)
     4    0.04                           clknet_0_clk (net)
                  0.06    0.00    0.22 ^ clkbuf_2_1__f_clk/A (sky130_fd_sc_hd__clkbuf_16)
                  0.06    0.15    0.37 ^ clkbuf_2_1__f_clk/X (sky130_fd_sc_hd__clkbuf_16)
    12    0.04                           clknet_2_1__leaf_clk (net)
                  0.06    0.00    0.37 ^ _434_/CLK (sky130_fd_sc_hd__dfrtp_1)
                  0.08    0.42    0.80 v _434_/Q (sky130_fd_sc_hd__dfrtp_1)
     2    0.01                           net15 (net)
                  0.08    0.00    0.80 v output15/A (sky130_fd_sc_hd__clkbuf_4)
                  0.08    0.21    1.00 v output15/X (sky130_fd_sc_hd__clkbuf_4)
     1    0.03                           mosi (net)
                  0.08    0.00    1.00 v mosi (out)
                                  1.00   data arrival time

                         10.00   10.00   clock clk (rise edge)
                          0.00   10.00   clock network delay (propagated)
                         -0.25    9.75   clock uncertainty
                          0.00    9.75   clock reconvergence pessimism
                         -2.00    7.75   output external delay
                                  7.75   data required time
-----------------------------------------------------------------------------
                                  7.75   data required time
                                 -1.00   data arrival time
-----------------------------------------------------------------------------
                                  6.75   slack (MET)


Startpoint: _428_ (rising edge-triggered flip-flop clocked by clk)
Endpoint: rx_data[2] (output port clocked by clk)
Path Group: clk
Path Type: max

Fanout     Cap    Slew   Delay    Time   Description
-----------------------------------------------------------------------------
                          0.00    0.00   clock clk (rise edge)
                          0.00    0.00   clock source latency
                  0.08    0.06    0.06 ^ clk (in)
     1    0.02                           clk (net)
                  0.08    0.00    0.06 ^ clkbuf_0_clk/A (sky130_fd_sc_hd__clkbuf_16)
                  0.06    0.16    0.22 ^ clkbuf_0_clk/X (sky130_fd_sc_hd__clkbuf_16)
     4    0.04                           clknet_0_clk (net)
                  0.06    0.00    0.22 ^ clkbuf_2_0__f_clk/A (sky130_fd_sc_hd__clkbuf_16)
                  0.06    0.16    0.38 ^ clkbuf_2_0__f_clk/X (sky130_fd_sc_hd__clkbuf_16)
    14    0.04                           clknet_2_0__leaf_clk (net)
                  0.06    0.00    0.38 ^ _428_/CLK (sky130_fd_sc_hd__dfrtp_1)
                  0.07    0.42    0.80 v _428_/Q (sky130_fd_sc_hd__dfrtp_1)
     2    0.01                           net18 (net)
                  0.07    0.00    0.80 v output18/A (sky130_fd_sc_hd__clkbuf_4)
                  0.08    0.20    1.00 v output18/X (sky130_fd_sc_hd__clkbuf_4)
     1    0.03                           rx_data[2] (net)
                  0.08    0.00    1.00 v rx_data[2] (out)
                                  1.00   data arrival time

                         10.00   10.00   clock clk (rise edge)
                          0.00   10.00   clock network delay (propagated)
                         -0.25    9.75   clock uncertainty
                          0.00    9.75   clock reconvergence pessimism
                         -2.00    7.75   output external delay
                                  7.75   data required time
-----------------------------------------------------------------------------
                                  7.75   data required time
                                 -1.00   data arrival time
-----------------------------------------------------------------------------
                                  6.75   slack (MET)


Startpoint: _431_ (rising edge-triggered flip-flop clocked by clk)
Endpoint: rx_data[5] (output port clocked by clk)
Path Group: clk
Path Type: max

Fanout     Cap    Slew   Delay    Time   Description
-----------------------------------------------------------------------------
                          0.00    0.00   clock clk (rise edge)
                          0.00    0.00   clock source latency
                  0.08    0.06    0.06 ^ clk (in)
     1    0.02                           clk (net)
                  0.08    0.00    0.06 ^ clkbuf_0_clk/A (sky130_fd_sc_hd__clkbuf_16)
                  0.06    0.16    0.22 ^ clkbuf_0_clk/X (sky130_fd_sc_hd__clkbuf_16)
     4    0.04                           clknet_0_clk (net)
                  0.06    0.00    0.22 ^ clkbuf_2_0__f_clk/A (sky130_fd_sc_hd__clkbuf_16)
                  0.06    0.16    0.38 ^ clkbuf_2_0__f_clk/X (sky130_fd_sc_hd__clkbuf_16)
    14    0.04                           clknet_2_0__leaf_clk (net)
                  0.06    0.00    0.38 ^ _431_/CLK (sky130_fd_sc_hd__dfrtp_1)
                  0.06    0.41    0.79 v _431_/Q (sky130_fd_sc_hd__dfrtp_1)
     2    0.01                           net21 (net)
                  0.06    0.00    0.79 v output21/A (sky130_fd_sc_hd__clkbuf_4)
                  0.08    0.20    0.99 v output21/X (sky130_fd_sc_hd__clkbuf_4)
     1    0.03                           rx_data[5] (net)
                  0.08    0.00    0.99 v rx_data[5] (out)
                                  0.99   data arrival time

                         10.00   10.00   clock clk (rise edge)
                          0.00   10.00   clock network delay (propagated)
                         -0.25    9.75   clock uncertainty
                          0.00    9.75   clock reconvergence pessimism
                         -2.00    7.75   output external delay
                                  7.75   data required time
-----------------------------------------------------------------------------
                                  7.75   data required time
                                 -0.99   data arrival time
-----------------------------------------------------------------------------
                                  6.76   slack (MET)


Startpoint: _429_ (rising edge-triggered flip-flop clocked by clk)
Endpoint: rx_data[3] (output port clocked by clk)
Path Group: clk
Path Type: max

Fanout     Cap    Slew   Delay    Time   Description
-----------------------------------------------------------------------------
                          0.00    0.00   clock clk (rise edge)
                          0.00    0.00   clock source latency
                  0.08    0.06    0.06 ^ clk (in)
     1    0.02                           clk (net)
                  0.08    0.00    0.06 ^ clkbuf_0_clk/A (sky130_fd_sc_hd__clkbuf_16)
                  0.06    0.16    0.22 ^ clkbuf_0_clk/X (sky130_fd_sc_hd__clkbuf_16)
     4    0.04                           clknet_0_clk (net)
                  0.06    0.00    0.22 ^ clkbuf_2_0__f_clk/A (sky130_fd_sc_hd__clkbuf_16)
                  0.06    0.16    0.38 ^ clkbuf_2_0__f_clk/X (sky130_fd_sc_hd__clkbuf_16)
    14    0.04                           clknet_2_0__leaf_clk (net)
                  0.06    0.00    0.38 ^ _429_/CLK (sky130_fd_sc_hd__dfrtp_1)
                  0.06    0.41    0.79 v _429_/Q (sky130_fd_sc_hd__dfrtp_1)
     2    0.01                           net19 (net)
                  0.06    0.00    0.79 v output19/A (sky130_fd_sc_hd__clkbuf_4)
                  0.08    0.20    0.98 v output19/X (sky130_fd_sc_hd__clkbuf_4)
     1    0.03                           rx_data[3] (net)
                  0.08    0.00    0.99 v rx_data[3] (out)
                                  0.99   data arrival time

                         10.00   10.00   clock clk (rise edge)
                          0.00   10.00   clock network delay (propagated)
                         -0.25    9.75   clock uncertainty
                          0.00    9.75   clock reconvergence pessimism
                         -2.00    7.75   output external delay
                                  7.75   data required time
-----------------------------------------------------------------------------
                                  7.75   data required time
                                 -0.99   data arrival time
-----------------------------------------------------------------------------
                                  6.76   slack (MET)


Startpoint: _427_ (rising edge-triggered flip-flop clocked by clk)
Endpoint: rx_data[1] (output port clocked by clk)
Path Group: clk
Path Type: max

Fanout     Cap    Slew   Delay    Time   Description
-----------------------------------------------------------------------------
                          0.00    0.00   clock clk (rise edge)
                          0.00    0.00   clock source latency
                  0.08    0.06    0.06 ^ clk (in)
     1    0.02                           clk (net)
                  0.08    0.00    0.06 ^ clkbuf_0_clk/A (sky130_fd_sc_hd__clkbuf_16)
                  0.06    0.16    0.22 ^ clkbuf_0_clk/X (sky130_fd_sc_hd__clkbuf_16)
     4    0.04                           clknet_0_clk (net)
                  0.06    0.00    0.22 ^ clkbuf_2_1__f_clk/A (sky130_fd_sc_hd__clkbuf_16)
                  0.06    0.15    0.37 ^ clkbuf_2_1__f_clk/X (sky130_fd_sc_hd__clkbuf_16)
    12    0.04                           clknet_2_1__leaf_clk (net)
                  0.06    0.00    0.38 ^ _427_/CLK (sky130_fd_sc_hd__dfrtp_1)
                  0.06    0.40    0.78 v _427_/Q (sky130_fd_sc_hd__dfrtp_1)
     2    0.01                           net17 (net)
                  0.06    0.00    0.78 v output17/A (sky130_fd_sc_hd__clkbuf_4)
                  0.08    0.20    0.98 v output17/X (sky130_fd_sc_hd__clkbuf_4)
     1    0.03                           rx_data[1] (net)
                  0.08    0.00    0.98 v rx_data[1] (out)
                                  0.98   data arrival time

                         10.00   10.00   clock clk (rise edge)
                          0.00   10.00   clock network delay (propagated)
                         -0.25    9.75   clock uncertainty
                          0.00    9.75   clock reconvergence pessimism
                         -2.00    7.75   output external delay
                                  7.75   data required time
-----------------------------------------------------------------------------
                                  7.75   data required time
                                 -0.98   data arrival time
-----------------------------------------------------------------------------
                                  6.77   slack (MET)


Startpoint: _432_ (rising edge-triggered flip-flop clocked by clk)
Endpoint: rx_data[6] (output port clocked by clk)
Path Group: clk
Path Type: max

Fanout     Cap    Slew   Delay    Time   Description
-----------------------------------------------------------------------------
                          0.00    0.00   clock clk (rise edge)
                          0.00    0.00   clock source latency
                  0.08    0.06    0.06 ^ clk (in)
     1    0.02                           clk (net)
                  0.08    0.00    0.06 ^ clkbuf_0_clk/A (sky130_fd_sc_hd__clkbuf_16)
                  0.06    0.16    0.22 ^ clkbuf_0_clk/X (sky130_fd_sc_hd__clkbuf_16)
     4    0.04                           clknet_0_clk (net)
                  0.06    0.00    0.22 ^ clkbuf_2_0__f_clk/A (sky130_fd_sc_hd__clkbuf_16)
                  0.06    0.16    0.38 ^ clkbuf_2_0__f_clk/X (sky130_fd_sc_hd__clkbuf_16)
    14    0.04                           clknet_2_0__leaf_clk (net)
                  0.06    0.00    0.38 ^ _432_/CLK (sky130_fd_sc_hd__dfrtp_1)
                  0.06    0.40    0.78 v _432_/Q (sky130_fd_sc_hd__dfrtp_1)
     2    0.01                           net22 (net)
                  0.06    0.00    0.78 v output22/A (sky130_fd_sc_hd__clkbuf_4)
                  0.08    0.20    0.98 v output22/X (sky130_fd_sc_hd__clkbuf_4)
     1    0.03                           rx_data[6] (net)
                  0.08    0.00    0.98 v rx_data[6] (out)
                                  0.98   data arrival time

                         10.00   10.00   clock clk (rise edge)
                          0.00   10.00   clock network delay (propagated)
                         -0.25    9.75   clock uncertainty
                          0.00    9.75   clock reconvergence pessimism
                         -2.00    7.75   output external delay
                                  7.75   data required time
-----------------------------------------------------------------------------
                                  7.75   data required time
                                 -0.98   data arrival time
-----------------------------------------------------------------------------
                                  6.77   slack (MET)


Startpoint: _433_ (rising edge-triggered flip-flop clocked by clk)
Endpoint: rx_data[7] (output port clocked by clk)
Path Group: clk
Path Type: max

Fanout     Cap    Slew   Delay    Time   Description
-----------------------------------------------------------------------------
                          0.00    0.00   clock clk (rise edge)
                          0.00    0.00   clock source latency
                  0.08    0.06    0.06 ^ clk (in)
     1    0.02                           clk (net)
                  0.08    0.00    0.06 ^ clkbuf_0_clk/A (sky130_fd_sc_hd__clkbuf_16)
                  0.06    0.16    0.22 ^ clkbuf_0_clk/X (sky130_fd_sc_hd__clkbuf_16)
     4    0.04                           clknet_0_clk (net)
                  0.06    0.00    0.22 ^ clkbuf_2_1__f_clk/A (sky130_fd_sc_hd__clkbuf_16)
                  0.06    0.15    0.37 ^ clkbuf_2_1__f_clk/X (sky130_fd_sc_hd__clkbuf_16)
    12    0.04                           clknet_2_1__leaf_clk (net)
                  0.06    0.00    0.38 ^ _433_/CLK (sky130_fd_sc_hd__dfrtp_1)
                  0.06    0.40    0.78 v _433_/Q (sky130_fd_sc_hd__dfrtp_1)
     2    0.01                           net23 (net)
                  0.06    0.00    0.78 v output23/A (sky130_fd_sc_hd__clkbuf_4)
                  0.08    0.20    0.98 v output23/X (sky130_fd_sc_hd__clkbuf_4)
     1    0.03                           rx_data[7] (net)
                  0.08    0.00    0.98 v rx_data[7] (out)
                                  0.98   data arrival time

                         10.00   10.00   clock clk (rise edge)
                          0.00   10.00   clock network delay (propagated)
                         -0.25    9.75   clock uncertainty
                          0.00    9.75   clock reconvergence pessimism
                         -2.00    7.75   output external delay
                                  7.75   data required time
-----------------------------------------------------------------------------
                                  7.75   data required time
                                 -0.98   data arrival time
-----------------------------------------------------------------------------
                                  6.77   slack (MET)


Startpoint: _426_ (rising edge-triggered flip-flop clocked by clk)
Endpoint: rx_data[0] (output port clocked by clk)
Path Group: clk
Path Type: max

Fanout     Cap    Slew   Delay    Time   Description
-----------------------------------------------------------------------------
                          0.00    0.00   clock clk (rise edge)
                          0.00    0.00   clock source latency
                  0.08    0.06    0.06 ^ clk (in)
     1    0.02                           clk (net)
                  0.08    0.00    0.06 ^ clkbuf_0_clk/A (sky130_fd_sc_hd__clkbuf_16)
                  0.06    0.16    0.22 ^ clkbuf_0_clk/X (sky130_fd_sc_hd__clkbuf_16)
     4    0.04                           clknet_0_clk (net)
                  0.06    0.00    0.22 ^ clkbuf_2_3__f_clk/A (sky130_fd_sc_hd__clkbuf_16)
                  0.06    0.15    0.37 ^ clkbuf_2_3__f_clk/X (sky130_fd_sc_hd__clkbuf_16)
    12    0.04                           clknet_2_3__leaf_clk (net)
                  0.06    0.00    0.38 ^ _426_/CLK (sky130_fd_sc_hd__dfrtp_1)
                  0.06    0.40    0.77 v _426_/Q (sky130_fd_sc_hd__dfrtp_1)
     2    0.01                           net16 (net)
                  0.06    0.00    0.77 v output16/A (sky130_fd_sc_hd__clkbuf_4)
                  0.08    0.20    0.97 v output16/X (sky130_fd_sc_hd__clkbuf_4)
     1    0.03                           rx_data[0] (net)
                  0.08    0.00    0.97 v rx_data[0] (out)
                                  0.97   data arrival time

                         10.00   10.00   clock clk (rise edge)
                          0.00   10.00   clock network delay (propagated)
                         -0.25    9.75   clock uncertainty
                          0.00    9.75   clock reconvergence pessimism
                         -2.00    7.75   output external delay
                                  7.75   data required time
-----------------------------------------------------------------------------
                                  7.75   data required time
                                 -0.97   data arrival time
-----------------------------------------------------------------------------
                                  6.78   slack (MET)


Startpoint: _425_ (rising edge-triggered flip-flop clocked by clk)
Endpoint: done (output port clocked by clk)
Path Group: clk
Path Type: max

Fanout     Cap    Slew   Delay    Time   Description
-----------------------------------------------------------------------------
                          0.00    0.00   clock clk (rise edge)
                          0.00    0.00   clock source latency
                  0.08    0.06    0.06 ^ clk (in)
     1    0.02                           clk (net)
                  0.08    0.00    0.06 ^ clkbuf_0_clk/A (sky130_fd_sc_hd__clkbuf_16)
                  0.06    0.16    0.22 ^ clkbuf_0_clk/X (sky130_fd_sc_hd__clkbuf_16)
     4    0.04                           clknet_0_clk (net)
                  0.06    0.00    0.22 ^ clkbuf_2_2__f_clk/A (sky130_fd_sc_hd__clkbuf_16)
                  0.05    0.15    0.37 ^ clkbuf_2_2__f_clk/X (sky130_fd_sc_hd__clkbuf_16)
    10    0.03                           clknet_2_2__leaf_clk (net)
                  0.05    0.00    0.37 ^ _425_/CLK (sky130_fd_sc_hd__dfrtp_1)
                  0.04    0.38    0.75 v _425_/Q (sky130_fd_sc_hd__dfrtp_1)
     1    0.00                           net14 (net)
                  0.04    0.00    0.75 v output14/A (sky130_fd_sc_hd__clkbuf_4)
                  0.08    0.19    0.95 v output14/X (sky130_fd_sc_hd__clkbuf_4)
     1    0.04                           done (net)
                  0.08    0.00    0.95 v done (out)
                                  0.95   data arrival time

                         10.00   10.00   clock clk (rise edge)
                          0.00   10.00   clock network delay (propagated)
                         -0.25    9.75   clock uncertainty
                          0.00    9.75   clock reconvergence pessimism
                         -2.00    7.75   output external delay
                                  7.75   data required time
-----------------------------------------------------------------------------
                                  7.75   data required time
                                 -0.95   data arrival time
-----------------------------------------------------------------------------
                                  6.80   slack (MET)


Startpoint: start (input port clocked by clk)
Endpoint: _454_ (rising edge-triggered flip-flop clocked by clk)
Path Group: clk
Path Type: max

Fanout     Cap    Slew   Delay    Time   Description
-----------------------------------------------------------------------------
                          0.00    0.00   clock clk (rise edge)
                          0.00    0.00   clock network delay (propagated)
                          2.00    2.00 ^ input external delay
                  0.02    0.01    2.01 ^ start (in)
     1    0.00                           start (net)
                  0.02    0.00    2.01 ^ input3/A (sky130_fd_sc_hd__buf_1)
                  0.19    0.19    2.20 ^ input3/X (sky130_fd_sc_hd__buf_1)
     2    0.02                           net3 (net)
                  0.19    0.00    2.20 ^ _204_/B (sky130_fd_sc_hd__or2_2)
                  0.12    0.22    2.42 ^ _204_/X (sky130_fd_sc_hd__or2_2)
     6    0.02                           _096_ (net)
                  0.12    0.00    2.42 ^ _222_/A (sky130_fd_sc_hd__and3_1)
                  0.05    0.17    2.59 ^ _222_/X (sky130_fd_sc_hd__and3_1)
     1    0.00                           _113_ (net)
                  0.05    0.00    2.59 ^ _223_/A (sky130_fd_sc_hd__clkbuf_4)
                  0.15    0.22    2.81 ^ _223_/X (sky130_fd_sc_hd__clkbuf_4)
    10    0.05                           _114_ (net)
                  0.15    0.00    2.81 ^ _226_/A2_N (sky130_fd_sc_hd__a2bb2o_1)
                  0.05    0.30    3.12 v _226_/X (sky130_fd_sc_hd__a2bb2o_1)
     1    0.00                           _094_ (net)
                  0.05    0.00    3.12 v _454_/D (sky130_fd_sc_hd__dfrtp_1)
                                  3.12   data arrival time

                         10.00   10.00   clock clk (rise edge)
                          0.00   10.00   clock source latency
                  0.08    0.05   10.05 ^ clk (in)
     1    0.02                           clk (net)
                  0.08    0.00   10.05 ^ clkbuf_0_clk/A (sky130_fd_sc_hd__clkbuf_16)
                  0.06    0.15   10.20 ^ clkbuf_0_clk/X (sky130_fd_sc_hd__clkbuf_16)
     4    0.04                           clknet_0_clk (net)
                  0.06    0.00   10.20 ^ clkbuf_2_1__f_clk/A (sky130_fd_sc_hd__clkbuf_16)
                  0.06    0.14   10.34 ^ clkbuf_2_1__f_clk/X (sky130_fd_sc_hd__clkbuf_16)
    12    0.04                           clknet_2_1__leaf_clk (net)
                  0.06    0.00   10.34 ^ _454_/CLK (sky130_fd_sc_hd__dfrtp_1)
                         -0.25   10.09   clock uncertainty
                          0.00   10.09   clock reconvergence pessimism
                         -0.11    9.98   library setup time
                                  9.98   data required time
-----------------------------------------------------------------------------
                                  9.98   data required time
                                 -3.12   data arrival time
-----------------------------------------------------------------------------
                                  6.86   slack (MET)


Startpoint: start (input port clocked by clk)
Endpoint: _434_ (rising edge-triggered flip-flop clocked by clk)
Path Group: clk
Path Type: max

Fanout     Cap    Slew   Delay    Time   Description
-----------------------------------------------------------------------------
                          0.00    0.00   clock clk (rise edge)
                          0.00    0.00   clock network delay (propagated)
                          2.00    2.00 v input external delay
                  0.01    0.00    2.00 v start (in)
     1    0.00                           start (net)
                  0.01    0.00    2.00 v input3/A (sky130_fd_sc_hd__buf_1)
                  0.09    0.13    2.14 v input3/X (sky130_fd_sc_hd__buf_1)
     2    0.01                           net3 (net)
                  0.09    0.00    2.14 v _204_/B (sky130_fd_sc_hd__or2_2)
                  0.10    0.37    2.51 v _204_/X (sky130_fd_sc_hd__or2_2)
     6    0.02                           _096_ (net)
                  0.10    0.00    2.51 v _212_/A (sky130_fd_sc_hd__nand2_1)
                  0.09    0.12    2.62 ^ _212_/Y (sky130_fd_sc_hd__nand2_1)
     2    0.01                           _104_ (net)
                  0.09    0.00    2.62 ^ _277_/S (sky130_fd_sc_hd__mux2_1)
                  0.06    0.35    2.97 v _277_/X (sky130_fd_sc_hd__mux2_1)
     1    0.00                           _147_ (net)
                  0.06    0.00    2.97 v _278_/A (sky130_fd_sc_hd__clkbuf_1)
                  0.03    0.10    3.07 v _278_/X (sky130_fd_sc_hd__clkbuf_1)
     1    0.00                           _074_ (net)
                  0.03    0.00    3.07 v _434_/D (sky130_fd_sc_hd__dfrtp_1)
                                  3.07   data arrival time

                         10.00   10.00   clock clk (rise edge)
                          0.00   10.00   clock source latency
                  0.08    0.05   10.05 ^ clk (in)
     1    0.02                           clk (net)
                  0.08    0.00   10.05 ^ clkbuf_0_clk/A (sky130_fd_sc_hd__clkbuf_16)
                  0.06    0.15   10.20 ^ clkbuf_0_clk/X (sky130_fd_sc_hd__clkbuf_16)
     4    0.04                           clknet_0_clk (net)
                  0.06    0.00   10.20 ^ clkbuf_2_1__f_clk/A (sky130_fd_sc_hd__clkbuf_16)
                  0.06    0.14   10.34 ^ clkbuf_2_1__f_clk/X (sky130_fd_sc_hd__clkbuf_16)
    12    0.04                           clknet_2_1__leaf_clk (net)
                  0.06    0.00   10.34 ^ _434_/CLK (sky130_fd_sc_hd__dfrtp_1)
                         -0.25   10.09   clock uncertainty
                          0.00   10.09   clock reconvergence pessimism
                         -0.10    9.99   library setup time
                                  9.99   data required time
-----------------------------------------------------------------------------
                                  9.99   data required time
                                 -3.07   data arrival time
-----------------------------------------------------------------------------
                                  6.91   slack (MET)


Startpoint: start (input port clocked by clk)
Endpoint: _415_ (rising edge-triggered flip-flop clocked by clk)
Path Group: clk
Path Type: max

Fanout     Cap    Slew   Delay    Time   Description
-----------------------------------------------------------------------------
                          0.00    0.00   clock clk (rise edge)
                          0.00    0.00   clock network delay (propagated)
                          2.00    2.00 ^ input external delay
                  0.02    0.01    2.01 ^ start (in)
     1    0.00                           start (net)
                  0.02    0.00    2.01 ^ input3/A (sky130_fd_sc_hd__buf_1)
                  0.19    0.19    2.20 ^ input3/X (sky130_fd_sc_hd__buf_1)
     2    0.02                           net3 (net)
                  0.19    0.00    2.20 ^ _204_/B (sky130_fd_sc_hd__or2_2)
                  0.12    0.22    2.42 ^ _204_/X (sky130_fd_sc_hd__or2_2)
     6    0.02                           _096_ (net)
                  0.12    0.00    2.42 ^ _331_/A (sky130_fd_sc_hd__nand2_1)
                  0.06    0.09    2.51 v _331_/Y (sky130_fd_sc_hd__nand2_1)
     2    0.01                           _184_ (net)
                  0.06    0.00    2.51 v _332_/A1 (sky130_fd_sc_hd__mux2_1)
                  0.05    0.30    2.82 v _332_/X (sky130_fd_sc_hd__mux2_1)
     1    0.00                           _185_ (net)
                  0.05    0.00    2.82 v _333_/A (sky130_fd_sc_hd__clkbuf_1)
                  0.02    0.09    2.91 v _333_/X (sky130_fd_sc_hd__clkbuf_1)
     1    0.00                           _057_ (net)
                  0.02    0.00    2.91 v _415_/D (sky130_fd_sc_hd__dfrtp_1)
                                  2.91   data arrival time

                         10.00   10.00   clock clk (rise edge)
                          0.00   10.00   clock source latency
                  0.08    0.05   10.05 ^ clk (in)
     1    0.02                           clk (net)
                  0.08    0.00   10.05 ^ clkbuf_0_clk/A (sky130_fd_sc_hd__clkbuf_16)
                  0.06    0.15   10.20 ^ clkbuf_0_clk/X (sky130_fd_sc_hd__clkbuf_16)
     4    0.04                           clknet_0_clk (net)
                  0.06    0.00   10.20 ^ clkbuf_2_2__f_clk/A (sky130_fd_sc_hd__clkbuf_16)
                  0.05    0.14   10.34 ^ clkbuf_2_2__f_clk/X (sky130_fd_sc_hd__clkbuf_16)
    10    0.03                           clknet_2_2__leaf_clk (net)
                  0.05    0.00   10.34 ^ _415_/CLK (sky130_fd_sc_hd__dfrtp_1)
                         -0.25   10.09   clock uncertainty
                          0.00   10.09   clock reconvergence pessimism
                         -0.10    9.98   library setup time
                                  9.98   data required time
-----------------------------------------------------------------------------
                                  9.98   data required time
                                 -2.91   data arrival time
-----------------------------------------------------------------------------
                                  7.07   slack (MET)


Startpoint: start (input port clocked by clk)
Endpoint: _421_ (rising edge-triggered flip-flop clocked by clk)
Path Group: clk
Path Type: max

Fanout     Cap    Slew   Delay    Time   Description
-----------------------------------------------------------------------------
                          0.00    0.00   clock clk (rise edge)
                          0.00    0.00   clock network delay (propagated)
                          2.00    2.00 ^ input external delay
                  0.02    0.01    2.01 ^ start (in)
     1    0.00                           start (net)
                  0.02    0.00    2.01 ^ input3/A (sky130_fd_sc_hd__buf_1)
                  0.19    0.19    2.20 ^ input3/X (sky130_fd_sc_hd__buf_1)
     2    0.02                           net3 (net)
                  0.19    0.00    2.20 ^ _204_/B (sky130_fd_sc_hd__or2_2)
                  0.12    0.22    2.42 ^ _204_/X (sky130_fd_sc_hd__or2_2)
     6    0.02                           _096_ (net)
                  0.12    0.00    2.42 ^ _308_/A (sky130_fd_sc_hd__nand2_1)
                  0.06    0.09    2.51 v _308_/Y (sky130_fd_sc_hd__nand2_1)
     2    0.01                           _167_ (net)
                  0.06    0.00    2.51 v _309_/A1 (sky130_fd_sc_hd__mux2_1)
                  0.05    0.30    2.81 v _309_/X (sky130_fd_sc_hd__mux2_1)
     1    0.00                           _168_ (net)
                  0.05    0.00    2.81 v _310_/A (sky130_fd_sc_hd__clkbuf_1)
                  0.03    0.09    2.91 v _310_/X (sky130_fd_sc_hd__clkbuf_1)
     1    0.00                           _063_ (net)
                  0.03    0.00    2.91 v _421_/D (sky130_fd_sc_hd__dfrtp_1)
                                  2.91   data arrival time

                         10.00   10.00   clock clk (rise edge)
                          0.00   10.00   clock source latency
                  0.08    0.05   10.05 ^ clk (in)
     1    0.02                           clk (net)
                  0.08    0.00   10.05 ^ clkbuf_0_clk/A (sky130_fd_sc_hd__clkbuf_16)
                  0.06    0.15   10.20 ^ clkbuf_0_clk/X (sky130_fd_sc_hd__clkbuf_16)
     4    0.04                           clknet_0_clk (net)
                  0.06    0.00   10.20 ^ clkbuf_2_3__f_clk/A (sky130_fd_sc_hd__clkbuf_16)
                  0.06    0.14   10.34 ^ clkbuf_2_3__f_clk/X (sky130_fd_sc_hd__clkbuf_16)
    12    0.04                           clknet_2_3__leaf_clk (net)
                  0.06    0.00   10.34 ^ _421_/CLK (sky130_fd_sc_hd__dfrtp_1)
                         -0.25   10.09   clock uncertainty
                          0.00   10.09   clock reconvergence pessimism
                         -0.10    9.99   library setup time
                                  9.99   data required time
-----------------------------------------------------------------------------
                                  9.99   data required time
                                 -2.91   data arrival time
-----------------------------------------------------------------------------
                                  7.08   slack (MET)


Startpoint: start (input port clocked by clk)
Endpoint: _436_ (rising edge-triggered flip-flop clocked by clk)
Path Group: clk
Path Type: max

Fanout     Cap    Slew   Delay    Time   Description
-----------------------------------------------------------------------------
                          0.00    0.00   clock clk (rise edge)
                          0.00    0.00   clock network delay (propagated)
                          2.00    2.00 v input external delay
                  0.01    0.00    2.00 v start (in)
     1    0.00                           start (net)
                  0.01    0.00    2.00 v input3/A (sky130_fd_sc_hd__buf_1)
                  0.09    0.13    2.14 v input3/X (sky130_fd_sc_hd__buf_1)
     2    0.01                           net3 (net)
                  0.09    0.00    2.14 v _204_/B (sky130_fd_sc_hd__or2_2)
                  0.10    0.37    2.51 v _204_/X (sky130_fd_sc_hd__or2_2)
     6    0.02                           _096_ (net)
                  0.10    0.00    2.51 v _270_/A (sky130_fd_sc_hd__and2_1)
                  0.03    0.16    2.67 v _270_/X (sky130_fd_sc_hd__and2_1)
     1    0.00                           _143_ (net)
                  0.03    0.00    2.67 v _271_/A (sky130_fd_sc_hd__clkbuf_1)
                  0.04    0.10    2.77 v _271_/X (sky130_fd_sc_hd__clkbuf_1)
     2    0.01                           _000_ (net)
                  0.04    0.00    2.77 v _272_/B1_N (sky130_fd_sc_hd__a21bo_1)
                  0.04    0.18    2.95 ^ _272_/X (sky130_fd_sc_hd__a21bo_1)
     1    0.00                           _076_ (net)
                  0.04    0.00    2.95 ^ _436_/D (sky130_fd_sc_hd__dfstp_1)
                                  2.95   data arrival time

                         10.00   10.00   clock clk (rise edge)
                          0.00   10.00   clock source latency
                  0.08    0.05   10.05 ^ clk (in)
     1    0.02                           clk (net)
                  0.08    0.00   10.05 ^ clkbuf_0_clk/A (sky130_fd_sc_hd__clkbuf_16)
                  0.06    0.15   10.20 ^ clkbuf_0_clk/X (sky130_fd_sc_hd__clkbuf_16)
     4    0.04                           clknet_0_clk (net)
                  0.06    0.00   10.20 ^ clkbuf_2_3__f_clk/A (sky130_fd_sc_hd__clkbuf_16)
                  0.06    0.14   10.34 ^ clkbuf_2_3__f_clk/X (sky130_fd_sc_hd__clkbuf_16)
    12    0.04                           clknet_2_3__leaf_clk (net)
                  0.06    0.00   10.34 ^ _436_/CLK (sky130_fd_sc_hd__dfstp_1)
                         -0.25   10.09   clock uncertainty
                          0.00   10.09   clock reconvergence pessimism
                         -0.05   10.04   library setup time
                                 10.04   data required time
-----------------------------------------------------------------------------
                                 10.04   data required time
                                 -2.95   data arrival time
-----------------------------------------------------------------------------
                                  7.09   slack (MET)


Startpoint: start (input port clocked by clk)
Endpoint: _413_ (rising edge-triggered flip-flop clocked by clk)
Path Group: clk
Path Type: max

Fanout     Cap    Slew   Delay    Time   Description
-----------------------------------------------------------------------------
                          0.00    0.00   clock clk (rise edge)
                          0.00    0.00   clock network delay (propagated)
                          2.00    2.00 ^ input external delay
                  0.02    0.01    2.01 ^ start (in)
     1    0.00                           start (net)
                  0.02    0.00    2.01 ^ input3/A (sky130_fd_sc_hd__buf_1)
                  0.19    0.19    2.20 ^ input3/X (sky130_fd_sc_hd__buf_1)
     2    0.02                           net3 (net)
                  0.19    0.00    2.20 ^ _237_/B (sky130_fd_sc_hd__nor2_4)
                  0.07    0.10    2.30 v _237_/Y (sky130_fd_sc_hd__nor2_4)
     9    0.04                           _125_ (net)
                  0.07    0.00    2.30 v _338_/B1 (sky130_fd_sc_hd__a21o_1)
                  0.04    0.18    2.48 v _338_/X (sky130_fd_sc_hd__a21o_1)
     2    0.01                           _189_ (net)
                  0.04    0.00    2.48 v _339_/A1 (sky130_fd_sc_hd__mux2_1)
                  0.05    0.30    2.78 v _339_/X (sky130_fd_sc_hd__mux2_1)
     1    0.00                           _190_ (net)
                  0.05    0.00    2.78 v _340_/A (sky130_fd_sc_hd__clkbuf_1)
                  0.03    0.10    2.87 v _340_/X (sky130_fd_sc_hd__clkbuf_1)
     1    0.00                           _055_ (net)
                  0.03    0.00    2.87 v _413_/D (sky130_fd_sc_hd__dfrtp_1)
                                  2.87   data arrival time

                         10.00   10.00   clock clk (rise edge)
                          0.00   10.00   clock source latency
                  0.08    0.05   10.05 ^ clk (in)
     1    0.02                           clk (net)
                  0.08    0.00   10.05 ^ clkbuf_0_clk/A (sky130_fd_sc_hd__clkbuf_16)
                  0.06    0.15   10.20 ^ clkbuf_0_clk/X (sky130_fd_sc_hd__clkbuf_16)
     4    0.04                           clknet_0_clk (net)
                  0.06    0.00   10.20 ^ clkbuf_2_2__f_clk/A (sky130_fd_sc_hd__clkbuf_16)
                  0.05    0.14   10.34 ^ clkbuf_2_2__f_clk/X (sky130_fd_sc_hd__clkbuf_16)
    10    0.03                           clknet_2_2__leaf_clk (net)
                  0.05    0.00   10.34 ^ _413_/CLK (sky130_fd_sc_hd__dfrtp_1)
                         -0.25   10.09   clock uncertainty
                          0.00   10.09   clock reconvergence pessimism
                         -0.10    9.98   library setup time
                                  9.98   data required time
-----------------------------------------------------------------------------
                                  9.98   data required time
                                 -2.87   data arrival time
-----------------------------------------------------------------------------
                                  7.11   slack (MET)


Startpoint: _421_ (rising edge-triggered flip-flop clocked by clk)
Endpoint: _433_ (rising edge-triggered flip-flop clocked by clk)
Path Group: clk
Path Type: max

Fanout     Cap    Slew   Delay    Time   Description
-----------------------------------------------------------------------------
                          0.00    0.00   clock clk (rise edge)
                          0.00    0.00   clock source latency
                  0.08    0.06    0.06 ^ clk (in)
     1    0.02                           clk (net)
                  0.08    0.00    0.06 ^ clkbuf_0_clk/A (sky130_fd_sc_hd__clkbuf_16)
                  0.06    0.16    0.22 ^ clkbuf_0_clk/X (sky130_fd_sc_hd__clkbuf_16)
     4    0.04                           clknet_0_clk (net)
                  0.06    0.00    0.22 ^ clkbuf_2_3__f_clk/A (sky130_fd_sc_hd__clkbuf_16)
                  0.06    0.15    0.37 ^ clkbuf_2_3__f_clk/X (sky130_fd_sc_hd__clkbuf_16)
    12    0.04                           clknet_2_3__leaf_clk (net)
                  0.06    0.00    0.38 ^ _421_/CLK (sky130_fd_sc_hd__dfrtp_1)
                  0.08    0.42    0.80 v _421_/Q (sky130_fd_sc_hd__dfrtp_1)
     3    0.01                           clk_count[13] (net)
                  0.08    0.00    0.80 v _205_/A (sky130_fd_sc_hd__or4_1)
                  0.09    0.57    1.37 v _205_/X (sky130_fd_sc_hd__or4_1)
     1    0.00                           _097_ (net)
                  0.09    0.00    1.37 v _209_/A (sky130_fd_sc_hd__nor4_1)
                  0.42    0.46    1.83 ^ _209_/Y (sky130_fd_sc_hd__nor4_1)
     2    0.01                           _101_ (net)
                  0.42    0.00    1.83 ^ max_cap25/A (sky130_fd_sc_hd__buf_1)
                  0.15    0.22    2.05 ^ max_cap25/X (sky130_fd_sc_hd__buf_1)
     3    0.01                           net25 (net)
                  0.15    0.00    2.05 ^ _217_/C (sky130_fd_sc_hd__nand4_1)
                  0.13    0.17    2.22 v _217_/Y (sky130_fd_sc_hd__nand4_1)
     3    0.01                           _109_ (net)
                  0.13    0.00    2.22 v _218_/A (sky130_fd_sc_hd__buf_4)
                  0.09    0.25    2.46 v _218_/X (sky130_fd_sc_hd__buf_4)
    10    0.06                           _110_ (net)
                  0.09    0.00    2.47 v _279_/S (sky130_fd_sc_hd__mux2_1)
                  0.05    0.33    2.79 v _279_/X (sky130_fd_sc_hd__mux2_1)
     1    0.00                           _148_ (net)
                  0.05    0.00    2.79 v _280_/A (sky130_fd_sc_hd__clkbuf_1)
                  0.03    0.09    2.89 v _280_/X (sky130_fd_sc_hd__clkbuf_1)
     1    0.00                           _073_ (net)
                  0.03    0.00    2.89 v _433_/D (sky130_fd_sc_hd__dfrtp_1)
                                  2.89   data arrival time

                         10.00   10.00   clock clk (rise edge)
                          0.00   10.00   clock source latency
                  0.08    0.05   10.05 ^ clk (in)
     1    0.02                           clk (net)
                  0.08    0.00   10.05 ^ clkbuf_0_clk/A (sky130_fd_sc_hd__clkbuf_16)
                  0.06    0.15   10.20 ^ clkbuf_0_clk/X (sky130_fd_sc_hd__clkbuf_16)
     4    0.04                           clknet_0_clk (net)
                  0.06    0.00   10.20 ^ clkbuf_2_1__f_clk/A (sky130_fd_sc_hd__clkbuf_16)
                  0.06    0.14   10.34 ^ clkbuf_2_1__f_clk/X (sky130_fd_sc_hd__clkbuf_16)
    12    0.04                           clknet_2_1__leaf_clk (net)
                  0.06    0.00   10.34 ^ _433_/CLK (sky130_fd_sc_hd__dfrtp_1)
                         -0.25   10.09   clock uncertainty
                          0.02   10.11   clock reconvergence pessimism
                         -0.10   10.01   library setup time
                                 10.01   data required time
-----------------------------------------------------------------------------
                                 10.01   data required time
                                 -2.89   data arrival time
-----------------------------------------------------------------------------
                                  7.12   slack (MET)


Startpoint: _421_ (rising edge-triggered flip-flop clocked by clk)
Endpoint: _432_ (rising edge-triggered flip-flop clocked by clk)
Path Group: clk
Path Type: max

Fanout     Cap    Slew   Delay    Time   Description
-----------------------------------------------------------------------------
                          0.00    0.00   clock clk (rise edge)
                          0.00    0.00   clock source latency
                  0.08    0.06    0.06 ^ clk (in)
     1    0.02                           clk (net)
                  0.08    0.00    0.06 ^ clkbuf_0_clk/A (sky130_fd_sc_hd__clkbuf_16)
                  0.06    0.16    0.22 ^ clkbuf_0_clk/X (sky130_fd_sc_hd__clkbuf_16)
     4    0.04                           clknet_0_clk (net)
                  0.06    0.00    0.22 ^ clkbuf_2_3__f_clk/A (sky130_fd_sc_hd__clkbuf_16)
                  0.06    0.15    0.37 ^ clkbuf_2_3__f_clk/X (sky130_fd_sc_hd__clkbuf_16)
    12    0.04                           clknet_2_3__leaf_clk (net)
                  0.06    0.00    0.38 ^ _421_/CLK (sky130_fd_sc_hd__dfrtp_1)
                  0.08    0.42    0.80 v _421_/Q (sky130_fd_sc_hd__dfrtp_1)
     3    0.01                           clk_count[13] (net)
                  0.08    0.00    0.80 v _205_/A (sky130_fd_sc_hd__or4_1)
                  0.09    0.57    1.37 v _205_/X (sky130_fd_sc_hd__or4_1)
     1    0.00                           _097_ (net)
                  0.09    0.00    1.37 v _209_/A (sky130_fd_sc_hd__nor4_1)
                  0.42    0.46    1.83 ^ _209_/Y (sky130_fd_sc_hd__nor4_1)
     2    0.01                           _101_ (net)
                  0.42    0.00    1.83 ^ max_cap25/A (sky130_fd_sc_hd__buf_1)
                  0.15    0.22    2.05 ^ max_cap25/X (sky130_fd_sc_hd__buf_1)
     3    0.01                           net25 (net)
                  0.15    0.00    2.05 ^ _217_/C (sky130_fd_sc_hd__nand4_1)
                  0.13    0.17    2.22 v _217_/Y (sky130_fd_sc_hd__nand4_1)
     3    0.01                           _109_ (net)
                  0.13    0.00    2.22 v _218_/A (sky130_fd_sc_hd__buf_4)
                  0.09    0.25    2.46 v _218_/X (sky130_fd_sc_hd__buf_4)
    10    0.06                           _110_ (net)
                  0.09    0.00    2.47 v _281_/S (sky130_fd_sc_hd__mux2_1)
                  0.05    0.33    2.80 v _281_/X (sky130_fd_sc_hd__mux2_1)
     1    0.00                           _149_ (net)
                  0.05    0.00    2.80 v _282_/A (sky130_fd_sc_hd__clkbuf_1)
                  0.02    0.09    2.89 v _282_/X (sky130_fd_sc_hd__clkbuf_1)
     1    0.00                           _072_ (net)
                  0.02    0.00    2.89 v _432_/D (sky130_fd_sc_hd__dfrtp_1)
                                  2.89   data arrival time

                         10.00   10.00   clock clk (rise edge)
                          0.00   10.00   clock source latency
                  0.08    0.05   10.05 ^ clk (in)
     1    0.02                           clk (net)
                  0.08    0.00   10.05 ^ clkbuf_0_clk/A (sky130_fd_sc_hd__clkbuf_16)
                  0.06    0.15   10.20 ^ clkbuf_0_clk/X (sky130_fd_sc_hd__clkbuf_16)
     4    0.04                           clknet_0_clk (net)
                  0.06    0.00   10.20 ^ clkbuf_2_0__f_clk/A (sky130_fd_sc_hd__clkbuf_16)
                  0.06    0.14   10.34 ^ clkbuf_2_0__f_clk/X (sky130_fd_sc_hd__clkbuf_16)
    14    0.04                           clknet_2_0__leaf_clk (net)
                  0.06    0.00   10.34 ^ _432_/CLK (sky130_fd_sc_hd__dfrtp_1)
                         -0.25   10.09   clock uncertainty
                          0.02   10.11   clock reconvergence pessimism
                         -0.10   10.01   library setup time
                                 10.01   data required time
-----------------------------------------------------------------------------
                                 10.01   data required time
                                 -2.89   data arrival time
-----------------------------------------------------------------------------
                                  7.12   slack (MET)


Startpoint: _421_ (rising edge-triggered flip-flop clocked by clk)
Endpoint: _431_ (rising edge-triggered flip-flop clocked by clk)
Path Group: clk
Path Type: max

Fanout     Cap    Slew   Delay    Time   Description
-----------------------------------------------------------------------------
                          0.00    0.00   clock clk (rise edge)
                          0.00    0.00   clock source latency
                  0.08    0.06    0.06 ^ clk (in)
     1    0.02                           clk (net)
                  0.08    0.00    0.06 ^ clkbuf_0_clk/A (sky130_fd_sc_hd__clkbuf_16)
                  0.06    0.16    0.22 ^ clkbuf_0_clk/X (sky130_fd_sc_hd__clkbuf_16)
     4    0.04                           clknet_0_clk (net)
                  0.06    0.00    0.22 ^ clkbuf_2_3__f_clk/A (sky130_fd_sc_hd__clkbuf_16)
                  0.06    0.15    0.37 ^ clkbuf_2_3__f_clk/X (sky130_fd_sc_hd__clkbuf_16)
    12    0.04                           clknet_2_3__leaf_clk (net)
                  0.06    0.00    0.38 ^ _421_/CLK (sky130_fd_sc_hd__dfrtp_1)
                  0.08    0.42    0.80 v _421_/Q (sky130_fd_sc_hd__dfrtp_1)
     3    0.01                           clk_count[13] (net)
                  0.08    0.00    0.80 v _205_/A (sky130_fd_sc_hd__or4_1)
                  0.09    0.57    1.37 v _205_/X (sky130_fd_sc_hd__or4_1)
     1    0.00                           _097_ (net)
                  0.09    0.00    1.37 v _209_/A (sky130_fd_sc_hd__nor4_1)
                  0.42    0.46    1.83 ^ _209_/Y (sky130_fd_sc_hd__nor4_1)
     2    0.01                           _101_ (net)
                  0.42    0.00    1.83 ^ max_cap25/A (sky130_fd_sc_hd__buf_1)
                  0.15    0.22    2.05 ^ max_cap25/X (sky130_fd_sc_hd__buf_1)
     3    0.01                           net25 (net)
                  0.15    0.00    2.05 ^ _217_/C (sky130_fd_sc_hd__nand4_1)
                  0.13    0.17    2.22 v _217_/Y (sky130_fd_sc_hd__nand4_1)
     3    0.01                           _109_ (net)
                  0.13    0.00    2.22 v _218_/A (sky130_fd_sc_hd__buf_4)
                  0.09    0.25    2.46 v _218_/X (sky130_fd_sc_hd__buf_4)
    10    0.06                           _110_ (net)
                  0.09    0.00    2.47 v _283_/S (sky130_fd_sc_hd__mux2_1)
                  0.06    0.33    2.80 v _283_/X (sky130_fd_sc_hd__mux2_1)
     1    0.00                           _150_ (net)
                  0.06    0.00    2.80 v _284_/A (sky130_fd_sc_hd__clkbuf_1)
                  0.02    0.09    2.89 v _284_/X (sky130_fd_sc_hd__clkbuf_1)
     1    0.00                           _071_ (net)
                  0.02    0.00    2.89 v _431_/D (sky130_fd_sc_hd__dfrtp_1)
                                  2.89   data arrival time

                         10.00   10.00   clock clk (rise edge)
                          0.00   10.00   clock source latency
                  0.08    0.05   10.05 ^ clk (in)
     1    0.02                           clk (net)
                  0.08    0.00   10.05 ^ clkbuf_0_clk/A (sky130_fd_sc_hd__clkbuf_16)
                  0.06    0.15   10.20 ^ clkbuf_0_clk/X (sky130_fd_sc_hd__clkbuf_16)
     4    0.04                           clknet_0_clk (net)
                  0.06    0.00   10.20 ^ clkbuf_2_0__f_clk/A (sky130_fd_sc_hd__clkbuf_16)
                  0.06    0.14   10.34 ^ clkbuf_2_0__f_clk/X (sky130_fd_sc_hd__clkbuf_16)
    14    0.04                           clknet_2_0__leaf_clk (net)
                  0.06    0.00   10.34 ^ _431_/CLK (sky130_fd_sc_hd__dfrtp_1)
                         -0.25   10.09   clock uncertainty
                          0.02   10.11   clock reconvergence pessimism
                         -0.10   10.01   library setup time
                                 10.01   data required time
-----------------------------------------------------------------------------
                                 10.01   data required time
                                 -2.89   data arrival time
-----------------------------------------------------------------------------
                                  7.12   slack (MET)


Startpoint: start (input port clocked by clk)
Endpoint: _419_ (rising edge-triggered flip-flop clocked by clk)
Path Group: clk
Path Type: max

Fanout     Cap    Slew   Delay    Time   Description
-----------------------------------------------------------------------------
                          0.00    0.00   clock clk (rise edge)
                          0.00    0.00   clock network delay (propagated)
                          2.00    2.00 ^ input external delay
                  0.02    0.01    2.01 ^ start (in)
     1    0.00                           start (net)
                  0.02    0.00    2.01 ^ input3/A (sky130_fd_sc_hd__buf_1)
                  0.19    0.19    2.20 ^ input3/X (sky130_fd_sc_hd__buf_1)
     2    0.02                           net3 (net)
                  0.19    0.00    2.20 ^ _237_/B (sky130_fd_sc_hd__nor2_4)
                  0.07    0.10    2.30 v _237_/Y (sky130_fd_sc_hd__nor2_4)
     9    0.04                           _125_ (net)
                  0.07    0.00    2.30 v _316_/B1 (sky130_fd_sc_hd__a21o_1)
                  0.04    0.18    2.48 v _316_/X (sky130_fd_sc_hd__a21o_1)
     2    0.00                           _173_ (net)
                  0.04    0.00    2.48 v _317_/A1 (sky130_fd_sc_hd__mux2_1)
                  0.05    0.30    2.78 v _317_/X (sky130_fd_sc_hd__mux2_1)
     1    0.00                           _174_ (net)
                  0.05    0.00    2.78 v _318_/A (sky130_fd_sc_hd__clkbuf_1)
                  0.03    0.09    2.87 v _318_/X (sky130_fd_sc_hd__clkbuf_1)
     1    0.00                           _061_ (net)
                  0.03    0.00    2.87 v _419_/D (sky130_fd_sc_hd__dfrtp_1)
                                  2.87   data arrival time

                         10.00   10.00   clock clk (rise edge)
                          0.00   10.00   clock source latency
                  0.08    0.05   10.05 ^ clk (in)
     1    0.02                           clk (net)
                  0.08    0.00   10.05 ^ clkbuf_0_clk/A (sky130_fd_sc_hd__clkbuf_16)
                  0.06    0.15   10.20 ^ clkbuf_0_clk/X (sky130_fd_sc_hd__clkbuf_16)
     4    0.04                           clknet_0_clk (net)
                  0.06    0.00   10.20 ^ clkbuf_2_3__f_clk/A (sky130_fd_sc_hd__clkbuf_16)
                  0.06    0.14   10.34 ^ clkbuf_2_3__f_clk/X (sky130_fd_sc_hd__clkbuf_16)
    12    0.04                           clknet_2_3__leaf_clk (net)
                  0.06    0.00   10.34 ^ _419_/CLK (sky130_fd_sc_hd__dfrtp_1)
                         -0.25   10.09   clock uncertainty
                          0.00   10.09   clock reconvergence pessimism
                         -0.10    9.99   library setup time
                                  9.99   data required time
-----------------------------------------------------------------------------
                                  9.99   data required time
                                 -2.87   data arrival time
-----------------------------------------------------------------------------
                                  7.12   slack (MET)


Startpoint: _421_ (rising edge-triggered flip-flop clocked by clk)
Endpoint: _428_ (rising edge-triggered flip-flop clocked by clk)
Path Group: clk
Path Type: max

Fanout     Cap    Slew   Delay    Time   Description
-----------------------------------------------------------------------------
                          0.00    0.00   clock clk (rise edge)
                          0.00    0.00   clock source latency
                  0.08    0.06    0.06 ^ clk (in)
     1    0.02                           clk (net)
                  0.08    0.00    0.06 ^ clkbuf_0_clk/A (sky130_fd_sc_hd__clkbuf_16)
                  0.06    0.16    0.22 ^ clkbuf_0_clk/X (sky130_fd_sc_hd__clkbuf_16)
     4    0.04                           clknet_0_clk (net)
                  0.06    0.00    0.22 ^ clkbuf_2_3__f_clk/A (sky130_fd_sc_hd__clkbuf_16)
                  0.06    0.15    0.37 ^ clkbuf_2_3__f_clk/X (sky130_fd_sc_hd__clkbuf_16)
    12    0.04                           clknet_2_3__leaf_clk (net)
                  0.06    0.00    0.38 ^ _421_/CLK (sky130_fd_sc_hd__dfrtp_1)
                  0.08    0.42    0.80 v _421_/Q (sky130_fd_sc_hd__dfrtp_1)
     3    0.01                           clk_count[13] (net)
                  0.08    0.00    0.80 v _205_/A (sky130_fd_sc_hd__or4_1)
                  0.09    0.57    1.37 v _205_/X (sky130_fd_sc_hd__or4_1)
     1    0.00                           _097_ (net)
                  0.09    0.00    1.37 v _209_/A (sky130_fd_sc_hd__nor4_1)
                  0.42    0.46    1.83 ^ _209_/Y (sky130_fd_sc_hd__nor4_1)
     2    0.01                           _101_ (net)
                  0.42    0.00    1.83 ^ max_cap25/A (sky130_fd_sc_hd__buf_1)
                  0.15    0.22    2.05 ^ max_cap25/X (sky130_fd_sc_hd__buf_1)
     3    0.01                           net25 (net)
                  0.15    0.00    2.05 ^ _217_/C (sky130_fd_sc_hd__nand4_1)
                  0.13    0.17    2.22 v _217_/Y (sky130_fd_sc_hd__nand4_1)
     3    0.01                           _109_ (net)
                  0.13    0.00    2.22 v _218_/A (sky130_fd_sc_hd__buf_4)
                  0.09    0.25    2.46 v _218_/X (sky130_fd_sc_hd__buf_4)
    10    0.06                           _110_ (net)
                  0.09    0.00    2.47 v _289_/S (sky130_fd_sc_hd__mux2_1)
                  0.05    0.33    2.80 v _289_/X (sky130_fd_sc_hd__mux2_1)
     1    0.00                           _153_ (net)
                  0.05    0.00    2.80 v _290_/A (sky130_fd_sc_hd__clkbuf_1)
                  0.02    0.09    2.89 v _290_/X (sky130_fd_sc_hd__clkbuf_1)
     1    0.00                           _068_ (net)
                  0.02    0.00    2.89 v _428_/D (sky130_fd_sc_hd__dfrtp_1)
                                  2.89   data arrival time

                         10.00   10.00   clock clk (rise edge)
                          0.00   10.00   clock source latency
                  0.08    0.05   10.05 ^ clk (in)
     1    0.02                           clk (net)
                  0.08    0.00   10.05 ^ clkbuf_0_clk/A (sky130_fd_sc_hd__clkbuf_16)
                  0.06    0.15   10.20 ^ clkbuf_0_clk/X (sky130_fd_sc_hd__clkbuf_16)
     4    0.04                           clknet_0_clk (net)
                  0.06    0.00   10.20 ^ clkbuf_2_0__f_clk/A (sky130_fd_sc_hd__clkbuf_16)
                  0.06    0.14   10.34 ^ clkbuf_2_0__f_clk/X (sky130_fd_sc_hd__clkbuf_16)
    14    0.04                           clknet_2_0__leaf_clk (net)
                  0.06    0.00   10.34 ^ _428_/CLK (sky130_fd_sc_hd__dfrtp_1)
                         -0.25   10.09   clock uncertainty
                          0.02   10.11   clock reconvergence pessimism
                         -0.10   10.01   library setup time
                                 10.01   data required time
-----------------------------------------------------------------------------
                                 10.01   data required time
                                 -2.89   data arrival time
-----------------------------------------------------------------------------
                                  7.12   slack (MET)


Startpoint: _421_ (rising edge-triggered flip-flop clocked by clk)
Endpoint: _430_ (rising edge-triggered flip-flop clocked by clk)
Path Group: clk
Path Type: max

Fanout     Cap    Slew   Delay    Time   Description
-----------------------------------------------------------------------------
                          0.00    0.00   clock clk (rise edge)
                          0.00    0.00   clock source latency
                  0.08    0.06    0.06 ^ clk (in)
     1    0.02                           clk (net)
                  0.08    0.00    0.06 ^ clkbuf_0_clk/A (sky130_fd_sc_hd__clkbuf_16)
                  0.06    0.16    0.22 ^ clkbuf_0_clk/X (sky130_fd_sc_hd__clkbuf_16)
     4    0.04                           clknet_0_clk (net)
                  0.06    0.00    0.22 ^ clkbuf_2_3__f_clk/A (sky130_fd_sc_hd__clkbuf_16)
                  0.06    0.15    0.37 ^ clkbuf_2_3__f_clk/X (sky130_fd_sc_hd__clkbuf_16)
    12    0.04                           clknet_2_3__leaf_clk (net)
                  0.06    0.00    0.38 ^ _421_/CLK (sky130_fd_sc_hd__dfrtp_1)
                  0.08    0.42    0.80 v _421_/Q (sky130_fd_sc_hd__dfrtp_1)
     3    0.01                           clk_count[13] (net)
                  0.08    0.00    0.80 v _205_/A (sky130_fd_sc_hd__or4_1)
                  0.09    0.57    1.37 v _205_/X (sky130_fd_sc_hd__or4_1)
     1    0.00                           _097_ (net)
                  0.09    0.00    1.37 v _209_/A (sky130_fd_sc_hd__nor4_1)
                  0.42    0.46    1.83 ^ _209_/Y (sky130_fd_sc_hd__nor4_1)
     2    0.01                           _101_ (net)
                  0.42    0.00    1.83 ^ max_cap25/A (sky130_fd_sc_hd__buf_1)
                  0.15    0.22    2.05 ^ max_cap25/X (sky130_fd_sc_hd__buf_1)
     3    0.01                           net25 (net)
                  0.15    0.00    2.05 ^ _217_/C (sky130_fd_sc_hd__nand4_1)
                  0.13    0.17    2.22 v _217_/Y (sky130_fd_sc_hd__nand4_1)
     3    0.01                           _109_ (net)
                  0.13    0.00    2.22 v _218_/A (sky130_fd_sc_hd__buf_4)
                  0.09    0.25    2.46 v _218_/X (sky130_fd_sc_hd__buf_4)
    10    0.06                           _110_ (net)
                  0.09    0.00    2.47 v _285_/S (sky130_fd_sc_hd__mux2_1)
                  0.05    0.33    2.80 v _285_/X (sky130_fd_sc_hd__mux2_1)
     1    0.00                           _151_ (net)
                  0.05    0.00    2.80 v _286_/A (sky130_fd_sc_hd__clkbuf_1)
                  0.02    0.09    2.89 v _286_/X (sky130_fd_sc_hd__clkbuf_1)
     1    0.00                           _070_ (net)
                  0.02    0.00    2.89 v _430_/D (sky130_fd_sc_hd__dfrtp_1)
                                  2.89   data arrival time

                         10.00   10.00   clock clk (rise edge)
                          0.00   10.00   clock source latency
                  0.08    0.05   10.05 ^ clk (in)
     1    0.02                           clk (net)
                  0.08    0.00   10.05 ^ clkbuf_0_clk/A (sky130_fd_sc_hd__clkbuf_16)
                  0.06    0.15   10.20 ^ clkbuf_0_clk/X (sky130_fd_sc_hd__clkbuf_16)
     4    0.04                           clknet_0_clk (net)
                  0.06    0.00   10.20 ^ clkbuf_2_0__f_clk/A (sky130_fd_sc_hd__clkbuf_16)
                  0.06    0.14   10.34 ^ clkbuf_2_0__f_clk/X (sky130_fd_sc_hd__clkbuf_16)
    14    0.04                           clknet_2_0__leaf_clk (net)
                  0.06    0.00   10.34 ^ _430_/CLK (sky130_fd_sc_hd__dfrtp_1)
                         -0.25   10.09   clock uncertainty
                          0.02   10.11   clock reconvergence pessimism
                         -0.10   10.01   library setup time
                                 10.01   data required time
-----------------------------------------------------------------------------
                                 10.01   data required time
                                 -2.89   data arrival time
-----------------------------------------------------------------------------
                                  7.12   slack (MET)


Startpoint: start (input port clocked by clk)
Endpoint: _446_ (rising edge-triggered flip-flop clocked by clk)
Path Group: clk
Path Type: max

Fanout     Cap    Slew   Delay    Time   Description
-----------------------------------------------------------------------------
                          0.00    0.00   clock clk (rise edge)
                          0.00    0.00   clock network delay (propagated)
                          2.00    2.00 ^ input external delay
                  0.02    0.01    2.01 ^ start (in)
     1    0.00                           start (net)
                  0.02    0.00    2.01 ^ input3/A (sky130_fd_sc_hd__buf_1)
                  0.19    0.19    2.20 ^ input3/X (sky130_fd_sc_hd__buf_1)
     2    0.02                           net3 (net)
                  0.19    0.00    2.20 ^ _237_/B (sky130_fd_sc_hd__nor2_4)
                  0.07    0.10    2.30 v _237_/Y (sky130_fd_sc_hd__nor2_4)
     9    0.04                           _125_ (net)
                  0.07    0.00    2.30 v _238_/B1 (sky130_fd_sc_hd__a21o_2)
                  0.11    0.29    2.59 v _238_/X (sky130_fd_sc_hd__a21o_2)
     8    0.04                           _126_ (net)
                  0.11    0.00    2.59 v _245_/A2 (sky130_fd_sc_hd__a22o_1)
                  0.04    0.26    2.85 v _245_/X (sky130_fd_sc_hd__a22o_1)
     1    0.00                           _086_ (net)
                  0.04    0.00    2.85 v _446_/D (sky130_fd_sc_hd__dfrtp_1)
                                  2.85   data arrival time

                         10.00   10.00   clock clk (rise edge)
                          0.00   10.00   clock source latency
                  0.08    0.05   10.05 ^ clk (in)
     1    0.02                           clk (net)
                  0.08    0.00   10.05 ^ clkbuf_0_clk/A (sky130_fd_sc_hd__clkbuf_16)
                  0.06    0.15   10.20 ^ clkbuf_0_clk/X (sky130_fd_sc_hd__clkbuf_16)
     4    0.04                           clknet_0_clk (net)
                  0.06    0.00   10.20 ^ clkbuf_2_1__f_clk/A (sky130_fd_sc_hd__clkbuf_16)
                  0.06    0.14   10.34 ^ clkbuf_2_1__f_clk/X (sky130_fd_sc_hd__clkbuf_16)
    12    0.04                           clknet_2_1__leaf_clk (net)
                  0.06    0.00   10.34 ^ _446_/CLK (sky130_fd_sc_hd__dfrtp_1)
                         -0.25   10.09   clock uncertainty
                          0.00   10.09   clock reconvergence pessimism
                         -0.11    9.98   library setup time
                                  9.98   data required time
-----------------------------------------------------------------------------
                                  9.98   data required time
                                 -2.85   data arrival time
-----------------------------------------------------------------------------
                                  7.12   slack (MET)


Startpoint: _421_ (rising edge-triggered flip-flop clocked by clk)
Endpoint: _429_ (rising edge-triggered flip-flop clocked by clk)
Path Group: clk
Path Type: max

Fanout     Cap    Slew   Delay    Time   Description
-----------------------------------------------------------------------------
                          0.00    0.00   clock clk (rise edge)
                          0.00    0.00   clock source latency
                  0.08    0.06    0.06 ^ clk (in)
     1    0.02                           clk (net)
                  0.08    0.00    0.06 ^ clkbuf_0_clk/A (sky130_fd_sc_hd__clkbuf_16)
                  0.06    0.16    0.22 ^ clkbuf_0_clk/X (sky130_fd_sc_hd__clkbuf_16)
     4    0.04                           clknet_0_clk (net)
                  0.06    0.00    0.22 ^ clkbuf_2_3__f_clk/A (sky130_fd_sc_hd__clkbuf_16)
                  0.06    0.15    0.37 ^ clkbuf_2_3__f_clk/X (sky130_fd_sc_hd__clkbuf_16)
    12    0.04                           clknet_2_3__leaf_clk (net)
                  0.06    0.00    0.38 ^ _421_/CLK (sky130_fd_sc_hd__dfrtp_1)
                  0.08    0.42    0.80 v _421_/Q (sky130_fd_sc_hd__dfrtp_1)
     3    0.01                           clk_count[13] (net)
                  0.08    0.00    0.80 v _205_/A (sky130_fd_sc_hd__or4_1)
                  0.09    0.57    1.37 v _205_/X (sky130_fd_sc_hd__or4_1)
     1    0.00                           _097_ (net)
                  0.09    0.00    1.37 v _209_/A (sky130_fd_sc_hd__nor4_1)
                  0.42    0.46    1.83 ^ _209_/Y (sky130_fd_sc_hd__nor4_1)
     2    0.01                           _101_ (net)
                  0.42    0.00    1.83 ^ max_cap25/A (sky130_fd_sc_hd__buf_1)
                  0.15    0.22    2.05 ^ max_cap25/X (sky130_fd_sc_hd__buf_1)
     3    0.01                           net25 (net)
                  0.15    0.00    2.05 ^ _217_/C (sky130_fd_sc_hd__nand4_1)
                  0.13    0.17    2.22 v _217_/Y (sky130_fd_sc_hd__nand4_1)
     3    0.01                           _109_ (net)
                  0.13    0.00    2.22 v _218_/A (sky130_fd_sc_hd__buf_4)
                  0.09    0.25    2.46 v _218_/X (sky130_fd_sc_hd__buf_4)
    10    0.06                           _110_ (net)
                  0.09    0.00    2.47 v _287_/S (sky130_fd_sc_hd__mux2_1)
                  0.05    0.33    2.80 v _287_/X (sky130_fd_sc_hd__mux2_1)
     1    0.00                           _152_ (net)
                  0.05    0.00    2.80 v _288_/A (sky130_fd_sc_hd__clkbuf_1)
                  0.02    0.09    2.89 v _288_/X (sky130_fd_sc_hd__clkbuf_1)
     1    0.00                           _069_ (net)
                  0.02    0.00    2.89 v _429_/D (sky130_fd_sc_hd__dfrtp_1)
                                  2.89   data arrival time

                         10.00   10.00   clock clk (rise edge)
                          0.00   10.00   clock source latency
                  0.08    0.05   10.05 ^ clk (in)
     1    0.02                           clk (net)
                  0.08    0.00   10.05 ^ clkbuf_0_clk/A (sky130_fd_sc_hd__clkbuf_16)
                  0.06    0.15   10.20 ^ clkbuf_0_clk/X (sky130_fd_sc_hd__clkbuf_16)
     4    0.04                           clknet_0_clk (net)
                  0.06    0.00   10.20 ^ clkbuf_2_0__f_clk/A (sky130_fd_sc_hd__clkbuf_16)
                  0.06    0.14   10.34 ^ clkbuf_2_0__f_clk/X (sky130_fd_sc_hd__clkbuf_16)
    14    0.04                           clknet_2_0__leaf_clk (net)
                  0.06    0.00   10.34 ^ _429_/CLK (sky130_fd_sc_hd__dfrtp_1)
                         -0.25   10.09   clock uncertainty
                          0.02   10.11   clock reconvergence pessimism
                         -0.10   10.01   library setup time
                                 10.01   data required time
-----------------------------------------------------------------------------
                                 10.01   data required time
                                 -2.89   data arrival time
-----------------------------------------------------------------------------
                                  7.13   slack (MET)


Startpoint: start (input port clocked by clk)
Endpoint: _445_ (rising edge-triggered flip-flop clocked by clk)
Path Group: clk
Path Type: max

Fanout     Cap    Slew   Delay    Time   Description
-----------------------------------------------------------------------------
                          0.00    0.00   clock clk (rise edge)
                          0.00    0.00   clock network delay (propagated)
                          2.00    2.00 ^ input external delay
                  0.02    0.01    2.01 ^ start (in)
     1    0.00                           start (net)
                  0.02    0.00    2.01 ^ input3/A (sky130_fd_sc_hd__buf_1)
                  0.19    0.19    2.20 ^ input3/X (sky130_fd_sc_hd__buf_1)
     2    0.02                           net3 (net)
                  0.19    0.00    2.20 ^ _237_/B (sky130_fd_sc_hd__nor2_4)
                  0.07    0.10    2.30 v _237_/Y (sky130_fd_sc_hd__nor2_4)
     9    0.04                           _125_ (net)
                  0.07    0.00    2.30 v _238_/B1 (sky130_fd_sc_hd__a21o_2)
                  0.11    0.29    2.59 v _238_/X (sky130_fd_sc_hd__a21o_2)
     8    0.04                           _126_ (net)
                  0.11    0.00    2.59 v _246_/A2 (sky130_fd_sc_hd__a22o_1)
                  0.04    0.26    2.85 v _246_/X (sky130_fd_sc_hd__a22o_1)
     1    0.00                           _085_ (net)
                  0.04    0.00    2.85 v _445_/D (sky130_fd_sc_hd__dfrtp_1)
                                  2.85   data arrival time

                         10.00   10.00   clock clk (rise edge)
                          0.00   10.00   clock source latency
                  0.08    0.05   10.05 ^ clk (in)
     1    0.02                           clk (net)
                  0.08    0.00   10.05 ^ clkbuf_0_clk/A (sky130_fd_sc_hd__clkbuf_16)
                  0.06    0.15   10.20 ^ clkbuf_0_clk/X (sky130_fd_sc_hd__clkbuf_16)
     4    0.04                           clknet_0_clk (net)
                  0.06    0.00   10.20 ^ clkbuf_2_1__f_clk/A (sky130_fd_sc_hd__clkbuf_16)
                  0.06    0.14   10.34 ^ clkbuf_2_1__f_clk/X (sky130_fd_sc_hd__clkbuf_16)
    12    0.04                           clknet_2_1__leaf_clk (net)
                  0.06    0.00   10.34 ^ _445_/CLK (sky130_fd_sc_hd__dfrtp_1)
                         -0.25   10.09   clock uncertainty
                          0.00   10.09   clock reconvergence pessimism
                         -0.11    9.98   library setup time
                                  9.98   data required time
-----------------------------------------------------------------------------
                                  9.98   data required time
                                 -2.85   data arrival time
-----------------------------------------------------------------------------
                                  7.13   slack (MET)


Startpoint: _421_ (rising edge-triggered flip-flop clocked by clk)
Endpoint: _455_ (rising edge-triggered flip-flop clocked by clk)
Path Group: clk
Path Type: max

Fanout     Cap    Slew   Delay    Time   Description
-----------------------------------------------------------------------------
                          0.00    0.00   clock clk (rise edge)
                          0.00    0.00   clock source latency
                  0.08    0.06    0.06 ^ clk (in)
     1    0.02                           clk (net)
                  0.08    0.00    0.06 ^ clkbuf_0_clk/A (sky130_fd_sc_hd__clkbuf_16)
                  0.06    0.16    0.22 ^ clkbuf_0_clk/X (sky130_fd_sc_hd__clkbuf_16)
     4    0.04                           clknet_0_clk (net)
                  0.06    0.00    0.22 ^ clkbuf_2_3__f_clk/A (sky130_fd_sc_hd__clkbuf_16)
                  0.06    0.15    0.37 ^ clkbuf_2_3__f_clk/X (sky130_fd_sc_hd__clkbuf_16)
    12    0.04                           clknet_2_3__leaf_clk (net)
                  0.06    0.00    0.38 ^ _421_/CLK (sky130_fd_sc_hd__dfrtp_1)
                  0.08    0.42    0.80 v _421_/Q (sky130_fd_sc_hd__dfrtp_1)
     3    0.01                           clk_count[13] (net)
                  0.08    0.00    0.80 v _205_/A (sky130_fd_sc_hd__or4_1)
                  0.09    0.57    1.37 v _205_/X (sky130_fd_sc_hd__or4_1)
     1    0.00                           _097_ (net)
                  0.09    0.00    1.37 v _209_/A (sky130_fd_sc_hd__nor4_1)
                  0.42    0.46    1.83 ^ _209_/Y (sky130_fd_sc_hd__nor4_1)
     2    0.01                           _101_ (net)
                  0.42    0.00    1.83 ^ max_cap25/A (sky130_fd_sc_hd__buf_1)
                  0.15    0.22    2.05 ^ max_cap25/X (sky130_fd_sc_hd__buf_1)
     3    0.01                           net25 (net)
                  0.15    0.00    2.05 ^ _217_/C (sky130_fd_sc_hd__nand4_1)
                  0.13    0.17    2.22 v _217_/Y (sky130_fd_sc_hd__nand4_1)
     3    0.01                           _109_ (net)
                  0.13    0.00    2.22 v _218_/A (sky130_fd_sc_hd__buf_4)
                  0.09    0.25    2.46 v _218_/X (sky130_fd_sc_hd__buf_4)
    10    0.06                           _110_ (net)
                  0.09    0.00    2.47 v _219_/D (sky130_fd_sc_hd__and4_1)
                  0.05    0.23    2.70 v _219_/X (sky130_fd_sc_hd__and4_1)
     2    0.00                           _111_ (net)
                  0.05    0.00    2.70 v _220_/A2 (sky130_fd_sc_hd__o21a_1)
                  0.04    0.17    2.87 v _220_/X (sky130_fd_sc_hd__o21a_1)
     1    0.00                           _095_ (net)
                  0.04    0.00    2.87 v _455_/D (sky130_fd_sc_hd__dfrtp_1)
                                  2.87   data arrival time

                         10.00   10.00   clock clk (rise edge)
                          0.00   10.00   clock source latency
                  0.08    0.05   10.05 ^ clk (in)
     1    0.02                           clk (net)
                  0.08    0.00   10.05 ^ clkbuf_0_clk/A (sky130_fd_sc_hd__clkbuf_16)
                  0.06    0.15   10.20 ^ clkbuf_0_clk/X (sky130_fd_sc_hd__clkbuf_16)
     4    0.04                           clknet_0_clk (net)
                  0.06    0.00   10.20 ^ clkbuf_2_1__f_clk/A (sky130_fd_sc_hd__clkbuf_16)
                  0.06    0.14   10.34 ^ clkbuf_2_1__f_clk/X (sky130_fd_sc_hd__clkbuf_16)
    12    0.04                           clknet_2_1__leaf_clk (net)
                  0.06    0.00   10.34 ^ _455_/CLK (sky130_fd_sc_hd__dfrtp_1)
                         -0.25   10.09   clock uncertainty
                          0.02   10.11   clock reconvergence pessimism
                         -0.11   10.00   library setup time
                                 10.00   data required time
-----------------------------------------------------------------------------
                                 10.00   data required time
                                 -2.87   data arrival time
-----------------------------------------------------------------------------
                                  7.13   slack (MET)


Startpoint: start (input port clocked by clk)
Endpoint: _444_ (rising edge-triggered flip-flop clocked by clk)
Path Group: clk
Path Type: max

Fanout     Cap    Slew   Delay    Time   Description
-----------------------------------------------------------------------------
                          0.00    0.00   clock clk (rise edge)
                          0.00    0.00   clock network delay (propagated)
                          2.00    2.00 ^ input external delay
                  0.02    0.01    2.01 ^ start (in)
     1    0.00                           start (net)
                  0.02    0.00    2.01 ^ input3/A (sky130_fd_sc_hd__buf_1)
                  0.19    0.19    2.20 ^ input3/X (sky130_fd_sc_hd__buf_1)
     2    0.02                           net3 (net)
                  0.19    0.00    2.20 ^ _237_/B (sky130_fd_sc_hd__nor2_4)
                  0.07    0.10    2.30 v _237_/Y (sky130_fd_sc_hd__nor2_4)
     9    0.04                           _125_ (net)
                  0.07    0.00    2.30 v _238_/B1 (sky130_fd_sc_hd__a21o_2)
                  0.11    0.29    2.59 v _238_/X (sky130_fd_sc_hd__a21o_2)
     8    0.04                           _126_ (net)
                  0.11    0.00    2.59 v _247_/A2 (sky130_fd_sc_hd__a22o_1)
                  0.04    0.26    2.85 v _247_/X (sky130_fd_sc_hd__a22o_1)
     1    0.00                           _084_ (net)
                  0.04    0.00    2.85 v _444_/D (sky130_fd_sc_hd__dfrtp_1)
                                  2.85   data arrival time

                         10.00   10.00   clock clk (rise edge)
                          0.00   10.00   clock source latency
                  0.08    0.05   10.05 ^ clk (in)
     1    0.02                           clk (net)
                  0.08    0.00   10.05 ^ clkbuf_0_clk/A (sky130_fd_sc_hd__clkbuf_16)
                  0.06    0.15   10.20 ^ clkbuf_0_clk/X (sky130_fd_sc_hd__clkbuf_16)
     4    0.04                           clknet_0_clk (net)
                  0.06    0.00   10.20 ^ clkbuf_2_3__f_clk/A (sky130_fd_sc_hd__clkbuf_16)
                  0.06    0.14   10.34 ^ clkbuf_2_3__f_clk/X (sky130_fd_sc_hd__clkbuf_16)
    12    0.04                           clknet_2_3__leaf_clk (net)
                  0.06    0.00   10.34 ^ _444_/CLK (sky130_fd_sc_hd__dfrtp_1)
                         -0.25   10.09   clock uncertainty
                          0.00   10.09   clock reconvergence pessimism
                         -0.11    9.98   library setup time
                                  9.98   data required time
-----------------------------------------------------------------------------
                                  9.98   data required time
                                 -2.85   data arrival time
-----------------------------------------------------------------------------
                                  7.14   slack (MET)


Startpoint: start (input port clocked by clk)
Endpoint: _448_ (rising edge-triggered flip-flop clocked by clk)
Path Group: clk
Path Type: max

Fanout     Cap    Slew   Delay    Time   Description
-----------------------------------------------------------------------------
                          0.00    0.00   clock clk (rise edge)
                          0.00    0.00   clock network delay (propagated)
                          2.00    2.00 ^ input external delay
                  0.02    0.01    2.01 ^ start (in)
     1    0.00                           start (net)
                  0.02    0.00    2.01 ^ input3/A (sky130_fd_sc_hd__buf_1)
                  0.19    0.19    2.20 ^ input3/X (sky130_fd_sc_hd__buf_1)
     2    0.02                           net3 (net)
                  0.19    0.00    2.20 ^ _237_/B (sky130_fd_sc_hd__nor2_4)
                  0.07    0.10    2.30 v _237_/Y (sky130_fd_sc_hd__nor2_4)
     9    0.04                           _125_ (net)
                  0.07    0.00    2.30 v _238_/B1 (sky130_fd_sc_hd__a21o_2)
                  0.11    0.29    2.59 v _238_/X (sky130_fd_sc_hd__a21o_2)
     8    0.04                           _126_ (net)
                  0.11    0.00    2.59 v _243_/A2 (sky130_fd_sc_hd__a22o_1)
                  0.04    0.26    2.85 v _243_/X (sky130_fd_sc_hd__a22o_1)
     1    0.00                           _088_ (net)
                  0.04    0.00    2.85 v _448_/D (sky130_fd_sc_hd__dfrtp_1)
                                  2.85   data arrival time

                         10.00   10.00   clock clk (rise edge)
                          0.00   10.00   clock source latency
                  0.08    0.05   10.05 ^ clk (in)
     1    0.02                           clk (net)
                  0.08    0.00   10.05 ^ clkbuf_0_clk/A (sky130_fd_sc_hd__clkbuf_16)
                  0.06    0.15   10.20 ^ clkbuf_0_clk/X (sky130_fd_sc_hd__clkbuf_16)
     4    0.04                           clknet_0_clk (net)
                  0.06    0.00   10.20 ^ clkbuf_2_0__f_clk/A (sky130_fd_sc_hd__clkbuf_16)
                  0.06    0.14   10.34 ^ clkbuf_2_0__f_clk/X (sky130_fd_sc_hd__clkbuf_16)
    14    0.04                           clknet_2_0__leaf_clk (net)
                  0.06    0.00   10.34 ^ _448_/CLK (sky130_fd_sc_hd__dfrtp_1)
                         -0.25   10.09   clock uncertainty
                          0.00   10.09   clock reconvergence pessimism
                         -0.11    9.99   library setup time
                                  9.99   data required time
-----------------------------------------------------------------------------
                                  9.99   data required time
                                 -2.85   data arrival time
-----------------------------------------------------------------------------
                                  7.14   slack (MET)


Startpoint: start (input port clocked by clk)
Endpoint: _424_ (rising edge-triggered flip-flop clocked by clk)
Path Group: clk
Path Type: max

Fanout     Cap    Slew   Delay    Time   Description
-----------------------------------------------------------------------------
                          0.00    0.00   clock clk (rise edge)
                          0.00    0.00   clock network delay (propagated)
                          2.00    2.00 v input external delay
                  0.01    0.00    2.00 v start (in)
     1    0.00                           start (net)
                  0.01    0.00    2.00 v input3/A (sky130_fd_sc_hd__buf_1)
                  0.09    0.13    2.14 v input3/X (sky130_fd_sc_hd__buf_1)
     2    0.01                           net3 (net)
                  0.09    0.00    2.14 v _204_/B (sky130_fd_sc_hd__or2_2)
                  0.10    0.37    2.51 v _204_/X (sky130_fd_sc_hd__or2_2)
     6    0.02                           _096_ (net)
                  0.10    0.00    2.51 v _270_/A (sky130_fd_sc_hd__and2_1)
                  0.03    0.16    2.67 v _270_/X (sky130_fd_sc_hd__and2_1)
     1    0.00                           _143_ (net)
                  0.03    0.00    2.67 v _271_/A (sky130_fd_sc_hd__clkbuf_1)
                  0.04    0.10    2.77 v _271_/X (sky130_fd_sc_hd__clkbuf_1)
     2    0.01                           _000_ (net)
                  0.04    0.00    2.77 v _424_/D (sky130_fd_sc_hd__dfrtp_2)
                                  2.77   data arrival time

                         10.00   10.00   clock clk (rise edge)
                          0.00   10.00   clock source latency
                  0.08    0.05   10.05 ^ clk (in)
     1    0.02                           clk (net)
                  0.08    0.00   10.05 ^ clkbuf_0_clk/A (sky130_fd_sc_hd__clkbuf_16)
                  0.06    0.15   10.20 ^ clkbuf_0_clk/X (sky130_fd_sc_hd__clkbuf_16)
     4    0.04                           clknet_0_clk (net)
                  0.06    0.00   10.20 ^ clkbuf_2_3__f_clk/A (sky130_fd_sc_hd__clkbuf_16)
                  0.06    0.14   10.34 ^ clkbuf_2_3__f_clk/X (sky130_fd_sc_hd__clkbuf_16)
    12    0.04                           clknet_2_3__leaf_clk (net)
                  0.06    0.00   10.34 ^ _424_/CLK (sky130_fd_sc_hd__dfrtp_2)
                         -0.25   10.09   clock uncertainty
                          0.00   10.09   clock reconvergence pessimism
                         -0.11    9.98   library setup time
                                  9.98   data required time
-----------------------------------------------------------------------------
                                  9.98   data required time
                                 -2.77   data arrival time
-----------------------------------------------------------------------------
                                  7.21   slack (MET)


Startpoint: start (input port clocked by clk)
Endpoint: _417_ (rising edge-triggered flip-flop clocked by clk)
Path Group: clk
Path Type: max

Fanout     Cap    Slew   Delay    Time   Description
-----------------------------------------------------------------------------
                          0.00    0.00   clock clk (rise edge)
                          0.00    0.00   clock network delay (propagated)
                          2.00    2.00 ^ input external delay
                  0.02    0.01    2.01 ^ start (in)
     1    0.00                           start (net)
                  0.02    0.00    2.01 ^ input3/A (sky130_fd_sc_hd__buf_1)
                  0.19    0.19    2.20 ^ input3/X (sky130_fd_sc_hd__buf_1)
     2    0.02                           net3 (net)
                  0.19    0.00    2.20 ^ _237_/B (sky130_fd_sc_hd__nor2_4)
                  0.07    0.10    2.30 v _237_/Y (sky130_fd_sc_hd__nor2_4)
     9    0.04                           _125_ (net)
                  0.07    0.00    2.30 v _324_/B1 (sky130_fd_sc_hd__a21o_1)
                  0.04    0.18    2.48 v _324_/X (sky130_fd_sc_hd__a21o_1)
     2    0.01                           _179_ (net)
                  0.04    0.00    2.48 v _325_/B1 (sky130_fd_sc_hd__a2bb2o_1)
                  0.05    0.28    2.76 v _325_/X (sky130_fd_sc_hd__a2bb2o_1)
     1    0.00                           _059_ (net)
                  0.05    0.00    2.76 v _417_/D (sky130_fd_sc_hd__dfrtp_1)
                                  2.76   data arrival time

                         10.00   10.00   clock clk (rise edge)
                          0.00   10.00   clock source latency
                  0.08    0.05   10.05 ^ clk (in)
     1    0.02                           clk (net)
                  0.08    0.00   10.05 ^ clkbuf_0_clk/A (sky130_fd_sc_hd__clkbuf_16)
                  0.06    0.15   10.20 ^ clkbuf_0_clk/X (sky130_fd_sc_hd__clkbuf_16)
     4    0.04                           clknet_0_clk (net)
                  0.06    0.00   10.20 ^ clkbuf_2_2__f_clk/A (sky130_fd_sc_hd__clkbuf_16)
                  0.05    0.14   10.34 ^ clkbuf_2_2__f_clk/X (sky130_fd_sc_hd__clkbuf_16)
    10    0.03                           clknet_2_2__leaf_clk (net)
                  0.05    0.00   10.34 ^ _417_/CLK (sky130_fd_sc_hd__dfrtp_1)
                         -0.25   10.09   clock uncertainty
                          0.00   10.09   clock reconvergence pessimism
                         -0.11    9.97   library setup time
                                  9.97   data required time
-----------------------------------------------------------------------------
                                  9.97   data required time
                                 -2.76   data arrival time
-----------------------------------------------------------------------------
                                  7.21   slack (MET)


Startpoint: start (input port clocked by clk)
Endpoint: _409_ (rising edge-triggered flip-flop clocked by clk)
Path Group: clk
Path Type: max

Fanout     Cap    Slew   Delay    Time   Description
-----------------------------------------------------------------------------
                          0.00    0.00   clock clk (rise edge)
                          0.00    0.00   clock network delay (propagated)
                          2.00    2.00 v input external delay
                  0.01    0.00    2.00 v start (in)
     1    0.00                           start (net)
                  0.01    0.00    2.00 v input3/A (sky130_fd_sc_hd__buf_1)
                  0.09    0.13    2.14 v input3/X (sky130_fd_sc_hd__buf_1)
     2    0.01                           net3 (net)
                  0.09    0.00    2.14 v _204_/B (sky130_fd_sc_hd__or2_2)
                  0.10    0.37    2.51 v _204_/X (sky130_fd_sc_hd__or2_2)
     6    0.02                           _096_ (net)
                  0.10    0.00    2.51 v _350_/B1 (sky130_fd_sc_hd__o211a_1)
                  0.05    0.16    2.67 v _350_/X (sky130_fd_sc_hd__o211a_1)
     1    0.00                           _197_ (net)
                  0.05    0.00    2.67 v _351_/B (sky130_fd_sc_hd__nor2_1)
                  0.07    0.08    2.75 ^ _351_/Y (sky130_fd_sc_hd__nor2_1)
     1    0.00                           _051_ (net)
                  0.07    0.00    2.75 ^ _409_/D (sky130_fd_sc_hd__dfrtp_4)
                                  2.75   data arrival time

                         10.00   10.00   clock clk (rise edge)
                          0.00   10.00   clock source latency
                  0.08    0.05   10.05 ^ clk (in)
     1    0.02                           clk (net)
                  0.08    0.00   10.05 ^ clkbuf_0_clk/A (sky130_fd_sc_hd__clkbuf_16)
                  0.06    0.15   10.20 ^ clkbuf_0_clk/X (sky130_fd_sc_hd__clkbuf_16)
     4    0.04                           clknet_0_clk (net)
                  0.06    0.00   10.20 ^ clkbuf_2_2__f_clk/A (sky130_fd_sc_hd__clkbuf_16)
                  0.05    0.14   10.34 ^ clkbuf_2_2__f_clk/X (sky130_fd_sc_hd__clkbuf_16)
    10    0.03                           clknet_2_2__leaf_clk (net)
                  0.05    0.00   10.34 ^ _409_/CLK (sky130_fd_sc_hd__dfrtp_4)
                         -0.25   10.09   clock uncertainty
                          0.00   10.09   clock reconvergence pessimism
                         -0.07   10.02   library setup time
                                 10.02   data required time
-----------------------------------------------------------------------------
                                 10.02   data required time
                                 -2.75   data arrival time
-----------------------------------------------------------------------------
                                  7.27   slack (MET)


Startpoint: start (input port clocked by clk)
Endpoint: _414_ (rising edge-triggered flip-flop clocked by clk)
Path Group: clk
Path Type: max

Fanout     Cap    Slew   Delay    Time   Description
-----------------------------------------------------------------------------
                          0.00    0.00   clock clk (rise edge)
                          0.00    0.00   clock network delay (propagated)
                          2.00    2.00 ^ input external delay
                  0.02    0.01    2.01 ^ start (in)
     1    0.00                           start (net)
                  0.02    0.00    2.01 ^ input3/A (sky130_fd_sc_hd__buf_1)
                  0.19    0.19    2.20 ^ input3/X (sky130_fd_sc_hd__buf_1)
     2    0.02                           net3 (net)
                  0.19    0.00    2.20 ^ _204_/B (sky130_fd_sc_hd__or2_2)
                  0.12    0.22    2.42 ^ _204_/X (sky130_fd_sc_hd__or2_2)
     6    0.02                           _096_ (net)
                  0.12    0.00    2.42 ^ _331_/A (sky130_fd_sc_hd__nand2_1)
                  0.06    0.09    2.51 v _331_/Y (sky130_fd_sc_hd__nand2_1)
     2    0.01                           _184_ (net)
                  0.06    0.00    2.51 v _335_/A2 (sky130_fd_sc_hd__a21o_1)
                  0.03    0.18    2.70 v _335_/X (sky130_fd_sc_hd__a21o_1)
     1    0.00                           _056_ (net)
                  0.03    0.00    2.70 v _414_/D (sky130_fd_sc_hd__dfrtp_1)
                                  2.70   data arrival time

                         10.00   10.00   clock clk (rise edge)
                          0.00   10.00   clock source latency
                  0.08    0.05   10.05 ^ clk (in)
     1    0.02                           clk (net)
                  0.08    0.00   10.05 ^ clkbuf_0_clk/A (sky130_fd_sc_hd__clkbuf_16)
                  0.06    0.15   10.20 ^ clkbuf_0_clk/X (sky130_fd_sc_hd__clkbuf_16)
     4    0.04                           clknet_0_clk (net)
                  0.06    0.00   10.20 ^ clkbuf_2_2__f_clk/A (sky130_fd_sc_hd__clkbuf_16)
                  0.05    0.14   10.34 ^ clkbuf_2_2__f_clk/X (sky130_fd_sc_hd__clkbuf_16)
    10    0.03                           clknet_2_2__leaf_clk (net)
                  0.05    0.00   10.34 ^ _414_/CLK (sky130_fd_sc_hd__dfrtp_1)
                         -0.25   10.09   clock uncertainty
                          0.00   10.09   clock reconvergence pessimism
                         -0.11    9.98   library setup time
                                  9.98   data required time
-----------------------------------------------------------------------------
                                  9.98   data required time
                                 -2.70   data arrival time
-----------------------------------------------------------------------------
                                  7.28   slack (MET)


Startpoint: start (input port clocked by clk)
Endpoint: _408_ (rising edge-triggered flip-flop clocked by clk)
Path Group: clk
Path Type: max

Fanout     Cap    Slew   Delay    Time   Description
-----------------------------------------------------------------------------
                          0.00    0.00   clock clk (rise edge)
                          0.00    0.00   clock network delay (propagated)
                          2.00    2.00 ^ input external delay
                  0.02    0.01    2.01 ^ start (in)
     1    0.00                           start (net)
                  0.02    0.00    2.01 ^ input3/A (sky130_fd_sc_hd__buf_1)
                  0.19    0.19    2.20 ^ input3/X (sky130_fd_sc_hd__buf_1)
     2    0.02                           net3 (net)
                  0.19    0.00    2.20 ^ _237_/B (sky130_fd_sc_hd__nor2_4)
                  0.07    0.10    2.30 v _237_/Y (sky130_fd_sc_hd__nor2_4)
     9    0.04                           _125_ (net)
                  0.07    0.00    2.30 v _352_/A1 (sky130_fd_sc_hd__mux2_1)
                  0.05    0.31    2.61 v _352_/X (sky130_fd_sc_hd__mux2_1)
     1    0.00                           _198_ (net)
                  0.05    0.00    2.61 v _353_/A (sky130_fd_sc_hd__clkbuf_1)
                  0.02    0.09    2.71 v _353_/X (sky130_fd_sc_hd__clkbuf_1)
     1    0.00                           _050_ (net)
                  0.02    0.00    2.71 v _408_/D (sky130_fd_sc_hd__dfrtp_4)
                                  2.71   data arrival time

                         10.00   10.00   clock clk (rise edge)
                          0.00   10.00   clock source latency
                  0.08    0.05   10.05 ^ clk (in)
     1    0.02                           clk (net)
                  0.08    0.00   10.05 ^ clkbuf_0_clk/A (sky130_fd_sc_hd__clkbuf_16)
                  0.06    0.15   10.20 ^ clkbuf_0_clk/X (sky130_fd_sc_hd__clkbuf_16)
     4    0.04                           clknet_0_clk (net)
                  0.06    0.00   10.20 ^ clkbuf_2_0__f_clk/A (sky130_fd_sc_hd__clkbuf_16)
                  0.06    0.14   10.34 ^ clkbuf_2_0__f_clk/X (sky130_fd_sc_hd__clkbuf_16)
    14    0.04                           clknet_2_0__leaf_clk (net)
                  0.06    0.00   10.34 ^ _408_/CLK (sky130_fd_sc_hd__dfrtp_4)
                         -0.25   10.09   clock uncertainty
                          0.00   10.09   clock reconvergence pessimism
                         -0.10    9.99   library setup time
                                  9.99   data required time
-----------------------------------------------------------------------------
                                  9.99   data required time
                                 -2.71   data arrival time
-----------------------------------------------------------------------------
                                  7.29   slack (MET)


Startpoint: start (input port clocked by clk)
Endpoint: _418_ (rising edge-triggered flip-flop clocked by clk)
Path Group: clk
Path Type: max

Fanout     Cap    Slew   Delay    Time   Description
-----------------------------------------------------------------------------
                          0.00    0.00   clock clk (rise edge)
                          0.00    0.00   clock network delay (propagated)
                          2.00    2.00 ^ input external delay
                  0.02    0.01    2.01 ^ start (in)
     1    0.00                           start (net)
                  0.02    0.00    2.01 ^ input3/A (sky130_fd_sc_hd__buf_1)
                  0.19    0.19    2.20 ^ input3/X (sky130_fd_sc_hd__buf_1)
     2    0.02                           net3 (net)
                  0.19    0.00    2.20 ^ _237_/B (sky130_fd_sc_hd__nor2_4)
                  0.07    0.10    2.30 v _237_/Y (sky130_fd_sc_hd__nor2_4)
     9    0.04                           _125_ (net)
                  0.07    0.00    2.30 v _316_/B1 (sky130_fd_sc_hd__a21o_1)
                  0.04    0.18    2.48 v _316_/X (sky130_fd_sc_hd__a21o_1)
     2    0.00                           _173_ (net)
                  0.04    0.00    2.48 v _320_/A (sky130_fd_sc_hd__and2_1)
                  0.03    0.14    2.62 v _320_/X (sky130_fd_sc_hd__and2_1)
     1    0.00                           _176_ (net)
                  0.03    0.00    2.62 v _321_/A (sky130_fd_sc_hd__clkbuf_1)
                  0.02    0.08    2.70 v _321_/X (sky130_fd_sc_hd__clkbuf_1)
     1    0.00                           _060_ (net)
                  0.02    0.00    2.70 v _418_/D (sky130_fd_sc_hd__dfrtp_1)
                                  2.70   data arrival time

                         10.00   10.00   clock clk (rise edge)
                          0.00   10.00   clock source latency
                  0.08    0.05   10.05 ^ clk (in)
     1    0.02                           clk (net)
                  0.08    0.00   10.05 ^ clkbuf_0_clk/A (sky130_fd_sc_hd__clkbuf_16)
                  0.06    0.15   10.20 ^ clkbuf_0_clk/X (sky130_fd_sc_hd__clkbuf_16)
     4    0.04                           clknet_0_clk (net)
                  0.06    0.00   10.20 ^ clkbuf_2_3__f_clk/A (sky130_fd_sc_hd__clkbuf_16)
                  0.06    0.14   10.34 ^ clkbuf_2_3__f_clk/X (sky130_fd_sc_hd__clkbuf_16)
    12    0.04                           clknet_2_3__leaf_clk (net)
                  0.06    0.00   10.34 ^ _418_/CLK (sky130_fd_sc_hd__dfrtp_1)
                         -0.25   10.09   clock uncertainty
                          0.00   10.09   clock reconvergence pessimism
                         -0.10    9.99   library setup time
                                  9.99   data required time
-----------------------------------------------------------------------------
                                  9.99   data required time
                                 -2.70   data arrival time
-----------------------------------------------------------------------------
                                  7.29   slack (MET)


Startpoint: start (input port clocked by clk)
Endpoint: _420_ (rising edge-triggered flip-flop clocked by clk)
Path Group: clk
Path Type: max

Fanout     Cap    Slew   Delay    Time   Description
-----------------------------------------------------------------------------
                          0.00    0.00   clock clk (rise edge)
                          0.00    0.00   clock network delay (propagated)
                          2.00    2.00 ^ input external delay
                  0.02    0.01    2.01 ^ start (in)
     1    0.00                           start (net)
                  0.02    0.00    2.01 ^ input3/A (sky130_fd_sc_hd__buf_1)
                  0.19    0.19    2.20 ^ input3/X (sky130_fd_sc_hd__buf_1)
     2    0.02                           net3 (net)
                  0.19    0.00    2.20 ^ _204_/B (sky130_fd_sc_hd__or2_2)
                  0.12    0.22    2.42 ^ _204_/X (sky130_fd_sc_hd__or2_2)
     6    0.02                           _096_ (net)
                  0.12    0.00    2.42 ^ _308_/A (sky130_fd_sc_hd__nand2_1)
                  0.06    0.09    2.51 v _308_/Y (sky130_fd_sc_hd__nand2_1)
     2    0.01                           _167_ (net)
                  0.06    0.00    2.51 v _312_/A2 (sky130_fd_sc_hd__a21o_1)
                  0.03    0.18    2.69 v _312_/X (sky130_fd_sc_hd__a21o_1)
     1    0.00                           _062_ (net)
                  0.03    0.00    2.69 v _420_/D (sky130_fd_sc_hd__dfrtp_1)
                                  2.69   data arrival time

                         10.00   10.00   clock clk (rise edge)
                          0.00   10.00   clock source latency
                  0.08    0.05   10.05 ^ clk (in)
     1    0.02                           clk (net)
                  0.08    0.00   10.05 ^ clkbuf_0_clk/A (sky130_fd_sc_hd__clkbuf_16)
                  0.06    0.15   10.20 ^ clkbuf_0_clk/X (sky130_fd_sc_hd__clkbuf_16)
     4    0.04                           clknet_0_clk (net)
                  0.06    0.00   10.20 ^ clkbuf_2_3__f_clk/A (sky130_fd_sc_hd__clkbuf_16)
                  0.06    0.14   10.34 ^ clkbuf_2_3__f_clk/X (sky130_fd_sc_hd__clkbuf_16)
    12    0.04                           clknet_2_3__leaf_clk (net)
                  0.06    0.00   10.34 ^ _420_/CLK (sky130_fd_sc_hd__dfrtp_1)
                         -0.25   10.09   clock uncertainty
                          0.00   10.09   clock reconvergence pessimism
                         -0.10    9.98   library setup time
                                  9.98   data required time
-----------------------------------------------------------------------------
                                  9.98   data required time
                                 -2.69   data arrival time
-----------------------------------------------------------------------------
                                  7.29   slack (MET)


Startpoint: start (input port clocked by clk)
Endpoint: _416_ (rising edge-triggered flip-flop clocked by clk)
Path Group: clk
Path Type: max

Fanout     Cap    Slew   Delay    Time   Description
-----------------------------------------------------------------------------
                          0.00    0.00   clock clk (rise edge)
                          0.00    0.00   clock network delay (propagated)
                          2.00    2.00 ^ input external delay
                  0.02    0.01    2.01 ^ start (in)
     1    0.00                           start (net)
                  0.02    0.00    2.01 ^ input3/A (sky130_fd_sc_hd__buf_1)
                  0.19    0.19    2.20 ^ input3/X (sky130_fd_sc_hd__buf_1)
     2    0.02                           net3 (net)
                  0.19    0.00    2.20 ^ _237_/B (sky130_fd_sc_hd__nor2_4)
                  0.07    0.10    2.30 v _237_/Y (sky130_fd_sc_hd__nor2_4)
     9    0.04                           _125_ (net)
                  0.07    0.00    2.30 v _324_/B1 (sky130_fd_sc_hd__a21o_1)
                  0.04    0.18    2.48 v _324_/X (sky130_fd_sc_hd__a21o_1)
     2    0.01                           _179_ (net)
                  0.04    0.00    2.48 v _327_/A2 (sky130_fd_sc_hd__a21o_1)
                  0.03    0.17    2.66 v _327_/X (sky130_fd_sc_hd__a21o_1)
     1    0.00                           _058_ (net)
                  0.03    0.00    2.66 v _416_/D (sky130_fd_sc_hd__dfrtp_1)
                                  2.66   data arrival time

                         10.00   10.00   clock clk (rise edge)
                          0.00   10.00   clock source latency
                  0.08    0.05   10.05 ^ clk (in)
     1    0.02                           clk (net)
                  0.08    0.00   10.05 ^ clkbuf_0_clk/A (sky130_fd_sc_hd__clkbuf_16)
                  0.06    0.15   10.20 ^ clkbuf_0_clk/X (sky130_fd_sc_hd__clkbuf_16)
     4    0.04                           clknet_0_clk (net)
                  0.06    0.00   10.20 ^ clkbuf_2_2__f_clk/A (sky130_fd_sc_hd__clkbuf_16)
                  0.05    0.14   10.34 ^ clkbuf_2_2__f_clk/X (sky130_fd_sc_hd__clkbuf_16)
    10    0.03                           clknet_2_2__leaf_clk (net)
                  0.05    0.00   10.34 ^ _416_/CLK (sky130_fd_sc_hd__dfrtp_1)
                         -0.25   10.09   clock uncertainty
                          0.00   10.09   clock reconvergence pessimism
                         -0.11    9.98   library setup time
                                  9.98   data required time
-----------------------------------------------------------------------------
                                  9.98   data required time
                                 -2.66   data arrival time
-----------------------------------------------------------------------------
                                  7.32   slack (MET)


Startpoint: start (input port clocked by clk)
Endpoint: _412_ (rising edge-triggered flip-flop clocked by clk)
Path Group: clk
Path Type: max

Fanout     Cap    Slew   Delay    Time   Description
-----------------------------------------------------------------------------
                          0.00    0.00   clock clk (rise edge)
                          0.00    0.00   clock network delay (propagated)
                          2.00    2.00 ^ input external delay
                  0.02    0.01    2.01 ^ start (in)
     1    0.00                           start (net)
                  0.02    0.00    2.01 ^ input3/A (sky130_fd_sc_hd__buf_1)
                  0.19    0.19    2.20 ^ input3/X (sky130_fd_sc_hd__buf_1)
     2    0.02                           net3 (net)
                  0.19    0.00    2.20 ^ _237_/B (sky130_fd_sc_hd__nor2_4)
                  0.07    0.10    2.30 v _237_/Y (sky130_fd_sc_hd__nor2_4)
     9    0.04                           _125_ (net)
                  0.07    0.00    2.30 v _338_/B1 (sky130_fd_sc_hd__a21o_1)
                  0.04    0.18    2.48 v _338_/X (sky130_fd_sc_hd__a21o_1)
     2    0.01                           _189_ (net)
                  0.04    0.00    2.48 v _342_/A2 (sky130_fd_sc_hd__a21o_1)
                  0.03    0.17    2.66 v _342_/X (sky130_fd_sc_hd__a21o_1)
     1    0.00                           _054_ (net)
                  0.03    0.00    2.66 v _412_/D (sky130_fd_sc_hd__dfrtp_1)
                                  2.66   data arrival time

                         10.00   10.00   clock clk (rise edge)
                          0.00   10.00   clock source latency
                  0.08    0.05   10.05 ^ clk (in)
     1    0.02                           clk (net)
                  0.08    0.00   10.05 ^ clkbuf_0_clk/A (sky130_fd_sc_hd__clkbuf_16)
                  0.06    0.15   10.20 ^ clkbuf_0_clk/X (sky130_fd_sc_hd__clkbuf_16)
     4    0.04                           clknet_0_clk (net)
                  0.06    0.00   10.20 ^ clkbuf_2_2__f_clk/A (sky130_fd_sc_hd__clkbuf_16)
                  0.05    0.14   10.34 ^ clkbuf_2_2__f_clk/X (sky130_fd_sc_hd__clkbuf_16)
    10    0.03                           clknet_2_2__leaf_clk (net)
                  0.05    0.00   10.34 ^ _412_/CLK (sky130_fd_sc_hd__dfrtp_1)
                         -0.25   10.09   clock uncertainty
                          0.00   10.09   clock reconvergence pessimism
                         -0.11    9.98   library setup time
                                  9.98   data required time
-----------------------------------------------------------------------------
                                  9.98   data required time
                                 -2.66   data arrival time
-----------------------------------------------------------------------------
                                  7.32   slack (MET)


Startpoint: start (input port clocked by clk)
Endpoint: _423_ (rising edge-triggered flip-flop clocked by clk)
Path Group: clk
Path Type: max

Fanout     Cap    Slew   Delay    Time   Description
-----------------------------------------------------------------------------
                          0.00    0.00   clock clk (rise edge)
                          0.00    0.00   clock network delay (propagated)
                          2.00    2.00 ^ input external delay
                  0.02    0.01    2.01 ^ start (in)
     1    0.00                           start (net)
                  0.02    0.00    2.01 ^ input3/A (sky130_fd_sc_hd__buf_1)
                  0.19    0.19    2.20 ^ input3/X (sky130_fd_sc_hd__buf_1)
     2    0.02                           net3 (net)
                  0.19    0.00    2.20 ^ _237_/B (sky130_fd_sc_hd__nor2_4)
                  0.07    0.10    2.30 v _237_/Y (sky130_fd_sc_hd__nor2_4)
     9    0.04                           _125_ (net)
                  0.07    0.00    2.30 v _303_/A2 (sky130_fd_sc_hd__o31a_1)
                  0.05    0.30    2.60 v _303_/X (sky130_fd_sc_hd__o31a_1)
     1    0.00                           _065_ (net)
                  0.05    0.00    2.60 v _423_/D (sky130_fd_sc_hd__dfrtp_1)
                                  2.60   data arrival time

                         10.00   10.00   clock clk (rise edge)
                          0.00   10.00   clock source latency
                  0.08    0.05   10.05 ^ clk (in)
     1    0.02                           clk (net)
                  0.08    0.00   10.05 ^ clkbuf_0_clk/A (sky130_fd_sc_hd__clkbuf_16)
                  0.06    0.15   10.20 ^ clkbuf_0_clk/X (sky130_fd_sc_hd__clkbuf_16)
     4    0.04                           clknet_0_clk (net)
                  0.06    0.00   10.20 ^ clkbuf_2_2__f_clk/A (sky130_fd_sc_hd__clkbuf_16)
                  0.05    0.14   10.34 ^ clkbuf_2_2__f_clk/X (sky130_fd_sc_hd__clkbuf_16)
    10    0.03                           clknet_2_2__leaf_clk (net)
                  0.05    0.00   10.34 ^ _423_/CLK (sky130_fd_sc_hd__dfrtp_1)
                         -0.25   10.09   clock uncertainty
                          0.00   10.09   clock reconvergence pessimism
                         -0.11    9.97   library setup time
                                  9.97   data required time
-----------------------------------------------------------------------------
                                  9.97   data required time
                                 -2.60   data arrival time
-----------------------------------------------------------------------------
                                  7.37   slack (MET)


Startpoint: start (input port clocked by clk)
Endpoint: _411_ (rising edge-triggered flip-flop clocked by clk)
Path Group: clk
Path Type: max

Fanout     Cap    Slew   Delay    Time   Description
-----------------------------------------------------------------------------
                          0.00    0.00   clock clk (rise edge)
                          0.00    0.00   clock network delay (propagated)
                          2.00    2.00 ^ input external delay
                  0.02    0.01    2.01 ^ start (in)
     1    0.00                           start (net)
                  0.02    0.00    2.01 ^ input3/A (sky130_fd_sc_hd__buf_1)
                  0.19    0.19    2.20 ^ input3/X (sky130_fd_sc_hd__buf_1)
     2    0.02                           net3 (net)
                  0.19    0.00    2.20 ^ _237_/B (sky130_fd_sc_hd__nor2_4)
                  0.07    0.10    2.30 v _237_/Y (sky130_fd_sc_hd__nor2_4)
     9    0.04                           _125_ (net)
                  0.07    0.00    2.30 v _346_/A2 (sky130_fd_sc_hd__o31a_1)
                  0.05    0.30    2.60 v _346_/X (sky130_fd_sc_hd__o31a_1)
     1    0.00                           _053_ (net)
                  0.05    0.00    2.60 v _411_/D (sky130_fd_sc_hd__dfrtp_1)
                                  2.60   data arrival time

                         10.00   10.00   clock clk (rise edge)
                          0.00   10.00   clock source latency
                  0.08    0.05   10.05 ^ clk (in)
     1    0.02                           clk (net)
                  0.08    0.00   10.05 ^ clkbuf_0_clk/A (sky130_fd_sc_hd__clkbuf_16)
                  0.06    0.15   10.20 ^ clkbuf_0_clk/X (sky130_fd_sc_hd__clkbuf_16)
     4    0.04                           clknet_0_clk (net)
                  0.06    0.00   10.20 ^ clkbuf_2_0__f_clk/A (sky130_fd_sc_hd__clkbuf_16)
                  0.06    0.14   10.34 ^ clkbuf_2_0__f_clk/X (sky130_fd_sc_hd__clkbuf_16)
    14    0.04                           clknet_2_0__leaf_clk (net)
                  0.06    0.00   10.34 ^ _411_/CLK (sky130_fd_sc_hd__dfrtp_1)
                         -0.25   10.09   clock uncertainty
                          0.00   10.09   clock reconvergence pessimism
                         -0.11    9.98   library setup time
                                  9.98   data required time
-----------------------------------------------------------------------------
                                  9.98   data required time
                                 -2.60   data arrival time
-----------------------------------------------------------------------------
                                  7.38   slack (MET)


Startpoint: start (input port clocked by clk)
Endpoint: _410_ (rising edge-triggered flip-flop clocked by clk)
Path Group: clk
Path Type: max

Fanout     Cap    Slew   Delay    Time   Description
-----------------------------------------------------------------------------
                          0.00    0.00   clock clk (rise edge)
                          0.00    0.00   clock network delay (propagated)
                          2.00    2.00 ^ input external delay
                  0.02    0.01    2.01 ^ start (in)
     1    0.00                           start (net)
                  0.02    0.00    2.01 ^ input3/A (sky130_fd_sc_hd__buf_1)
                  0.19    0.19    2.20 ^ input3/X (sky130_fd_sc_hd__buf_1)
     2    0.02                           net3 (net)
                  0.19    0.00    2.20 ^ _237_/B (sky130_fd_sc_hd__nor2_4)
                  0.07    0.10    2.30 v _237_/Y (sky130_fd_sc_hd__nor2_4)
     9    0.04                           _125_ (net)
                  0.07    0.00    2.30 v _348_/B1 (sky130_fd_sc_hd__a32o_1)
                  0.04    0.22    2.52 v _348_/X (sky130_fd_sc_hd__a32o_1)
     1    0.00                           _052_ (net)
                  0.04    0.00    2.52 v _410_/D (sky130_fd_sc_hd__dfrtp_2)
                                  2.52   data arrival time

                         10.00   10.00   clock clk (rise edge)
                          0.00   10.00   clock source latency
                  0.08    0.05   10.05 ^ clk (in)
     1    0.02                           clk (net)
                  0.08    0.00   10.05 ^ clkbuf_0_clk/A (sky130_fd_sc_hd__clkbuf_16)
                  0.06    0.15   10.20 ^ clkbuf_0_clk/X (sky130_fd_sc_hd__clkbuf_16)
     4    0.04                           clknet_0_clk (net)
                  0.06    0.00   10.20 ^ clkbuf_2_0__f_clk/A (sky130_fd_sc_hd__clkbuf_16)
                  0.06    0.14   10.34 ^ clkbuf_2_0__f_clk/X (sky130_fd_sc_hd__clkbuf_16)
    14    0.04                           clknet_2_0__leaf_clk (net)
                  0.06    0.00   10.34 ^ _410_/CLK (sky130_fd_sc_hd__dfrtp_2)
                         -0.25   10.09   clock uncertainty
                          0.00   10.09   clock reconvergence pessimism
                         -0.11    9.98   library setup time
                                  9.98   data required time
-----------------------------------------------------------------------------
                                  9.98   data required time
                                 -2.52   data arrival time
-----------------------------------------------------------------------------
                                  7.46   slack (MET)


Startpoint: start (input port clocked by clk)
Endpoint: _422_ (rising edge-triggered flip-flop clocked by clk)
Path Group: clk
Path Type: max

Fanout     Cap    Slew   Delay    Time   Description
-----------------------------------------------------------------------------
                          0.00    0.00   clock clk (rise edge)
                          0.00    0.00   clock network delay (propagated)
                          2.00    2.00 v input external delay
                  0.01    0.00    2.00 v start (in)
     1    0.00                           start (net)
                  0.01    0.00    2.00 v input3/A (sky130_fd_sc_hd__buf_1)
                  0.09    0.13    2.14 v input3/X (sky130_fd_sc_hd__buf_1)
     2    0.01                           net3 (net)
                  0.09    0.00    2.14 v _237_/B (sky130_fd_sc_hd__nor2_4)
                  0.25    0.24    2.38 ^ _237_/Y (sky130_fd_sc_hd__nor2_4)
     9    0.04                           _125_ (net)
                  0.25    0.00    2.38 ^ _305_/A1 (sky130_fd_sc_hd__o21a_1)
                  0.05    0.18    2.56 ^ _305_/X (sky130_fd_sc_hd__o21a_1)
     1    0.00                           _064_ (net)
                  0.05    0.00    2.56 ^ _422_/D (sky130_fd_sc_hd__dfrtp_1)
                                  2.56   data arrival time

                         10.00   10.00   clock clk (rise edge)
                          0.00   10.00   clock source latency
                  0.08    0.05   10.05 ^ clk (in)
     1    0.02                           clk (net)
                  0.08    0.00   10.05 ^ clkbuf_0_clk/A (sky130_fd_sc_hd__clkbuf_16)
                  0.06    0.15   10.20 ^ clkbuf_0_clk/X (sky130_fd_sc_hd__clkbuf_16)
     4    0.04                           clknet_0_clk (net)
                  0.06    0.00   10.20 ^ clkbuf_2_2__f_clk/A (sky130_fd_sc_hd__clkbuf_16)
                  0.05    0.14   10.34 ^ clkbuf_2_2__f_clk/X (sky130_fd_sc_hd__clkbuf_16)
    10    0.03                           clknet_2_2__leaf_clk (net)
                  0.05    0.00   10.34 ^ _422_/CLK (sky130_fd_sc_hd__dfrtp_1)
                         -0.25   10.09   clock uncertainty
                          0.00   10.09   clock reconvergence pessimism
                         -0.06   10.03   library setup time
                                 10.03   data required time
-----------------------------------------------------------------------------
                                 10.03   data required time
                                 -2.56   data arrival time
-----------------------------------------------------------------------------
                                  7.47   slack (MET)


Startpoint: _421_ (rising edge-triggered flip-flop clocked by clk)
Endpoint: _425_ (rising edge-triggered flip-flop clocked by clk)
Path Group: clk
Path Type: max

Fanout     Cap    Slew   Delay    Time   Description
-----------------------------------------------------------------------------
                          0.00    0.00   clock clk (rise edge)
                          0.00    0.00   clock source latency
                  0.08    0.06    0.06 ^ clk (in)
     1    0.02                           clk (net)
                  0.08    0.00    0.06 ^ clkbuf_0_clk/A (sky130_fd_sc_hd__clkbuf_16)
                  0.06    0.16    0.22 ^ clkbuf_0_clk/X (sky130_fd_sc_hd__clkbuf_16)
     4    0.04                           clknet_0_clk (net)
                  0.06    0.00    0.22 ^ clkbuf_2_3__f_clk/A (sky130_fd_sc_hd__clkbuf_16)
                  0.06    0.15    0.37 ^ clkbuf_2_3__f_clk/X (sky130_fd_sc_hd__clkbuf_16)
    12    0.04                           clknet_2_3__leaf_clk (net)
                  0.06    0.00    0.38 ^ _421_/CLK (sky130_fd_sc_hd__dfrtp_1)
                  0.08    0.42    0.80 v _421_/Q (sky130_fd_sc_hd__dfrtp_1)
     3    0.01                           clk_count[13] (net)
                  0.08    0.00    0.80 v _205_/A (sky130_fd_sc_hd__or4_1)
                  0.09    0.57    1.37 v _205_/X (sky130_fd_sc_hd__or4_1)
     1    0.00                           _097_ (net)
                  0.09    0.00    1.37 v _209_/A (sky130_fd_sc_hd__nor4_1)
                  0.42    0.46    1.83 ^ _209_/Y (sky130_fd_sc_hd__nor4_1)
     2    0.01                           _101_ (net)
                  0.42    0.00    1.83 ^ max_cap25/A (sky130_fd_sc_hd__buf_1)
                  0.15    0.22    2.05 ^ max_cap25/X (sky130_fd_sc_hd__buf_1)
     3    0.01                           net25 (net)
                  0.15    0.00    2.05 ^ _217_/C (sky130_fd_sc_hd__nand4_1)
                  0.13    0.17    2.22 v _217_/Y (sky130_fd_sc_hd__nand4_1)
     3    0.01                           _109_ (net)
                  0.13    0.00    2.22 v _218_/A (sky130_fd_sc_hd__buf_4)
                  0.09    0.25    2.46 v _218_/X (sky130_fd_sc_hd__buf_4)
    10    0.06                           _110_ (net)
                  0.09    0.00    2.47 v _354_/A (sky130_fd_sc_hd__inv_2)
                  0.03    0.06    2.52 ^ _354_/Y (sky130_fd_sc_hd__inv_2)
     1    0.00                           _001_ (net)
                  0.03    0.00    2.52 ^ _425_/D (sky130_fd_sc_hd__dfrtp_1)
                                  2.52   data arrival time

                         10.00   10.00   clock clk (rise edge)
                          0.00   10.00   clock source latency
                  0.08    0.05   10.05 ^ clk (in)
     1    0.02                           clk (net)
                  0.08    0.00   10.05 ^ clkbuf_0_clk/A (sky130_fd_sc_hd__clkbuf_16)
                  0.06    0.15   10.20 ^ clkbuf_0_clk/X (sky130_fd_sc_hd__clkbuf_16)
     4    0.04                           clknet_0_clk (net)
                  0.06    0.00   10.20 ^ clkbuf_2_2__f_clk/A (sky130_fd_sc_hd__clkbuf_16)
                  0.05    0.14   10.34 ^ clkbuf_2_2__f_clk/X (sky130_fd_sc_hd__clkbuf_16)
    10    0.03                           clknet_2_2__leaf_clk (net)
                  0.05    0.00   10.34 ^ _425_/CLK (sky130_fd_sc_hd__dfrtp_1)
                         -0.25   10.09   clock uncertainty
                          0.02   10.11   clock reconvergence pessimism
                         -0.05   10.05   library setup time
                                 10.05   data required time
-----------------------------------------------------------------------------
                                 10.05   data required time
                                 -2.52   data arrival time
-----------------------------------------------------------------------------
                                  7.53   slack (MET)


Startpoint: rst (input port clocked by clk)
Endpoint: _409_ (recovery check against rising-edge clock clk)
Path Group: asynchronous
Path Type: max

Fanout     Cap    Slew   Delay    Time   Description
-----------------------------------------------------------------------------
                          0.00    0.00   clock clk (rise edge)
                          0.00    0.00   clock network delay (propagated)
                          2.00    2.00 v input external delay
                  0.01    0.00    2.00 v rst (in)
     1    0.00                           rst (net)
                  0.01    0.00    2.00 v input2/A (sky130_fd_sc_hd__buf_1)
                  0.05    0.10    2.11 v input2/X (sky130_fd_sc_hd__buf_1)
     3    0.01                           net2 (net)
                  0.05    0.00    2.11 v _355_/A (sky130_fd_sc_hd__buf_4)
                  0.08    0.20    2.31 v _355_/X (sky130_fd_sc_hd__buf_4)
    10    0.05                           _199_ (net)
                  0.08    0.00    2.31 v _356_/A (sky130_fd_sc_hd__buf_4)
                  0.08    0.22    2.53 v _356_/X (sky130_fd_sc_hd__buf_4)
    10    0.06                           _200_ (net)
                  0.08    0.00    2.53 v _358_/A (sky130_fd_sc_hd__inv_2)
                  0.03    0.06    2.59 ^ _358_/Y (sky130_fd_sc_hd__inv_2)
     1    0.00                           _003_ (net)
                  0.03    0.00    2.59 ^ _409_/RESET_B (sky130_fd_sc_hd__dfrtp_4)
                                  2.59   data arrival time

                         10.00   10.00   clock clk (rise edge)
                          0.00   10.00   clock source latency
                  0.08    0.05   10.05 ^ clk (in)
     1    0.02                           clk (net)
                  0.08    0.00   10.05 ^ clkbuf_0_clk/A (sky130_fd_sc_hd__clkbuf_16)
                  0.06    0.15   10.20 ^ clkbuf_0_clk/X (sky130_fd_sc_hd__clkbuf_16)
     4    0.04                           clknet_0_clk (net)
                  0.06    0.00   10.20 ^ clkbuf_2_2__f_clk/A (sky130_fd_sc_hd__clkbuf_16)
                  0.05    0.14   10.34 ^ clkbuf_2_2__f_clk/X (sky130_fd_sc_hd__clkbuf_16)
    10    0.03                           clknet_2_2__leaf_clk (net)
                  0.05    0.00   10.34 ^ _409_/CLK (sky130_fd_sc_hd__dfrtp_4)
                         -0.25   10.09   clock uncertainty
                          0.00   10.09   clock reconvergence pessimism
                          0.22   10.31   library recovery time
                                 10.31   data required time
-----------------------------------------------------------------------------
                                 10.31   data required time
                                 -2.59   data arrival time
-----------------------------------------------------------------------------
                                  7.72   slack (MET)


Startpoint: rst (input port clocked by clk)
Endpoint: _424_ (recovery check against rising-edge clock clk)
Path Group: asynchronous
Path Type: max

Fanout     Cap    Slew   Delay    Time   Description
-----------------------------------------------------------------------------
                          0.00    0.00   clock clk (rise edge)
                          0.00    0.00   clock network delay (propagated)
                          2.00    2.00 v input external delay
                  0.01    0.00    2.00 v rst (in)
     1    0.00                           rst (net)
                  0.01    0.00    2.00 v input2/A (sky130_fd_sc_hd__buf_1)
                  0.05    0.10    2.11 v input2/X (sky130_fd_sc_hd__buf_1)
     3    0.01                           net2 (net)
                  0.05    0.00    2.11 v _355_/A (sky130_fd_sc_hd__buf_4)
                  0.08    0.20    2.31 v _355_/X (sky130_fd_sc_hd__buf_4)
    10    0.05                           _199_ (net)
                  0.08    0.00    2.31 v _367_/A (sky130_fd_sc_hd__clkbuf_8)
                  0.09    0.21    2.52 v _367_/X (sky130_fd_sc_hd__clkbuf_8)
    10    0.07                           _201_ (net)
                  0.09    0.00    2.52 v _374_/A (sky130_fd_sc_hd__inv_2)
                  0.03    0.06    2.59 ^ _374_/Y (sky130_fd_sc_hd__inv_2)
     1    0.00                           _018_ (net)
                  0.03    0.00    2.59 ^ _424_/RESET_B (sky130_fd_sc_hd__dfrtp_2)
                                  2.59   data arrival time

                         10.00   10.00   clock clk (rise edge)
                          0.00   10.00   clock source latency
                  0.08    0.05   10.05 ^ clk (in)
     1    0.02                           clk (net)
                  0.08    0.00   10.05 ^ clkbuf_0_clk/A (sky130_fd_sc_hd__clkbuf_16)
                  0.06    0.15   10.20 ^ clkbuf_0_clk/X (sky130_fd_sc_hd__clkbuf_16)
     4    0.04                           clknet_0_clk (net)
                  0.06    0.00   10.20 ^ clkbuf_2_3__f_clk/A (sky130_fd_sc_hd__clkbuf_16)
                  0.06    0.14   10.34 ^ clkbuf_2_3__f_clk/X (sky130_fd_sc_hd__clkbuf_16)
    12    0.04                           clknet_2_3__leaf_clk (net)
                  0.06    0.00   10.34 ^ _424_/CLK (sky130_fd_sc_hd__dfrtp_2)
                         -0.25   10.09   clock uncertainty
                          0.00   10.09   clock reconvergence pessimism
                          0.23   10.32   library recovery time
                                 10.32   data required time
-----------------------------------------------------------------------------
                                 10.32   data required time
                                 -2.59   data arrival time
-----------------------------------------------------------------------------
                                  7.73   slack (MET)


Startpoint: rst (input port clocked by clk)
Endpoint: _415_ (recovery check against rising-edge clock clk)
Path Group: asynchronous
Path Type: max

Fanout     Cap    Slew   Delay    Time   Description
-----------------------------------------------------------------------------
                          0.00    0.00   clock clk (rise edge)
                          0.00    0.00   clock network delay (propagated)
                          2.00    2.00 v input external delay
                  0.01    0.00    2.00 v rst (in)
     1    0.00                           rst (net)
                  0.01    0.00    2.00 v input2/A (sky130_fd_sc_hd__buf_1)
                  0.05    0.10    2.11 v input2/X (sky130_fd_sc_hd__buf_1)
     3    0.01                           net2 (net)
                  0.05    0.00    2.11 v _355_/A (sky130_fd_sc_hd__buf_4)
                  0.08    0.20    2.31 v _355_/X (sky130_fd_sc_hd__buf_4)
    10    0.05                           _199_ (net)
                  0.08    0.00    2.31 v _356_/A (sky130_fd_sc_hd__buf_4)
                  0.08    0.22    2.53 v _356_/X (sky130_fd_sc_hd__buf_4)
    10    0.06                           _200_ (net)
                  0.08    0.00    2.53 v _364_/A (sky130_fd_sc_hd__inv_2)
                  0.03    0.06    2.59 ^ _364_/Y (sky130_fd_sc_hd__inv_2)
     1    0.00                           _009_ (net)
                  0.03    0.00    2.59 ^ _415_/RESET_B (sky130_fd_sc_hd__dfrtp_1)
                                  2.59   data arrival time

                         10.00   10.00   clock clk (rise edge)
                          0.00   10.00   clock source latency
                  0.08    0.05   10.05 ^ clk (in)
     1    0.02                           clk (net)
                  0.08    0.00   10.05 ^ clkbuf_0_clk/A (sky130_fd_sc_hd__clkbuf_16)
                  0.06    0.15   10.20 ^ clkbuf_0_clk/X (sky130_fd_sc_hd__clkbuf_16)
     4    0.04                           clknet_0_clk (net)
                  0.06    0.00   10.20 ^ clkbuf_2_2__f_clk/A (sky130_fd_sc_hd__clkbuf_16)
                  0.05    0.14   10.34 ^ clkbuf_2_2__f_clk/X (sky130_fd_sc_hd__clkbuf_16)
    10    0.03                           clknet_2_2__leaf_clk (net)
                  0.05    0.00   10.34 ^ _415_/CLK (sky130_fd_sc_hd__dfrtp_1)
                         -0.25   10.09   clock uncertainty
                          0.00   10.09   clock reconvergence pessimism
                          0.24   10.32   library recovery time
                                 10.32   data required time
-----------------------------------------------------------------------------
                                 10.32   data required time
                                 -2.59   data arrival time
-----------------------------------------------------------------------------
                                  7.73   slack (MET)


Startpoint: rst (input port clocked by clk)
Endpoint: _416_ (recovery check against rising-edge clock clk)
Path Group: asynchronous
Path Type: max

Fanout     Cap    Slew   Delay    Time   Description
-----------------------------------------------------------------------------
                          0.00    0.00   clock clk (rise edge)
                          0.00    0.00   clock network delay (propagated)
                          2.00    2.00 v input external delay
                  0.01    0.00    2.00 v rst (in)
     1    0.00                           rst (net)
                  0.01    0.00    2.00 v input2/A (sky130_fd_sc_hd__buf_1)
                  0.05    0.10    2.11 v input2/X (sky130_fd_sc_hd__buf_1)
     3    0.01                           net2 (net)
                  0.05    0.00    2.11 v _355_/A (sky130_fd_sc_hd__buf_4)
                  0.08    0.20    2.31 v _355_/X (sky130_fd_sc_hd__buf_4)
    10    0.05                           _199_ (net)
                  0.08    0.00    2.31 v _356_/A (sky130_fd_sc_hd__buf_4)
                  0.08    0.22    2.53 v _356_/X (sky130_fd_sc_hd__buf_4)
    10    0.06                           _200_ (net)
                  0.08    0.00    2.53 v _365_/A (sky130_fd_sc_hd__inv_2)
                  0.03    0.06    2.59 ^ _365_/Y (sky130_fd_sc_hd__inv_2)
     1    0.00                           _010_ (net)
                  0.03    0.00    2.59 ^ _416_/RESET_B (sky130_fd_sc_hd__dfrtp_1)
                                  2.59   data arrival time

                         10.00   10.00   clock clk (rise edge)
                          0.00   10.00   clock source latency
                  0.08    0.05   10.05 ^ clk (in)
     1    0.02                           clk (net)
                  0.08    0.00   10.05 ^ clkbuf_0_clk/A (sky130_fd_sc_hd__clkbuf_16)
                  0.06    0.15   10.20 ^ clkbuf_0_clk/X (sky130_fd_sc_hd__clkbuf_16)
     4    0.04                           clknet_0_clk (net)
                  0.06    0.00   10.20 ^ clkbuf_2_2__f_clk/A (sky130_fd_sc_hd__clkbuf_16)
                  0.05    0.14   10.34 ^ clkbuf_2_2__f_clk/X (sky130_fd_sc_hd__clkbuf_16)
    10    0.03                           clknet_2_2__leaf_clk (net)
                  0.05    0.00   10.34 ^ _416_/CLK (sky130_fd_sc_hd__dfrtp_1)
                         -0.25   10.09   clock uncertainty
                          0.00   10.09   clock reconvergence pessimism
                          0.24   10.32   library recovery time
                                 10.32   data required time
-----------------------------------------------------------------------------
                                 10.32   data required time
                                 -2.59   data arrival time
-----------------------------------------------------------------------------
                                  7.73   slack (MET)


Startpoint: rst (input port clocked by clk)
Endpoint: _417_ (recovery check against rising-edge clock clk)
Path Group: asynchronous
Path Type: max

Fanout     Cap    Slew   Delay    Time   Description
-----------------------------------------------------------------------------
                          0.00    0.00   clock clk (rise edge)
                          0.00    0.00   clock network delay (propagated)
                          2.00    2.00 v input external delay
                  0.01    0.00    2.00 v rst (in)
     1    0.00                           rst (net)
                  0.01    0.00    2.00 v input2/A (sky130_fd_sc_hd__buf_1)
                  0.05    0.10    2.11 v input2/X (sky130_fd_sc_hd__buf_1)
     3    0.01                           net2 (net)
                  0.05    0.00    2.11 v _355_/A (sky130_fd_sc_hd__buf_4)
                  0.08    0.20    2.31 v _355_/X (sky130_fd_sc_hd__buf_4)
    10    0.05                           _199_ (net)
                  0.08    0.00    2.31 v _356_/A (sky130_fd_sc_hd__buf_4)
                  0.08    0.22    2.53 v _356_/X (sky130_fd_sc_hd__buf_4)
    10    0.06                           _200_ (net)
                  0.08    0.00    2.53 v _366_/A (sky130_fd_sc_hd__inv_2)
                  0.03    0.06    2.59 ^ _366_/Y (sky130_fd_sc_hd__inv_2)
     1    0.00                           _011_ (net)
                  0.03    0.00    2.59 ^ _417_/RESET_B (sky130_fd_sc_hd__dfrtp_1)
                                  2.59   data arrival time

                         10.00   10.00   clock clk (rise edge)
                          0.00   10.00   clock source latency
                  0.08    0.05   10.05 ^ clk (in)
     1    0.02                           clk (net)
                  0.08    0.00   10.05 ^ clkbuf_0_clk/A (sky130_fd_sc_hd__clkbuf_16)
                  0.06    0.15   10.20 ^ clkbuf_0_clk/X (sky130_fd_sc_hd__clkbuf_16)
     4    0.04                           clknet_0_clk (net)
                  0.06    0.00   10.20 ^ clkbuf_2_2__f_clk/A (sky130_fd_sc_hd__clkbuf_16)
                  0.05    0.14   10.34 ^ clkbuf_2_2__f_clk/X (sky130_fd_sc_hd__clkbuf_16)
    10    0.03                           clknet_2_2__leaf_clk (net)
                  0.05    0.00   10.34 ^ _417_/CLK (sky130_fd_sc_hd__dfrtp_1)
                         -0.25   10.09   clock uncertainty
                          0.00   10.09   clock reconvergence pessimism
                          0.24   10.32   library recovery time
                                 10.32   data required time
-----------------------------------------------------------------------------
                                 10.32   data required time
                                 -2.59   data arrival time
-----------------------------------------------------------------------------
                                  7.73   slack (MET)


Startpoint: rst (input port clocked by clk)
Endpoint: _408_ (recovery check against rising-edge clock clk)
Path Group: asynchronous
Path Type: max

Fanout     Cap    Slew   Delay    Time   Description
-----------------------------------------------------------------------------
                          0.00    0.00   clock clk (rise edge)
                          0.00    0.00   clock network delay (propagated)
                          2.00    2.00 v input external delay
                  0.01    0.00    2.00 v rst (in)
     1    0.00                           rst (net)
                  0.01    0.00    2.00 v input2/A (sky130_fd_sc_hd__buf_1)
                  0.05    0.10    2.11 v input2/X (sky130_fd_sc_hd__buf_1)
     3    0.01                           net2 (net)
                  0.05    0.00    2.11 v _355_/A (sky130_fd_sc_hd__buf_4)
                  0.08    0.20    2.31 v _355_/X (sky130_fd_sc_hd__buf_4)
    10    0.05                           _199_ (net)
                  0.08    0.00    2.31 v _356_/A (sky130_fd_sc_hd__buf_4)
                  0.08    0.22    2.53 v _356_/X (sky130_fd_sc_hd__buf_4)
    10    0.06                           _200_ (net)
                  0.08    0.00    2.53 v _357_/A (sky130_fd_sc_hd__inv_2)
                  0.03    0.06    2.59 ^ _357_/Y (sky130_fd_sc_hd__inv_2)
     1    0.00                           _002_ (net)
                  0.03    0.00    2.59 ^ _408_/RESET_B (sky130_fd_sc_hd__dfrtp_4)
                                  2.59   data arrival time

                         10.00   10.00   clock clk (rise edge)
                          0.00   10.00   clock source latency
                  0.08    0.05   10.05 ^ clk (in)
     1    0.02                           clk (net)
                  0.08    0.00   10.05 ^ clkbuf_0_clk/A (sky130_fd_sc_hd__clkbuf_16)
                  0.06    0.15   10.20 ^ clkbuf_0_clk/X (sky130_fd_sc_hd__clkbuf_16)
     4    0.04                           clknet_0_clk (net)
                  0.06    0.00   10.20 ^ clkbuf_2_0__f_clk/A (sky130_fd_sc_hd__clkbuf_16)
                  0.06    0.14   10.34 ^ clkbuf_2_0__f_clk/X (sky130_fd_sc_hd__clkbuf_16)
    14    0.04                           clknet_2_0__leaf_clk (net)
                  0.06    0.00   10.34 ^ _408_/CLK (sky130_fd_sc_hd__dfrtp_4)
                         -0.25   10.09   clock uncertainty
                          0.00   10.09   clock reconvergence pessimism
                          0.23   10.32   library recovery time
                                 10.32   data required time
-----------------------------------------------------------------------------
                                 10.32   data required time
                                 -2.59   data arrival time
-----------------------------------------------------------------------------
                                  7.73   slack (MET)


Startpoint: rst (input port clocked by clk)
Endpoint: _413_ (recovery check against rising-edge clock clk)
Path Group: asynchronous
Path Type: max

Fanout     Cap    Slew   Delay    Time   Description
-----------------------------------------------------------------------------
                          0.00    0.00   clock clk (rise edge)
                          0.00    0.00   clock network delay (propagated)
                          2.00    2.00 v input external delay
                  0.01    0.00    2.00 v rst (in)
     1    0.00                           rst (net)
                  0.01    0.00    2.00 v input2/A (sky130_fd_sc_hd__buf_1)
                  0.05    0.10    2.11 v input2/X (sky130_fd_sc_hd__buf_1)
     3    0.01                           net2 (net)
                  0.05    0.00    2.11 v _355_/A (sky130_fd_sc_hd__buf_4)
                  0.08    0.20    2.31 v _355_/X (sky130_fd_sc_hd__buf_4)
    10    0.05                           _199_ (net)
                  0.08    0.00    2.31 v _356_/A (sky130_fd_sc_hd__buf_4)
                  0.08    0.22    2.53 v _356_/X (sky130_fd_sc_hd__buf_4)
    10    0.06                           _200_ (net)
                  0.08    0.00    2.53 v _362_/A (sky130_fd_sc_hd__inv_2)
                  0.03    0.06    2.59 ^ _362_/Y (sky130_fd_sc_hd__inv_2)
     1    0.00                           _007_ (net)
                  0.03    0.00    2.59 ^ _413_/RESET_B (sky130_fd_sc_hd__dfrtp_1)
                                  2.59   data arrival time

                         10.00   10.00   clock clk (rise edge)
                          0.00   10.00   clock source latency
                  0.08    0.05   10.05 ^ clk (in)
     1    0.02                           clk (net)
                  0.08    0.00   10.05 ^ clkbuf_0_clk/A (sky130_fd_sc_hd__clkbuf_16)
                  0.06    0.15   10.20 ^ clkbuf_0_clk/X (sky130_fd_sc_hd__clkbuf_16)
     4    0.04                           clknet_0_clk (net)
                  0.06    0.00   10.20 ^ clkbuf_2_2__f_clk/A (sky130_fd_sc_hd__clkbuf_16)
                  0.05    0.14   10.34 ^ clkbuf_2_2__f_clk/X (sky130_fd_sc_hd__clkbuf_16)
    10    0.03                           clknet_2_2__leaf_clk (net)
                  0.05    0.00   10.34 ^ _413_/CLK (sky130_fd_sc_hd__dfrtp_1)
                         -0.25   10.09   clock uncertainty
                          0.00   10.09   clock reconvergence pessimism
                          0.24   10.32   library recovery time
                                 10.32   data required time
-----------------------------------------------------------------------------
                                 10.32   data required time
                                 -2.59   data arrival time
-----------------------------------------------------------------------------
                                  7.73   slack (MET)


Startpoint: rst (input port clocked by clk)
Endpoint: _412_ (recovery check against rising-edge clock clk)
Path Group: asynchronous
Path Type: max

Fanout     Cap    Slew   Delay    Time   Description
-----------------------------------------------------------------------------
                          0.00    0.00   clock clk (rise edge)
                          0.00    0.00   clock network delay (propagated)
                          2.00    2.00 v input external delay
                  0.01    0.00    2.00 v rst (in)
     1    0.00                           rst (net)
                  0.01    0.00    2.00 v input2/A (sky130_fd_sc_hd__buf_1)
                  0.05    0.10    2.11 v input2/X (sky130_fd_sc_hd__buf_1)
     3    0.01                           net2 (net)
                  0.05    0.00    2.11 v _355_/A (sky130_fd_sc_hd__buf_4)
                  0.08    0.20    2.31 v _355_/X (sky130_fd_sc_hd__buf_4)
    10    0.05                           _199_ (net)
                  0.08    0.00    2.31 v _356_/A (sky130_fd_sc_hd__buf_4)
                  0.08    0.22    2.53 v _356_/X (sky130_fd_sc_hd__buf_4)
    10    0.06                           _200_ (net)
                  0.08    0.00    2.53 v _361_/A (sky130_fd_sc_hd__inv_2)
                  0.03    0.06    2.59 ^ _361_/Y (sky130_fd_sc_hd__inv_2)
     1    0.00                           _006_ (net)
                  0.03    0.00    2.59 ^ _412_/RESET_B (sky130_fd_sc_hd__dfrtp_1)
                                  2.59   data arrival time

                         10.00   10.00   clock clk (rise edge)
                          0.00   10.00   clock source latency
                  0.08    0.05   10.05 ^ clk (in)
     1    0.02                           clk (net)
                  0.08    0.00   10.05 ^ clkbuf_0_clk/A (sky130_fd_sc_hd__clkbuf_16)
                  0.06    0.15   10.20 ^ clkbuf_0_clk/X (sky130_fd_sc_hd__clkbuf_16)
     4    0.04                           clknet_0_clk (net)
                  0.06    0.00   10.20 ^ clkbuf_2_2__f_clk/A (sky130_fd_sc_hd__clkbuf_16)
                  0.05    0.14   10.34 ^ clkbuf_2_2__f_clk/X (sky130_fd_sc_hd__clkbuf_16)
    10    0.03                           clknet_2_2__leaf_clk (net)
                  0.05    0.00   10.34 ^ _412_/CLK (sky130_fd_sc_hd__dfrtp_1)
                         -0.25   10.09   clock uncertainty
                          0.00   10.09   clock reconvergence pessimism
                          0.24   10.32   library recovery time
                                 10.32   data required time
-----------------------------------------------------------------------------
                                 10.32   data required time
                                 -2.59   data arrival time
-----------------------------------------------------------------------------
                                  7.73   slack (MET)


Startpoint: rst (input port clocked by clk)
Endpoint: _414_ (recovery check against rising-edge clock clk)
Path Group: asynchronous
Path Type: max

Fanout     Cap    Slew   Delay    Time   Description
-----------------------------------------------------------------------------
                          0.00    0.00   clock clk (rise edge)
                          0.00    0.00   clock network delay (propagated)
                          2.00    2.00 v input external delay
                  0.01    0.00    2.00 v rst (in)
     1    0.00                           rst (net)
                  0.01    0.00    2.00 v input2/A (sky130_fd_sc_hd__buf_1)
                  0.05    0.10    2.11 v input2/X (sky130_fd_sc_hd__buf_1)
     3    0.01                           net2 (net)
                  0.05    0.00    2.11 v _355_/A (sky130_fd_sc_hd__buf_4)
                  0.08    0.20    2.31 v _355_/X (sky130_fd_sc_hd__buf_4)
    10    0.05                           _199_ (net)
                  0.08    0.00    2.31 v _356_/A (sky130_fd_sc_hd__buf_4)
                  0.08    0.22    2.53 v _356_/X (sky130_fd_sc_hd__buf_4)
    10    0.06                           _200_ (net)
                  0.08    0.00    2.53 v _363_/A (sky130_fd_sc_hd__inv_2)
                  0.03    0.06    2.59 ^ _363_/Y (sky130_fd_sc_hd__inv_2)
     1    0.00                           _008_ (net)
                  0.03    0.00    2.59 ^ _414_/RESET_B (sky130_fd_sc_hd__dfrtp_1)
                                  2.59   data arrival time

                         10.00   10.00   clock clk (rise edge)
                          0.00   10.00   clock source latency
                  0.08    0.05   10.05 ^ clk (in)
     1    0.02                           clk (net)
                  0.08    0.00   10.05 ^ clkbuf_0_clk/A (sky130_fd_sc_hd__clkbuf_16)
                  0.06    0.15   10.20 ^ clkbuf_0_clk/X (sky130_fd_sc_hd__clkbuf_16)
     4    0.04                           clknet_0_clk (net)
                  0.06    0.00   10.20 ^ clkbuf_2_2__f_clk/A (sky130_fd_sc_hd__clkbuf_16)
                  0.05    0.14   10.34 ^ clkbuf_2_2__f_clk/X (sky130_fd_sc_hd__clkbuf_16)
    10    0.03                           clknet_2_2__leaf_clk (net)
                  0.05    0.00   10.34 ^ _414_/CLK (sky130_fd_sc_hd__dfrtp_1)
                         -0.25   10.09   clock uncertainty
                          0.00   10.09   clock reconvergence pessimism
                          0.24   10.32   library recovery time
                                 10.32   data required time
-----------------------------------------------------------------------------
                                 10.32   data required time
                                 -2.59   data arrival time
-----------------------------------------------------------------------------
                                  7.73   slack (MET)


Startpoint: rst (input port clocked by clk)
Endpoint: _410_ (recovery check against rising-edge clock clk)
Path Group: asynchronous
Path Type: max

Fanout     Cap    Slew   Delay    Time   Description
-----------------------------------------------------------------------------
                          0.00    0.00   clock clk (rise edge)
                          0.00    0.00   clock network delay (propagated)
                          2.00    2.00 v input external delay
                  0.01    0.00    2.00 v rst (in)
     1    0.00                           rst (net)
                  0.01    0.00    2.00 v input2/A (sky130_fd_sc_hd__buf_1)
                  0.05    0.10    2.11 v input2/X (sky130_fd_sc_hd__buf_1)
     3    0.01                           net2 (net)
                  0.05    0.00    2.11 v _355_/A (sky130_fd_sc_hd__buf_4)
                  0.08    0.20    2.31 v _355_/X (sky130_fd_sc_hd__buf_4)
    10    0.05                           _199_ (net)
                  0.08    0.00    2.31 v _356_/A (sky130_fd_sc_hd__buf_4)
                  0.08    0.22    2.53 v _356_/X (sky130_fd_sc_hd__buf_4)
    10    0.06                           _200_ (net)
                  0.08    0.00    2.53 v _359_/A (sky130_fd_sc_hd__inv_2)
                  0.03    0.06    2.59 ^ _359_/Y (sky130_fd_sc_hd__inv_2)
     1    0.00                           _004_ (net)
                  0.03    0.00    2.59 ^ _410_/RESET_B (sky130_fd_sc_hd__dfrtp_2)
                                  2.59   data arrival time

                         10.00   10.00   clock clk (rise edge)
                          0.00   10.00   clock source latency
                  0.08    0.05   10.05 ^ clk (in)
     1    0.02                           clk (net)
                  0.08    0.00   10.05 ^ clkbuf_0_clk/A (sky130_fd_sc_hd__clkbuf_16)
                  0.06    0.15   10.20 ^ clkbuf_0_clk/X (sky130_fd_sc_hd__clkbuf_16)
     4    0.04                           clknet_0_clk (net)
                  0.06    0.00   10.20 ^ clkbuf_2_0__f_clk/A (sky130_fd_sc_hd__clkbuf_16)
                  0.06    0.14   10.34 ^ clkbuf_2_0__f_clk/X (sky130_fd_sc_hd__clkbuf_16)
    14    0.04                           clknet_2_0__leaf_clk (net)
                  0.06    0.00   10.34 ^ _410_/CLK (sky130_fd_sc_hd__dfrtp_2)
                         -0.25   10.09   clock uncertainty
                          0.00   10.09   clock reconvergence pessimism
                          0.23   10.32   library recovery time
                                 10.32   data required time
-----------------------------------------------------------------------------
                                 10.32   data required time
                                 -2.59   data arrival time
-----------------------------------------------------------------------------
                                  7.73   slack (MET)


Startpoint: rst (input port clocked by clk)
Endpoint: _425_ (recovery check against rising-edge clock clk)
Path Group: asynchronous
Path Type: max

Fanout     Cap    Slew   Delay    Time   Description
-----------------------------------------------------------------------------
                          0.00    0.00   clock clk (rise edge)
                          0.00    0.00   clock network delay (propagated)
                          2.00    2.00 v input external delay
                  0.01    0.00    2.00 v rst (in)
     1    0.00                           rst (net)
                  0.01    0.00    2.00 v input2/A (sky130_fd_sc_hd__buf_1)
                  0.05    0.10    2.11 v input2/X (sky130_fd_sc_hd__buf_1)
     3    0.01                           net2 (net)
                  0.05    0.00    2.11 v _355_/A (sky130_fd_sc_hd__buf_4)
                  0.08    0.20    2.31 v _355_/X (sky130_fd_sc_hd__buf_4)
    10    0.05                           _199_ (net)
                  0.08    0.00    2.31 v _367_/A (sky130_fd_sc_hd__clkbuf_8)
                  0.09    0.21    2.52 v _367_/X (sky130_fd_sc_hd__clkbuf_8)
    10    0.07                           _201_ (net)
                  0.09    0.00    2.53 v _375_/A (sky130_fd_sc_hd__inv_2)
                  0.03    0.06    2.59 ^ _375_/Y (sky130_fd_sc_hd__inv_2)
     1    0.00                           _019_ (net)
                  0.03    0.00    2.59 ^ _425_/RESET_B (sky130_fd_sc_hd__dfrtp_1)
                                  2.59   data arrival time

                         10.00   10.00   clock clk (rise edge)
                          0.00   10.00   clock source latency
                  0.08    0.05   10.05 ^ clk (in)
     1    0.02                           clk (net)
                  0.08    0.00   10.05 ^ clkbuf_0_clk/A (sky130_fd_sc_hd__clkbuf_16)
                  0.06    0.15   10.20 ^ clkbuf_0_clk/X (sky130_fd_sc_hd__clkbuf_16)
     4    0.04                           clknet_0_clk (net)
                  0.06    0.00   10.20 ^ clkbuf_2_2__f_clk/A (sky130_fd_sc_hd__clkbuf_16)
                  0.05    0.14   10.34 ^ clkbuf_2_2__f_clk/X (sky130_fd_sc_hd__clkbuf_16)
    10    0.03                           clknet_2_2__leaf_clk (net)
                  0.05    0.00   10.34 ^ _425_/CLK (sky130_fd_sc_hd__dfrtp_1)
                         -0.25   10.09   clock uncertainty
                          0.00   10.09   clock reconvergence pessimism
                          0.24   10.32   library recovery time
                                 10.32   data required time
-----------------------------------------------------------------------------
                                 10.32   data required time
                                 -2.59   data arrival time
-----------------------------------------------------------------------------
                                  7.73   slack (MET)


Startpoint: rst (input port clocked by clk)
Endpoint: _422_ (recovery check against rising-edge clock clk)
Path Group: asynchronous
Path Type: max

Fanout     Cap    Slew   Delay    Time   Description
-----------------------------------------------------------------------------
                          0.00    0.00   clock clk (rise edge)
                          0.00    0.00   clock network delay (propagated)
                          2.00    2.00 v input external delay
                  0.01    0.00    2.00 v rst (in)
     1    0.00                           rst (net)
                  0.01    0.00    2.00 v input2/A (sky130_fd_sc_hd__buf_1)
                  0.05    0.10    2.11 v input2/X (sky130_fd_sc_hd__buf_1)
     3    0.01                           net2 (net)
                  0.05    0.00    2.11 v _355_/A (sky130_fd_sc_hd__buf_4)
                  0.08    0.20    2.31 v _355_/X (sky130_fd_sc_hd__buf_4)
    10    0.05                           _199_ (net)
                  0.08    0.00    2.31 v _367_/A (sky130_fd_sc_hd__clkbuf_8)
                  0.09    0.21    2.52 v _367_/X (sky130_fd_sc_hd__clkbuf_8)
    10    0.07                           _201_ (net)
                  0.09    0.00    2.52 v _372_/A (sky130_fd_sc_hd__inv_2)
                  0.03    0.06    2.59 ^ _372_/Y (sky130_fd_sc_hd__inv_2)
     1    0.00                           _016_ (net)
                  0.03    0.00    2.59 ^ _422_/RESET_B (sky130_fd_sc_hd__dfrtp_1)
                                  2.59   data arrival time

                         10.00   10.00   clock clk (rise edge)
                          0.00   10.00   clock source latency
                  0.08    0.05   10.05 ^ clk (in)
     1    0.02                           clk (net)
                  0.08    0.00   10.05 ^ clkbuf_0_clk/A (sky130_fd_sc_hd__clkbuf_16)
                  0.06    0.15   10.20 ^ clkbuf_0_clk/X (sky130_fd_sc_hd__clkbuf_16)
     4    0.04                           clknet_0_clk (net)
                  0.06    0.00   10.20 ^ clkbuf_2_2__f_clk/A (sky130_fd_sc_hd__clkbuf_16)
                  0.05    0.14   10.34 ^ clkbuf_2_2__f_clk/X (sky130_fd_sc_hd__clkbuf_16)
    10    0.03                           clknet_2_2__leaf_clk (net)
                  0.05    0.00   10.34 ^ _422_/CLK (sky130_fd_sc_hd__dfrtp_1)
                         -0.25   10.09   clock uncertainty
                          0.00   10.09   clock reconvergence pessimism
                          0.24   10.32   library recovery time
                                 10.32   data required time
-----------------------------------------------------------------------------
                                 10.32   data required time
                                 -2.59   data arrival time
-----------------------------------------------------------------------------
                                  7.73   slack (MET)


Startpoint: rst (input port clocked by clk)
Endpoint: _423_ (recovery check against rising-edge clock clk)
Path Group: asynchronous
Path Type: max

Fanout     Cap    Slew   Delay    Time   Description
-----------------------------------------------------------------------------
                          0.00    0.00   clock clk (rise edge)
                          0.00    0.00   clock network delay (propagated)
                          2.00    2.00 v input external delay
                  0.01    0.00    2.00 v rst (in)
     1    0.00                           rst (net)
                  0.01    0.00    2.00 v input2/A (sky130_fd_sc_hd__buf_1)
                  0.05    0.10    2.11 v input2/X (sky130_fd_sc_hd__buf_1)
     3    0.01                           net2 (net)
                  0.05    0.00    2.11 v _355_/A (sky130_fd_sc_hd__buf_4)
                  0.08    0.20    2.31 v _355_/X (sky130_fd_sc_hd__buf_4)
    10    0.05                           _199_ (net)
                  0.08    0.00    2.31 v _367_/A (sky130_fd_sc_hd__clkbuf_8)
                  0.09    0.21    2.52 v _367_/X (sky130_fd_sc_hd__clkbuf_8)
    10    0.07                           _201_ (net)
                  0.09    0.00    2.52 v _373_/A (sky130_fd_sc_hd__inv_2)
                  0.03    0.06    2.59 ^ _373_/Y (sky130_fd_sc_hd__inv_2)
     1    0.00                           _017_ (net)
                  0.03    0.00    2.59 ^ _423_/RESET_B (sky130_fd_sc_hd__dfrtp_1)
                                  2.59   data arrival time

                         10.00   10.00   clock clk (rise edge)
                          0.00   10.00   clock source latency
                  0.08    0.05   10.05 ^ clk (in)
     1    0.02                           clk (net)
                  0.08    0.00   10.05 ^ clkbuf_0_clk/A (sky130_fd_sc_hd__clkbuf_16)
                  0.06    0.15   10.20 ^ clkbuf_0_clk/X (sky130_fd_sc_hd__clkbuf_16)
     4    0.04                           clknet_0_clk (net)
                  0.06    0.00   10.20 ^ clkbuf_2_2__f_clk/A (sky130_fd_sc_hd__clkbuf_16)
                  0.05    0.14   10.34 ^ clkbuf_2_2__f_clk/X (sky130_fd_sc_hd__clkbuf_16)
    10    0.03                           clknet_2_2__leaf_clk (net)
                  0.05    0.00   10.34 ^ _423_/CLK (sky130_fd_sc_hd__dfrtp_1)
                         -0.25   10.09   clock uncertainty
                          0.00   10.09   clock reconvergence pessimism
                          0.24   10.32   library recovery time
                                 10.32   data required time
-----------------------------------------------------------------------------
                                 10.32   data required time
                                 -2.59   data arrival time
-----------------------------------------------------------------------------
                                  7.74   slack (MET)


Startpoint: rst (input port clocked by clk)
Endpoint: _427_ (recovery check against rising-edge clock clk)
Path Group: asynchronous
Path Type: max

Fanout     Cap    Slew   Delay    Time   Description
-----------------------------------------------------------------------------
                          0.00    0.00   clock clk (rise edge)
                          0.00    0.00   clock network delay (propagated)
                          2.00    2.00 v input external delay
                  0.01    0.00    2.00 v rst (in)
     1    0.00                           rst (net)
                  0.01    0.00    2.00 v input2/A (sky130_fd_sc_hd__buf_1)
                  0.05    0.10    2.11 v input2/X (sky130_fd_sc_hd__buf_1)
     3    0.01                           net2 (net)
                  0.05    0.00    2.11 v _355_/A (sky130_fd_sc_hd__buf_4)
                  0.08    0.20    2.31 v _355_/X (sky130_fd_sc_hd__buf_4)
    10    0.05                           _199_ (net)
                  0.08    0.00    2.31 v _367_/A (sky130_fd_sc_hd__clkbuf_8)
                  0.09    0.21    2.52 v _367_/X (sky130_fd_sc_hd__clkbuf_8)
    10    0.07                           _201_ (net)
                  0.09    0.00    2.52 v _377_/A (sky130_fd_sc_hd__inv_2)
                  0.04    0.06    2.59 ^ _377_/Y (sky130_fd_sc_hd__inv_2)
     1    0.00                           _021_ (net)
                  0.04    0.00    2.59 ^ _427_/RESET_B (sky130_fd_sc_hd__dfrtp_1)
                                  2.59   data arrival time

                         10.00   10.00   clock clk (rise edge)
                          0.00   10.00   clock source latency
                  0.08    0.05   10.05 ^ clk (in)
     1    0.02                           clk (net)
                  0.08    0.00   10.05 ^ clkbuf_0_clk/A (sky130_fd_sc_hd__clkbuf_16)
                  0.06    0.15   10.20 ^ clkbuf_0_clk/X (sky130_fd_sc_hd__clkbuf_16)
     4    0.04                           clknet_0_clk (net)
                  0.06    0.00   10.20 ^ clkbuf_2_1__f_clk/A (sky130_fd_sc_hd__clkbuf_16)
                  0.06    0.14   10.34 ^ clkbuf_2_1__f_clk/X (sky130_fd_sc_hd__clkbuf_16)
    12    0.04                           clknet_2_1__leaf_clk (net)
                  0.06    0.00   10.34 ^ _427_/CLK (sky130_fd_sc_hd__dfrtp_1)
                         -0.25   10.09   clock uncertainty
                          0.00   10.09   clock reconvergence pessimism
                          0.24   10.33   library recovery time
                                 10.33   data required time
-----------------------------------------------------------------------------
                                 10.33   data required time
                                 -2.59   data arrival time
-----------------------------------------------------------------------------
                                  7.74   slack (MET)


Startpoint: rst (input port clocked by clk)
Endpoint: _418_ (recovery check against rising-edge clock clk)
Path Group: asynchronous
Path Type: max

Fanout     Cap    Slew   Delay    Time   Description
-----------------------------------------------------------------------------
                          0.00    0.00   clock clk (rise edge)
                          0.00    0.00   clock network delay (propagated)
                          2.00    2.00 v input external delay
                  0.01    0.00    2.00 v rst (in)
     1    0.00                           rst (net)
                  0.01    0.00    2.00 v input2/A (sky130_fd_sc_hd__buf_1)
                  0.05    0.10    2.11 v input2/X (sky130_fd_sc_hd__buf_1)
     3    0.01                           net2 (net)
                  0.05    0.00    2.11 v _355_/A (sky130_fd_sc_hd__buf_4)
                  0.08    0.20    2.31 v _355_/X (sky130_fd_sc_hd__buf_4)
    10    0.05                           _199_ (net)
                  0.08    0.00    2.31 v _367_/A (sky130_fd_sc_hd__clkbuf_8)
                  0.09    0.21    2.52 v _367_/X (sky130_fd_sc_hd__clkbuf_8)
    10    0.07                           _201_ (net)
                  0.09    0.00    2.53 v _368_/A (sky130_fd_sc_hd__inv_2)
                  0.03    0.06    2.59 ^ _368_/Y (sky130_fd_sc_hd__inv_2)
     1    0.00                           _012_ (net)
                  0.03    0.00    2.59 ^ _418_/RESET_B (sky130_fd_sc_hd__dfrtp_1)
                                  2.59   data arrival time

                         10.00   10.00   clock clk (rise edge)
                          0.00   10.00   clock source latency
                  0.08    0.05   10.05 ^ clk (in)
     1    0.02                           clk (net)
                  0.08    0.00   10.05 ^ clkbuf_0_clk/A (sky130_fd_sc_hd__clkbuf_16)
                  0.06    0.15   10.20 ^ clkbuf_0_clk/X (sky130_fd_sc_hd__clkbuf_16)
     4    0.04                           clknet_0_clk (net)
                  0.06    0.00   10.20 ^ clkbuf_2_3__f_clk/A (sky130_fd_sc_hd__clkbuf_16)
                  0.06    0.14   10.34 ^ clkbuf_2_3__f_clk/X (sky130_fd_sc_hd__clkbuf_16)
    12    0.04                           clknet_2_3__leaf_clk (net)
                  0.06    0.00   10.34 ^ _418_/CLK (sky130_fd_sc_hd__dfrtp_1)
                         -0.25   10.09   clock uncertainty
                          0.00   10.09   clock reconvergence pessimism
                          0.24   10.33   library recovery time
                                 10.33   data required time
-----------------------------------------------------------------------------
                                 10.33   data required time
                                 -2.59   data arrival time
-----------------------------------------------------------------------------
                                  7.74   slack (MET)


Startpoint: rst (input port clocked by clk)
Endpoint: _419_ (recovery check against rising-edge clock clk)
Path Group: asynchronous
Path Type: max

Fanout     Cap    Slew   Delay    Time   Description
-----------------------------------------------------------------------------
                          0.00    0.00   clock clk (rise edge)
                          0.00    0.00   clock network delay (propagated)
                          2.00    2.00 v input external delay
                  0.01    0.00    2.00 v rst (in)
     1    0.00                           rst (net)
                  0.01    0.00    2.00 v input2/A (sky130_fd_sc_hd__buf_1)
                  0.05    0.10    2.11 v input2/X (sky130_fd_sc_hd__buf_1)
     3    0.01                           net2 (net)
                  0.05    0.00    2.11 v _355_/A (sky130_fd_sc_hd__buf_4)
                  0.08    0.20    2.31 v _355_/X (sky130_fd_sc_hd__buf_4)
    10    0.05                           _199_ (net)
                  0.08    0.00    2.31 v _367_/A (sky130_fd_sc_hd__clkbuf_8)
                  0.09    0.21    2.52 v _367_/X (sky130_fd_sc_hd__clkbuf_8)
    10    0.07                           _201_ (net)
                  0.09    0.00    2.53 v _369_/A (sky130_fd_sc_hd__inv_2)
                  0.03    0.06    2.59 ^ _369_/Y (sky130_fd_sc_hd__inv_2)
     1    0.00                           _013_ (net)
                  0.03    0.00    2.59 ^ _419_/RESET_B (sky130_fd_sc_hd__dfrtp_1)
                                  2.59   data arrival time

                         10.00   10.00   clock clk (rise edge)
                          0.00   10.00   clock source latency
                  0.08    0.05   10.05 ^ clk (in)
     1    0.02                           clk (net)
                  0.08    0.00   10.05 ^ clkbuf_0_clk/A (sky130_fd_sc_hd__clkbuf_16)
                  0.06    0.15   10.20 ^ clkbuf_0_clk/X (sky130_fd_sc_hd__clkbuf_16)
     4    0.04                           clknet_0_clk (net)
                  0.06    0.00   10.20 ^ clkbuf_2_3__f_clk/A (sky130_fd_sc_hd__clkbuf_16)
                  0.06    0.14   10.34 ^ clkbuf_2_3__f_clk/X (sky130_fd_sc_hd__clkbuf_16)
    12    0.04                           clknet_2_3__leaf_clk (net)
                  0.06    0.00   10.34 ^ _419_/CLK (sky130_fd_sc_hd__dfrtp_1)
                         -0.25   10.09   clock uncertainty
                          0.00   10.09   clock reconvergence pessimism
                          0.24   10.33   library recovery time
                                 10.33   data required time
-----------------------------------------------------------------------------
                                 10.33   data required time
                                 -2.59   data arrival time
-----------------------------------------------------------------------------
                                  7.74   slack (MET)


Startpoint: rst (input port clocked by clk)
Endpoint: _421_ (recovery check against rising-edge clock clk)
Path Group: asynchronous
Path Type: max

Fanout     Cap    Slew   Delay    Time   Description
-----------------------------------------------------------------------------
                          0.00    0.00   clock clk (rise edge)
                          0.00    0.00   clock network delay (propagated)
                          2.00    2.00 v input external delay
                  0.01    0.00    2.00 v rst (in)
     1    0.00                           rst (net)
                  0.01    0.00    2.00 v input2/A (sky130_fd_sc_hd__buf_1)
                  0.05    0.10    2.11 v input2/X (sky130_fd_sc_hd__buf_1)
     3    0.01                           net2 (net)
                  0.05    0.00    2.11 v _355_/A (sky130_fd_sc_hd__buf_4)
                  0.08    0.20    2.31 v _355_/X (sky130_fd_sc_hd__buf_4)
    10    0.05                           _199_ (net)
                  0.08    0.00    2.31 v _367_/A (sky130_fd_sc_hd__clkbuf_8)
                  0.09    0.21    2.52 v _367_/X (sky130_fd_sc_hd__clkbuf_8)
    10    0.07                           _201_ (net)
                  0.09    0.00    2.53 v _371_/A (sky130_fd_sc_hd__inv_2)
                  0.03    0.06    2.59 ^ _371_/Y (sky130_fd_sc_hd__inv_2)
     1    0.00                           _015_ (net)
                  0.03    0.00    2.59 ^ _421_/RESET_B (sky130_fd_sc_hd__dfrtp_1)
                                  2.59   data arrival time

                         10.00   10.00   clock clk (rise edge)
                          0.00   10.00   clock source latency
                  0.08    0.05   10.05 ^ clk (in)
     1    0.02                           clk (net)
                  0.08    0.00   10.05 ^ clkbuf_0_clk/A (sky130_fd_sc_hd__clkbuf_16)
                  0.06    0.15   10.20 ^ clkbuf_0_clk/X (sky130_fd_sc_hd__clkbuf_16)
     4    0.04                           clknet_0_clk (net)
                  0.06    0.00   10.20 ^ clkbuf_2_3__f_clk/A (sky130_fd_sc_hd__clkbuf_16)
                  0.06    0.14   10.34 ^ clkbuf_2_3__f_clk/X (sky130_fd_sc_hd__clkbuf_16)
    12    0.04                           clknet_2_3__leaf_clk (net)
                  0.06    0.00   10.34 ^ _421_/CLK (sky130_fd_sc_hd__dfrtp_1)
                         -0.25   10.09   clock uncertainty
                          0.00   10.09   clock reconvergence pessimism
                          0.24   10.33   library recovery time
                                 10.33   data required time
-----------------------------------------------------------------------------
                                 10.33   data required time
                                 -2.59   data arrival time
-----------------------------------------------------------------------------
                                  7.74   slack (MET)


Startpoint: rst (input port clocked by clk)
Endpoint: _426_ (recovery check against rising-edge clock clk)
Path Group: asynchronous
Path Type: max

Fanout     Cap    Slew   Delay    Time   Description
-----------------------------------------------------------------------------
                          0.00    0.00   clock clk (rise edge)
                          0.00    0.00   clock network delay (propagated)
                          2.00    2.00 v input external delay
                  0.01    0.00    2.00 v rst (in)
     1    0.00                           rst (net)
                  0.01    0.00    2.00 v input2/A (sky130_fd_sc_hd__buf_1)
                  0.05    0.10    2.11 v input2/X (sky130_fd_sc_hd__buf_1)
     3    0.01                           net2 (net)
                  0.05    0.00    2.11 v _355_/A (sky130_fd_sc_hd__buf_4)
                  0.08    0.20    2.31 v _355_/X (sky130_fd_sc_hd__buf_4)
    10    0.05                           _199_ (net)
                  0.08    0.00    2.31 v _367_/A (sky130_fd_sc_hd__clkbuf_8)
                  0.09    0.21    2.52 v _367_/X (sky130_fd_sc_hd__clkbuf_8)
    10    0.07                           _201_ (net)
                  0.09    0.00    2.53 v _376_/A (sky130_fd_sc_hd__inv_2)
                  0.03    0.06    2.59 ^ _376_/Y (sky130_fd_sc_hd__inv_2)
     1    0.00                           _020_ (net)
                  0.03    0.00    2.59 ^ _426_/RESET_B (sky130_fd_sc_hd__dfrtp_1)
                                  2.59   data arrival time

                         10.00   10.00   clock clk (rise edge)
                          0.00   10.00   clock source latency
                  0.08    0.05   10.05 ^ clk (in)
     1    0.02                           clk (net)
                  0.08    0.00   10.05 ^ clkbuf_0_clk/A (sky130_fd_sc_hd__clkbuf_16)
                  0.06    0.15   10.20 ^ clkbuf_0_clk/X (sky130_fd_sc_hd__clkbuf_16)
     4    0.04                           clknet_0_clk (net)
                  0.06    0.00   10.20 ^ clkbuf_2_3__f_clk/A (sky130_fd_sc_hd__clkbuf_16)
                  0.06    0.14   10.34 ^ clkbuf_2_3__f_clk/X (sky130_fd_sc_hd__clkbuf_16)
    12    0.04                           clknet_2_3__leaf_clk (net)
                  0.06    0.00   10.34 ^ _426_/CLK (sky130_fd_sc_hd__dfrtp_1)
                         -0.25   10.09   clock uncertainty
                          0.00   10.09   clock reconvergence pessimism
                          0.24   10.33   library recovery time
                                 10.33   data required time
-----------------------------------------------------------------------------
                                 10.33   data required time
                                 -2.59   data arrival time
-----------------------------------------------------------------------------
                                  7.74   slack (MET)


Startpoint: rst (input port clocked by clk)
Endpoint: _420_ (recovery check against rising-edge clock clk)
Path Group: asynchronous
Path Type: max

Fanout     Cap    Slew   Delay    Time   Description
-----------------------------------------------------------------------------
                          0.00    0.00   clock clk (rise edge)
                          0.00    0.00   clock network delay (propagated)
                          2.00    2.00 v input external delay
                  0.01    0.00    2.00 v rst (in)
     1    0.00                           rst (net)
                  0.01    0.00    2.00 v input2/A (sky130_fd_sc_hd__buf_1)
                  0.05    0.10    2.11 v input2/X (sky130_fd_sc_hd__buf_1)
     3    0.01                           net2 (net)
                  0.05    0.00    2.11 v _355_/A (sky130_fd_sc_hd__buf_4)
                  0.08    0.20    2.31 v _355_/X (sky130_fd_sc_hd__buf_4)
    10    0.05                           _199_ (net)
                  0.08    0.00    2.31 v _367_/A (sky130_fd_sc_hd__clkbuf_8)
                  0.09    0.21    2.52 v _367_/X (sky130_fd_sc_hd__clkbuf_8)
    10    0.07                           _201_ (net)
                  0.09    0.00    2.52 v _370_/A (sky130_fd_sc_hd__inv_2)
                  0.03    0.06    2.59 ^ _370_/Y (sky130_fd_sc_hd__inv_2)
     1    0.00                           _014_ (net)
                  0.03    0.00    2.59 ^ _420_/RESET_B (sky130_fd_sc_hd__dfrtp_1)
                                  2.59   data arrival time

                         10.00   10.00   clock clk (rise edge)
                          0.00   10.00   clock source latency
                  0.08    0.05   10.05 ^ clk (in)
     1    0.02                           clk (net)
                  0.08    0.00   10.05 ^ clkbuf_0_clk/A (sky130_fd_sc_hd__clkbuf_16)
                  0.06    0.15   10.20 ^ clkbuf_0_clk/X (sky130_fd_sc_hd__clkbuf_16)
     4    0.04                           clknet_0_clk (net)
                  0.06    0.00   10.20 ^ clkbuf_2_3__f_clk/A (sky130_fd_sc_hd__clkbuf_16)
                  0.06    0.14   10.34 ^ clkbuf_2_3__f_clk/X (sky130_fd_sc_hd__clkbuf_16)
    12    0.04                           clknet_2_3__leaf_clk (net)
                  0.06    0.00   10.34 ^ _420_/CLK (sky130_fd_sc_hd__dfrtp_1)
                         -0.25   10.09   clock uncertainty
                          0.00   10.09   clock reconvergence pessimism
                          0.24   10.33   library recovery time
                                 10.33   data required time
-----------------------------------------------------------------------------
                                 10.33   data required time
                                 -2.59   data arrival time
-----------------------------------------------------------------------------
                                  7.74   slack (MET)


Startpoint: rst (input port clocked by clk)
Endpoint: _411_ (recovery check against rising-edge clock clk)
Path Group: asynchronous
Path Type: max

Fanout     Cap    Slew   Delay    Time   Description
-----------------------------------------------------------------------------
                          0.00    0.00   clock clk (rise edge)
                          0.00    0.00   clock network delay (propagated)
                          2.00    2.00 v input external delay
                  0.01    0.00    2.00 v rst (in)
     1    0.00                           rst (net)
                  0.01    0.00    2.00 v input2/A (sky130_fd_sc_hd__buf_1)
                  0.05    0.10    2.11 v input2/X (sky130_fd_sc_hd__buf_1)
     3    0.01                           net2 (net)
                  0.05    0.00    2.11 v _355_/A (sky130_fd_sc_hd__buf_4)
                  0.08    0.20    2.31 v _355_/X (sky130_fd_sc_hd__buf_4)
    10    0.05                           _199_ (net)
                  0.08    0.00    2.31 v _356_/A (sky130_fd_sc_hd__buf_4)
                  0.08    0.22    2.53 v _356_/X (sky130_fd_sc_hd__buf_4)
    10    0.06                           _200_ (net)
                  0.08    0.00    2.53 v _360_/A (sky130_fd_sc_hd__inv_2)
                  0.03    0.06    2.59 ^ _360_/Y (sky130_fd_sc_hd__inv_2)
     1    0.00                           _005_ (net)
                  0.03    0.00    2.59 ^ _411_/RESET_B (sky130_fd_sc_hd__dfrtp_1)
                                  2.59   data arrival time

                         10.00   10.00   clock clk (rise edge)
                          0.00   10.00   clock source latency
                  0.08    0.05   10.05 ^ clk (in)
     1    0.02                           clk (net)
                  0.08    0.00   10.05 ^ clkbuf_0_clk/A (sky130_fd_sc_hd__clkbuf_16)
                  0.06    0.15   10.20 ^ clkbuf_0_clk/X (sky130_fd_sc_hd__clkbuf_16)
     4    0.04                           clknet_0_clk (net)
                  0.06    0.00   10.20 ^ clkbuf_2_0__f_clk/A (sky130_fd_sc_hd__clkbuf_16)
                  0.06    0.14   10.34 ^ clkbuf_2_0__f_clk/X (sky130_fd_sc_hd__clkbuf_16)
    14    0.04                           clknet_2_0__leaf_clk (net)
                  0.06    0.00   10.34 ^ _411_/CLK (sky130_fd_sc_hd__dfrtp_1)
                         -0.25   10.09   clock uncertainty
                          0.00   10.09   clock reconvergence pessimism
                          0.24   10.33   library recovery time
                                 10.33   data required time
-----------------------------------------------------------------------------
                                 10.33   data required time
                                 -2.59   data arrival time
-----------------------------------------------------------------------------
                                  7.74   slack (MET)


Startpoint: _421_ (rising edge-triggered flip-flop clocked by clk)
Endpoint: _435_ (rising edge-triggered flip-flop clocked by clk)
Path Group: clk
Path Type: max

Fanout     Cap    Slew   Delay    Time   Description
-----------------------------------------------------------------------------
                          0.00    0.00   clock clk (rise edge)
                          0.00    0.00   clock source latency
                  0.08    0.06    0.06 ^ clk (in)
     1    0.02                           clk (net)
                  0.08    0.00    0.06 ^ clkbuf_0_clk/A (sky130_fd_sc_hd__clkbuf_16)
                  0.06    0.16    0.22 ^ clkbuf_0_clk/X (sky130_fd_sc_hd__clkbuf_16)
     4    0.04                           clknet_0_clk (net)
                  0.06    0.00    0.22 ^ clkbuf_2_3__f_clk/A (sky130_fd_sc_hd__clkbuf_16)
                  0.06    0.15    0.37 ^ clkbuf_2_3__f_clk/X (sky130_fd_sc_hd__clkbuf_16)
    12    0.04                           clknet_2_3__leaf_clk (net)
                  0.06    0.00    0.38 ^ _421_/CLK (sky130_fd_sc_hd__dfrtp_1)
                  0.08    0.42    0.80 v _421_/Q (sky130_fd_sc_hd__dfrtp_1)
     3    0.01                           clk_count[13] (net)
                  0.08    0.00    0.80 v _205_/A (sky130_fd_sc_hd__or4_1)
                  0.09    0.57    1.37 v _205_/X (sky130_fd_sc_hd__or4_1)
     1    0.00                           _097_ (net)
                  0.09    0.00    1.37 v _209_/A (sky130_fd_sc_hd__nor4_1)
                  0.42    0.46    1.83 ^ _209_/Y (sky130_fd_sc_hd__nor4_1)
     2    0.01                           _101_ (net)
                  0.42    0.00    1.83 ^ max_cap25/A (sky130_fd_sc_hd__buf_1)
                  0.15    0.22    2.05 ^ max_cap25/X (sky130_fd_sc_hd__buf_1)
     3    0.01                           net25 (net)
                  0.15    0.00    2.05 ^ _273_/A (sky130_fd_sc_hd__inv_2)
                  0.04    0.05    2.10 v _273_/Y (sky130_fd_sc_hd__inv_2)
     2    0.01                           _144_ (net)
                  0.04    0.00    2.10 v _274_/A2 (sky130_fd_sc_hd__a21oi_1)
                  0.11    0.14    2.24 ^ _274_/Y (sky130_fd_sc_hd__a21oi_1)
     1    0.00                           _075_ (net)
                  0.11    0.00    2.24 ^ _435_/D (sky130_fd_sc_hd__dfrtp_2)
                                  2.24   data arrival time

                         10.00   10.00   clock clk (rise edge)
                          0.00   10.00   clock source latency
                  0.08    0.05   10.05 ^ clk (in)
     1    0.02                           clk (net)
                  0.08    0.00   10.05 ^ clkbuf_0_clk/A (sky130_fd_sc_hd__clkbuf_16)
                  0.06    0.15   10.20 ^ clkbuf_0_clk/X (sky130_fd_sc_hd__clkbuf_16)
     4    0.04                           clknet_0_clk (net)
                  0.06    0.00   10.20 ^ clkbuf_2_0__f_clk/A (sky130_fd_sc_hd__clkbuf_16)
                  0.06    0.14   10.34 ^ clkbuf_2_0__f_clk/X (sky130_fd_sc_hd__clkbuf_16)
    14    0.04                           clknet_2_0__leaf_clk (net)
                  0.06    0.00   10.34 ^ _435_/CLK (sky130_fd_sc_hd__dfrtp_2)
                         -0.25   10.09   clock uncertainty
                          0.02   10.11   clock reconvergence pessimism
                         -0.08   10.04   library setup time
                                 10.04   data required time
-----------------------------------------------------------------------------
                                 10.04   data required time
                                 -2.24   data arrival time
-----------------------------------------------------------------------------
                                  7.79   slack (MET)


Startpoint: rst (input port clocked by clk)
Endpoint: _436_ (recovery check against rising-edge clock clk)
Path Group: asynchronous
Path Type: max

Fanout     Cap    Slew   Delay    Time   Description
-----------------------------------------------------------------------------
                          0.00    0.00   clock clk (rise edge)
                          0.00    0.00   clock network delay (propagated)
                          2.00    2.00 v input external delay
                  0.01    0.00    2.00 v rst (in)
     1    0.00                           rst (net)
                  0.01    0.00    2.00 v input2/A (sky130_fd_sc_hd__buf_1)
                  0.05    0.10    2.11 v input2/X (sky130_fd_sc_hd__buf_1)
     3    0.01                           net2 (net)
                  0.05    0.00    2.11 v _378_/A (sky130_fd_sc_hd__buf_4)
                  0.09    0.21    2.32 v _378_/X (sky130_fd_sc_hd__buf_4)
    10    0.07                           _202_ (net)
                  0.09    0.00    2.32 v _387_/A (sky130_fd_sc_hd__inv_2)
                  0.04    0.07    2.39 ^ _387_/Y (sky130_fd_sc_hd__inv_2)
     1    0.00                           _030_ (net)
                  0.04    0.00    2.39 ^ _436_/SET_B (sky130_fd_sc_hd__dfstp_1)
                                  2.39   data arrival time

                         10.00   10.00   clock clk (rise edge)
                          0.00   10.00   clock source latency
                  0.08    0.05   10.05 ^ clk (in)
     1    0.02                           clk (net)
                  0.08    0.00   10.05 ^ clkbuf_0_clk/A (sky130_fd_sc_hd__clkbuf_16)
                  0.06    0.15   10.20 ^ clkbuf_0_clk/X (sky130_fd_sc_hd__clkbuf_16)
     4    0.04                           clknet_0_clk (net)
                  0.06    0.00   10.20 ^ clkbuf_2_3__f_clk/A (sky130_fd_sc_hd__clkbuf_16)
                  0.06    0.14   10.34 ^ clkbuf_2_3__f_clk/X (sky130_fd_sc_hd__clkbuf_16)
    12    0.04                           clknet_2_3__leaf_clk (net)
                  0.06    0.00   10.34 ^ _436_/CLK (sky130_fd_sc_hd__dfstp_1)
                         -0.25   10.09   clock uncertainty
                          0.00   10.09   clock reconvergence pessimism
                          0.14   10.23   library recovery time
                                 10.23   data required time
-----------------------------------------------------------------------------
                                 10.23   data required time
                                 -2.39   data arrival time
-----------------------------------------------------------------------------
                                  7.84   slack (MET)


Startpoint: rst (input port clocked by clk)
Endpoint: _435_ (recovery check against rising-edge clock clk)
Path Group: asynchronous
Path Type: max

Fanout     Cap    Slew   Delay    Time   Description
-----------------------------------------------------------------------------
                          0.00    0.00   clock clk (rise edge)
                          0.00    0.00   clock network delay (propagated)
                          2.00    2.00 v input external delay
                  0.01    0.00    2.00 v rst (in)
     1    0.00                           rst (net)
                  0.01    0.00    2.00 v input2/A (sky130_fd_sc_hd__buf_1)
                  0.05    0.10    2.11 v input2/X (sky130_fd_sc_hd__buf_1)
     3    0.01                           net2 (net)
                  0.05    0.00    2.11 v _378_/A (sky130_fd_sc_hd__buf_4)
                  0.09    0.21    2.32 v _378_/X (sky130_fd_sc_hd__buf_4)
    10    0.07                           _202_ (net)
                  0.09    0.00    2.32 v _386_/A (sky130_fd_sc_hd__inv_2)
                  0.04    0.06    2.39 ^ _386_/Y (sky130_fd_sc_hd__inv_2)
     1    0.00                           _029_ (net)
                  0.04    0.00    2.39 ^ _435_/RESET_B (sky130_fd_sc_hd__dfrtp_2)
                                  2.39   data arrival time

                         10.00   10.00   clock clk (rise edge)
                          0.00   10.00   clock source latency
                  0.08    0.05   10.05 ^ clk (in)
     1    0.02                           clk (net)
                  0.08    0.00   10.05 ^ clkbuf_0_clk/A (sky130_fd_sc_hd__clkbuf_16)
                  0.06    0.15   10.20 ^ clkbuf_0_clk/X (sky130_fd_sc_hd__clkbuf_16)
     4    0.04                           clknet_0_clk (net)
                  0.06    0.00   10.20 ^ clkbuf_2_0__f_clk/A (sky130_fd_sc_hd__clkbuf_16)
                  0.06    0.14   10.34 ^ clkbuf_2_0__f_clk/X (sky130_fd_sc_hd__clkbuf_16)
    14    0.04                           clknet_2_0__leaf_clk (net)
                  0.06    0.00   10.34 ^ _435_/CLK (sky130_fd_sc_hd__dfrtp_2)
                         -0.25   10.09   clock uncertainty
                          0.00   10.09   clock reconvergence pessimism
                          0.23   10.32   library recovery time
                                 10.32   data required time
-----------------------------------------------------------------------------
                                 10.32   data required time
                                 -2.39   data arrival time
-----------------------------------------------------------------------------
                                  7.93   slack (MET)


Startpoint: rst (input port clocked by clk)
Endpoint: _433_ (recovery check against rising-edge clock clk)
Path Group: asynchronous
Path Type: max

Fanout     Cap    Slew   Delay    Time   Description
-----------------------------------------------------------------------------
                          0.00    0.00   clock clk (rise edge)
                          0.00    0.00   clock network delay (propagated)
                          2.00    2.00 v input external delay
                  0.01    0.00    2.00 v rst (in)
     1    0.00                           rst (net)
                  0.01    0.00    2.00 v input2/A (sky130_fd_sc_hd__buf_1)
                  0.05    0.10    2.11 v input2/X (sky130_fd_sc_hd__buf_1)
     3    0.01                           net2 (net)
                  0.05    0.00    2.11 v _378_/A (sky130_fd_sc_hd__buf_4)
                  0.09    0.21    2.32 v _378_/X (sky130_fd_sc_hd__buf_4)
    10    0.07                           _202_ (net)
                  0.09    0.00    2.32 v _384_/A (sky130_fd_sc_hd__inv_2)
                  0.04    0.07    2.39 ^ _384_/Y (sky130_fd_sc_hd__inv_2)
     1    0.00                           _027_ (net)
                  0.04    0.00    2.39 ^ _433_/RESET_B (sky130_fd_sc_hd__dfrtp_1)
                                  2.39   data arrival time

                         10.00   10.00   clock clk (rise edge)
                          0.00   10.00   clock source latency
                  0.08    0.05   10.05 ^ clk (in)
     1    0.02                           clk (net)
                  0.08    0.00   10.05 ^ clkbuf_0_clk/A (sky130_fd_sc_hd__clkbuf_16)
                  0.06    0.15   10.20 ^ clkbuf_0_clk/X (sky130_fd_sc_hd__clkbuf_16)
     4    0.04                           clknet_0_clk (net)
                  0.06    0.00   10.20 ^ clkbuf_2_1__f_clk/A (sky130_fd_sc_hd__clkbuf_16)
                  0.06    0.14   10.34 ^ clkbuf_2_1__f_clk/X (sky130_fd_sc_hd__clkbuf_16)
    12    0.04                           clknet_2_1__leaf_clk (net)
                  0.06    0.00   10.34 ^ _433_/CLK (sky130_fd_sc_hd__dfrtp_1)
                         -0.25   10.09   clock uncertainty
                          0.00   10.09   clock reconvergence pessimism
                          0.24   10.33   library recovery time
                                 10.33   data required time
-----------------------------------------------------------------------------
                                 10.33   data required time
                                 -2.39   data arrival time
-----------------------------------------------------------------------------
                                  7.93   slack (MET)


Startpoint: rst (input port clocked by clk)
Endpoint: _434_ (recovery check against rising-edge clock clk)
Path Group: asynchronous
Path Type: max

Fanout     Cap    Slew   Delay    Time   Description
-----------------------------------------------------------------------------
                          0.00    0.00   clock clk (rise edge)
                          0.00    0.00   clock network delay (propagated)
                          2.00    2.00 v input external delay
                  0.01    0.00    2.00 v rst (in)
     1    0.00                           rst (net)
                  0.01    0.00    2.00 v input2/A (sky130_fd_sc_hd__buf_1)
                  0.05    0.10    2.11 v input2/X (sky130_fd_sc_hd__buf_1)
     3    0.01                           net2 (net)
                  0.05    0.00    2.11 v _378_/A (sky130_fd_sc_hd__buf_4)
                  0.09    0.21    2.32 v _378_/X (sky130_fd_sc_hd__buf_4)
    10    0.07                           _202_ (net)
                  0.09    0.00    2.32 v _385_/A (sky130_fd_sc_hd__inv_2)
                  0.04    0.07    2.39 ^ _385_/Y (sky130_fd_sc_hd__inv_2)
     1    0.00                           _028_ (net)
                  0.04    0.00    2.39 ^ _434_/RESET_B (sky130_fd_sc_hd__dfrtp_1)
                                  2.39   data arrival time

                         10.00   10.00   clock clk (rise edge)
                          0.00   10.00   clock source latency
                  0.08    0.05   10.05 ^ clk (in)
     1    0.02                           clk (net)
                  0.08    0.00   10.05 ^ clkbuf_0_clk/A (sky130_fd_sc_hd__clkbuf_16)
                  0.06    0.15   10.20 ^ clkbuf_0_clk/X (sky130_fd_sc_hd__clkbuf_16)
     4    0.04                           clknet_0_clk (net)
                  0.06    0.00   10.20 ^ clkbuf_2_1__f_clk/A (sky130_fd_sc_hd__clkbuf_16)
                  0.06    0.14   10.34 ^ clkbuf_2_1__f_clk/X (sky130_fd_sc_hd__clkbuf_16)
    12    0.04                           clknet_2_1__leaf_clk (net)
                  0.06    0.00   10.34 ^ _434_/CLK (sky130_fd_sc_hd__dfrtp_1)
                         -0.25   10.09   clock uncertainty
                          0.00   10.09   clock reconvergence pessimism
                          0.24   10.33   library recovery time
                                 10.33   data required time
-----------------------------------------------------------------------------
                                 10.33   data required time
                                 -2.39   data arrival time
-----------------------------------------------------------------------------
                                  7.94   slack (MET)


Startpoint: rst (input port clocked by clk)
Endpoint: _437_ (recovery check against rising-edge clock clk)
Path Group: asynchronous
Path Type: max

Fanout     Cap    Slew   Delay    Time   Description
-----------------------------------------------------------------------------
                          0.00    0.00   clock clk (rise edge)
                          0.00    0.00   clock network delay (propagated)
                          2.00    2.00 v input external delay
                  0.01    0.00    2.00 v rst (in)
     1    0.00                           rst (net)
                  0.01    0.00    2.00 v input2/A (sky130_fd_sc_hd__buf_1)
                  0.05    0.10    2.11 v input2/X (sky130_fd_sc_hd__buf_1)
     3    0.01                           net2 (net)
                  0.05    0.00    2.11 v _378_/A (sky130_fd_sc_hd__buf_4)
                  0.09    0.21    2.32 v _378_/X (sky130_fd_sc_hd__buf_4)
    10    0.07                           _202_ (net)
                  0.09    0.00    2.32 v _388_/A (sky130_fd_sc_hd__inv_2)
                  0.04    0.07    2.39 ^ _388_/Y (sky130_fd_sc_hd__inv_2)
     1    0.00                           _031_ (net)
                  0.04    0.00    2.39 ^ _437_/RESET_B (sky130_fd_sc_hd__dfrtp_1)
                                  2.39   data arrival time

                         10.00   10.00   clock clk (rise edge)
                          0.00   10.00   clock source latency
                  0.08    0.05   10.05 ^ clk (in)
     1    0.02                           clk (net)
                  0.08    0.00   10.05 ^ clkbuf_0_clk/A (sky130_fd_sc_hd__clkbuf_16)
                  0.06    0.15   10.20 ^ clkbuf_0_clk/X (sky130_fd_sc_hd__clkbuf_16)
     4    0.04                           clknet_0_clk (net)
                  0.06    0.00   10.20 ^ clkbuf_2_3__f_clk/A (sky130_fd_sc_hd__clkbuf_16)
                  0.06    0.14   10.34 ^ clkbuf_2_3__f_clk/X (sky130_fd_sc_hd__clkbuf_16)
    12    0.04                           clknet_2_3__leaf_clk (net)
                  0.06    0.00   10.34 ^ _437_/CLK (sky130_fd_sc_hd__dfrtp_1)
                         -0.25   10.09   clock uncertainty
                          0.00   10.09   clock reconvergence pessimism
                          0.24   10.33   library recovery time
                                 10.33   data required time
-----------------------------------------------------------------------------
                                 10.33   data required time
                                 -2.39   data arrival time
-----------------------------------------------------------------------------
                                  7.94   slack (MET)


Startpoint: rst (input port clocked by clk)
Endpoint: _429_ (recovery check against rising-edge clock clk)
Path Group: asynchronous
Path Type: max

Fanout     Cap    Slew   Delay    Time   Description
-----------------------------------------------------------------------------
                          0.00    0.00   clock clk (rise edge)
                          0.00    0.00   clock network delay (propagated)
                          2.00    2.00 v input external delay
                  0.01    0.00    2.00 v rst (in)
     1    0.00                           rst (net)
                  0.01    0.00    2.00 v input2/A (sky130_fd_sc_hd__buf_1)
                  0.05    0.10    2.11 v input2/X (sky130_fd_sc_hd__buf_1)
     3    0.01                           net2 (net)
                  0.05    0.00    2.11 v _378_/A (sky130_fd_sc_hd__buf_4)
                  0.09    0.21    2.32 v _378_/X (sky130_fd_sc_hd__buf_4)
    10    0.07                           _202_ (net)
                  0.09    0.00    2.32 v _380_/A (sky130_fd_sc_hd__inv_2)
                  0.04    0.07    2.39 ^ _380_/Y (sky130_fd_sc_hd__inv_2)
     1    0.00                           _023_ (net)
                  0.04    0.00    2.39 ^ _429_/RESET_B (sky130_fd_sc_hd__dfrtp_1)
                                  2.39   data arrival time

                         10.00   10.00   clock clk (rise edge)
                          0.00   10.00   clock source latency
                  0.08    0.05   10.05 ^ clk (in)
     1    0.02                           clk (net)
                  0.08    0.00   10.05 ^ clkbuf_0_clk/A (sky130_fd_sc_hd__clkbuf_16)
                  0.06    0.15   10.20 ^ clkbuf_0_clk/X (sky130_fd_sc_hd__clkbuf_16)
     4    0.04                           clknet_0_clk (net)
                  0.06    0.00   10.20 ^ clkbuf_2_0__f_clk/A (sky130_fd_sc_hd__clkbuf_16)
                  0.06    0.14   10.34 ^ clkbuf_2_0__f_clk/X (sky130_fd_sc_hd__clkbuf_16)
    14    0.04                           clknet_2_0__leaf_clk (net)
                  0.06    0.00   10.34 ^ _429_/CLK (sky130_fd_sc_hd__dfrtp_1)
                         -0.25   10.09   clock uncertainty
                          0.00   10.09   clock reconvergence pessimism
                          0.24   10.33   library recovery time
                                 10.33   data required time
-----------------------------------------------------------------------------
                                 10.33   data required time
                                 -2.39   data arrival time
-----------------------------------------------------------------------------
                                  7.94   slack (MET)


Startpoint: rst (input port clocked by clk)
Endpoint: _431_ (recovery check against rising-edge clock clk)
Path Group: asynchronous
Path Type: max

Fanout     Cap    Slew   Delay    Time   Description
-----------------------------------------------------------------------------
                          0.00    0.00   clock clk (rise edge)
                          0.00    0.00   clock network delay (propagated)
                          2.00    2.00 v input external delay
                  0.01    0.00    2.00 v rst (in)
     1    0.00                           rst (net)
                  0.01    0.00    2.00 v input2/A (sky130_fd_sc_hd__buf_1)
                  0.05    0.10    2.11 v input2/X (sky130_fd_sc_hd__buf_1)
     3    0.01                           net2 (net)
                  0.05    0.00    2.11 v _378_/A (sky130_fd_sc_hd__buf_4)
                  0.09    0.21    2.32 v _378_/X (sky130_fd_sc_hd__buf_4)
    10    0.07                           _202_ (net)
                  0.09    0.00    2.32 v _382_/A (sky130_fd_sc_hd__inv_2)
                  0.04    0.07    2.39 ^ _382_/Y (sky130_fd_sc_hd__inv_2)
     1    0.00                           _025_ (net)
                  0.04    0.00    2.39 ^ _431_/RESET_B (sky130_fd_sc_hd__dfrtp_1)
                                  2.39   data arrival time

                         10.00   10.00   clock clk (rise edge)
                          0.00   10.00   clock source latency
                  0.08    0.05   10.05 ^ clk (in)
     1    0.02                           clk (net)
                  0.08    0.00   10.05 ^ clkbuf_0_clk/A (sky130_fd_sc_hd__clkbuf_16)
                  0.06    0.15   10.20 ^ clkbuf_0_clk/X (sky130_fd_sc_hd__clkbuf_16)
     4    0.04                           clknet_0_clk (net)
                  0.06    0.00   10.20 ^ clkbuf_2_0__f_clk/A (sky130_fd_sc_hd__clkbuf_16)
                  0.06    0.14   10.34 ^ clkbuf_2_0__f_clk/X (sky130_fd_sc_hd__clkbuf_16)
    14    0.04                           clknet_2_0__leaf_clk (net)
                  0.06    0.00   10.34 ^ _431_/CLK (sky130_fd_sc_hd__dfrtp_1)
                         -0.25   10.09   clock uncertainty
                          0.00   10.09   clock reconvergence pessimism
                          0.24   10.33   library recovery time
                                 10.33   data required time
-----------------------------------------------------------------------------
                                 10.33   data required time
                                 -2.39   data arrival time
-----------------------------------------------------------------------------
                                  7.94   slack (MET)


Startpoint: rst (input port clocked by clk)
Endpoint: _432_ (recovery check against rising-edge clock clk)
Path Group: asynchronous
Path Type: max

Fanout     Cap    Slew   Delay    Time   Description
-----------------------------------------------------------------------------
                          0.00    0.00   clock clk (rise edge)
                          0.00    0.00   clock network delay (propagated)
                          2.00    2.00 v input external delay
                  0.01    0.00    2.00 v rst (in)
     1    0.00                           rst (net)
                  0.01    0.00    2.00 v input2/A (sky130_fd_sc_hd__buf_1)
                  0.05    0.10    2.11 v input2/X (sky130_fd_sc_hd__buf_1)
     3    0.01                           net2 (net)
                  0.05    0.00    2.11 v _378_/A (sky130_fd_sc_hd__buf_4)
                  0.09    0.21    2.32 v _378_/X (sky130_fd_sc_hd__buf_4)
    10    0.07                           _202_ (net)
                  0.09    0.00    2.32 v _383_/A (sky130_fd_sc_hd__inv_2)
                  0.04    0.07    2.39 ^ _383_/Y (sky130_fd_sc_hd__inv_2)
     1    0.00                           _026_ (net)
                  0.04    0.00    2.39 ^ _432_/RESET_B (sky130_fd_sc_hd__dfrtp_1)
                                  2.39   data arrival time

                         10.00   10.00   clock clk (rise edge)
                          0.00   10.00   clock source latency
                  0.08    0.05   10.05 ^ clk (in)
     1    0.02                           clk (net)
                  0.08    0.00   10.05 ^ clkbuf_0_clk/A (sky130_fd_sc_hd__clkbuf_16)
                  0.06    0.15   10.20 ^ clkbuf_0_clk/X (sky130_fd_sc_hd__clkbuf_16)
     4    0.04                           clknet_0_clk (net)
                  0.06    0.00   10.20 ^ clkbuf_2_0__f_clk/A (sky130_fd_sc_hd__clkbuf_16)
                  0.06    0.14   10.34 ^ clkbuf_2_0__f_clk/X (sky130_fd_sc_hd__clkbuf_16)
    14    0.04                           clknet_2_0__leaf_clk (net)
                  0.06    0.00   10.34 ^ _432_/CLK (sky130_fd_sc_hd__dfrtp_1)
                         -0.25   10.09   clock uncertainty
                          0.00   10.09   clock reconvergence pessimism
                          0.24   10.33   library recovery time
                                 10.33   data required time
-----------------------------------------------------------------------------
                                 10.33   data required time
                                 -2.39   data arrival time
-----------------------------------------------------------------------------
                                  7.94   slack (MET)


Startpoint: rst (input port clocked by clk)
Endpoint: _430_ (recovery check against rising-edge clock clk)
Path Group: asynchronous
Path Type: max

Fanout     Cap    Slew   Delay    Time   Description
-----------------------------------------------------------------------------
                          0.00    0.00   clock clk (rise edge)
                          0.00    0.00   clock network delay (propagated)
                          2.00    2.00 v input external delay
                  0.01    0.00    2.00 v rst (in)
     1    0.00                           rst (net)
                  0.01    0.00    2.00 v input2/A (sky130_fd_sc_hd__buf_1)
                  0.05    0.10    2.11 v input2/X (sky130_fd_sc_hd__buf_1)
     3    0.01                           net2 (net)
                  0.05    0.00    2.11 v _378_/A (sky130_fd_sc_hd__buf_4)
                  0.09    0.21    2.32 v _378_/X (sky130_fd_sc_hd__buf_4)
    10    0.07                           _202_ (net)
                  0.09    0.00    2.32 v _381_/A (sky130_fd_sc_hd__inv_2)
                  0.04    0.06    2.39 ^ _381_/Y (sky130_fd_sc_hd__inv_2)
     1    0.00                           _024_ (net)
                  0.04    0.00    2.39 ^ _430_/RESET_B (sky130_fd_sc_hd__dfrtp_1)
                                  2.39   data arrival time

                         10.00   10.00   clock clk (rise edge)
                          0.00   10.00   clock source latency
                  0.08    0.05   10.05 ^ clk (in)
     1    0.02                           clk (net)
                  0.08    0.00   10.05 ^ clkbuf_0_clk/A (sky130_fd_sc_hd__clkbuf_16)
                  0.06    0.15   10.20 ^ clkbuf_0_clk/X (sky130_fd_sc_hd__clkbuf_16)
     4    0.04                           clknet_0_clk (net)
                  0.06    0.00   10.20 ^ clkbuf_2_0__f_clk/A (sky130_fd_sc_hd__clkbuf_16)
                  0.06    0.14   10.34 ^ clkbuf_2_0__f_clk/X (sky130_fd_sc_hd__clkbuf_16)
    14    0.04                           clknet_2_0__leaf_clk (net)
                  0.06    0.00   10.34 ^ _430_/CLK (sky130_fd_sc_hd__dfrtp_1)
                         -0.25   10.09   clock uncertainty
                          0.00   10.09   clock reconvergence pessimism
                          0.24   10.33   library recovery time
                                 10.33   data required time
-----------------------------------------------------------------------------
                                 10.33   data required time
                                 -2.39   data arrival time
-----------------------------------------------------------------------------
                                  7.94   slack (MET)


Startpoint: rst (input port clocked by clk)
Endpoint: _428_ (recovery check against rising-edge clock clk)
Path Group: asynchronous
Path Type: max

Fanout     Cap    Slew   Delay    Time   Description
-----------------------------------------------------------------------------
                          0.00    0.00   clock clk (rise edge)
                          0.00    0.00   clock network delay (propagated)
                          2.00    2.00 v input external delay
                  0.01    0.00    2.00 v rst (in)
     1    0.00                           rst (net)
                  0.01    0.00    2.00 v input2/A (sky130_fd_sc_hd__buf_1)
                  0.05    0.10    2.11 v input2/X (sky130_fd_sc_hd__buf_1)
     3    0.01                           net2 (net)
                  0.05    0.00    2.11 v _378_/A (sky130_fd_sc_hd__buf_4)
                  0.09    0.21    2.32 v _378_/X (sky130_fd_sc_hd__buf_4)
    10    0.07                           _202_ (net)
                  0.09    0.00    2.32 v _379_/A (sky130_fd_sc_hd__inv_2)
                  0.04    0.06    2.39 ^ _379_/Y (sky130_fd_sc_hd__inv_2)
     1    0.00                           _022_ (net)
                  0.04    0.00    2.39 ^ _428_/RESET_B (sky130_fd_sc_hd__dfrtp_1)
                                  2.39   data arrival time

                         10.00   10.00   clock clk (rise edge)
                          0.00   10.00   clock source latency
                  0.08    0.05   10.05 ^ clk (in)
     1    0.02                           clk (net)
                  0.08    0.00   10.05 ^ clkbuf_0_clk/A (sky130_fd_sc_hd__clkbuf_16)
                  0.06    0.15   10.20 ^ clkbuf_0_clk/X (sky130_fd_sc_hd__clkbuf_16)
     4    0.04                           clknet_0_clk (net)
                  0.06    0.00   10.20 ^ clkbuf_2_0__f_clk/A (sky130_fd_sc_hd__clkbuf_16)
                  0.06    0.14   10.34 ^ clkbuf_2_0__f_clk/X (sky130_fd_sc_hd__clkbuf_16)
    14    0.04                           clknet_2_0__leaf_clk (net)
                  0.06    0.00   10.34 ^ _428_/CLK (sky130_fd_sc_hd__dfrtp_1)
                         -0.25   10.09   clock uncertainty
                          0.00   10.09   clock reconvergence pessimism
                          0.24   10.33   library recovery time
                                 10.33   data required time
-----------------------------------------------------------------------------
                                 10.33   data required time
                                 -2.39   data arrival time
-----------------------------------------------------------------------------
                                  7.94   slack (MET)


Startpoint: rst (input port clocked by clk)
Endpoint: _443_ (recovery check against rising-edge clock clk)
Path Group: asynchronous
Path Type: max

Fanout     Cap    Slew   Delay    Time   Description
-----------------------------------------------------------------------------
                          0.00    0.00   clock clk (rise edge)
                          0.00    0.00   clock network delay (propagated)
                          2.00    2.00 v input external delay
                  0.01    0.00    2.00 v rst (in)
     1    0.00                           rst (net)
                  0.01    0.00    2.00 v input2/A (sky130_fd_sc_hd__buf_1)
                  0.05    0.10    2.11 v input2/X (sky130_fd_sc_hd__buf_1)
     3    0.01                           net2 (net)
                  0.05    0.00    2.11 v _389_/A (sky130_fd_sc_hd__buf_4)
                  0.08    0.21    2.31 v _389_/X (sky130_fd_sc_hd__buf_4)
    10    0.06                           _203_ (net)
                  0.08    0.00    2.32 v _395_/A (sky130_fd_sc_hd__inv_2)
                  0.03    0.06    2.38 ^ _395_/Y (sky130_fd_sc_hd__inv_2)
     1    0.00                           _037_ (net)
                  0.03    0.00    2.38 ^ _443_/RESET_B (sky130_fd_sc_hd__dfrtp_1)
                                  2.38   data arrival time

                         10.00   10.00   clock clk (rise edge)
                          0.00   10.00   clock source latency
                  0.08    0.05   10.05 ^ clk (in)
     1    0.02                           clk (net)
                  0.08    0.00   10.05 ^ clkbuf_0_clk/A (sky130_fd_sc_hd__clkbuf_16)
                  0.06    0.15   10.20 ^ clkbuf_0_clk/X (sky130_fd_sc_hd__clkbuf_16)
     4    0.04                           clknet_0_clk (net)
                  0.06    0.00   10.20 ^ clkbuf_2_1__f_clk/A (sky130_fd_sc_hd__clkbuf_16)
                  0.06    0.14   10.34 ^ clkbuf_2_1__f_clk/X (sky130_fd_sc_hd__clkbuf_16)
    12    0.04                           clknet_2_1__leaf_clk (net)
                  0.06    0.00   10.34 ^ _443_/CLK (sky130_fd_sc_hd__dfrtp_1)
                         -0.25   10.09   clock uncertainty
                          0.00   10.09   clock reconvergence pessimism
                          0.24   10.33   library recovery time
                                 10.33   data required time
-----------------------------------------------------------------------------
                                 10.33   data required time
                                 -2.38   data arrival time
-----------------------------------------------------------------------------
                                  7.95   slack (MET)


Startpoint: rst (input port clocked by clk)
Endpoint: _440_ (recovery check against rising-edge clock clk)
Path Group: asynchronous
Path Type: max

Fanout     Cap    Slew   Delay    Time   Description
-----------------------------------------------------------------------------
                          0.00    0.00   clock clk (rise edge)
                          0.00    0.00   clock network delay (propagated)
                          2.00    2.00 v input external delay
                  0.01    0.00    2.00 v rst (in)
     1    0.00                           rst (net)
                  0.01    0.00    2.00 v input2/A (sky130_fd_sc_hd__buf_1)
                  0.05    0.10    2.11 v input2/X (sky130_fd_sc_hd__buf_1)
     3    0.01                           net2 (net)
                  0.05    0.00    2.11 v _389_/A (sky130_fd_sc_hd__buf_4)
                  0.08    0.21    2.31 v _389_/X (sky130_fd_sc_hd__buf_4)
    10    0.06                           _203_ (net)
                  0.08    0.00    2.32 v _392_/A (sky130_fd_sc_hd__inv_2)
                  0.03    0.06    2.38 ^ _392_/Y (sky130_fd_sc_hd__inv_2)
     1    0.00                           _034_ (net)
                  0.03    0.00    2.38 ^ _440_/RESET_B (sky130_fd_sc_hd__dfrtp_1)
                                  2.38   data arrival time

                         10.00   10.00   clock clk (rise edge)
                          0.00   10.00   clock source latency
                  0.08    0.05   10.05 ^ clk (in)
     1    0.02                           clk (net)
                  0.08    0.00   10.05 ^ clkbuf_0_clk/A (sky130_fd_sc_hd__clkbuf_16)
                  0.06    0.15   10.20 ^ clkbuf_0_clk/X (sky130_fd_sc_hd__clkbuf_16)
     4    0.04                           clknet_0_clk (net)
                  0.06    0.00   10.20 ^ clkbuf_2_3__f_clk/A (sky130_fd_sc_hd__clkbuf_16)
                  0.06    0.14   10.34 ^ clkbuf_2_3__f_clk/X (sky130_fd_sc_hd__clkbuf_16)
    12    0.04                           clknet_2_3__leaf_clk (net)
                  0.06    0.00   10.34 ^ _440_/CLK (sky130_fd_sc_hd__dfrtp_1)
                         -0.25   10.09   clock uncertainty
                          0.00   10.09   clock reconvergence pessimism
                          0.24   10.33   library recovery time
                                 10.33   data required time
-----------------------------------------------------------------------------
                                 10.33   data required time
                                 -2.38   data arrival time
-----------------------------------------------------------------------------
                                  7.95   slack (MET)


Startpoint: rst (input port clocked by clk)
Endpoint: _441_ (recovery check against rising-edge clock clk)
Path Group: asynchronous
Path Type: max

Fanout     Cap    Slew   Delay    Time   Description
-----------------------------------------------------------------------------
                          0.00    0.00   clock clk (rise edge)
                          0.00    0.00   clock network delay (propagated)
                          2.00    2.00 v input external delay
                  0.01    0.00    2.00 v rst (in)
     1    0.00                           rst (net)
                  0.01    0.00    2.00 v input2/A (sky130_fd_sc_hd__buf_1)
                  0.05    0.10    2.11 v input2/X (sky130_fd_sc_hd__buf_1)
     3    0.01                           net2 (net)
                  0.05    0.00    2.11 v _389_/A (sky130_fd_sc_hd__buf_4)
                  0.08    0.21    2.31 v _389_/X (sky130_fd_sc_hd__buf_4)
    10    0.06                           _203_ (net)
                  0.08    0.00    2.32 v _393_/A (sky130_fd_sc_hd__inv_2)
                  0.03    0.06    2.38 ^ _393_/Y (sky130_fd_sc_hd__inv_2)
     1    0.00                           _035_ (net)
                  0.03    0.00    2.38 ^ _441_/RESET_B (sky130_fd_sc_hd__dfrtp_1)
                                  2.38   data arrival time

                         10.00   10.00   clock clk (rise edge)
                          0.00   10.00   clock source latency
                  0.08    0.05   10.05 ^ clk (in)
     1    0.02                           clk (net)
                  0.08    0.00   10.05 ^ clkbuf_0_clk/A (sky130_fd_sc_hd__clkbuf_16)
                  0.06    0.15   10.20 ^ clkbuf_0_clk/X (sky130_fd_sc_hd__clkbuf_16)
     4    0.04                           clknet_0_clk (net)
                  0.06    0.00   10.20 ^ clkbuf_2_1__f_clk/A (sky130_fd_sc_hd__clkbuf_16)
                  0.06    0.14   10.34 ^ clkbuf_2_1__f_clk/X (sky130_fd_sc_hd__clkbuf_16)
    12    0.04                           clknet_2_1__leaf_clk (net)
                  0.06    0.00   10.34 ^ _441_/CLK (sky130_fd_sc_hd__dfrtp_1)
                         -0.25   10.09   clock uncertainty
                          0.00   10.09   clock reconvergence pessimism
                          0.24   10.33   library recovery time
                                 10.33   data required time
-----------------------------------------------------------------------------
                                 10.33   data required time
                                 -2.38   data arrival time
-----------------------------------------------------------------------------
                                  7.95   slack (MET)


Startpoint: rst (input port clocked by clk)
Endpoint: _444_ (recovery check against rising-edge clock clk)
Path Group: asynchronous
Path Type: max

Fanout     Cap    Slew   Delay    Time   Description
-----------------------------------------------------------------------------
                          0.00    0.00   clock clk (rise edge)
                          0.00    0.00   clock network delay (propagated)
                          2.00    2.00 v input external delay
                  0.01    0.00    2.00 v rst (in)
     1    0.00                           rst (net)
                  0.01    0.00    2.00 v input2/A (sky130_fd_sc_hd__buf_1)
                  0.05    0.10    2.11 v input2/X (sky130_fd_sc_hd__buf_1)
     3    0.01                           net2 (net)
                  0.05    0.00    2.11 v _389_/A (sky130_fd_sc_hd__buf_4)
                  0.08    0.21    2.31 v _389_/X (sky130_fd_sc_hd__buf_4)
    10    0.06                           _203_ (net)
                  0.08    0.00    2.32 v _396_/A (sky130_fd_sc_hd__inv_2)
                  0.03    0.06    2.38 ^ _396_/Y (sky130_fd_sc_hd__inv_2)
     1    0.00                           _038_ (net)
                  0.03    0.00    2.38 ^ _444_/RESET_B (sky130_fd_sc_hd__dfrtp_1)
                                  2.38   data arrival time

                         10.00   10.00   clock clk (rise edge)
                          0.00   10.00   clock source latency
                  0.08    0.05   10.05 ^ clk (in)
     1    0.02                           clk (net)
                  0.08    0.00   10.05 ^ clkbuf_0_clk/A (sky130_fd_sc_hd__clkbuf_16)
                  0.06    0.15   10.20 ^ clkbuf_0_clk/X (sky130_fd_sc_hd__clkbuf_16)
     4    0.04                           clknet_0_clk (net)
                  0.06    0.00   10.20 ^ clkbuf_2_3__f_clk/A (sky130_fd_sc_hd__clkbuf_16)
                  0.06    0.14   10.34 ^ clkbuf_2_3__f_clk/X (sky130_fd_sc_hd__clkbuf_16)
    12    0.04                           clknet_2_3__leaf_clk (net)
                  0.06    0.00   10.34 ^ _444_/CLK (sky130_fd_sc_hd__dfrtp_1)
                         -0.25   10.09   clock uncertainty
                          0.00   10.09   clock reconvergence pessimism
                          0.24   10.33   library recovery time
                                 10.33   data required time
-----------------------------------------------------------------------------
                                 10.33   data required time
                                 -2.38   data arrival time
-----------------------------------------------------------------------------
                                  7.95   slack (MET)


Startpoint: rst (input port clocked by clk)
Endpoint: _439_ (recovery check against rising-edge clock clk)
Path Group: asynchronous
Path Type: max

Fanout     Cap    Slew   Delay    Time   Description
-----------------------------------------------------------------------------
                          0.00    0.00   clock clk (rise edge)
                          0.00    0.00   clock network delay (propagated)
                          2.00    2.00 v input external delay
                  0.01    0.00    2.00 v rst (in)
     1    0.00                           rst (net)
                  0.01    0.00    2.00 v input2/A (sky130_fd_sc_hd__buf_1)
                  0.05    0.10    2.11 v input2/X (sky130_fd_sc_hd__buf_1)
     3    0.01                           net2 (net)
                  0.05    0.00    2.11 v _389_/A (sky130_fd_sc_hd__buf_4)
                  0.08    0.21    2.31 v _389_/X (sky130_fd_sc_hd__buf_4)
    10    0.06                           _203_ (net)
                  0.08    0.00    2.32 v _391_/A (sky130_fd_sc_hd__inv_2)
                  0.03    0.06    2.38 ^ _391_/Y (sky130_fd_sc_hd__inv_2)
     1    0.00                           _033_ (net)
                  0.03    0.00    2.38 ^ _439_/RESET_B (sky130_fd_sc_hd__dfrtp_1)
                                  2.38   data arrival time

                         10.00   10.00   clock clk (rise edge)
                          0.00   10.00   clock source latency
                  0.08    0.05   10.05 ^ clk (in)
     1    0.02                           clk (net)
                  0.08    0.00   10.05 ^ clkbuf_0_clk/A (sky130_fd_sc_hd__clkbuf_16)
                  0.06    0.15   10.20 ^ clkbuf_0_clk/X (sky130_fd_sc_hd__clkbuf_16)
     4    0.04                           clknet_0_clk (net)
                  0.06    0.00   10.20 ^ clkbuf_2_3__f_clk/A (sky130_fd_sc_hd__clkbuf_16)
                  0.06    0.14   10.34 ^ clkbuf_2_3__f_clk/X (sky130_fd_sc_hd__clkbuf_16)
    12    0.04                           clknet_2_3__leaf_clk (net)
                  0.06    0.00   10.34 ^ _439_/CLK (sky130_fd_sc_hd__dfrtp_1)
                         -0.25   10.09   clock uncertainty
                          0.00   10.09   clock reconvergence pessimism
                          0.24   10.33   library recovery time
                                 10.33   data required time
-----------------------------------------------------------------------------
                                 10.33   data required time
                                 -2.38   data arrival time
-----------------------------------------------------------------------------
                                  7.95   slack (MET)


Startpoint: rst (input port clocked by clk)
Endpoint: _438_ (recovery check against rising-edge clock clk)
Path Group: asynchronous
Path Type: max

Fanout     Cap    Slew   Delay    Time   Description
-----------------------------------------------------------------------------
                          0.00    0.00   clock clk (rise edge)
                          0.00    0.00   clock network delay (propagated)
                          2.00    2.00 v input external delay
                  0.01    0.00    2.00 v rst (in)
     1    0.00                           rst (net)
                  0.01    0.00    2.00 v input2/A (sky130_fd_sc_hd__buf_1)
                  0.05    0.10    2.11 v input2/X (sky130_fd_sc_hd__buf_1)
     3    0.01                           net2 (net)
                  0.05    0.00    2.11 v _389_/A (sky130_fd_sc_hd__buf_4)
                  0.08    0.21    2.31 v _389_/X (sky130_fd_sc_hd__buf_4)
    10    0.06                           _203_ (net)
                  0.08    0.00    2.32 v _390_/A (sky130_fd_sc_hd__inv_2)
                  0.03    0.06    2.38 ^ _390_/Y (sky130_fd_sc_hd__inv_2)
     1    0.00                           _032_ (net)
                  0.03    0.00    2.38 ^ _438_/RESET_B (sky130_fd_sc_hd__dfrtp_1)
                                  2.38   data arrival time

                         10.00   10.00   clock clk (rise edge)
                          0.00   10.00   clock source latency
                  0.08    0.05   10.05 ^ clk (in)
     1    0.02                           clk (net)
                  0.08    0.00   10.05 ^ clkbuf_0_clk/A (sky130_fd_sc_hd__clkbuf_16)
                  0.06    0.15   10.20 ^ clkbuf_0_clk/X (sky130_fd_sc_hd__clkbuf_16)
     4    0.04                           clknet_0_clk (net)
                  0.06    0.00   10.20 ^ clkbuf_2_3__f_clk/A (sky130_fd_sc_hd__clkbuf_16)
                  0.06    0.14   10.34 ^ clkbuf_2_3__f_clk/X (sky130_fd_sc_hd__clkbuf_16)
    12    0.04                           clknet_2_3__leaf_clk (net)
                  0.06    0.00   10.34 ^ _438_/CLK (sky130_fd_sc_hd__dfrtp_1)
                         -0.25   10.09   clock uncertainty
                          0.00   10.09   clock reconvergence pessimism
                          0.24   10.33   library recovery time
                                 10.33   data required time
-----------------------------------------------------------------------------
                                 10.33   data required time
                                 -2.38   data arrival time
-----------------------------------------------------------------------------
                                  7.95   slack (MET)


Startpoint: rst (input port clocked by clk)
Endpoint: _442_ (recovery check against rising-edge clock clk)
Path Group: asynchronous
Path Type: max

Fanout     Cap    Slew   Delay    Time   Description
-----------------------------------------------------------------------------
                          0.00    0.00   clock clk (rise edge)
                          0.00    0.00   clock network delay (propagated)
                          2.00    2.00 v input external delay
                  0.01    0.00    2.00 v rst (in)
     1    0.00                           rst (net)
                  0.01    0.00    2.00 v input2/A (sky130_fd_sc_hd__buf_1)
                  0.05    0.10    2.11 v input2/X (sky130_fd_sc_hd__buf_1)
     3    0.01                           net2 (net)
                  0.05    0.00    2.11 v _389_/A (sky130_fd_sc_hd__buf_4)
                  0.08    0.21    2.31 v _389_/X (sky130_fd_sc_hd__buf_4)
    10    0.06                           _203_ (net)
                  0.08    0.00    2.32 v _394_/A (sky130_fd_sc_hd__inv_2)
                  0.03    0.06    2.38 ^ _394_/Y (sky130_fd_sc_hd__inv_2)
     1    0.00                           _036_ (net)
                  0.03    0.00    2.38 ^ _442_/RESET_B (sky130_fd_sc_hd__dfrtp_1)
                                  2.38   data arrival time

                         10.00   10.00   clock clk (rise edge)
                          0.00   10.00   clock source latency
                  0.08    0.05   10.05 ^ clk (in)
     1    0.02                           clk (net)
                  0.08    0.00   10.05 ^ clkbuf_0_clk/A (sky130_fd_sc_hd__clkbuf_16)
                  0.06    0.15   10.20 ^ clkbuf_0_clk/X (sky130_fd_sc_hd__clkbuf_16)
     4    0.04                           clknet_0_clk (net)
                  0.06    0.00   10.20 ^ clkbuf_2_1__f_clk/A (sky130_fd_sc_hd__clkbuf_16)
                  0.06    0.14   10.34 ^ clkbuf_2_1__f_clk/X (sky130_fd_sc_hd__clkbuf_16)
    12    0.04                           clknet_2_1__leaf_clk (net)
                  0.06    0.00   10.34 ^ _442_/CLK (sky130_fd_sc_hd__dfrtp_1)
                         -0.25   10.09   clock uncertainty
                          0.00   10.09   clock reconvergence pessimism
                          0.24   10.33   library recovery time
                                 10.33   data required time
-----------------------------------------------------------------------------
                                 10.33   data required time
                                 -2.38   data arrival time
-----------------------------------------------------------------------------
                                  7.95   slack (MET)


Startpoint: rst (input port clocked by clk)
Endpoint: _445_ (recovery check against rising-edge clock clk)
Path Group: asynchronous
Path Type: max

Fanout     Cap    Slew   Delay    Time   Description
-----------------------------------------------------------------------------
                          0.00    0.00   clock clk (rise edge)
                          0.00    0.00   clock network delay (propagated)
                          2.00    2.00 v input external delay
                  0.01    0.00    2.00 v rst (in)
     1    0.00                           rst (net)
                  0.01    0.00    2.00 v input2/A (sky130_fd_sc_hd__buf_1)
                  0.05    0.10    2.11 v input2/X (sky130_fd_sc_hd__buf_1)
     3    0.01                           net2 (net)
                  0.05    0.00    2.11 v _389_/A (sky130_fd_sc_hd__buf_4)
                  0.08    0.21    2.31 v _389_/X (sky130_fd_sc_hd__buf_4)
    10    0.06                           _203_ (net)
                  0.08    0.00    2.31 v _397_/A (sky130_fd_sc_hd__inv_2)
                  0.03    0.06    2.38 ^ _397_/Y (sky130_fd_sc_hd__inv_2)
     1    0.00                           _039_ (net)
                  0.03    0.00    2.38 ^ _445_/RESET_B (sky130_fd_sc_hd__dfrtp_1)
                                  2.38   data arrival time

                         10.00   10.00   clock clk (rise edge)
                          0.00   10.00   clock source latency
                  0.08    0.05   10.05 ^ clk (in)
     1    0.02                           clk (net)
                  0.08    0.00   10.05 ^ clkbuf_0_clk/A (sky130_fd_sc_hd__clkbuf_16)
                  0.06    0.15   10.20 ^ clkbuf_0_clk/X (sky130_fd_sc_hd__clkbuf_16)
     4    0.04                           clknet_0_clk (net)
                  0.06    0.00   10.20 ^ clkbuf_2_1__f_clk/A (sky130_fd_sc_hd__clkbuf_16)
                  0.06    0.14   10.34 ^ clkbuf_2_1__f_clk/X (sky130_fd_sc_hd__clkbuf_16)
    12    0.04                           clknet_2_1__leaf_clk (net)
                  0.06    0.00   10.34 ^ _445_/CLK (sky130_fd_sc_hd__dfrtp_1)
                         -0.25   10.09   clock uncertainty
                          0.00   10.09   clock reconvergence pessimism
                          0.24   10.33   library recovery time
                                 10.33   data required time
-----------------------------------------------------------------------------
                                 10.33   data required time
                                 -2.38   data arrival time
-----------------------------------------------------------------------------
                                  7.95   slack (MET)


Startpoint: rst (input port clocked by clk)
Endpoint: _446_ (recovery check against rising-edge clock clk)
Path Group: asynchronous
Path Type: max

Fanout     Cap    Slew   Delay    Time   Description
-----------------------------------------------------------------------------
                          0.00    0.00   clock clk (rise edge)
                          0.00    0.00   clock network delay (propagated)
                          2.00    2.00 v input external delay
                  0.01    0.00    2.00 v rst (in)
     1    0.00                           rst (net)
                  0.01    0.00    2.00 v input2/A (sky130_fd_sc_hd__buf_1)
                  0.05    0.10    2.11 v input2/X (sky130_fd_sc_hd__buf_1)
     3    0.01                           net2 (net)
                  0.05    0.00    2.11 v _389_/A (sky130_fd_sc_hd__buf_4)
                  0.08    0.21    2.31 v _389_/X (sky130_fd_sc_hd__buf_4)
    10    0.06                           _203_ (net)
                  0.08    0.00    2.31 v _398_/A (sky130_fd_sc_hd__inv_2)
                  0.03    0.06    2.38 ^ _398_/Y (sky130_fd_sc_hd__inv_2)
     1    0.00                           _040_ (net)
                  0.03    0.00    2.38 ^ _446_/RESET_B (sky130_fd_sc_hd__dfrtp_1)
                                  2.38   data arrival time

                         10.00   10.00   clock clk (rise edge)
                          0.00   10.00   clock source latency
                  0.08    0.05   10.05 ^ clk (in)
     1    0.02                           clk (net)
                  0.08    0.00   10.05 ^ clkbuf_0_clk/A (sky130_fd_sc_hd__clkbuf_16)
                  0.06    0.15   10.20 ^ clkbuf_0_clk/X (sky130_fd_sc_hd__clkbuf_16)
     4    0.04                           clknet_0_clk (net)
                  0.06    0.00   10.20 ^ clkbuf_2_1__f_clk/A (sky130_fd_sc_hd__clkbuf_16)
                  0.06    0.14   10.34 ^ clkbuf_2_1__f_clk/X (sky130_fd_sc_hd__clkbuf_16)
    12    0.04                           clknet_2_1__leaf_clk (net)
                  0.06    0.00   10.34 ^ _446_/CLK (sky130_fd_sc_hd__dfrtp_1)
                         -0.25   10.09   clock uncertainty
                          0.00   10.09   clock reconvergence pessimism
                          0.24   10.33   library recovery time
                                 10.33   data required time
-----------------------------------------------------------------------------
                                 10.33   data required time
                                 -2.38   data arrival time
-----------------------------------------------------------------------------
                                  7.95   slack (MET)


Startpoint: rst (input port clocked by clk)
Endpoint: _447_ (recovery check against rising-edge clock clk)
Path Group: asynchronous
Path Type: max

Fanout     Cap    Slew   Delay    Time   Description
-----------------------------------------------------------------------------
                          0.00    0.00   clock clk (rise edge)
                          0.00    0.00   clock network delay (propagated)
                          2.00    2.00 v input external delay
                  0.01    0.00    2.00 v rst (in)
     1    0.00                           rst (net)
                  0.01    0.00    2.00 v input2/A (sky130_fd_sc_hd__buf_1)
                  0.05    0.10    2.11 v input2/X (sky130_fd_sc_hd__buf_1)
     3    0.01                           net2 (net)
                  0.05    0.00    2.11 v _389_/A (sky130_fd_sc_hd__buf_4)
                  0.08    0.21    2.31 v _389_/X (sky130_fd_sc_hd__buf_4)
    10    0.06                           _203_ (net)
                  0.08    0.00    2.31 v _399_/A (sky130_fd_sc_hd__inv_2)
                  0.04    0.07    2.38 ^ _399_/Y (sky130_fd_sc_hd__inv_2)
     1    0.00                           _041_ (net)
                  0.04    0.00    2.38 ^ _447_/RESET_B (sky130_fd_sc_hd__dfrtp_1)
                                  2.38   data arrival time

                         10.00   10.00   clock clk (rise edge)
                          0.00   10.00   clock source latency
                  0.08    0.05   10.05 ^ clk (in)
     1    0.02                           clk (net)
                  0.08    0.00   10.05 ^ clkbuf_0_clk/A (sky130_fd_sc_hd__clkbuf_16)
                  0.06    0.15   10.20 ^ clkbuf_0_clk/X (sky130_fd_sc_hd__clkbuf_16)
     4    0.04                           clknet_0_clk (net)
                  0.06    0.00   10.20 ^ clkbuf_2_0__f_clk/A (sky130_fd_sc_hd__clkbuf_16)
                  0.06    0.14   10.34 ^ clkbuf_2_0__f_clk/X (sky130_fd_sc_hd__clkbuf_16)
    14    0.04                           clknet_2_0__leaf_clk (net)
                  0.06    0.00   10.34 ^ _447_/CLK (sky130_fd_sc_hd__dfrtp_1)
                         -0.25   10.09   clock uncertainty
                          0.00   10.09   clock reconvergence pessimism
                          0.24   10.33   library recovery time
                                 10.33   data required time
-----------------------------------------------------------------------------
                                 10.33   data required time
                                 -2.38   data arrival time
-----------------------------------------------------------------------------
                                  7.95   slack (MET)


Startpoint: rst (input port clocked by clk)
Endpoint: _450_ (recovery check against rising-edge clock clk)
Path Group: asynchronous
Path Type: max

Fanout     Cap    Slew   Delay    Time   Description
-----------------------------------------------------------------------------
                          0.00    0.00   clock clk (rise edge)
                          0.00    0.00   clock network delay (propagated)
                          2.00    2.00 v input external delay
                  0.01    0.00    2.00 v rst (in)
     1    0.00                           rst (net)
                  0.01    0.00    2.00 v input2/A (sky130_fd_sc_hd__buf_1)
                  0.05    0.10    2.11 v input2/X (sky130_fd_sc_hd__buf_1)
     3    0.01                           net2 (net)
                  0.05    0.00    2.11 v _355_/A (sky130_fd_sc_hd__buf_4)
                  0.08    0.20    2.31 v _355_/X (sky130_fd_sc_hd__buf_4)
    10    0.05                           _199_ (net)
                  0.08    0.00    2.31 v _402_/A (sky130_fd_sc_hd__inv_2)
                  0.04    0.07    2.38 ^ _402_/Y (sky130_fd_sc_hd__inv_2)
     1    0.01                           _044_ (net)
                  0.04    0.00    2.38 ^ _450_/RESET_B (sky130_fd_sc_hd__dfrtp_1)
                                  2.38   data arrival time

                         10.00   10.00   clock clk (rise edge)
                          0.00   10.00   clock source latency
                  0.08    0.05   10.05 ^ clk (in)
     1    0.02                           clk (net)
                  0.08    0.00   10.05 ^ clkbuf_0_clk/A (sky130_fd_sc_hd__clkbuf_16)
                  0.06    0.15   10.20 ^ clkbuf_0_clk/X (sky130_fd_sc_hd__clkbuf_16)
     4    0.04                           clknet_0_clk (net)
                  0.06    0.00   10.20 ^ clkbuf_2_0__f_clk/A (sky130_fd_sc_hd__clkbuf_16)
                  0.06    0.14   10.34 ^ clkbuf_2_0__f_clk/X (sky130_fd_sc_hd__clkbuf_16)
    14    0.04                           clknet_2_0__leaf_clk (net)
                  0.06    0.00   10.34 ^ _450_/CLK (sky130_fd_sc_hd__dfrtp_1)
                         -0.25   10.09   clock uncertainty
                          0.00   10.09   clock reconvergence pessimism
                          0.24   10.33   library recovery time
                                 10.33   data required time
-----------------------------------------------------------------------------
                                 10.33   data required time
                                 -2.38   data arrival time
-----------------------------------------------------------------------------
                                  7.95   slack (MET)


Startpoint: rst (input port clocked by clk)
Endpoint: _454_ (recovery check against rising-edge clock clk)
Path Group: asynchronous
Path Type: max

Fanout     Cap    Slew   Delay    Time   Description
-----------------------------------------------------------------------------
                          0.00    0.00   clock clk (rise edge)
                          0.00    0.00   clock network delay (propagated)
                          2.00    2.00 v input external delay
                  0.01    0.00    2.00 v rst (in)
     1    0.00                           rst (net)
                  0.01    0.00    2.00 v input2/A (sky130_fd_sc_hd__buf_1)
                  0.05    0.10    2.11 v input2/X (sky130_fd_sc_hd__buf_1)
     3    0.01                           net2 (net)
                  0.05    0.00    2.11 v _355_/A (sky130_fd_sc_hd__buf_4)
                  0.08    0.20    2.31 v _355_/X (sky130_fd_sc_hd__buf_4)
    10    0.05                           _199_ (net)
                  0.08    0.00    2.31 v _406_/A (sky130_fd_sc_hd__inv_2)
                  0.03    0.06    2.37 ^ _406_/Y (sky130_fd_sc_hd__inv_2)
     1    0.00                           _048_ (net)
                  0.03    0.00    2.37 ^ _454_/RESET_B (sky130_fd_sc_hd__dfrtp_1)
                                  2.37   data arrival time

                         10.00   10.00   clock clk (rise edge)
                          0.00   10.00   clock source latency
                  0.08    0.05   10.05 ^ clk (in)
     1    0.02                           clk (net)
                  0.08    0.00   10.05 ^ clkbuf_0_clk/A (sky130_fd_sc_hd__clkbuf_16)
                  0.06    0.15   10.20 ^ clkbuf_0_clk/X (sky130_fd_sc_hd__clkbuf_16)
     4    0.04                           clknet_0_clk (net)
                  0.06    0.00   10.20 ^ clkbuf_2_1__f_clk/A (sky130_fd_sc_hd__clkbuf_16)
                  0.06    0.14   10.34 ^ clkbuf_2_1__f_clk/X (sky130_fd_sc_hd__clkbuf_16)
    12    0.04                           clknet_2_1__leaf_clk (net)
                  0.06    0.00   10.34 ^ _454_/CLK (sky130_fd_sc_hd__dfrtp_1)
                         -0.25   10.09   clock uncertainty
                          0.00   10.09   clock reconvergence pessimism
                          0.24   10.33   library recovery time
                                 10.33   data required time
-----------------------------------------------------------------------------
                                 10.33   data required time
                                 -2.37   data arrival time
-----------------------------------------------------------------------------
                                  7.96   slack (MET)


Startpoint: rst (input port clocked by clk)
Endpoint: _455_ (recovery check against rising-edge clock clk)
Path Group: asynchronous
Path Type: max

Fanout     Cap    Slew   Delay    Time   Description
-----------------------------------------------------------------------------
                          0.00    0.00   clock clk (rise edge)
                          0.00    0.00   clock network delay (propagated)
                          2.00    2.00 v input external delay
                  0.01    0.00    2.00 v rst (in)
     1    0.00                           rst (net)
                  0.01    0.00    2.00 v input2/A (sky130_fd_sc_hd__buf_1)
                  0.05    0.10    2.11 v input2/X (sky130_fd_sc_hd__buf_1)
     3    0.01                           net2 (net)
                  0.05    0.00    2.11 v _355_/A (sky130_fd_sc_hd__buf_4)
                  0.08    0.20    2.31 v _355_/X (sky130_fd_sc_hd__buf_4)
    10    0.05                           _199_ (net)
                  0.08    0.00    2.31 v _407_/A (sky130_fd_sc_hd__inv_2)
                  0.03    0.06    2.37 ^ _407_/Y (sky130_fd_sc_hd__inv_2)
     1    0.00                           _049_ (net)
                  0.03    0.00    2.37 ^ _455_/RESET_B (sky130_fd_sc_hd__dfrtp_1)
                                  2.37   data arrival time

                         10.00   10.00   clock clk (rise edge)
                          0.00   10.00   clock source latency
                  0.08    0.05   10.05 ^ clk (in)
     1    0.02                           clk (net)
                  0.08    0.00   10.05 ^ clkbuf_0_clk/A (sky130_fd_sc_hd__clkbuf_16)
                  0.06    0.15   10.20 ^ clkbuf_0_clk/X (sky130_fd_sc_hd__clkbuf_16)
     4    0.04                           clknet_0_clk (net)
                  0.06    0.00   10.20 ^ clkbuf_2_1__f_clk/A (sky130_fd_sc_hd__clkbuf_16)
                  0.06    0.14   10.34 ^ clkbuf_2_1__f_clk/X (sky130_fd_sc_hd__clkbuf_16)
    12    0.04                           clknet_2_1__leaf_clk (net)
                  0.06    0.00   10.34 ^ _455_/CLK (sky130_fd_sc_hd__dfrtp_1)
                         -0.25   10.09   clock uncertainty
                          0.00   10.09   clock reconvergence pessimism
                          0.24   10.33   library recovery time
                                 10.33   data required time
-----------------------------------------------------------------------------
                                 10.33   data required time
                                 -2.37   data arrival time
-----------------------------------------------------------------------------
                                  7.96   slack (MET)


Startpoint: rst (input port clocked by clk)
Endpoint: _452_ (recovery check against rising-edge clock clk)
Path Group: asynchronous
Path Type: max

Fanout     Cap    Slew   Delay    Time   Description
-----------------------------------------------------------------------------
                          0.00    0.00   clock clk (rise edge)
                          0.00    0.00   clock network delay (propagated)
                          2.00    2.00 v input external delay
                  0.01    0.00    2.00 v rst (in)
     1    0.00                           rst (net)
                  0.01    0.00    2.00 v input2/A (sky130_fd_sc_hd__buf_1)
                  0.05    0.10    2.11 v input2/X (sky130_fd_sc_hd__buf_1)
     3    0.01                           net2 (net)
                  0.05    0.00    2.11 v _355_/A (sky130_fd_sc_hd__buf_4)
                  0.08    0.20    2.31 v _355_/X (sky130_fd_sc_hd__buf_4)
    10    0.05                           _199_ (net)
                  0.08    0.00    2.31 v _404_/A (sky130_fd_sc_hd__inv_2)
                  0.03    0.06    2.37 ^ _404_/Y (sky130_fd_sc_hd__inv_2)
     1    0.00                           _046_ (net)
                  0.03    0.00    2.37 ^ _452_/RESET_B (sky130_fd_sc_hd__dfrtp_1)
                                  2.37   data arrival time

                         10.00   10.00   clock clk (rise edge)
                          0.00   10.00   clock source latency
                  0.08    0.05   10.05 ^ clk (in)
     1    0.02                           clk (net)
                  0.08    0.00   10.05 ^ clkbuf_0_clk/A (sky130_fd_sc_hd__clkbuf_16)
                  0.06    0.15   10.20 ^ clkbuf_0_clk/X (sky130_fd_sc_hd__clkbuf_16)
     4    0.04                           clknet_0_clk (net)
                  0.06    0.00   10.20 ^ clkbuf_2_1__f_clk/A (sky130_fd_sc_hd__clkbuf_16)
                  0.06    0.14   10.34 ^ clkbuf_2_1__f_clk/X (sky130_fd_sc_hd__clkbuf_16)
    12    0.04                           clknet_2_1__leaf_clk (net)
                  0.06    0.00   10.34 ^ _452_/CLK (sky130_fd_sc_hd__dfrtp_1)
                         -0.25   10.09   clock uncertainty
                          0.00   10.09   clock reconvergence pessimism
                          0.24   10.33   library recovery time
                                 10.33   data required time
-----------------------------------------------------------------------------
                                 10.33   data required time
                                 -2.37   data arrival time
-----------------------------------------------------------------------------
                                  7.96   slack (MET)


Startpoint: rst (input port clocked by clk)
Endpoint: _451_ (recovery check against rising-edge clock clk)
Path Group: asynchronous
Path Type: max

Fanout     Cap    Slew   Delay    Time   Description
-----------------------------------------------------------------------------
                          0.00    0.00   clock clk (rise edge)
                          0.00    0.00   clock network delay (propagated)
                          2.00    2.00 v input external delay
                  0.01    0.00    2.00 v rst (in)
     1    0.00                           rst (net)
                  0.01    0.00    2.00 v input2/A (sky130_fd_sc_hd__buf_1)
                  0.05    0.10    2.11 v input2/X (sky130_fd_sc_hd__buf_1)
     3    0.01                           net2 (net)
                  0.05    0.00    2.11 v _355_/A (sky130_fd_sc_hd__buf_4)
                  0.08    0.20    2.31 v _355_/X (sky130_fd_sc_hd__buf_4)
    10    0.05                           _199_ (net)
                  0.08    0.00    2.31 v _403_/A (sky130_fd_sc_hd__inv_2)
                  0.04    0.06    2.37 ^ _403_/Y (sky130_fd_sc_hd__inv_2)
     1    0.00                           _045_ (net)
                  0.04    0.00    2.37 ^ _451_/RESET_B (sky130_fd_sc_hd__dfrtp_1)
                                  2.37   data arrival time

                         10.00   10.00   clock clk (rise edge)
                          0.00   10.00   clock source latency
                  0.08    0.05   10.05 ^ clk (in)
     1    0.02                           clk (net)
                  0.08    0.00   10.05 ^ clkbuf_0_clk/A (sky130_fd_sc_hd__clkbuf_16)
                  0.06    0.15   10.20 ^ clkbuf_0_clk/X (sky130_fd_sc_hd__clkbuf_16)
     4    0.04                           clknet_0_clk (net)
                  0.06    0.00   10.20 ^ clkbuf_2_0__f_clk/A (sky130_fd_sc_hd__clkbuf_16)
                  0.06    0.14   10.34 ^ clkbuf_2_0__f_clk/X (sky130_fd_sc_hd__clkbuf_16)
    14    0.04                           clknet_2_0__leaf_clk (net)
                  0.06    0.00   10.34 ^ _451_/CLK (sky130_fd_sc_hd__dfrtp_1)
                         -0.25   10.09   clock uncertainty
                          0.00   10.09   clock reconvergence pessimism
                          0.24   10.33   library recovery time
                                 10.33   data required time
-----------------------------------------------------------------------------
                                 10.33   data required time
                                 -2.37   data arrival time
-----------------------------------------------------------------------------
                                  7.96   slack (MET)


Startpoint: rst (input port clocked by clk)
Endpoint: _453_ (recovery check against rising-edge clock clk)
Path Group: asynchronous
Path Type: max

Fanout     Cap    Slew   Delay    Time   Description
-----------------------------------------------------------------------------
                          0.00    0.00   clock clk (rise edge)
                          0.00    0.00   clock network delay (propagated)
                          2.00    2.00 v input external delay
                  0.01    0.00    2.00 v rst (in)
     1    0.00                           rst (net)
                  0.01    0.00    2.00 v input2/A (sky130_fd_sc_hd__buf_1)
                  0.05    0.10    2.11 v input2/X (sky130_fd_sc_hd__buf_1)
     3    0.01                           net2 (net)
                  0.05    0.00    2.11 v _355_/A (sky130_fd_sc_hd__buf_4)
                  0.08    0.20    2.31 v _355_/X (sky130_fd_sc_hd__buf_4)
    10    0.05                           _199_ (net)
                  0.08    0.00    2.31 v _405_/A (sky130_fd_sc_hd__inv_2)
                  0.03    0.06    2.37 ^ _405_/Y (sky130_fd_sc_hd__inv_2)
     1    0.00                           _047_ (net)
                  0.03    0.00    2.37 ^ _453_/RESET_B (sky130_fd_sc_hd__dfrtp_1)
                                  2.37   data arrival time

                         10.00   10.00   clock clk (rise edge)
                          0.00   10.00   clock source latency
                  0.08    0.05   10.05 ^ clk (in)
     1    0.02                           clk (net)
                  0.08    0.00   10.05 ^ clkbuf_0_clk/A (sky130_fd_sc_hd__clkbuf_16)
                  0.06    0.15   10.20 ^ clkbuf_0_clk/X (sky130_fd_sc_hd__clkbuf_16)
     4    0.04                           clknet_0_clk (net)
                  0.06    0.00   10.20 ^ clkbuf_2_1__f_clk/A (sky130_fd_sc_hd__clkbuf_16)
                  0.06    0.14   10.34 ^ clkbuf_2_1__f_clk/X (sky130_fd_sc_hd__clkbuf_16)
    12    0.04                           clknet_2_1__leaf_clk (net)
                  0.06    0.00   10.34 ^ _453_/CLK (sky130_fd_sc_hd__dfrtp_1)
                         -0.25   10.09   clock uncertainty
                          0.00   10.09   clock reconvergence pessimism
                          0.24   10.33   library recovery time
                                 10.33   data required time
-----------------------------------------------------------------------------
                                 10.33   data required time
                                 -2.37   data arrival time
-----------------------------------------------------------------------------
                                  7.96   slack (MET)


Startpoint: rst (input port clocked by clk)
Endpoint: _449_ (recovery check against rising-edge clock clk)
Path Group: asynchronous
Path Type: max

Fanout     Cap    Slew   Delay    Time   Description
-----------------------------------------------------------------------------
                          0.00    0.00   clock clk (rise edge)
                          0.00    0.00   clock network delay (propagated)
                          2.00    2.00 v input external delay
                  0.01    0.00    2.00 v rst (in)
     1    0.00                           rst (net)
                  0.01    0.00    2.00 v input2/A (sky130_fd_sc_hd__buf_1)
                  0.05    0.10    2.11 v input2/X (sky130_fd_sc_hd__buf_1)
     3    0.01                           net2 (net)
                  0.05    0.00    2.11 v _355_/A (sky130_fd_sc_hd__buf_4)
                  0.08    0.20    2.31 v _355_/X (sky130_fd_sc_hd__buf_4)
    10    0.05                           _199_ (net)
                  0.08    0.00    2.31 v _401_/A (sky130_fd_sc_hd__inv_2)
                  0.03    0.06    2.37 ^ _401_/Y (sky130_fd_sc_hd__inv_2)
     1    0.00                           _043_ (net)
                  0.03    0.00    2.37 ^ _449_/RESET_B (sky130_fd_sc_hd__dfrtp_1)
                                  2.37   data arrival time

                         10.00   10.00   clock clk (rise edge)
                          0.00   10.00   clock source latency
                  0.08    0.05   10.05 ^ clk (in)
     1    0.02                           clk (net)
                  0.08    0.00   10.05 ^ clkbuf_0_clk/A (sky130_fd_sc_hd__clkbuf_16)
                  0.06    0.15   10.20 ^ clkbuf_0_clk/X (sky130_fd_sc_hd__clkbuf_16)
     4    0.04                           clknet_0_clk (net)
                  0.06    0.00   10.20 ^ clkbuf_2_0__f_clk/A (sky130_fd_sc_hd__clkbuf_16)
                  0.06    0.14   10.34 ^ clkbuf_2_0__f_clk/X (sky130_fd_sc_hd__clkbuf_16)
    14    0.04                           clknet_2_0__leaf_clk (net)
                  0.06    0.00   10.34 ^ _449_/CLK (sky130_fd_sc_hd__dfrtp_1)
                         -0.25   10.09   clock uncertainty
                          0.00   10.09   clock reconvergence pessimism
                          0.24   10.33   library recovery time
                                 10.33   data required time
-----------------------------------------------------------------------------
                                 10.33   data required time
                                 -2.37   data arrival time
-----------------------------------------------------------------------------
                                  7.96   slack (MET)


Startpoint: rst (input port clocked by clk)
Endpoint: _448_ (recovery check against rising-edge clock clk)
Path Group: asynchronous
Path Type: max

Fanout     Cap    Slew   Delay    Time   Description
-----------------------------------------------------------------------------
                          0.00    0.00   clock clk (rise edge)
                          0.00    0.00   clock network delay (propagated)
                          2.00    2.00 v input external delay
                  0.01    0.00    2.00 v rst (in)
     1    0.00                           rst (net)
                  0.01    0.00    2.00 v input2/A (sky130_fd_sc_hd__buf_1)
                  0.05    0.10    2.11 v input2/X (sky130_fd_sc_hd__buf_1)
     3    0.01                           net2 (net)
                  0.05    0.00    2.11 v _355_/A (sky130_fd_sc_hd__buf_4)
                  0.08    0.20    2.31 v _355_/X (sky130_fd_sc_hd__buf_4)
    10    0.05                           _199_ (net)
                  0.08    0.00    2.31 v _400_/A (sky130_fd_sc_hd__inv_2)
                  0.03    0.06    2.37 ^ _400_/Y (sky130_fd_sc_hd__inv_2)
     1    0.00                           _042_ (net)
                  0.03    0.00    2.37 ^ _448_/RESET_B (sky130_fd_sc_hd__dfrtp_1)
                                  2.37   data arrival time

                         10.00   10.00   clock clk (rise edge)
                          0.00   10.00   clock source latency
                  0.08    0.05   10.05 ^ clk (in)
     1    0.02                           clk (net)
                  0.08    0.00   10.05 ^ clkbuf_0_clk/A (sky130_fd_sc_hd__clkbuf_16)
                  0.06    0.15   10.20 ^ clkbuf_0_clk/X (sky130_fd_sc_hd__clkbuf_16)
     4    0.04                           clknet_0_clk (net)
                  0.06    0.00   10.20 ^ clkbuf_2_0__f_clk/A (sky130_fd_sc_hd__clkbuf_16)
                  0.06    0.14   10.34 ^ clkbuf_2_0__f_clk/X (sky130_fd_sc_hd__clkbuf_16)
    14    0.04                           clknet_2_0__leaf_clk (net)
                  0.06    0.00   10.34 ^ _448_/CLK (sky130_fd_sc_hd__dfrtp_1)
                         -0.25   10.09   clock uncertainty
                          0.00   10.09   clock reconvergence pessimism
                          0.24   10.33   library recovery time
                                 10.33   data required time
-----------------------------------------------------------------------------
                                 10.33   data required time
                                 -2.37   data arrival time
-----------------------------------------------------------------------------
                                  7.96   slack (MET)



