
===========================================================================
report_checks -path_delay min (Hold)
============================================================================
======================= Typical Corner ===================================

Startpoint: _415_ (rising edge-triggered flip-flop clocked by clk)
Endpoint: _415_ (rising edge-triggered flip-flop clocked by clk)
Path Group: clk
Path Type: min

Fanout     Cap    Slew   Delay    Time   Description
-----------------------------------------------------------------------------
                          0.00    0.00   clock clk (rise edge)
                          0.00    0.00   clock source latency
                  0.08    0.05    0.05 ^ clk (in)
     1    0.02                           clk (net)
                  0.08    0.00    0.05 ^ clkbuf_0_clk/A (sky130_fd_sc_hd__clkbuf_16)
                  0.06    0.15    0.20 ^ clkbuf_0_clk/X (sky130_fd_sc_hd__clkbuf_16)
     4    0.04                           clknet_0_clk (net)
                  0.06    0.00    0.20 ^ clkbuf_2_2__f_clk/A (sky130_fd_sc_hd__clkbuf_16)
                  0.05    0.14    0.34 ^ clkbuf_2_2__f_clk/X (sky130_fd_sc_hd__clkbuf_16)
    10    0.03                           clknet_2_2__leaf_clk (net)
                  0.05    0.00    0.34 ^ _415_/CLK (sky130_fd_sc_hd__dfrtp_1)
                  0.09    0.34    0.68 ^ _415_/Q (sky130_fd_sc_hd__dfrtp_1)
     3    0.01                           clk_count[7] (net)
                  0.09    0.00    0.68 ^ _332_/S (sky130_fd_sc_hd__mux2_1)
                  0.04    0.13    0.81 ^ _332_/X (sky130_fd_sc_hd__mux2_1)
     1    0.00                           _185_ (net)
                  0.04    0.00    0.81 ^ _333_/A (sky130_fd_sc_hd__clkbuf_1)
                  0.04    0.07    0.88 ^ _333_/X (sky130_fd_sc_hd__clkbuf_1)
     1    0.00                           _057_ (net)
                  0.04    0.00    0.88 ^ _415_/D (sky130_fd_sc_hd__dfrtp_1)
                                  0.88   data arrival time

                          0.00    0.00   clock clk (rise edge)
                          0.00    0.00   clock source latency
                  0.08    0.06    0.06 ^ clk (in)
     1    0.02                           clk (net)
                  0.08    0.00    0.06 ^ clkbuf_0_clk/A (sky130_fd_sc_hd__clkbuf_16)
                  0.06    0.16    0.22 ^ clkbuf_0_clk/X (sky130_fd_sc_hd__clkbuf_16)
     4    0.04                           clknet_0_clk (net)
                  0.06    0.00    0.22 ^ clkbuf_2_2__f_clk/A (sky130_fd_sc_hd__clkbuf_16)
                  0.05    0.15    0.37 ^ clkbuf_2_2__f_clk/X (sky130_fd_sc_hd__clkbuf_16)
    10    0.03                           clknet_2_2__leaf_clk (net)
                  0.05    0.00    0.37 ^ _415_/CLK (sky130_fd_sc_hd__dfrtp_1)
                          0.25    0.62   clock uncertainty
                         -0.04    0.59   clock reconvergence pessimism
                         -0.03    0.55   library hold time
                                  0.55   data required time
-----------------------------------------------------------------------------
                                  0.55   data required time
                                 -0.88   data arrival time
-----------------------------------------------------------------------------
                                  0.32   slack (MET)


Startpoint: _435_ (rising edge-triggered flip-flop clocked by clk)
Endpoint: _435_ (rising edge-triggered flip-flop clocked by clk)
Path Group: clk
Path Type: min

Fanout     Cap    Slew   Delay    Time   Description
-----------------------------------------------------------------------------
                          0.00    0.00   clock clk (rise edge)
                          0.00    0.00   clock source latency
                  0.08    0.05    0.05 ^ clk (in)
     1    0.02                           clk (net)
                  0.08    0.00    0.05 ^ clkbuf_0_clk/A (sky130_fd_sc_hd__clkbuf_16)
                  0.06    0.15    0.20 ^ clkbuf_0_clk/X (sky130_fd_sc_hd__clkbuf_16)
     4    0.04                           clknet_0_clk (net)
                  0.06    0.00    0.20 ^ clkbuf_2_0__f_clk/A (sky130_fd_sc_hd__clkbuf_16)
                  0.06    0.14    0.34 ^ clkbuf_2_0__f_clk/X (sky130_fd_sc_hd__clkbuf_16)
    14    0.04                           clknet_2_0__leaf_clk (net)
                  0.06    0.00    0.34 ^ _435_/CLK (sky130_fd_sc_hd__dfrtp_2)
                  0.09    0.43    0.77 v _435_/Q (sky130_fd_sc_hd__dfrtp_2)
     4    0.02                           net24 (net)
                  0.09    0.00    0.77 v _235_/A (sky130_fd_sc_hd__inv_2)
                  0.04    0.06    0.83 ^ _235_/Y (sky130_fd_sc_hd__inv_2)
     2    0.01                           _123_ (net)
                  0.04    0.00    0.83 ^ _274_/A1 (sky130_fd_sc_hd__a21oi_1)
                  0.04    0.05    0.88 v _274_/Y (sky130_fd_sc_hd__a21oi_1)
     1    0.00                           _075_ (net)
                  0.04    0.00    0.88 v _435_/D (sky130_fd_sc_hd__dfrtp_2)
                                  0.88   data arrival time

                          0.00    0.00   clock clk (rise edge)
                          0.00    0.00   clock source latency
                  0.08    0.06    0.06 ^ clk (in)
     1    0.02                           clk (net)
                  0.08    0.00    0.06 ^ clkbuf_0_clk/A (sky130_fd_sc_hd__clkbuf_16)
                  0.06    0.16    0.22 ^ clkbuf_0_clk/X (sky130_fd_sc_hd__clkbuf_16)
     4    0.04                           clknet_0_clk (net)
                  0.06    0.00    0.22 ^ clkbuf_2_0__f_clk/A (sky130_fd_sc_hd__clkbuf_16)
                  0.06    0.16    0.38 ^ clkbuf_2_0__f_clk/X (sky130_fd_sc_hd__clkbuf_16)
    14    0.04                           clknet_2_0__leaf_clk (net)
                  0.06    0.00    0.38 ^ _435_/CLK (sky130_fd_sc_hd__dfrtp_2)
                          0.25    0.63   clock uncertainty
                         -0.04    0.59   clock reconvergence pessimism
                         -0.04    0.56   library hold time
                                  0.56   data required time
-----------------------------------------------------------------------------
                                  0.56   data required time
                                 -0.88   data arrival time
-----------------------------------------------------------------------------
                                  0.33   slack (MET)


Startpoint: _447_ (rising edge-triggered flip-flop clocked by clk)
Endpoint: _429_ (rising edge-triggered flip-flop clocked by clk)
Path Group: clk
Path Type: min

Fanout     Cap    Slew   Delay    Time   Description
-----------------------------------------------------------------------------
                          0.00    0.00   clock clk (rise edge)
                          0.00    0.00   clock source latency
                  0.08    0.05    0.05 ^ clk (in)
     1    0.02                           clk (net)
                  0.08    0.00    0.05 ^ clkbuf_0_clk/A (sky130_fd_sc_hd__clkbuf_16)
                  0.06    0.15    0.20 ^ clkbuf_0_clk/X (sky130_fd_sc_hd__clkbuf_16)
     4    0.04                           clknet_0_clk (net)
                  0.06    0.00    0.20 ^ clkbuf_2_0__f_clk/A (sky130_fd_sc_hd__clkbuf_16)
                  0.06    0.14    0.34 ^ clkbuf_2_0__f_clk/X (sky130_fd_sc_hd__clkbuf_16)
    14    0.04                           clknet_2_0__leaf_clk (net)
                  0.06    0.00    0.34 ^ _447_/CLK (sky130_fd_sc_hd__dfrtp_1)
                  0.10    0.35    0.70 ^ _447_/Q (sky130_fd_sc_hd__dfrtp_1)
     3    0.01                           rx_shift[3] (net)
                  0.10    0.00    0.70 ^ _287_/A0 (sky130_fd_sc_hd__mux2_1)
                  0.04    0.12    0.82 ^ _287_/X (sky130_fd_sc_hd__mux2_1)
     1    0.00                           _152_ (net)
                  0.04    0.00    0.82 ^ _288_/A (sky130_fd_sc_hd__clkbuf_1)
                  0.04    0.07    0.89 ^ _288_/X (sky130_fd_sc_hd__clkbuf_1)
     1    0.00                           _069_ (net)
                  0.04    0.00    0.89 ^ _429_/D (sky130_fd_sc_hd__dfrtp_1)
                                  0.89   data arrival time

                          0.00    0.00   clock clk (rise edge)
                          0.00    0.00   clock source latency
                  0.08    0.06    0.06 ^ clk (in)
     1    0.02                           clk (net)
                  0.08    0.00    0.06 ^ clkbuf_0_clk/A (sky130_fd_sc_hd__clkbuf_16)
                  0.06    0.16    0.22 ^ clkbuf_0_clk/X (sky130_fd_sc_hd__clkbuf_16)
     4    0.04                           clknet_0_clk (net)
                  0.06    0.00    0.22 ^ clkbuf_2_0__f_clk/A (sky130_fd_sc_hd__clkbuf_16)
                  0.06    0.16    0.38 ^ clkbuf_2_0__f_clk/X (sky130_fd_sc_hd__clkbuf_16)
    14    0.04                           clknet_2_0__leaf_clk (net)
                  0.06    0.00    0.38 ^ _429_/CLK (sky130_fd_sc_hd__dfrtp_1)
                          0.25    0.63   clock uncertainty
                         -0.04    0.59   clock reconvergence pessimism
                         -0.03    0.56   library hold time
                                  0.56   data required time
-----------------------------------------------------------------------------
                                  0.56   data required time
                                 -0.89   data arrival time
-----------------------------------------------------------------------------
                                  0.33   slack (MET)


Startpoint: _449_ (rising edge-triggered flip-flop clocked by clk)
Endpoint: _431_ (rising edge-triggered flip-flop clocked by clk)
Path Group: clk
Path Type: min

Fanout     Cap    Slew   Delay    Time   Description
-----------------------------------------------------------------------------
                          0.00    0.00   clock clk (rise edge)
                          0.00    0.00   clock source latency
                  0.08    0.05    0.05 ^ clk (in)
     1    0.02                           clk (net)
                  0.08    0.00    0.05 ^ clkbuf_0_clk/A (sky130_fd_sc_hd__clkbuf_16)
                  0.06    0.15    0.20 ^ clkbuf_0_clk/X (sky130_fd_sc_hd__clkbuf_16)
     4    0.04                           clknet_0_clk (net)
                  0.06    0.00    0.20 ^ clkbuf_2_0__f_clk/A (sky130_fd_sc_hd__clkbuf_16)
                  0.06    0.14    0.34 ^ clkbuf_2_0__f_clk/X (sky130_fd_sc_hd__clkbuf_16)
    14    0.04                           clknet_2_0__leaf_clk (net)
                  0.06    0.00    0.34 ^ _449_/CLK (sky130_fd_sc_hd__dfrtp_1)
                  0.10    0.35    0.69 ^ _449_/Q (sky130_fd_sc_hd__dfrtp_1)
     3    0.01                           rx_shift[5] (net)
                  0.10    0.00    0.69 ^ _283_/A0 (sky130_fd_sc_hd__mux2_1)
                  0.04    0.13    0.82 ^ _283_/X (sky130_fd_sc_hd__mux2_1)
     1    0.00                           _150_ (net)
                  0.04    0.00    0.82 ^ _284_/A (sky130_fd_sc_hd__clkbuf_1)
                  0.04    0.07    0.89 ^ _284_/X (sky130_fd_sc_hd__clkbuf_1)
     1    0.00                           _071_ (net)
                  0.04    0.00    0.89 ^ _431_/D (sky130_fd_sc_hd__dfrtp_1)
                                  0.89   data arrival time

                          0.00    0.00   clock clk (rise edge)
                          0.00    0.00   clock source latency
                  0.08    0.06    0.06 ^ clk (in)
     1    0.02                           clk (net)
                  0.08    0.00    0.06 ^ clkbuf_0_clk/A (sky130_fd_sc_hd__clkbuf_16)
                  0.06    0.16    0.22 ^ clkbuf_0_clk/X (sky130_fd_sc_hd__clkbuf_16)
     4    0.04                           clknet_0_clk (net)
                  0.06    0.00    0.22 ^ clkbuf_2_0__f_clk/A (sky130_fd_sc_hd__clkbuf_16)
                  0.06    0.16    0.38 ^ clkbuf_2_0__f_clk/X (sky130_fd_sc_hd__clkbuf_16)
    14    0.04                           clknet_2_0__leaf_clk (net)
                  0.06    0.00    0.38 ^ _431_/CLK (sky130_fd_sc_hd__dfrtp_1)
                          0.25    0.63   clock uncertainty
                         -0.04    0.59   clock reconvergence pessimism
                         -0.03    0.56   library hold time
                                  0.56   data required time
-----------------------------------------------------------------------------
                                  0.56   data required time
                                 -0.89   data arrival time
-----------------------------------------------------------------------------
                                  0.33   slack (MET)


Startpoint: _428_ (rising edge-triggered flip-flop clocked by clk)
Endpoint: _428_ (rising edge-triggered flip-flop clocked by clk)
Path Group: clk
Path Type: min

Fanout     Cap    Slew   Delay    Time   Description
-----------------------------------------------------------------------------
                          0.00    0.00   clock clk (rise edge)
                          0.00    0.00   clock source latency
                  0.08    0.05    0.05 ^ clk (in)
     1    0.02                           clk (net)
                  0.08    0.00    0.05 ^ clkbuf_0_clk/A (sky130_fd_sc_hd__clkbuf_16)
                  0.06    0.15    0.20 ^ clkbuf_0_clk/X (sky130_fd_sc_hd__clkbuf_16)
     4    0.04                           clknet_0_clk (net)
                  0.06    0.00    0.20 ^ clkbuf_2_0__f_clk/A (sky130_fd_sc_hd__clkbuf_16)
                  0.06    0.14    0.34 ^ clkbuf_2_0__f_clk/X (sky130_fd_sc_hd__clkbuf_16)
    14    0.04                           clknet_2_0__leaf_clk (net)
                  0.06    0.00    0.34 ^ _428_/CLK (sky130_fd_sc_hd__dfrtp_1)
                  0.10    0.35    0.69 ^ _428_/Q (sky130_fd_sc_hd__dfrtp_1)
     2    0.01                           net18 (net)
                  0.10    0.00    0.69 ^ _289_/A1 (sky130_fd_sc_hd__mux2_1)
                  0.04    0.13    0.82 ^ _289_/X (sky130_fd_sc_hd__mux2_1)
     1    0.00                           _153_ (net)
                  0.04    0.00    0.82 ^ _290_/A (sky130_fd_sc_hd__clkbuf_1)
                  0.04    0.07    0.90 ^ _290_/X (sky130_fd_sc_hd__clkbuf_1)
     1    0.00                           _068_ (net)
                  0.04    0.00    0.90 ^ _428_/D (sky130_fd_sc_hd__dfrtp_1)
                                  0.90   data arrival time

                          0.00    0.00   clock clk (rise edge)
                          0.00    0.00   clock source latency
                  0.08    0.06    0.06 ^ clk (in)
     1    0.02                           clk (net)
                  0.08    0.00    0.06 ^ clkbuf_0_clk/A (sky130_fd_sc_hd__clkbuf_16)
                  0.06    0.16    0.22 ^ clkbuf_0_clk/X (sky130_fd_sc_hd__clkbuf_16)
     4    0.04                           clknet_0_clk (net)
                  0.06    0.00    0.22 ^ clkbuf_2_0__f_clk/A (sky130_fd_sc_hd__clkbuf_16)
                  0.06    0.16    0.38 ^ clkbuf_2_0__f_clk/X (sky130_fd_sc_hd__clkbuf_16)
    14    0.04                           clknet_2_0__leaf_clk (net)
                  0.06    0.00    0.38 ^ _428_/CLK (sky130_fd_sc_hd__dfrtp_1)
                          0.25    0.63   clock uncertainty
                         -0.04    0.59   clock reconvergence pessimism
                         -0.03    0.56   library hold time
                                  0.56   data required time
-----------------------------------------------------------------------------
                                  0.56   data required time
                                 -0.90   data arrival time
-----------------------------------------------------------------------------
                                  0.33   slack (MET)


Startpoint: _423_ (rising edge-triggered flip-flop clocked by clk)
Endpoint: _423_ (rising edge-triggered flip-flop clocked by clk)
Path Group: clk
Path Type: min

Fanout     Cap    Slew   Delay    Time   Description
-----------------------------------------------------------------------------
                          0.00    0.00   clock clk (rise edge)
                          0.00    0.00   clock source latency
                  0.08    0.05    0.05 ^ clk (in)
     1    0.02                           clk (net)
                  0.08    0.00    0.05 ^ clkbuf_0_clk/A (sky130_fd_sc_hd__clkbuf_16)
                  0.06    0.15    0.20 ^ clkbuf_0_clk/X (sky130_fd_sc_hd__clkbuf_16)
     4    0.04                           clknet_0_clk (net)
                  0.06    0.00    0.20 ^ clkbuf_2_2__f_clk/A (sky130_fd_sc_hd__clkbuf_16)
                  0.05    0.14    0.34 ^ clkbuf_2_2__f_clk/X (sky130_fd_sc_hd__clkbuf_16)
    10    0.03                           clknet_2_2__leaf_clk (net)
                  0.05    0.00    0.34 ^ _423_/CLK (sky130_fd_sc_hd__dfrtp_1)
                  0.07    0.37    0.71 v _423_/Q (sky130_fd_sc_hd__dfrtp_1)
     3    0.01                           clk_count[15] (net)
                  0.07    0.00    0.71 v _295_/A (sky130_fd_sc_hd__inv_2)
                  0.03    0.05    0.76 ^ _295_/Y (sky130_fd_sc_hd__inv_2)
     1    0.00                           _156_ (net)
                  0.03    0.00    0.77 ^ _303_/A1 (sky130_fd_sc_hd__o31a_1)
                  0.05    0.12    0.89 ^ _303_/X (sky130_fd_sc_hd__o31a_1)
     1    0.00                           _065_ (net)
                  0.05    0.00    0.89 ^ _423_/D (sky130_fd_sc_hd__dfrtp_1)
                                  0.89   data arrival time

                          0.00    0.00   clock clk (rise edge)
                          0.00    0.00   clock source latency
                  0.08    0.06    0.06 ^ clk (in)
     1    0.02                           clk (net)
                  0.08    0.00    0.06 ^ clkbuf_0_clk/A (sky130_fd_sc_hd__clkbuf_16)
                  0.06    0.16    0.22 ^ clkbuf_0_clk/X (sky130_fd_sc_hd__clkbuf_16)
     4    0.04                           clknet_0_clk (net)
                  0.06    0.00    0.22 ^ clkbuf_2_2__f_clk/A (sky130_fd_sc_hd__clkbuf_16)
                  0.05    0.15    0.37 ^ clkbuf_2_2__f_clk/X (sky130_fd_sc_hd__clkbuf_16)
    10    0.03                           clknet_2_2__leaf_clk (net)
                  0.05    0.00    0.37 ^ _423_/CLK (sky130_fd_sc_hd__dfrtp_1)
                          0.25    0.62   clock uncertainty
                         -0.04    0.59   clock reconvergence pessimism
                         -0.03    0.55   library hold time
                                  0.55   data required time
-----------------------------------------------------------------------------
                                  0.55   data required time
                                 -0.89   data arrival time
-----------------------------------------------------------------------------
                                  0.33   slack (MET)


Startpoint: _419_ (rising edge-triggered flip-flop clocked by clk)
Endpoint: _419_ (rising edge-triggered flip-flop clocked by clk)
Path Group: clk
Path Type: min

Fanout     Cap    Slew   Delay    Time   Description
-----------------------------------------------------------------------------
                          0.00    0.00   clock clk (rise edge)
                          0.00    0.00   clock source latency
                  0.08    0.05    0.05 ^ clk (in)
     1    0.02                           clk (net)
                  0.08    0.00    0.05 ^ clkbuf_0_clk/A (sky130_fd_sc_hd__clkbuf_16)
                  0.06    0.15    0.20 ^ clkbuf_0_clk/X (sky130_fd_sc_hd__clkbuf_16)
     4    0.04                           clknet_0_clk (net)
                  0.06    0.00    0.20 ^ clkbuf_2_3__f_clk/A (sky130_fd_sc_hd__clkbuf_16)
                  0.06    0.14    0.34 ^ clkbuf_2_3__f_clk/X (sky130_fd_sc_hd__clkbuf_16)
    12    0.04                           clknet_2_3__leaf_clk (net)
                  0.06    0.00    0.34 ^ _419_/CLK (sky130_fd_sc_hd__dfrtp_1)
                  0.11    0.36    0.70 ^ _419_/Q (sky130_fd_sc_hd__dfrtp_1)
     3    0.01                           clk_count[11] (net)
                  0.11    0.00    0.70 ^ _317_/S (sky130_fd_sc_hd__mux2_1)
                  0.04    0.13    0.83 ^ _317_/X (sky130_fd_sc_hd__mux2_1)
     1    0.00                           _174_ (net)
                  0.04    0.00    0.83 ^ _318_/A (sky130_fd_sc_hd__clkbuf_1)
                  0.04    0.07    0.90 ^ _318_/X (sky130_fd_sc_hd__clkbuf_1)
     1    0.00                           _061_ (net)
                  0.04    0.00    0.90 ^ _419_/D (sky130_fd_sc_hd__dfrtp_1)
                                  0.90   data arrival time

                          0.00    0.00   clock clk (rise edge)
                          0.00    0.00   clock source latency
                  0.08    0.06    0.06 ^ clk (in)
     1    0.02                           clk (net)
                  0.08    0.00    0.06 ^ clkbuf_0_clk/A (sky130_fd_sc_hd__clkbuf_16)
                  0.06    0.16    0.22 ^ clkbuf_0_clk/X (sky130_fd_sc_hd__clkbuf_16)
     4    0.04                           clknet_0_clk (net)
                  0.06    0.00    0.22 ^ clkbuf_2_3__f_clk/A (sky130_fd_sc_hd__clkbuf_16)
                  0.06    0.15    0.37 ^ clkbuf_2_3__f_clk/X (sky130_fd_sc_hd__clkbuf_16)
    12    0.04                           clknet_2_3__leaf_clk (net)
                  0.06    0.00    0.38 ^ _419_/CLK (sky130_fd_sc_hd__dfrtp_1)
                          0.25    0.63   clock uncertainty
                         -0.04    0.59   clock reconvergence pessimism
                         -0.03    0.56   library hold time
                                  0.56   data required time
-----------------------------------------------------------------------------
                                  0.56   data required time
                                 -0.90   data arrival time
-----------------------------------------------------------------------------
                                  0.34   slack (MET)


Startpoint: _453_ (rising edge-triggered flip-flop clocked by clk)
Endpoint: _453_ (rising edge-triggered flip-flop clocked by clk)
Path Group: clk
Path Type: min

Fanout     Cap    Slew   Delay    Time   Description
-----------------------------------------------------------------------------
                          0.00    0.00   clock clk (rise edge)
                          0.00    0.00   clock source latency
                  0.08    0.05    0.05 ^ clk (in)
     1    0.02                           clk (net)
                  0.08    0.00    0.05 ^ clkbuf_0_clk/A (sky130_fd_sc_hd__clkbuf_16)
                  0.06    0.15    0.20 ^ clkbuf_0_clk/X (sky130_fd_sc_hd__clkbuf_16)
     4    0.04                           clknet_0_clk (net)
                  0.06    0.00    0.20 ^ clkbuf_2_1__f_clk/A (sky130_fd_sc_hd__clkbuf_16)
                  0.06    0.14    0.34 ^ clkbuf_2_1__f_clk/X (sky130_fd_sc_hd__clkbuf_16)
    12    0.04                           clknet_2_1__leaf_clk (net)
                  0.06    0.00    0.34 ^ _453_/CLK (sky130_fd_sc_hd__dfrtp_1)
                  0.11    0.36    0.70 ^ _453_/Q (sky130_fd_sc_hd__dfrtp_1)
     4    0.01                           bit_count[1] (net)
                  0.11    0.00    0.70 ^ _229_/A0 (sky130_fd_sc_hd__mux2_1)
                  0.05    0.13    0.83 ^ _229_/X (sky130_fd_sc_hd__mux2_1)
     1    0.00                           _119_ (net)
                  0.05    0.00    0.83 ^ _230_/A (sky130_fd_sc_hd__clkbuf_1)
                  0.04    0.08    0.90 ^ _230_/X (sky130_fd_sc_hd__clkbuf_1)
     1    0.00                           _093_ (net)
                  0.04    0.00    0.90 ^ _453_/D (sky130_fd_sc_hd__dfrtp_1)
                                  0.90   data arrival time

                          0.00    0.00   clock clk (rise edge)
                          0.00    0.00   clock source latency
                  0.08    0.06    0.06 ^ clk (in)
     1    0.02                           clk (net)
                  0.08    0.00    0.06 ^ clkbuf_0_clk/A (sky130_fd_sc_hd__clkbuf_16)
                  0.06    0.16    0.22 ^ clkbuf_0_clk/X (sky130_fd_sc_hd__clkbuf_16)
     4    0.04                           clknet_0_clk (net)
                  0.06    0.00    0.22 ^ clkbuf_2_1__f_clk/A (sky130_fd_sc_hd__clkbuf_16)
                  0.06    0.15    0.37 ^ clkbuf_2_1__f_clk/X (sky130_fd_sc_hd__clkbuf_16)
    12    0.04                           clknet_2_1__leaf_clk (net)
                  0.06    0.00    0.38 ^ _453_/CLK (sky130_fd_sc_hd__dfrtp_1)
                          0.25    0.63   clock uncertainty
                         -0.04    0.59   clock reconvergence pessimism
                         -0.03    0.56   library hold time
                                  0.56   data required time
-----------------------------------------------------------------------------
                                  0.56   data required time
                                 -0.90   data arrival time
-----------------------------------------------------------------------------
                                  0.35   slack (MET)


Startpoint: _411_ (rising edge-triggered flip-flop clocked by clk)
Endpoint: _411_ (rising edge-triggered flip-flop clocked by clk)
Path Group: clk
Path Type: min

Fanout     Cap    Slew   Delay    Time   Description
-----------------------------------------------------------------------------
                          0.00    0.00   clock clk (rise edge)
                          0.00    0.00   clock source latency
                  0.08    0.05    0.05 ^ clk (in)
     1    0.02                           clk (net)
                  0.08    0.00    0.05 ^ clkbuf_0_clk/A (sky130_fd_sc_hd__clkbuf_16)
                  0.06    0.15    0.20 ^ clkbuf_0_clk/X (sky130_fd_sc_hd__clkbuf_16)
     4    0.04                           clknet_0_clk (net)
                  0.06    0.00    0.20 ^ clkbuf_2_0__f_clk/A (sky130_fd_sc_hd__clkbuf_16)
                  0.06    0.14    0.34 ^ clkbuf_2_0__f_clk/X (sky130_fd_sc_hd__clkbuf_16)
    14    0.04                           clknet_2_0__leaf_clk (net)
                  0.06    0.00    0.34 ^ _411_/CLK (sky130_fd_sc_hd__dfrtp_1)
                  0.09    0.39    0.74 v _411_/Q (sky130_fd_sc_hd__dfrtp_1)
     4    0.01                           clk_count[3] (net)
                  0.09    0.00    0.74 v _343_/A (sky130_fd_sc_hd__inv_2)
                  0.03    0.05    0.79 ^ _343_/Y (sky130_fd_sc_hd__inv_2)
     1    0.00                           _192_ (net)
                  0.03    0.00    0.79 ^ _346_/A1 (sky130_fd_sc_hd__o31a_1)
                  0.05    0.12    0.91 ^ _346_/X (sky130_fd_sc_hd__o31a_1)
     1    0.00                           _053_ (net)
                  0.05    0.00    0.91 ^ _411_/D (sky130_fd_sc_hd__dfrtp_1)
                                  0.91   data arrival time

                          0.00    0.00   clock clk (rise edge)
                          0.00    0.00   clock source latency
                  0.08    0.06    0.06 ^ clk (in)
     1    0.02                           clk (net)
                  0.08    0.00    0.06 ^ clkbuf_0_clk/A (sky130_fd_sc_hd__clkbuf_16)
                  0.06    0.16    0.22 ^ clkbuf_0_clk/X (sky130_fd_sc_hd__clkbuf_16)
     4    0.04                           clknet_0_clk (net)
                  0.06    0.00    0.22 ^ clkbuf_2_0__f_clk/A (sky130_fd_sc_hd__clkbuf_16)
                  0.06    0.16    0.38 ^ clkbuf_2_0__f_clk/X (sky130_fd_sc_hd__clkbuf_16)
    14    0.04                           clknet_2_0__leaf_clk (net)
                  0.06    0.00    0.38 ^ _411_/CLK (sky130_fd_sc_hd__dfrtp_1)
                          0.25    0.63   clock uncertainty
                         -0.04    0.59   clock reconvergence pessimism
                         -0.03    0.56   library hold time
                                  0.56   data required time
-----------------------------------------------------------------------------
                                  0.56   data required time
                                 -0.91   data arrival time
-----------------------------------------------------------------------------
                                  0.35   slack (MET)


Startpoint: _450_ (rising edge-triggered flip-flop clocked by clk)
Endpoint: _432_ (rising edge-triggered flip-flop clocked by clk)
Path Group: clk
Path Type: min

Fanout     Cap    Slew   Delay    Time   Description
-----------------------------------------------------------------------------
                          0.00    0.00   clock clk (rise edge)
                          0.00    0.00   clock source latency
                  0.08    0.05    0.05 ^ clk (in)
     1    0.02                           clk (net)
                  0.08    0.00    0.05 ^ clkbuf_0_clk/A (sky130_fd_sc_hd__clkbuf_16)
                  0.06    0.15    0.20 ^ clkbuf_0_clk/X (sky130_fd_sc_hd__clkbuf_16)
     4    0.04                           clknet_0_clk (net)
                  0.06    0.00    0.20 ^ clkbuf_2_0__f_clk/A (sky130_fd_sc_hd__clkbuf_16)
                  0.06    0.14    0.34 ^ clkbuf_2_0__f_clk/X (sky130_fd_sc_hd__clkbuf_16)
    14    0.04                           clknet_2_0__leaf_clk (net)
                  0.06    0.00    0.34 ^ _450_/CLK (sky130_fd_sc_hd__dfrtp_1)
                  0.12    0.37    0.71 ^ _450_/Q (sky130_fd_sc_hd__dfrtp_1)
     3    0.01                           rx_shift[6] (net)
                  0.12    0.00    0.71 ^ _281_/A0 (sky130_fd_sc_hd__mux2_1)
                  0.04    0.13    0.84 ^ _281_/X (sky130_fd_sc_hd__mux2_1)
     1    0.00                           _149_ (net)
                  0.04    0.00    0.84 ^ _282_/A (sky130_fd_sc_hd__clkbuf_1)
                  0.04    0.07    0.92 ^ _282_/X (sky130_fd_sc_hd__clkbuf_1)
     1    0.00                           _072_ (net)
                  0.04    0.00    0.92 ^ _432_/D (sky130_fd_sc_hd__dfrtp_1)
                                  0.92   data arrival time

                          0.00    0.00   clock clk (rise edge)
                          0.00    0.00   clock source latency
                  0.08    0.06    0.06 ^ clk (in)
     1    0.02                           clk (net)
                  0.08    0.00    0.06 ^ clkbuf_0_clk/A (sky130_fd_sc_hd__clkbuf_16)
                  0.06    0.16    0.22 ^ clkbuf_0_clk/X (sky130_fd_sc_hd__clkbuf_16)
     4    0.04                           clknet_0_clk (net)
                  0.06    0.00    0.22 ^ clkbuf_2_0__f_clk/A (sky130_fd_sc_hd__clkbuf_16)
                  0.06    0.16    0.38 ^ clkbuf_2_0__f_clk/X (sky130_fd_sc_hd__clkbuf_16)
    14    0.04                           clknet_2_0__leaf_clk (net)
                  0.06    0.00    0.38 ^ _432_/CLK (sky130_fd_sc_hd__dfrtp_1)
                          0.25    0.63   clock uncertainty
                         -0.04    0.59   clock reconvergence pessimism
                         -0.03    0.56   library hold time
                                  0.56   data required time
-----------------------------------------------------------------------------
                                  0.56   data required time
                                 -0.92   data arrival time
-----------------------------------------------------------------------------
                                  0.35   slack (MET)


Startpoint: _421_ (rising edge-triggered flip-flop clocked by clk)
Endpoint: _421_ (rising edge-triggered flip-flop clocked by clk)
Path Group: clk
Path Type: min

Fanout     Cap    Slew   Delay    Time   Description
-----------------------------------------------------------------------------
                          0.00    0.00   clock clk (rise edge)
                          0.00    0.00   clock source latency
                  0.08    0.05    0.05 ^ clk (in)
     1    0.02                           clk (net)
                  0.08    0.00    0.05 ^ clkbuf_0_clk/A (sky130_fd_sc_hd__clkbuf_16)
                  0.06    0.15    0.20 ^ clkbuf_0_clk/X (sky130_fd_sc_hd__clkbuf_16)
     4    0.04                           clknet_0_clk (net)
                  0.06    0.00    0.20 ^ clkbuf_2_3__f_clk/A (sky130_fd_sc_hd__clkbuf_16)
                  0.06    0.14    0.34 ^ clkbuf_2_3__f_clk/X (sky130_fd_sc_hd__clkbuf_16)
    12    0.04                           clknet_2_3__leaf_clk (net)
                  0.06    0.00    0.34 ^ _421_/CLK (sky130_fd_sc_hd__dfrtp_1)
                  0.12    0.36    0.70 ^ _421_/Q (sky130_fd_sc_hd__dfrtp_1)
     3    0.01                           clk_count[13] (net)
                  0.12    0.00    0.70 ^ _309_/S (sky130_fd_sc_hd__mux2_1)
                  0.04    0.14    0.84 ^ _309_/X (sky130_fd_sc_hd__mux2_1)
     1    0.00                           _168_ (net)
                  0.04    0.00    0.84 ^ _310_/A (sky130_fd_sc_hd__clkbuf_1)
                  0.04    0.07    0.91 ^ _310_/X (sky130_fd_sc_hd__clkbuf_1)
     1    0.00                           _063_ (net)
                  0.04    0.00    0.91 ^ _421_/D (sky130_fd_sc_hd__dfrtp_1)
                                  0.91   data arrival time

                          0.00    0.00   clock clk (rise edge)
                          0.00    0.00   clock source latency
                  0.08    0.06    0.06 ^ clk (in)
     1    0.02                           clk (net)
                  0.08    0.00    0.06 ^ clkbuf_0_clk/A (sky130_fd_sc_hd__clkbuf_16)
                  0.06    0.16    0.22 ^ clkbuf_0_clk/X (sky130_fd_sc_hd__clkbuf_16)
     4    0.04                           clknet_0_clk (net)
                  0.06    0.00    0.22 ^ clkbuf_2_3__f_clk/A (sky130_fd_sc_hd__clkbuf_16)
                  0.06    0.15    0.37 ^ clkbuf_2_3__f_clk/X (sky130_fd_sc_hd__clkbuf_16)
    12    0.04                           clknet_2_3__leaf_clk (net)
                  0.06    0.00    0.38 ^ _421_/CLK (sky130_fd_sc_hd__dfrtp_1)
                          0.25    0.63   clock uncertainty
                         -0.04    0.59   clock reconvergence pessimism
                         -0.03    0.56   library hold time
                                  0.56   data required time
-----------------------------------------------------------------------------
                                  0.56   data required time
                                 -0.91   data arrival time
-----------------------------------------------------------------------------
                                  0.35   slack (MET)


Startpoint: _430_ (rising edge-triggered flip-flop clocked by clk)
Endpoint: _430_ (rising edge-triggered flip-flop clocked by clk)
Path Group: clk
Path Type: min

Fanout     Cap    Slew   Delay    Time   Description
-----------------------------------------------------------------------------
                          0.00    0.00   clock clk (rise edge)
                          0.00    0.00   clock source latency
                  0.08    0.05    0.05 ^ clk (in)
     1    0.02                           clk (net)
                  0.08    0.00    0.05 ^ clkbuf_0_clk/A (sky130_fd_sc_hd__clkbuf_16)
                  0.06    0.15    0.20 ^ clkbuf_0_clk/X (sky130_fd_sc_hd__clkbuf_16)
     4    0.04                           clknet_0_clk (net)
                  0.06    0.00    0.20 ^ clkbuf_2_0__f_clk/A (sky130_fd_sc_hd__clkbuf_16)
                  0.06    0.14    0.34 ^ clkbuf_2_0__f_clk/X (sky130_fd_sc_hd__clkbuf_16)
    14    0.04                           clknet_2_0__leaf_clk (net)
                  0.06    0.00    0.34 ^ _430_/CLK (sky130_fd_sc_hd__dfrtp_1)
                  0.13    0.37    0.71 ^ _430_/Q (sky130_fd_sc_hd__dfrtp_1)
     2    0.01                           net20 (net)
                  0.13    0.00    0.71 ^ _285_/A1 (sky130_fd_sc_hd__mux2_1)
                  0.04    0.14    0.85 ^ _285_/X (sky130_fd_sc_hd__mux2_1)
     1    0.00                           _151_ (net)
                  0.04    0.00    0.85 ^ _286_/A (sky130_fd_sc_hd__clkbuf_1)
                  0.04    0.07    0.92 ^ _286_/X (sky130_fd_sc_hd__clkbuf_1)
     1    0.00                           _070_ (net)
                  0.04    0.00    0.92 ^ _430_/D (sky130_fd_sc_hd__dfrtp_1)
                                  0.92   data arrival time

                          0.00    0.00   clock clk (rise edge)
                          0.00    0.00   clock source latency
                  0.08    0.06    0.06 ^ clk (in)
     1    0.02                           clk (net)
                  0.08    0.00    0.06 ^ clkbuf_0_clk/A (sky130_fd_sc_hd__clkbuf_16)
                  0.06    0.16    0.22 ^ clkbuf_0_clk/X (sky130_fd_sc_hd__clkbuf_16)
     4    0.04                           clknet_0_clk (net)
                  0.06    0.00    0.22 ^ clkbuf_2_0__f_clk/A (sky130_fd_sc_hd__clkbuf_16)
                  0.06    0.16    0.38 ^ clkbuf_2_0__f_clk/X (sky130_fd_sc_hd__clkbuf_16)
    14    0.04                           clknet_2_0__leaf_clk (net)
                  0.06    0.00    0.38 ^ _430_/CLK (sky130_fd_sc_hd__dfrtp_1)
                          0.25    0.63   clock uncertainty
                         -0.04    0.59   clock reconvergence pessimism
                         -0.03    0.56   library hold time
                                  0.56   data required time
-----------------------------------------------------------------------------
                                  0.56   data required time
                                 -0.92   data arrival time
-----------------------------------------------------------------------------
                                  0.36   slack (MET)


Startpoint: _413_ (rising edge-triggered flip-flop clocked by clk)
Endpoint: _413_ (rising edge-triggered flip-flop clocked by clk)
Path Group: clk
Path Type: min

Fanout     Cap    Slew   Delay    Time   Description
-----------------------------------------------------------------------------
                          0.00    0.00   clock clk (rise edge)
                          0.00    0.00   clock source latency
                  0.08    0.05    0.05 ^ clk (in)
     1    0.02                           clk (net)
                  0.08    0.00    0.05 ^ clkbuf_0_clk/A (sky130_fd_sc_hd__clkbuf_16)
                  0.06    0.15    0.20 ^ clkbuf_0_clk/X (sky130_fd_sc_hd__clkbuf_16)
     4    0.04                           clknet_0_clk (net)
                  0.06    0.00    0.20 ^ clkbuf_2_2__f_clk/A (sky130_fd_sc_hd__clkbuf_16)
                  0.05    0.14    0.34 ^ clkbuf_2_2__f_clk/X (sky130_fd_sc_hd__clkbuf_16)
    10    0.03                           clknet_2_2__leaf_clk (net)
                  0.05    0.00    0.34 ^ _413_/CLK (sky130_fd_sc_hd__dfrtp_1)
                  0.12    0.37    0.70 ^ _413_/Q (sky130_fd_sc_hd__dfrtp_1)
     4    0.01                           clk_count[5] (net)
                  0.12    0.00    0.70 ^ _339_/S (sky130_fd_sc_hd__mux2_1)
                  0.04    0.14    0.84 ^ _339_/X (sky130_fd_sc_hd__mux2_1)
     1    0.00                           _190_ (net)
                  0.04    0.00    0.84 ^ _340_/A (sky130_fd_sc_hd__clkbuf_1)
                  0.05    0.08    0.92 ^ _340_/X (sky130_fd_sc_hd__clkbuf_1)
     1    0.00                           _055_ (net)
                  0.05    0.00    0.92 ^ _413_/D (sky130_fd_sc_hd__dfrtp_1)
                                  0.92   data arrival time

                          0.00    0.00   clock clk (rise edge)
                          0.00    0.00   clock source latency
                  0.08    0.06    0.06 ^ clk (in)
     1    0.02                           clk (net)
                  0.08    0.00    0.06 ^ clkbuf_0_clk/A (sky130_fd_sc_hd__clkbuf_16)
                  0.06    0.16    0.22 ^ clkbuf_0_clk/X (sky130_fd_sc_hd__clkbuf_16)
     4    0.04                           clknet_0_clk (net)
                  0.06    0.00    0.22 ^ clkbuf_2_2__f_clk/A (sky130_fd_sc_hd__clkbuf_16)
                  0.05    0.15    0.37 ^ clkbuf_2_2__f_clk/X (sky130_fd_sc_hd__clkbuf_16)
    10    0.03                           clknet_2_2__leaf_clk (net)
                  0.05    0.00    0.37 ^ _413_/CLK (sky130_fd_sc_hd__dfrtp_1)
                          0.25    0.62   clock uncertainty
                         -0.04    0.59   clock reconvergence pessimism
                         -0.03    0.55   library hold time
                                  0.55   data required time
-----------------------------------------------------------------------------
                                  0.55   data required time
                                 -0.92   data arrival time
-----------------------------------------------------------------------------
                                  0.36   slack (MET)


Startpoint: _452_ (rising edge-triggered flip-flop clocked by clk)
Endpoint: _452_ (rising edge-triggered flip-flop clocked by clk)
Path Group: clk
Path Type: min

Fanout     Cap    Slew   Delay    Time   Description
-----------------------------------------------------------------------------
                          0.00    0.00   clock clk (rise edge)
                          0.00    0.00   clock source latency
                  0.08    0.05    0.05 ^ clk (in)
     1    0.02                           clk (net)
                  0.08    0.00    0.05 ^ clkbuf_0_clk/A (sky130_fd_sc_hd__clkbuf_16)
                  0.06    0.15    0.20 ^ clkbuf_0_clk/X (sky130_fd_sc_hd__clkbuf_16)
     4    0.04                           clknet_0_clk (net)
                  0.06    0.00    0.20 ^ clkbuf_2_1__f_clk/A (sky130_fd_sc_hd__clkbuf_16)
                  0.06    0.14    0.34 ^ clkbuf_2_1__f_clk/X (sky130_fd_sc_hd__clkbuf_16)
    12    0.04                           clknet_2_1__leaf_clk (net)
                  0.06    0.00    0.34 ^ _452_/CLK (sky130_fd_sc_hd__dfrtp_1)
                  0.13    0.37    0.71 ^ _452_/Q (sky130_fd_sc_hd__dfrtp_1)
     5    0.01                           bit_count[0] (net)
                  0.13    0.00    0.71 ^ _233_/A0 (sky130_fd_sc_hd__mux2_1)
                  0.04    0.14    0.85 ^ _233_/X (sky130_fd_sc_hd__mux2_1)
     1    0.00                           _122_ (net)
                  0.04    0.00    0.85 ^ _234_/A (sky130_fd_sc_hd__clkbuf_1)
                  0.04    0.07    0.92 ^ _234_/X (sky130_fd_sc_hd__clkbuf_1)
     1    0.00                           _092_ (net)
                  0.04    0.00    0.92 ^ _452_/D (sky130_fd_sc_hd__dfrtp_1)
                                  0.92   data arrival time

                          0.00    0.00   clock clk (rise edge)
                          0.00    0.00   clock source latency
                  0.08    0.06    0.06 ^ clk (in)
     1    0.02                           clk (net)
                  0.08    0.00    0.06 ^ clkbuf_0_clk/A (sky130_fd_sc_hd__clkbuf_16)
                  0.06    0.16    0.22 ^ clkbuf_0_clk/X (sky130_fd_sc_hd__clkbuf_16)
     4    0.04                           clknet_0_clk (net)
                  0.06    0.00    0.22 ^ clkbuf_2_1__f_clk/A (sky130_fd_sc_hd__clkbuf_16)
                  0.06    0.15    0.37 ^ clkbuf_2_1__f_clk/X (sky130_fd_sc_hd__clkbuf_16)
    12    0.04                           clknet_2_1__leaf_clk (net)
                  0.06    0.00    0.38 ^ _452_/CLK (sky130_fd_sc_hd__dfrtp_1)
                          0.25    0.63   clock uncertainty
                         -0.04    0.59   clock reconvergence pessimism
                         -0.03    0.56   library hold time
                                  0.56   data required time
-----------------------------------------------------------------------------
                                  0.56   data required time
                                 -0.92   data arrival time
-----------------------------------------------------------------------------
                                  0.36   slack (MET)


Startpoint: _434_ (rising edge-triggered flip-flop clocked by clk)
Endpoint: _434_ (rising edge-triggered flip-flop clocked by clk)
Path Group: clk
Path Type: min

Fanout     Cap    Slew   Delay    Time   Description
-----------------------------------------------------------------------------
                          0.00    0.00   clock clk (rise edge)
                          0.00    0.00   clock source latency
                  0.08    0.05    0.05 ^ clk (in)
     1    0.02                           clk (net)
                  0.08    0.00    0.05 ^ clkbuf_0_clk/A (sky130_fd_sc_hd__clkbuf_16)
                  0.06    0.15    0.20 ^ clkbuf_0_clk/X (sky130_fd_sc_hd__clkbuf_16)
     4    0.04                           clknet_0_clk (net)
                  0.06    0.00    0.20 ^ clkbuf_2_1__f_clk/A (sky130_fd_sc_hd__clkbuf_16)
                  0.06    0.14    0.34 ^ clkbuf_2_1__f_clk/X (sky130_fd_sc_hd__clkbuf_16)
    12    0.04                           clknet_2_1__leaf_clk (net)
                  0.06    0.00    0.34 ^ _434_/CLK (sky130_fd_sc_hd__dfrtp_1)
                  0.11    0.36    0.70 ^ _434_/Q (sky130_fd_sc_hd__dfrtp_1)
     2    0.01                           net15 (net)
                  0.11    0.00    0.70 ^ _277_/A1 (sky130_fd_sc_hd__mux2_1)
                  0.05    0.14    0.84 ^ _277_/X (sky130_fd_sc_hd__mux2_1)
     1    0.00                           _147_ (net)
                  0.05    0.00    0.84 ^ _278_/A (sky130_fd_sc_hd__clkbuf_1)
                  0.05    0.08    0.92 ^ _278_/X (sky130_fd_sc_hd__clkbuf_1)
     1    0.00                           _074_ (net)
                  0.05    0.00    0.92 ^ _434_/D (sky130_fd_sc_hd__dfrtp_1)
                                  0.92   data arrival time

                          0.00    0.00   clock clk (rise edge)
                          0.00    0.00   clock source latency
                  0.08    0.06    0.06 ^ clk (in)
     1    0.02                           clk (net)
                  0.08    0.00    0.06 ^ clkbuf_0_clk/A (sky130_fd_sc_hd__clkbuf_16)
                  0.06    0.16    0.22 ^ clkbuf_0_clk/X (sky130_fd_sc_hd__clkbuf_16)
     4    0.04                           clknet_0_clk (net)
                  0.06    0.00    0.22 ^ clkbuf_2_1__f_clk/A (sky130_fd_sc_hd__clkbuf_16)
                  0.06    0.15    0.37 ^ clkbuf_2_1__f_clk/X (sky130_fd_sc_hd__clkbuf_16)
    12    0.04                           clknet_2_1__leaf_clk (net)
                  0.06    0.00    0.37 ^ _434_/CLK (sky130_fd_sc_hd__dfrtp_1)
                          0.25    0.62   clock uncertainty
                         -0.04    0.59   clock reconvergence pessimism
                         -0.03    0.56   library hold time
                                  0.56   data required time
-----------------------------------------------------------------------------
                                  0.56   data required time
                                 -0.92   data arrival time
-----------------------------------------------------------------------------
                                  0.37   slack (MET)


Startpoint: _408_ (rising edge-triggered flip-flop clocked by clk)
Endpoint: _409_ (rising edge-triggered flip-flop clocked by clk)
Path Group: clk
Path Type: min

Fanout     Cap    Slew   Delay    Time   Description
-----------------------------------------------------------------------------
                          0.00    0.00   clock clk (rise edge)
                          0.00    0.00   clock source latency
                  0.08    0.05    0.05 ^ clk (in)
     1    0.02                           clk (net)
                  0.08    0.00    0.05 ^ clkbuf_0_clk/A (sky130_fd_sc_hd__clkbuf_16)
                  0.06    0.15    0.20 ^ clkbuf_0_clk/X (sky130_fd_sc_hd__clkbuf_16)
     4    0.04                           clknet_0_clk (net)
                  0.06    0.00    0.20 ^ clkbuf_2_0__f_clk/A (sky130_fd_sc_hd__clkbuf_16)
                  0.06    0.14    0.34 ^ clkbuf_2_0__f_clk/X (sky130_fd_sc_hd__clkbuf_16)
    14    0.04                           clknet_2_0__leaf_clk (net)
                  0.06    0.00    0.34 ^ _408_/CLK (sky130_fd_sc_hd__dfrtp_4)
                  0.11    0.44    0.78 ^ _408_/Q (sky130_fd_sc_hd__dfrtp_4)
     8    0.03                           clk_count[0] (net)
                  0.11    0.00    0.78 ^ _349_/A1 (sky130_fd_sc_hd__a21oi_1)
                  0.03    0.07    0.85 v _349_/Y (sky130_fd_sc_hd__a21oi_1)
     1    0.00                           _196_ (net)
                  0.03    0.00    0.85 v _351_/A (sky130_fd_sc_hd__nor2_1)
                  0.07    0.08    0.94 ^ _351_/Y (sky130_fd_sc_hd__nor2_1)
     1    0.00                           _051_ (net)
                  0.07    0.00    0.94 ^ _409_/D (sky130_fd_sc_hd__dfrtp_4)
                                  0.94   data arrival time

                          0.00    0.00   clock clk (rise edge)
                          0.00    0.00   clock source latency
                  0.08    0.06    0.06 ^ clk (in)
     1    0.02                           clk (net)
                  0.08    0.00    0.06 ^ clkbuf_0_clk/A (sky130_fd_sc_hd__clkbuf_16)
                  0.06    0.16    0.22 ^ clkbuf_0_clk/X (sky130_fd_sc_hd__clkbuf_16)
     4    0.04                           clknet_0_clk (net)
                  0.06    0.00    0.22 ^ clkbuf_2_2__f_clk/A (sky130_fd_sc_hd__clkbuf_16)
                  0.05    0.15    0.37 ^ clkbuf_2_2__f_clk/X (sky130_fd_sc_hd__clkbuf_16)
    10    0.03                           clknet_2_2__leaf_clk (net)
                  0.05    0.00    0.37 ^ _409_/CLK (sky130_fd_sc_hd__dfrtp_4)
                          0.25    0.62   clock uncertainty
                         -0.02    0.60   clock reconvergence pessimism
                         -0.04    0.56   library hold time
                                  0.56   data required time
-----------------------------------------------------------------------------
                                  0.56   data required time
                                 -0.94   data arrival time
-----------------------------------------------------------------------------
                                  0.37   slack (MET)


Startpoint: _453_ (rising edge-triggered flip-flop clocked by clk)
Endpoint: _454_ (rising edge-triggered flip-flop clocked by clk)
Path Group: clk
Path Type: min

Fanout     Cap    Slew   Delay    Time   Description
-----------------------------------------------------------------------------
                          0.00    0.00   clock clk (rise edge)
                          0.00    0.00   clock source latency
                  0.08    0.05    0.05 ^ clk (in)
     1    0.02                           clk (net)
                  0.08    0.00    0.05 ^ clkbuf_0_clk/A (sky130_fd_sc_hd__clkbuf_16)
                  0.06    0.15    0.20 ^ clkbuf_0_clk/X (sky130_fd_sc_hd__clkbuf_16)
     4    0.04                           clknet_0_clk (net)
                  0.06    0.00    0.20 ^ clkbuf_2_1__f_clk/A (sky130_fd_sc_hd__clkbuf_16)
                  0.06    0.14    0.34 ^ clkbuf_2_1__f_clk/X (sky130_fd_sc_hd__clkbuf_16)
    12    0.04                           clknet_2_1__leaf_clk (net)
                  0.06    0.00    0.34 ^ _453_/CLK (sky130_fd_sc_hd__dfrtp_1)
                  0.11    0.36    0.70 ^ _453_/Q (sky130_fd_sc_hd__dfrtp_1)
     4    0.01                           bit_count[1] (net)
                  0.11    0.00    0.70 ^ _224_/A (sky130_fd_sc_hd__nand2_1)
                  0.05    0.07    0.77 v _224_/Y (sky130_fd_sc_hd__nand2_1)
     2    0.01                           _115_ (net)
                  0.05    0.00    0.77 v _225_/B (sky130_fd_sc_hd__nand2_1)
                  0.03    0.06    0.83 ^ _225_/Y (sky130_fd_sc_hd__nand2_1)
     1    0.00                           _116_ (net)
                  0.03    0.00    0.83 ^ _226_/B2 (sky130_fd_sc_hd__a2bb2o_1)
                  0.04    0.11    0.93 ^ _226_/X (sky130_fd_sc_hd__a2bb2o_1)
     1    0.00                           _094_ (net)
                  0.04    0.00    0.93 ^ _454_/D (sky130_fd_sc_hd__dfrtp_1)
                                  0.93   data arrival time

                          0.00    0.00   clock clk (rise edge)
                          0.00    0.00   clock source latency
                  0.08    0.06    0.06 ^ clk (in)
     1    0.02                           clk (net)
                  0.08    0.00    0.06 ^ clkbuf_0_clk/A (sky130_fd_sc_hd__clkbuf_16)
                  0.06    0.16    0.22 ^ clkbuf_0_clk/X (sky130_fd_sc_hd__clkbuf_16)
     4    0.04                           clknet_0_clk (net)
                  0.06    0.00    0.22 ^ clkbuf_2_1__f_clk/A (sky130_fd_sc_hd__clkbuf_16)
                  0.06    0.15    0.37 ^ clkbuf_2_1__f_clk/X (sky130_fd_sc_hd__clkbuf_16)
    12    0.04                           clknet_2_1__leaf_clk (net)
                  0.06    0.00    0.37 ^ _454_/CLK (sky130_fd_sc_hd__dfrtp_1)
                          0.25    0.62   clock uncertainty
                         -0.04    0.59   clock reconvergence pessimism
                         -0.03    0.56   library hold time
                                  0.56   data required time
-----------------------------------------------------------------------------
                                  0.56   data required time
                                 -0.93   data arrival time
-----------------------------------------------------------------------------
                                  0.38   slack (MET)


Startpoint: _440_ (rising edge-triggered flip-flop clocked by clk)
Endpoint: _441_ (rising edge-triggered flip-flop clocked by clk)
Path Group: clk
Path Type: min

Fanout     Cap    Slew   Delay    Time   Description
-----------------------------------------------------------------------------
                          0.00    0.00   clock clk (rise edge)
                          0.00    0.00   clock source latency
                  0.08    0.05    0.05 ^ clk (in)
     1    0.02                           clk (net)
                  0.08    0.00    0.05 ^ clkbuf_0_clk/A (sky130_fd_sc_hd__clkbuf_16)
                  0.06    0.15    0.20 ^ clkbuf_0_clk/X (sky130_fd_sc_hd__clkbuf_16)
     4    0.04                           clknet_0_clk (net)
                  0.06    0.00    0.20 ^ clkbuf_2_3__f_clk/A (sky130_fd_sc_hd__clkbuf_16)
                  0.06    0.14    0.34 ^ clkbuf_2_3__f_clk/X (sky130_fd_sc_hd__clkbuf_16)
    12    0.04                           clknet_2_3__leaf_clk (net)
                  0.06    0.00    0.34 ^ _440_/CLK (sky130_fd_sc_hd__dfrtp_1)
                  0.06    0.32    0.66 ^ _440_/Q (sky130_fd_sc_hd__dfrtp_1)
     2    0.00                           tx_shift[3] (net)
                  0.06    0.00    0.66 ^ _254_/A1 (sky130_fd_sc_hd__mux2_1)
                  0.04    0.12    0.78 ^ _254_/X (sky130_fd_sc_hd__mux2_1)
     1    0.00                           _132_ (net)
                  0.04    0.00    0.78 ^ _255_/A1 (sky130_fd_sc_hd__mux2_1)
                  0.04    0.11    0.89 ^ _255_/X (sky130_fd_sc_hd__mux2_1)
     1    0.00                           _133_ (net)
                  0.04    0.00    0.89 ^ _256_/A (sky130_fd_sc_hd__clkbuf_1)
                  0.04    0.07    0.96 ^ _256_/X (sky130_fd_sc_hd__clkbuf_1)
     1    0.00                           _081_ (net)
                  0.04    0.00    0.96 ^ _441_/D (sky130_fd_sc_hd__dfrtp_1)
                                  0.96   data arrival time

                          0.00    0.00   clock clk (rise edge)
                          0.00    0.00   clock source latency
                  0.08    0.06    0.06 ^ clk (in)
     1    0.02                           clk (net)
                  0.08    0.00    0.06 ^ clkbuf_0_clk/A (sky130_fd_sc_hd__clkbuf_16)
                  0.06    0.16    0.22 ^ clkbuf_0_clk/X (sky130_fd_sc_hd__clkbuf_16)
     4    0.04                           clknet_0_clk (net)
                  0.06    0.00    0.22 ^ clkbuf_2_1__f_clk/A (sky130_fd_sc_hd__clkbuf_16)
                  0.06    0.15    0.37 ^ clkbuf_2_1__f_clk/X (sky130_fd_sc_hd__clkbuf_16)
    12    0.04                           clknet_2_1__leaf_clk (net)
                  0.06    0.00    0.38 ^ _441_/CLK (sky130_fd_sc_hd__dfrtp_1)
                          0.25    0.63   clock uncertainty
                         -0.02    0.60   clock reconvergence pessimism
                         -0.03    0.57   library hold time
                                  0.57   data required time
-----------------------------------------------------------------------------
                                  0.57   data required time
                                 -0.96   data arrival time
-----------------------------------------------------------------------------
                                  0.39   slack (MET)


Startpoint: _422_ (rising edge-triggered flip-flop clocked by clk)
Endpoint: _422_ (rising edge-triggered flip-flop clocked by clk)
Path Group: clk
Path Type: min

Fanout     Cap    Slew   Delay    Time   Description
-----------------------------------------------------------------------------
                          0.00    0.00   clock clk (rise edge)
                          0.00    0.00   clock source latency
                  0.08    0.05    0.05 ^ clk (in)
     1    0.02                           clk (net)
                  0.08    0.00    0.05 ^ clkbuf_0_clk/A (sky130_fd_sc_hd__clkbuf_16)
                  0.06    0.15    0.20 ^ clkbuf_0_clk/X (sky130_fd_sc_hd__clkbuf_16)
     4    0.04                           clknet_0_clk (net)
                  0.06    0.00    0.20 ^ clkbuf_2_2__f_clk/A (sky130_fd_sc_hd__clkbuf_16)
                  0.05    0.14    0.34 ^ clkbuf_2_2__f_clk/X (sky130_fd_sc_hd__clkbuf_16)
    10    0.03                           clknet_2_2__leaf_clk (net)
                  0.05    0.00    0.34 ^ _422_/CLK (sky130_fd_sc_hd__dfrtp_1)
                  0.10    0.35    0.69 ^ _422_/Q (sky130_fd_sc_hd__dfrtp_1)
     4    0.01                           clk_count[14] (net)
                  0.10    0.00    0.69 ^ _301_/A1 (sky130_fd_sc_hd__a21oi_1)
                  0.06    0.09    0.77 v _301_/Y (sky130_fd_sc_hd__a21oi_1)
     2    0.01                           _162_ (net)
                  0.06    0.00    0.77 v _305_/A2 (sky130_fd_sc_hd__o21a_1)
                  0.03    0.16    0.93 v _305_/X (sky130_fd_sc_hd__o21a_1)
     1    0.00                           _064_ (net)
                  0.03    0.00    0.93 v _422_/D (sky130_fd_sc_hd__dfrtp_1)
                                  0.93   data arrival time

                          0.00    0.00   clock clk (rise edge)
                          0.00    0.00   clock source latency
                  0.08    0.06    0.06 ^ clk (in)
     1    0.02                           clk (net)
                  0.08    0.00    0.06 ^ clkbuf_0_clk/A (sky130_fd_sc_hd__clkbuf_16)
                  0.06    0.16    0.22 ^ clkbuf_0_clk/X (sky130_fd_sc_hd__clkbuf_16)
     4    0.04                           clknet_0_clk (net)
                  0.06    0.00    0.22 ^ clkbuf_2_2__f_clk/A (sky130_fd_sc_hd__clkbuf_16)
                  0.05    0.15    0.37 ^ clkbuf_2_2__f_clk/X (sky130_fd_sc_hd__clkbuf_16)
    10    0.03                           clknet_2_2__leaf_clk (net)
                  0.05    0.00    0.37 ^ _422_/CLK (sky130_fd_sc_hd__dfrtp_1)
                          0.25    0.62   clock uncertainty
                         -0.04    0.59   clock reconvergence pessimism
                         -0.04    0.55   library hold time
                                  0.55   data required time
-----------------------------------------------------------------------------
                                  0.55   data required time
                                 -0.93   data arrival time
-----------------------------------------------------------------------------
                                  0.39   slack (MET)


Startpoint: _437_ (rising edge-triggered flip-flop clocked by clk)
Endpoint: _438_ (rising edge-triggered flip-flop clocked by clk)
Path Group: clk
Path Type: min

Fanout     Cap    Slew   Delay    Time   Description
-----------------------------------------------------------------------------
                          0.00    0.00   clock clk (rise edge)
                          0.00    0.00   clock source latency
                  0.08    0.05    0.05 ^ clk (in)
     1    0.02                           clk (net)
                  0.08    0.00    0.05 ^ clkbuf_0_clk/A (sky130_fd_sc_hd__clkbuf_16)
                  0.06    0.15    0.20 ^ clkbuf_0_clk/X (sky130_fd_sc_hd__clkbuf_16)
     4    0.04                           clknet_0_clk (net)
                  0.06    0.00    0.20 ^ clkbuf_2_3__f_clk/A (sky130_fd_sc_hd__clkbuf_16)
                  0.06    0.14    0.34 ^ clkbuf_2_3__f_clk/X (sky130_fd_sc_hd__clkbuf_16)
    12    0.04                           clknet_2_3__leaf_clk (net)
                  0.06    0.00    0.34 ^ _437_/CLK (sky130_fd_sc_hd__dfrtp_1)
                  0.06    0.32    0.66 ^ _437_/Q (sky130_fd_sc_hd__dfrtp_1)
     2    0.00                           tx_shift[0] (net)
                  0.06    0.00    0.66 ^ _263_/A1 (sky130_fd_sc_hd__mux2_1)
                  0.04    0.11    0.77 ^ _263_/X (sky130_fd_sc_hd__mux2_1)
     1    0.00                           _138_ (net)
                  0.04    0.00    0.77 ^ _264_/A1 (sky130_fd_sc_hd__mux2_1)
                  0.04    0.11    0.88 ^ _264_/X (sky130_fd_sc_hd__mux2_1)
     1    0.00                           _139_ (net)
                  0.04    0.00    0.88 ^ _265_/A (sky130_fd_sc_hd__clkbuf_1)
                  0.04    0.07    0.96 ^ _265_/X (sky130_fd_sc_hd__clkbuf_1)
     1    0.00                           _078_ (net)
                  0.04    0.00    0.96 ^ _438_/D (sky130_fd_sc_hd__dfrtp_1)
                                  0.96   data arrival time

                          0.00    0.00   clock clk (rise edge)
                          0.00    0.00   clock source latency
                  0.08    0.06    0.06 ^ clk (in)
     1    0.02                           clk (net)
                  0.08    0.00    0.06 ^ clkbuf_0_clk/A (sky130_fd_sc_hd__clkbuf_16)
                  0.06    0.16    0.22 ^ clkbuf_0_clk/X (sky130_fd_sc_hd__clkbuf_16)
     4    0.04                           clknet_0_clk (net)
                  0.06    0.00    0.22 ^ clkbuf_2_3__f_clk/A (sky130_fd_sc_hd__clkbuf_16)
                  0.06    0.15    0.37 ^ clkbuf_2_3__f_clk/X (sky130_fd_sc_hd__clkbuf_16)
    12    0.04                           clknet_2_3__leaf_clk (net)
                  0.06    0.00    0.38 ^ _438_/CLK (sky130_fd_sc_hd__dfrtp_1)
                          0.25    0.63   clock uncertainty
                         -0.04    0.59   clock reconvergence pessimism
                         -0.03    0.56   library hold time
                                  0.56   data required time
-----------------------------------------------------------------------------
                                  0.56   data required time
                                 -0.96   data arrival time
-----------------------------------------------------------------------------
                                  0.40   slack (MET)


Startpoint: _442_ (rising edge-triggered flip-flop clocked by clk)
Endpoint: _443_ (rising edge-triggered flip-flop clocked by clk)
Path Group: clk
Path Type: min

Fanout     Cap    Slew   Delay    Time   Description
-----------------------------------------------------------------------------
                          0.00    0.00   clock clk (rise edge)
                          0.00    0.00   clock source latency
                  0.08    0.05    0.05 ^ clk (in)
     1    0.02                           clk (net)
                  0.08    0.00    0.05 ^ clkbuf_0_clk/A (sky130_fd_sc_hd__clkbuf_16)
                  0.06    0.15    0.20 ^ clkbuf_0_clk/X (sky130_fd_sc_hd__clkbuf_16)
     4    0.04                           clknet_0_clk (net)
                  0.06    0.00    0.20 ^ clkbuf_2_1__f_clk/A (sky130_fd_sc_hd__clkbuf_16)
                  0.06    0.14    0.34 ^ clkbuf_2_1__f_clk/X (sky130_fd_sc_hd__clkbuf_16)
    12    0.04                           clknet_2_1__leaf_clk (net)
                  0.06    0.00    0.34 ^ _442_/CLK (sky130_fd_sc_hd__dfrtp_1)
                  0.06    0.32    0.66 ^ _442_/Q (sky130_fd_sc_hd__dfrtp_1)
     2    0.01                           tx_shift[5] (net)
                  0.06    0.00    0.66 ^ _248_/A1 (sky130_fd_sc_hd__mux2_1)
                  0.04    0.12    0.77 ^ _248_/X (sky130_fd_sc_hd__mux2_1)
     1    0.00                           _128_ (net)
                  0.04    0.00    0.77 ^ _249_/A1 (sky130_fd_sc_hd__mux2_1)
                  0.04    0.11    0.88 ^ _249_/X (sky130_fd_sc_hd__mux2_1)
     1    0.00                           _129_ (net)
                  0.04    0.00    0.88 ^ _250_/A (sky130_fd_sc_hd__clkbuf_1)
                  0.05    0.08    0.96 ^ _250_/X (sky130_fd_sc_hd__clkbuf_1)
     1    0.00                           _083_ (net)
                  0.05    0.00    0.96 ^ _443_/D (sky130_fd_sc_hd__dfrtp_1)
                                  0.96   data arrival time

                          0.00    0.00   clock clk (rise edge)
                          0.00    0.00   clock source latency
                  0.08    0.06    0.06 ^ clk (in)
     1    0.02                           clk (net)
                  0.08    0.00    0.06 ^ clkbuf_0_clk/A (sky130_fd_sc_hd__clkbuf_16)
                  0.06    0.16    0.22 ^ clkbuf_0_clk/X (sky130_fd_sc_hd__clkbuf_16)
     4    0.04                           clknet_0_clk (net)
                  0.06    0.00    0.22 ^ clkbuf_2_1__f_clk/A (sky130_fd_sc_hd__clkbuf_16)
                  0.06    0.15    0.37 ^ clkbuf_2_1__f_clk/X (sky130_fd_sc_hd__clkbuf_16)
    12    0.04                           clknet_2_1__leaf_clk (net)
                  0.06    0.00    0.38 ^ _443_/CLK (sky130_fd_sc_hd__dfrtp_1)
                          0.25    0.63   clock uncertainty
                         -0.04    0.59   clock reconvergence pessimism
                         -0.03    0.56   library hold time
                                  0.56   data required time
-----------------------------------------------------------------------------
                                  0.56   data required time
                                 -0.96   data arrival time
-----------------------------------------------------------------------------
                                  0.40   slack (MET)


Startpoint: _438_ (rising edge-triggered flip-flop clocked by clk)
Endpoint: _439_ (rising edge-triggered flip-flop clocked by clk)
Path Group: clk
Path Type: min

Fanout     Cap    Slew   Delay    Time   Description
-----------------------------------------------------------------------------
                          0.00    0.00   clock clk (rise edge)
                          0.00    0.00   clock source latency
                  0.08    0.05    0.05 ^ clk (in)
     1    0.02                           clk (net)
                  0.08    0.00    0.05 ^ clkbuf_0_clk/A (sky130_fd_sc_hd__clkbuf_16)
                  0.06    0.15    0.20 ^ clkbuf_0_clk/X (sky130_fd_sc_hd__clkbuf_16)
     4    0.04                           clknet_0_clk (net)
                  0.06    0.00    0.20 ^ clkbuf_2_3__f_clk/A (sky130_fd_sc_hd__clkbuf_16)
                  0.06    0.14    0.34 ^ clkbuf_2_3__f_clk/X (sky130_fd_sc_hd__clkbuf_16)
    12    0.04                           clknet_2_3__leaf_clk (net)
                  0.06    0.00    0.34 ^ _438_/CLK (sky130_fd_sc_hd__dfrtp_1)
                  0.07    0.32    0.66 ^ _438_/Q (sky130_fd_sc_hd__dfrtp_1)
     2    0.01                           tx_shift[1] (net)
                  0.07    0.00    0.66 ^ _260_/A1 (sky130_fd_sc_hd__mux2_1)
                  0.04    0.12    0.78 ^ _260_/X (sky130_fd_sc_hd__mux2_1)
     1    0.00                           _136_ (net)
                  0.04    0.00    0.78 ^ _261_/A1 (sky130_fd_sc_hd__mux2_1)
                  0.04    0.11    0.89 ^ _261_/X (sky130_fd_sc_hd__mux2_1)
     1    0.00                           _137_ (net)
                  0.04    0.00    0.89 ^ _262_/A (sky130_fd_sc_hd__clkbuf_1)
                  0.04    0.07    0.96 ^ _262_/X (sky130_fd_sc_hd__clkbuf_1)
     1    0.00                           _079_ (net)
                  0.04    0.00    0.96 ^ _439_/D (sky130_fd_sc_hd__dfrtp_1)
                                  0.96   data arrival time

                          0.00    0.00   clock clk (rise edge)
                          0.00    0.00   clock source latency
                  0.08    0.06    0.06 ^ clk (in)
     1    0.02                           clk (net)
                  0.08    0.00    0.06 ^ clkbuf_0_clk/A (sky130_fd_sc_hd__clkbuf_16)
                  0.06    0.16    0.22 ^ clkbuf_0_clk/X (sky130_fd_sc_hd__clkbuf_16)
     4    0.04                           clknet_0_clk (net)
                  0.06    0.00    0.22 ^ clkbuf_2_3__f_clk/A (sky130_fd_sc_hd__clkbuf_16)
                  0.06    0.15    0.37 ^ clkbuf_2_3__f_clk/X (sky130_fd_sc_hd__clkbuf_16)
    12    0.04                           clknet_2_3__leaf_clk (net)
                  0.06    0.00    0.38 ^ _439_/CLK (sky130_fd_sc_hd__dfrtp_1)
                          0.25    0.63   clock uncertainty
                         -0.04    0.59   clock reconvergence pessimism
                         -0.03    0.56   library hold time
                                  0.56   data required time
-----------------------------------------------------------------------------
                                  0.56   data required time
                                 -0.96   data arrival time
-----------------------------------------------------------------------------
                                  0.40   slack (MET)


Startpoint: _410_ (rising edge-triggered flip-flop clocked by clk)
Endpoint: _410_ (rising edge-triggered flip-flop clocked by clk)
Path Group: clk
Path Type: min

Fanout     Cap    Slew   Delay    Time   Description
-----------------------------------------------------------------------------
                          0.00    0.00   clock clk (rise edge)
                          0.00    0.00   clock source latency
                  0.08    0.05    0.05 ^ clk (in)
     1    0.02                           clk (net)
                  0.08    0.00    0.05 ^ clkbuf_0_clk/A (sky130_fd_sc_hd__clkbuf_16)
                  0.06    0.15    0.20 ^ clkbuf_0_clk/X (sky130_fd_sc_hd__clkbuf_16)
     4    0.04                           clknet_0_clk (net)
                  0.06    0.00    0.20 ^ clkbuf_2_0__f_clk/A (sky130_fd_sc_hd__clkbuf_16)
                  0.06    0.14    0.34 ^ clkbuf_2_0__f_clk/X (sky130_fd_sc_hd__clkbuf_16)
    14    0.04                           clknet_2_0__leaf_clk (net)
                  0.06    0.00    0.34 ^ _410_/CLK (sky130_fd_sc_hd__dfrtp_2)
                  0.11    0.39    0.73 ^ _410_/Q (sky130_fd_sc_hd__dfrtp_2)
     6    0.02                           clk_count[2] (net)
                  0.11    0.00    0.73 ^ _347_/B1 (sky130_fd_sc_hd__a21o_1)
                  0.04    0.09    0.82 ^ _347_/X (sky130_fd_sc_hd__a21o_1)
     1    0.00                           _195_ (net)
                  0.04    0.00    0.82 ^ _348_/A3 (sky130_fd_sc_hd__a32o_1)
                  0.05    0.15    0.97 ^ _348_/X (sky130_fd_sc_hd__a32o_1)
     1    0.00                           _052_ (net)
                  0.05    0.00    0.97 ^ _410_/D (sky130_fd_sc_hd__dfrtp_2)
                                  0.97   data arrival time

                          0.00    0.00   clock clk (rise edge)
                          0.00    0.00   clock source latency
                  0.08    0.06    0.06 ^ clk (in)
     1    0.02                           clk (net)
                  0.08    0.00    0.06 ^ clkbuf_0_clk/A (sky130_fd_sc_hd__clkbuf_16)
                  0.06    0.16    0.22 ^ clkbuf_0_clk/X (sky130_fd_sc_hd__clkbuf_16)
     4    0.04                           clknet_0_clk (net)
                  0.06    0.00    0.22 ^ clkbuf_2_0__f_clk/A (sky130_fd_sc_hd__clkbuf_16)
                  0.06    0.16    0.38 ^ clkbuf_2_0__f_clk/X (sky130_fd_sc_hd__clkbuf_16)
    14    0.04                           clknet_2_0__leaf_clk (net)
                  0.06    0.00    0.38 ^ _410_/CLK (sky130_fd_sc_hd__dfrtp_2)
                          0.25    0.63   clock uncertainty
                         -0.04    0.59   clock reconvergence pessimism
                         -0.03    0.56   library hold time
                                  0.56   data required time
-----------------------------------------------------------------------------
                                  0.56   data required time
                                 -0.97   data arrival time
-----------------------------------------------------------------------------
                                  0.41   slack (MET)


Startpoint: _439_ (rising edge-triggered flip-flop clocked by clk)
Endpoint: _440_ (rising edge-triggered flip-flop clocked by clk)
Path Group: clk
Path Type: min

Fanout     Cap    Slew   Delay    Time   Description
-----------------------------------------------------------------------------
                          0.00    0.00   clock clk (rise edge)
                          0.00    0.00   clock source latency
                  0.08    0.05    0.05 ^ clk (in)
     1    0.02                           clk (net)
                  0.08    0.00    0.05 ^ clkbuf_0_clk/A (sky130_fd_sc_hd__clkbuf_16)
                  0.06    0.15    0.20 ^ clkbuf_0_clk/X (sky130_fd_sc_hd__clkbuf_16)
     4    0.04                           clknet_0_clk (net)
                  0.06    0.00    0.20 ^ clkbuf_2_3__f_clk/A (sky130_fd_sc_hd__clkbuf_16)
                  0.06    0.14    0.34 ^ clkbuf_2_3__f_clk/X (sky130_fd_sc_hd__clkbuf_16)
    12    0.04                           clknet_2_3__leaf_clk (net)
                  0.06    0.00    0.34 ^ _439_/CLK (sky130_fd_sc_hd__dfrtp_1)
                  0.07    0.33    0.67 ^ _439_/Q (sky130_fd_sc_hd__dfrtp_1)
     2    0.01                           tx_shift[2] (net)
                  0.07    0.00    0.67 ^ _257_/A1 (sky130_fd_sc_hd__mux2_1)
                  0.04    0.12    0.79 ^ _257_/X (sky130_fd_sc_hd__mux2_1)
     1    0.00                           _134_ (net)
                  0.04    0.00    0.79 ^ _258_/A1 (sky130_fd_sc_hd__mux2_1)
                  0.04    0.11    0.90 ^ _258_/X (sky130_fd_sc_hd__mux2_1)
     1    0.00                           _135_ (net)
                  0.04    0.00    0.90 ^ _259_/A (sky130_fd_sc_hd__clkbuf_1)
                  0.04    0.08    0.97 ^ _259_/X (sky130_fd_sc_hd__clkbuf_1)
     1    0.00                           _080_ (net)
                  0.04    0.00    0.97 ^ _440_/D (sky130_fd_sc_hd__dfrtp_1)
                                  0.97   data arrival time

                          0.00    0.00   clock clk (rise edge)
                          0.00    0.00   clock source latency
                  0.08    0.06    0.06 ^ clk (in)
     1    0.02                           clk (net)
                  0.08    0.00    0.06 ^ clkbuf_0_clk/A (sky130_fd_sc_hd__clkbuf_16)
                  0.06    0.16    0.22 ^ clkbuf_0_clk/X (sky130_fd_sc_hd__clkbuf_16)
     4    0.04                           clknet_0_clk (net)
                  0.06    0.00    0.22 ^ clkbuf_2_3__f_clk/A (sky130_fd_sc_hd__clkbuf_16)
                  0.06    0.15    0.37 ^ clkbuf_2_3__f_clk/X (sky130_fd_sc_hd__clkbuf_16)
    12    0.04                           clknet_2_3__leaf_clk (net)
                  0.06    0.00    0.38 ^ _440_/CLK (sky130_fd_sc_hd__dfrtp_1)
                          0.25    0.63   clock uncertainty
                         -0.04    0.59   clock reconvergence pessimism
                         -0.03    0.56   library hold time
                                  0.56   data required time
-----------------------------------------------------------------------------
                                  0.56   data required time
                                 -0.97   data arrival time
-----------------------------------------------------------------------------
                                  0.41   slack (MET)


Startpoint: _441_ (rising edge-triggered flip-flop clocked by clk)
Endpoint: _442_ (rising edge-triggered flip-flop clocked by clk)
Path Group: clk
Path Type: min

Fanout     Cap    Slew   Delay    Time   Description
-----------------------------------------------------------------------------
                          0.00    0.00   clock clk (rise edge)
                          0.00    0.00   clock source latency
                  0.08    0.05    0.05 ^ clk (in)
     1    0.02                           clk (net)
                  0.08    0.00    0.05 ^ clkbuf_0_clk/A (sky130_fd_sc_hd__clkbuf_16)
                  0.06    0.15    0.20 ^ clkbuf_0_clk/X (sky130_fd_sc_hd__clkbuf_16)
     4    0.04                           clknet_0_clk (net)
                  0.06    0.00    0.20 ^ clkbuf_2_1__f_clk/A (sky130_fd_sc_hd__clkbuf_16)
                  0.06    0.14    0.34 ^ clkbuf_2_1__f_clk/X (sky130_fd_sc_hd__clkbuf_16)
    12    0.04                           clknet_2_1__leaf_clk (net)
                  0.06    0.00    0.34 ^ _441_/CLK (sky130_fd_sc_hd__dfrtp_1)
                  0.08    0.33    0.67 ^ _441_/Q (sky130_fd_sc_hd__dfrtp_1)
     2    0.01                           tx_shift[4] (net)
                  0.08    0.00    0.67 ^ _251_/A1 (sky130_fd_sc_hd__mux2_1)
                  0.04    0.12    0.79 ^ _251_/X (sky130_fd_sc_hd__mux2_1)
     1    0.00                           _130_ (net)
                  0.04    0.00    0.79 ^ _252_/A1 (sky130_fd_sc_hd__mux2_1)
                  0.04    0.11    0.90 ^ _252_/X (sky130_fd_sc_hd__mux2_1)
     1    0.00                           _131_ (net)
                  0.04    0.00    0.90 ^ _253_/A (sky130_fd_sc_hd__clkbuf_1)
                  0.04    0.07    0.97 ^ _253_/X (sky130_fd_sc_hd__clkbuf_1)
     1    0.00                           _082_ (net)
                  0.04    0.00    0.97 ^ _442_/D (sky130_fd_sc_hd__dfrtp_1)
                                  0.97   data arrival time

                          0.00    0.00   clock clk (rise edge)
                          0.00    0.00   clock source latency
                  0.08    0.06    0.06 ^ clk (in)
     1    0.02                           clk (net)
                  0.08    0.00    0.06 ^ clkbuf_0_clk/A (sky130_fd_sc_hd__clkbuf_16)
                  0.06    0.16    0.22 ^ clkbuf_0_clk/X (sky130_fd_sc_hd__clkbuf_16)
     4    0.04                           clknet_0_clk (net)
                  0.06    0.00    0.22 ^ clkbuf_2_1__f_clk/A (sky130_fd_sc_hd__clkbuf_16)
                  0.06    0.15    0.37 ^ clkbuf_2_1__f_clk/X (sky130_fd_sc_hd__clkbuf_16)
    12    0.04                           clknet_2_1__leaf_clk (net)
                  0.06    0.00    0.38 ^ _442_/CLK (sky130_fd_sc_hd__dfrtp_1)
                          0.25    0.63   clock uncertainty
                         -0.04    0.59   clock reconvergence pessimism
                         -0.03    0.56   library hold time
                                  0.56   data required time
-----------------------------------------------------------------------------
                                  0.56   data required time
                                 -0.97   data arrival time
-----------------------------------------------------------------------------
                                  0.42   slack (MET)


Startpoint: _418_ (rising edge-triggered flip-flop clocked by clk)
Endpoint: _418_ (rising edge-triggered flip-flop clocked by clk)
Path Group: clk
Path Type: min

Fanout     Cap    Slew   Delay    Time   Description
-----------------------------------------------------------------------------
                          0.00    0.00   clock clk (rise edge)
                          0.00    0.00   clock source latency
                  0.08    0.05    0.05 ^ clk (in)
     1    0.02                           clk (net)
                  0.08    0.00    0.05 ^ clkbuf_0_clk/A (sky130_fd_sc_hd__clkbuf_16)
                  0.06    0.15    0.20 ^ clkbuf_0_clk/X (sky130_fd_sc_hd__clkbuf_16)
     4    0.04                           clknet_0_clk (net)
                  0.06    0.00    0.20 ^ clkbuf_2_3__f_clk/A (sky130_fd_sc_hd__clkbuf_16)
                  0.06    0.14    0.34 ^ clkbuf_2_3__f_clk/X (sky130_fd_sc_hd__clkbuf_16)
    12    0.04                           clknet_2_3__leaf_clk (net)
                  0.06    0.00    0.34 ^ _418_/CLK (sky130_fd_sc_hd__dfrtp_1)
                  0.12    0.36    0.70 ^ _418_/Q (sky130_fd_sc_hd__dfrtp_1)
     4    0.01                           clk_count[10] (net)
                  0.12    0.00    0.70 ^ _319_/B1 (sky130_fd_sc_hd__a21o_1)
                  0.04    0.09    0.80 ^ _319_/X (sky130_fd_sc_hd__a21o_1)
     1    0.00                           _175_ (net)
                  0.04    0.00    0.80 ^ _320_/B (sky130_fd_sc_hd__and2_1)
                  0.05    0.11    0.90 ^ _320_/X (sky130_fd_sc_hd__and2_1)
     1    0.00                           _176_ (net)
                  0.05    0.00    0.90 ^ _321_/A (sky130_fd_sc_hd__clkbuf_1)
                  0.04    0.07    0.98 ^ _321_/X (sky130_fd_sc_hd__clkbuf_1)
     1    0.00                           _060_ (net)
                  0.04    0.00    0.98 ^ _418_/D (sky130_fd_sc_hd__dfrtp_1)
                                  0.98   data arrival time

                          0.00    0.00   clock clk (rise edge)
                          0.00    0.00   clock source latency
                  0.08    0.06    0.06 ^ clk (in)
     1    0.02                           clk (net)
                  0.08    0.00    0.06 ^ clkbuf_0_clk/A (sky130_fd_sc_hd__clkbuf_16)
                  0.06    0.16    0.22 ^ clkbuf_0_clk/X (sky130_fd_sc_hd__clkbuf_16)
     4    0.04                           clknet_0_clk (net)
                  0.06    0.00    0.22 ^ clkbuf_2_3__f_clk/A (sky130_fd_sc_hd__clkbuf_16)
                  0.06    0.15    0.37 ^ clkbuf_2_3__f_clk/X (sky130_fd_sc_hd__clkbuf_16)
    12    0.04                           clknet_2_3__leaf_clk (net)
                  0.06    0.00    0.38 ^ _418_/CLK (sky130_fd_sc_hd__dfrtp_1)
                          0.25    0.63   clock uncertainty
                         -0.04    0.59   clock reconvergence pessimism
                         -0.03    0.56   library hold time
                                  0.56   data required time
-----------------------------------------------------------------------------
                                  0.56   data required time
                                 -0.98   data arrival time
-----------------------------------------------------------------------------
                                  0.42   slack (MET)


Startpoint: _408_ (rising edge-triggered flip-flop clocked by clk)
Endpoint: _408_ (rising edge-triggered flip-flop clocked by clk)
Path Group: clk
Path Type: min

Fanout     Cap    Slew   Delay    Time   Description
-----------------------------------------------------------------------------
                          0.00    0.00   clock clk (rise edge)
                          0.00    0.00   clock source latency
                  0.08    0.05    0.05 ^ clk (in)
     1    0.02                           clk (net)
                  0.08    0.00    0.05 ^ clkbuf_0_clk/A (sky130_fd_sc_hd__clkbuf_16)
                  0.06    0.15    0.20 ^ clkbuf_0_clk/X (sky130_fd_sc_hd__clkbuf_16)
     4    0.04                           clknet_0_clk (net)
                  0.06    0.00    0.20 ^ clkbuf_2_0__f_clk/A (sky130_fd_sc_hd__clkbuf_16)
                  0.06    0.14    0.34 ^ clkbuf_2_0__f_clk/X (sky130_fd_sc_hd__clkbuf_16)
    14    0.04                           clknet_2_0__leaf_clk (net)
                  0.06    0.00    0.34 ^ _408_/CLK (sky130_fd_sc_hd__dfrtp_4)
                  0.11    0.44    0.78 ^ _408_/Q (sky130_fd_sc_hd__dfrtp_4)
     8    0.03                           clk_count[0] (net)
                  0.11    0.00    0.78 ^ _352_/S (sky130_fd_sc_hd__mux2_1)
                  0.04    0.14    0.92 ^ _352_/X (sky130_fd_sc_hd__mux2_1)
     1    0.00                           _198_ (net)
                  0.04    0.00    0.92 ^ _353_/A (sky130_fd_sc_hd__clkbuf_1)
                  0.04    0.07    0.99 ^ _353_/X (sky130_fd_sc_hd__clkbuf_1)
     1    0.00                           _050_ (net)
                  0.04    0.00    0.99 ^ _408_/D (sky130_fd_sc_hd__dfrtp_4)
                                  0.99   data arrival time

                          0.00    0.00   clock clk (rise edge)
                          0.00    0.00   clock source latency
                  0.08    0.06    0.06 ^ clk (in)
     1    0.02                           clk (net)
                  0.08    0.00    0.06 ^ clkbuf_0_clk/A (sky130_fd_sc_hd__clkbuf_16)
                  0.06    0.16    0.22 ^ clkbuf_0_clk/X (sky130_fd_sc_hd__clkbuf_16)
     4    0.04                           clknet_0_clk (net)
                  0.06    0.00    0.22 ^ clkbuf_2_0__f_clk/A (sky130_fd_sc_hd__clkbuf_16)
                  0.06    0.16    0.38 ^ clkbuf_2_0__f_clk/X (sky130_fd_sc_hd__clkbuf_16)
    14    0.04                           clknet_2_0__leaf_clk (net)
                  0.06    0.00    0.38 ^ _408_/CLK (sky130_fd_sc_hd__dfrtp_4)
                          0.25    0.63   clock uncertainty
                         -0.04    0.59   clock reconvergence pessimism
                         -0.03    0.56   library hold time
                                  0.56   data required time
-----------------------------------------------------------------------------
                                  0.56   data required time
                                 -0.99   data arrival time
-----------------------------------------------------------------------------
                                  0.43   slack (MET)


Startpoint: _414_ (rising edge-triggered flip-flop clocked by clk)
Endpoint: _414_ (rising edge-triggered flip-flop clocked by clk)
Path Group: clk
Path Type: min

Fanout     Cap    Slew   Delay    Time   Description
-----------------------------------------------------------------------------
                          0.00    0.00   clock clk (rise edge)
                          0.00    0.00   clock source latency
                  0.08    0.05    0.05 ^ clk (in)
     1    0.02                           clk (net)
                  0.08    0.00    0.05 ^ clkbuf_0_clk/A (sky130_fd_sc_hd__clkbuf_16)
                  0.06    0.15    0.20 ^ clkbuf_0_clk/X (sky130_fd_sc_hd__clkbuf_16)
     4    0.04                           clknet_0_clk (net)
                  0.06    0.00    0.20 ^ clkbuf_2_2__f_clk/A (sky130_fd_sc_hd__clkbuf_16)
                  0.05    0.14    0.34 ^ clkbuf_2_2__f_clk/X (sky130_fd_sc_hd__clkbuf_16)
    10    0.03                           clknet_2_2__leaf_clk (net)
                  0.05    0.00    0.34 ^ _414_/CLK (sky130_fd_sc_hd__dfrtp_1)
                  0.09    0.39    0.73 v _414_/Q (sky130_fd_sc_hd__dfrtp_1)
     6    0.01                           clk_count[6] (net)
                  0.09    0.00    0.73 v _334_/A_N (sky130_fd_sc_hd__and3b_1)
                  0.05    0.21    0.94 ^ _334_/X (sky130_fd_sc_hd__and3b_1)
     1    0.00                           _186_ (net)
                  0.05    0.00    0.94 ^ _335_/B1 (sky130_fd_sc_hd__a21o_1)
                  0.03    0.07    1.01 ^ _335_/X (sky130_fd_sc_hd__a21o_1)
     1    0.00                           _056_ (net)
                  0.03    0.00    1.01 ^ _414_/D (sky130_fd_sc_hd__dfrtp_1)
                                  1.01   data arrival time

                          0.00    0.00   clock clk (rise edge)
                          0.00    0.00   clock source latency
                  0.08    0.06    0.06 ^ clk (in)
     1    0.02                           clk (net)
                  0.08    0.00    0.06 ^ clkbuf_0_clk/A (sky130_fd_sc_hd__clkbuf_16)
                  0.06    0.16    0.22 ^ clkbuf_0_clk/X (sky130_fd_sc_hd__clkbuf_16)
     4    0.04                           clknet_0_clk (net)
                  0.06    0.00    0.22 ^ clkbuf_2_2__f_clk/A (sky130_fd_sc_hd__clkbuf_16)
                  0.05    0.15    0.37 ^ clkbuf_2_2__f_clk/X (sky130_fd_sc_hd__clkbuf_16)
    10    0.03                           clknet_2_2__leaf_clk (net)
                  0.05    0.00    0.37 ^ _414_/CLK (sky130_fd_sc_hd__dfrtp_1)
                          0.25    0.62   clock uncertainty
                         -0.04    0.59   clock reconvergence pessimism
                         -0.03    0.56   library hold time
                                  0.56   data required time
-----------------------------------------------------------------------------
                                  0.56   data required time
                                 -1.01   data arrival time
-----------------------------------------------------------------------------
                                  0.46   slack (MET)


Startpoint: _420_ (rising edge-triggered flip-flop clocked by clk)
Endpoint: _420_ (rising edge-triggered flip-flop clocked by clk)
Path Group: clk
Path Type: min

Fanout     Cap    Slew   Delay    Time   Description
-----------------------------------------------------------------------------
                          0.00    0.00   clock clk (rise edge)
                          0.00    0.00   clock source latency
                  0.08    0.05    0.05 ^ clk (in)
     1    0.02                           clk (net)
                  0.08    0.00    0.05 ^ clkbuf_0_clk/A (sky130_fd_sc_hd__clkbuf_16)
                  0.06    0.15    0.20 ^ clkbuf_0_clk/X (sky130_fd_sc_hd__clkbuf_16)
     4    0.04                           clknet_0_clk (net)
                  0.06    0.00    0.20 ^ clkbuf_2_3__f_clk/A (sky130_fd_sc_hd__clkbuf_16)
                  0.06    0.14    0.34 ^ clkbuf_2_3__f_clk/X (sky130_fd_sc_hd__clkbuf_16)
    12    0.04                           clknet_2_3__leaf_clk (net)
                  0.06    0.00    0.34 ^ _420_/CLK (sky130_fd_sc_hd__dfrtp_1)
                  0.09    0.39    0.73 v _420_/Q (sky130_fd_sc_hd__dfrtp_1)
     6    0.01                           clk_count[12] (net)
                  0.09    0.00    0.73 v _311_/A_N (sky130_fd_sc_hd__and3b_1)
                  0.05    0.21    0.94 ^ _311_/X (sky130_fd_sc_hd__and3b_1)
     1    0.00                           _169_ (net)
                  0.05    0.00    0.94 ^ _312_/B1 (sky130_fd_sc_hd__a21o_1)
                  0.03    0.07    1.02 ^ _312_/X (sky130_fd_sc_hd__a21o_1)
     1    0.00                           _062_ (net)
                  0.03    0.00    1.02 ^ _420_/D (sky130_fd_sc_hd__dfrtp_1)
                                  1.02   data arrival time

                          0.00    0.00   clock clk (rise edge)
                          0.00    0.00   clock source latency
                  0.08    0.06    0.06 ^ clk (in)
     1    0.02                           clk (net)
                  0.08    0.00    0.06 ^ clkbuf_0_clk/A (sky130_fd_sc_hd__clkbuf_16)
                  0.06    0.16    0.22 ^ clkbuf_0_clk/X (sky130_fd_sc_hd__clkbuf_16)
     4    0.04                           clknet_0_clk (net)
                  0.06    0.00    0.22 ^ clkbuf_2_3__f_clk/A (sky130_fd_sc_hd__clkbuf_16)
                  0.06    0.15    0.37 ^ clkbuf_2_3__f_clk/X (sky130_fd_sc_hd__clkbuf_16)
    12    0.04                           clknet_2_3__leaf_clk (net)
                  0.06    0.00    0.38 ^ _420_/CLK (sky130_fd_sc_hd__dfrtp_1)
                          0.25    0.63   clock uncertainty
                         -0.04    0.59   clock reconvergence pessimism
                         -0.03    0.56   library hold time
                                  0.56   data required time
-----------------------------------------------------------------------------
                                  0.56   data required time
                                 -1.02   data arrival time
-----------------------------------------------------------------------------
                                  0.46   slack (MET)


Startpoint: _455_ (rising edge-triggered flip-flop clocked by clk)
Endpoint: _424_ (rising edge-triggered flip-flop clocked by clk)
Path Group: clk
Path Type: min

Fanout     Cap    Slew   Delay    Time   Description
-----------------------------------------------------------------------------
                          0.00    0.00   clock clk (rise edge)
                          0.00    0.00   clock source latency
                  0.08    0.05    0.05 ^ clk (in)
     1    0.02                           clk (net)
                  0.08    0.00    0.05 ^ clkbuf_0_clk/A (sky130_fd_sc_hd__clkbuf_16)
                  0.06    0.15    0.20 ^ clkbuf_0_clk/X (sky130_fd_sc_hd__clkbuf_16)
     4    0.04                           clknet_0_clk (net)
                  0.06    0.00    0.20 ^ clkbuf_2_1__f_clk/A (sky130_fd_sc_hd__clkbuf_16)
                  0.06    0.14    0.34 ^ clkbuf_2_1__f_clk/X (sky130_fd_sc_hd__clkbuf_16)
    12    0.04                           clknet_2_1__leaf_clk (net)
                  0.06    0.00    0.34 ^ _455_/CLK (sky130_fd_sc_hd__dfrtp_1)
                  0.06    0.32    0.66 ^ _455_/Q (sky130_fd_sc_hd__dfrtp_1)
     2    0.01                           bit_count[3] (net)
                  0.06    0.00    0.66 ^ _216_/A (sky130_fd_sc_hd__nor2_1)
                  0.03    0.05    0.71 v _216_/Y (sky130_fd_sc_hd__nor2_1)
     2    0.01                           _108_ (net)
                  0.03    0.00    0.71 v _217_/D (sky130_fd_sc_hd__nand4_1)
                  0.11    0.11    0.83 ^ _217_/Y (sky130_fd_sc_hd__nand4_1)
     3    0.01                           _109_ (net)
                  0.11    0.00    0.83 ^ _270_/B (sky130_fd_sc_hd__and2_1)
                  0.05    0.13    0.95 ^ _270_/X (sky130_fd_sc_hd__and2_1)
     1    0.00                           _143_ (net)
                  0.05    0.00    0.95 ^ _271_/A (sky130_fd_sc_hd__clkbuf_1)
                  0.07    0.10    1.05 ^ _271_/X (sky130_fd_sc_hd__clkbuf_1)
     2    0.01                           _000_ (net)
                  0.07    0.00    1.05 ^ _424_/D (sky130_fd_sc_hd__dfrtp_2)
                                  1.05   data arrival time

                          0.00    0.00   clock clk (rise edge)
                          0.00    0.00   clock source latency
                  0.08    0.06    0.06 ^ clk (in)
     1    0.02                           clk (net)
                  0.08    0.00    0.06 ^ clkbuf_0_clk/A (sky130_fd_sc_hd__clkbuf_16)
                  0.06    0.16    0.22 ^ clkbuf_0_clk/X (sky130_fd_sc_hd__clkbuf_16)
     4    0.04                           clknet_0_clk (net)
                  0.06    0.00    0.22 ^ clkbuf_2_3__f_clk/A (sky130_fd_sc_hd__clkbuf_16)
                  0.06    0.15    0.37 ^ clkbuf_2_3__f_clk/X (sky130_fd_sc_hd__clkbuf_16)
    12    0.04                           clknet_2_3__leaf_clk (net)
                  0.06    0.00    0.38 ^ _424_/CLK (sky130_fd_sc_hd__dfrtp_2)
                          0.25    0.63   clock uncertainty
                         -0.02    0.60   clock reconvergence pessimism
                         -0.04    0.57   library hold time
                                  0.57   data required time
-----------------------------------------------------------------------------
                                  0.57   data required time
                                 -1.05   data arrival time
-----------------------------------------------------------------------------
                                  0.48   slack (MET)


Startpoint: _412_ (rising edge-triggered flip-flop clocked by clk)
Endpoint: _412_ (rising edge-triggered flip-flop clocked by clk)
Path Group: clk
Path Type: min

Fanout     Cap    Slew   Delay    Time   Description
-----------------------------------------------------------------------------
                          0.00    0.00   clock clk (rise edge)
                          0.00    0.00   clock source latency
                  0.08    0.05    0.05 ^ clk (in)
     1    0.02                           clk (net)
                  0.08    0.00    0.05 ^ clkbuf_0_clk/A (sky130_fd_sc_hd__clkbuf_16)
                  0.06    0.15    0.20 ^ clkbuf_0_clk/X (sky130_fd_sc_hd__clkbuf_16)
     4    0.04                           clknet_0_clk (net)
                  0.06    0.00    0.20 ^ clkbuf_2_2__f_clk/A (sky130_fd_sc_hd__clkbuf_16)
                  0.05    0.14    0.34 ^ clkbuf_2_2__f_clk/X (sky130_fd_sc_hd__clkbuf_16)
    10    0.03                           clknet_2_2__leaf_clk (net)
                  0.05    0.00    0.34 ^ _412_/CLK (sky130_fd_sc_hd__dfrtp_1)
                  0.08    0.39    0.72 v _412_/Q (sky130_fd_sc_hd__dfrtp_1)
     5    0.01                           clk_count[4] (net)
                  0.08    0.00    0.72 v _336_/A (sky130_fd_sc_hd__nand2_1)
                  0.09    0.10    0.83 ^ _336_/Y (sky130_fd_sc_hd__nand2_1)
     3    0.01                           _187_ (net)
                  0.09    0.00    0.83 ^ _338_/A2 (sky130_fd_sc_hd__a21o_1)
                  0.06    0.13    0.96 ^ _338_/X (sky130_fd_sc_hd__a21o_1)
     2    0.01                           _189_ (net)
                  0.06    0.00    0.96 ^ _342_/A2 (sky130_fd_sc_hd__a21o_1)
                  0.03    0.10    1.05 ^ _342_/X (sky130_fd_sc_hd__a21o_1)
     1    0.00                           _054_ (net)
                  0.03    0.00    1.05 ^ _412_/D (sky130_fd_sc_hd__dfrtp_1)
                                  1.05   data arrival time

                          0.00    0.00   clock clk (rise edge)
                          0.00    0.00   clock source latency
                  0.08    0.06    0.06 ^ clk (in)
     1    0.02                           clk (net)
                  0.08    0.00    0.06 ^ clkbuf_0_clk/A (sky130_fd_sc_hd__clkbuf_16)
                  0.06    0.16    0.22 ^ clkbuf_0_clk/X (sky130_fd_sc_hd__clkbuf_16)
     4    0.04                           clknet_0_clk (net)
                  0.06    0.00    0.22 ^ clkbuf_2_2__f_clk/A (sky130_fd_sc_hd__clkbuf_16)
                  0.05    0.15    0.37 ^ clkbuf_2_2__f_clk/X (sky130_fd_sc_hd__clkbuf_16)
    10    0.03                           clknet_2_2__leaf_clk (net)
                  0.05    0.00    0.37 ^ _412_/CLK (sky130_fd_sc_hd__dfrtp_1)
                          0.25    0.62   clock uncertainty
                         -0.04    0.59   clock reconvergence pessimism
                         -0.03    0.56   library hold time
                                  0.56   data required time
-----------------------------------------------------------------------------
                                  0.56   data required time
                                 -1.05   data arrival time
-----------------------------------------------------------------------------
                                  0.50   slack (MET)


Startpoint: _454_ (rising edge-triggered flip-flop clocked by clk)
Endpoint: _455_ (rising edge-triggered flip-flop clocked by clk)
Path Group: clk
Path Type: min

Fanout     Cap    Slew   Delay    Time   Description
-----------------------------------------------------------------------------
                          0.00    0.00   clock clk (rise edge)
                          0.00    0.00   clock source latency
                  0.08    0.05    0.05 ^ clk (in)
     1    0.02                           clk (net)
                  0.08    0.00    0.05 ^ clkbuf_0_clk/A (sky130_fd_sc_hd__clkbuf_16)
                  0.06    0.15    0.20 ^ clkbuf_0_clk/X (sky130_fd_sc_hd__clkbuf_16)
     4    0.04                           clknet_0_clk (net)
                  0.06    0.00    0.20 ^ clkbuf_2_1__f_clk/A (sky130_fd_sc_hd__clkbuf_16)
                  0.06    0.14    0.34 ^ clkbuf_2_1__f_clk/X (sky130_fd_sc_hd__clkbuf_16)
    12    0.04                           clknet_2_1__leaf_clk (net)
                  0.06    0.00    0.34 ^ _454_/CLK (sky130_fd_sc_hd__dfrtp_1)
                  0.05    0.35    0.69 v _454_/Q (sky130_fd_sc_hd__dfrtp_1)
     2    0.00                           bit_count[2] (net)
                  0.05    0.00    0.69 v _215_/A (sky130_fd_sc_hd__nand3_1)
                  0.07    0.07    0.76 ^ _215_/Y (sky130_fd_sc_hd__nand3_1)
     2    0.00                           _107_ (net)
                  0.07    0.00    0.76 ^ _219_/C (sky130_fd_sc_hd__and4_1)
                  0.07    0.19    0.95 ^ _219_/X (sky130_fd_sc_hd__and4_1)
     2    0.01                           _111_ (net)
                  0.07    0.00    0.95 ^ _220_/A2 (sky130_fd_sc_hd__o21a_1)
                  0.04    0.10    1.06 ^ _220_/X (sky130_fd_sc_hd__o21a_1)
     1    0.00                           _095_ (net)
                  0.04    0.00    1.06 ^ _455_/D (sky130_fd_sc_hd__dfrtp_1)
                                  1.06   data arrival time

                          0.00    0.00   clock clk (rise edge)
                          0.00    0.00   clock source latency
                  0.08    0.06    0.06 ^ clk (in)
     1    0.02                           clk (net)
                  0.08    0.00    0.06 ^ clkbuf_0_clk/A (sky130_fd_sc_hd__clkbuf_16)
                  0.06    0.16    0.22 ^ clkbuf_0_clk/X (sky130_fd_sc_hd__clkbuf_16)
     4    0.04                           clknet_0_clk (net)
                  0.06    0.00    0.22 ^ clkbuf_2_1__f_clk/A (sky130_fd_sc_hd__clkbuf_16)
                  0.06    0.15    0.37 ^ clkbuf_2_1__f_clk/X (sky130_fd_sc_hd__clkbuf_16)
    12    0.04                           clknet_2_1__leaf_clk (net)
                  0.06    0.00    0.37 ^ _455_/CLK (sky130_fd_sc_hd__dfrtp_1)
                          0.25    0.62   clock uncertainty
                         -0.04    0.59   clock reconvergence pessimism
                         -0.03    0.56   library hold time
                                  0.56   data required time
-----------------------------------------------------------------------------
                                  0.56   data required time
                                 -1.06   data arrival time
-----------------------------------------------------------------------------
                                  0.50   slack (MET)


Startpoint: _416_ (rising edge-triggered flip-flop clocked by clk)
Endpoint: _416_ (rising edge-triggered flip-flop clocked by clk)
Path Group: clk
Path Type: min

Fanout     Cap    Slew   Delay    Time   Description
-----------------------------------------------------------------------------
                          0.00    0.00   clock clk (rise edge)
                          0.00    0.00   clock source latency
                  0.08    0.05    0.05 ^ clk (in)
     1    0.02                           clk (net)
                  0.08    0.00    0.05 ^ clkbuf_0_clk/A (sky130_fd_sc_hd__clkbuf_16)
                  0.06    0.15    0.20 ^ clkbuf_0_clk/X (sky130_fd_sc_hd__clkbuf_16)
     4    0.04                           clknet_0_clk (net)
                  0.06    0.00    0.20 ^ clkbuf_2_2__f_clk/A (sky130_fd_sc_hd__clkbuf_16)
                  0.05    0.14    0.34 ^ clkbuf_2_2__f_clk/X (sky130_fd_sc_hd__clkbuf_16)
    10    0.03                           clknet_2_2__leaf_clk (net)
                  0.05    0.00    0.34 ^ _416_/CLK (sky130_fd_sc_hd__dfrtp_1)
                  0.09    0.40    0.73 v _416_/Q (sky130_fd_sc_hd__dfrtp_1)
     5    0.02                           clk_count[8] (net)
                  0.09    0.00    0.73 v _322_/A (sky130_fd_sc_hd__nand3_1)
                  0.09    0.11    0.84 ^ _322_/Y (sky130_fd_sc_hd__nand3_1)
     3    0.01                           _177_ (net)
                  0.09    0.00    0.84 ^ _324_/A2 (sky130_fd_sc_hd__a21o_1)
                  0.06    0.13    0.97 ^ _324_/X (sky130_fd_sc_hd__a21o_1)
     2    0.01                           _179_ (net)
                  0.06    0.00    0.97 ^ _327_/A2 (sky130_fd_sc_hd__a21o_1)
                  0.03    0.10    1.07 ^ _327_/X (sky130_fd_sc_hd__a21o_1)
     1    0.00                           _058_ (net)
                  0.03    0.00    1.07 ^ _416_/D (sky130_fd_sc_hd__dfrtp_1)
                                  1.07   data arrival time

                          0.00    0.00   clock clk (rise edge)
                          0.00    0.00   clock source latency
                  0.08    0.06    0.06 ^ clk (in)
     1    0.02                           clk (net)
                  0.08    0.00    0.06 ^ clkbuf_0_clk/A (sky130_fd_sc_hd__clkbuf_16)
                  0.06    0.16    0.22 ^ clkbuf_0_clk/X (sky130_fd_sc_hd__clkbuf_16)
     4    0.04                           clknet_0_clk (net)
                  0.06    0.00    0.22 ^ clkbuf_2_2__f_clk/A (sky130_fd_sc_hd__clkbuf_16)
                  0.05    0.15    0.37 ^ clkbuf_2_2__f_clk/X (sky130_fd_sc_hd__clkbuf_16)
    10    0.03                           clknet_2_2__leaf_clk (net)
                  0.05    0.00    0.37 ^ _416_/CLK (sky130_fd_sc_hd__dfrtp_1)
                          0.25    0.62   clock uncertainty
                         -0.04    0.59   clock reconvergence pessimism
                         -0.03    0.56   library hold time
                                  0.56   data required time
-----------------------------------------------------------------------------
                                  0.56   data required time
                                 -1.07   data arrival time
-----------------------------------------------------------------------------
                                  0.51   slack (MET)


Startpoint: _417_ (rising edge-triggered flip-flop clocked by clk)
Endpoint: _417_ (rising edge-triggered flip-flop clocked by clk)
Path Group: clk
Path Type: min

Fanout     Cap    Slew   Delay    Time   Description
-----------------------------------------------------------------------------
                          0.00    0.00   clock clk (rise edge)
                          0.00    0.00   clock source latency
                  0.08    0.05    0.05 ^ clk (in)
     1    0.02                           clk (net)
                  0.08    0.00    0.05 ^ clkbuf_0_clk/A (sky130_fd_sc_hd__clkbuf_16)
                  0.06    0.15    0.20 ^ clkbuf_0_clk/X (sky130_fd_sc_hd__clkbuf_16)
     4    0.04                           clknet_0_clk (net)
                  0.06    0.00    0.20 ^ clkbuf_2_2__f_clk/A (sky130_fd_sc_hd__clkbuf_16)
                  0.05    0.14    0.34 ^ clkbuf_2_2__f_clk/X (sky130_fd_sc_hd__clkbuf_16)
    10    0.03                           clknet_2_2__leaf_clk (net)
                  0.05    0.00    0.34 ^ _417_/CLK (sky130_fd_sc_hd__dfrtp_1)
                  0.13    0.37    0.71 ^ _417_/Q (sky130_fd_sc_hd__dfrtp_1)
     5    0.01                           clk_count[9] (net)
                  0.13    0.00    0.71 ^ _323_/A (sky130_fd_sc_hd__or2_1)
                  0.03    0.11    0.81 ^ _323_/X (sky130_fd_sc_hd__or2_1)
     1    0.00                           _178_ (net)
                  0.03    0.00    0.81 ^ _325_/A2_N (sky130_fd_sc_hd__a2bb2o_1)
                  0.05    0.25    1.06 v _325_/X (sky130_fd_sc_hd__a2bb2o_1)
     1    0.00                           _059_ (net)
                  0.05    0.00    1.06 v _417_/D (sky130_fd_sc_hd__dfrtp_1)
                                  1.06   data arrival time

                          0.00    0.00   clock clk (rise edge)
                          0.00    0.00   clock source latency
                  0.08    0.06    0.06 ^ clk (in)
     1    0.02                           clk (net)
                  0.08    0.00    0.06 ^ clkbuf_0_clk/A (sky130_fd_sc_hd__clkbuf_16)
                  0.06    0.16    0.22 ^ clkbuf_0_clk/X (sky130_fd_sc_hd__clkbuf_16)
     4    0.04                           clknet_0_clk (net)
                  0.06    0.00    0.22 ^ clkbuf_2_2__f_clk/A (sky130_fd_sc_hd__clkbuf_16)
                  0.05    0.15    0.37 ^ clkbuf_2_2__f_clk/X (sky130_fd_sc_hd__clkbuf_16)
    10    0.03                           clknet_2_2__leaf_clk (net)
                  0.05    0.00    0.37 ^ _417_/CLK (sky130_fd_sc_hd__dfrtp_1)
                          0.25    0.62   clock uncertainty
                         -0.04    0.59   clock reconvergence pessimism
                         -0.04    0.54   library hold time
                                  0.54   data required time
-----------------------------------------------------------------------------
                                  0.54   data required time
                                 -1.06   data arrival time
-----------------------------------------------------------------------------
                                  0.52   slack (MET)


Startpoint: _455_ (rising edge-triggered flip-flop clocked by clk)
Endpoint: _425_ (rising edge-triggered flip-flop clocked by clk)
Path Group: clk
Path Type: min

Fanout     Cap    Slew   Delay    Time   Description
-----------------------------------------------------------------------------
                          0.00    0.00   clock clk (rise edge)
                          0.00    0.00   clock source latency
                  0.08    0.05    0.05 ^ clk (in)
     1    0.02                           clk (net)
                  0.08    0.00    0.05 ^ clkbuf_0_clk/A (sky130_fd_sc_hd__clkbuf_16)
                  0.06    0.15    0.20 ^ clkbuf_0_clk/X (sky130_fd_sc_hd__clkbuf_16)
     4    0.04                           clknet_0_clk (net)
                  0.06    0.00    0.20 ^ clkbuf_2_1__f_clk/A (sky130_fd_sc_hd__clkbuf_16)
                  0.06    0.14    0.34 ^ clkbuf_2_1__f_clk/X (sky130_fd_sc_hd__clkbuf_16)
    12    0.04                           clknet_2_1__leaf_clk (net)
                  0.06    0.00    0.34 ^ _455_/CLK (sky130_fd_sc_hd__dfrtp_1)
                  0.06    0.32    0.66 ^ _455_/Q (sky130_fd_sc_hd__dfrtp_1)
     2    0.01                           bit_count[3] (net)
                  0.06    0.00    0.66 ^ _216_/A (sky130_fd_sc_hd__nor2_1)
                  0.03    0.05    0.71 v _216_/Y (sky130_fd_sc_hd__nor2_1)
     2    0.01                           _108_ (net)
                  0.03    0.00    0.71 v _217_/D (sky130_fd_sc_hd__nand4_1)
                  0.11    0.11    0.83 ^ _217_/Y (sky130_fd_sc_hd__nand4_1)
     3    0.01                           _109_ (net)
                  0.11    0.00    0.83 ^ _218_/A (sky130_fd_sc_hd__buf_4)
                  0.18    0.22    1.05 ^ _218_/X (sky130_fd_sc_hd__buf_4)
    10    0.06                           _110_ (net)
                  0.18    0.00    1.05 ^ _354_/A (sky130_fd_sc_hd__inv_2)
                  0.03    0.04    1.09 v _354_/Y (sky130_fd_sc_hd__inv_2)
     1    0.00                           _001_ (net)
                  0.03    0.00    1.09 v _425_/D (sky130_fd_sc_hd__dfrtp_1)
                                  1.09   data arrival time

                          0.00    0.00   clock clk (rise edge)
                          0.00    0.00   clock source latency
                  0.08    0.06    0.06 ^ clk (in)
     1    0.02                           clk (net)
                  0.08    0.00    0.06 ^ clkbuf_0_clk/A (sky130_fd_sc_hd__clkbuf_16)
                  0.06    0.16    0.22 ^ clkbuf_0_clk/X (sky130_fd_sc_hd__clkbuf_16)
     4    0.04                           clknet_0_clk (net)
                  0.06    0.00    0.22 ^ clkbuf_2_2__f_clk/A (sky130_fd_sc_hd__clkbuf_16)
                  0.05    0.15    0.37 ^ clkbuf_2_2__f_clk/X (sky130_fd_sc_hd__clkbuf_16)
    10    0.03                           clknet_2_2__leaf_clk (net)
                  0.05    0.00    0.37 ^ _425_/CLK (sky130_fd_sc_hd__dfrtp_1)
                          0.25    0.62   clock uncertainty
                         -0.02    0.60   clock reconvergence pessimism
                         -0.04    0.56   library hold time
                                  0.56   data required time
-----------------------------------------------------------------------------
                                  0.56   data required time
                                 -1.09   data arrival time
-----------------------------------------------------------------------------
                                  0.52   slack (MET)


Startpoint: _435_ (rising edge-triggered flip-flop clocked by clk)
Endpoint: _444_ (rising edge-triggered flip-flop clocked by clk)
Path Group: clk
Path Type: min

Fanout     Cap    Slew   Delay    Time   Description
-----------------------------------------------------------------------------
                          0.00    0.00   clock clk (rise edge)
                          0.00    0.00   clock source latency
                  0.08    0.05    0.05 ^ clk (in)
     1    0.02                           clk (net)
                  0.08    0.00    0.05 ^ clkbuf_0_clk/A (sky130_fd_sc_hd__clkbuf_16)
                  0.06    0.15    0.20 ^ clkbuf_0_clk/X (sky130_fd_sc_hd__clkbuf_16)
     4    0.04                           clknet_0_clk (net)
                  0.06    0.00    0.20 ^ clkbuf_2_0__f_clk/A (sky130_fd_sc_hd__clkbuf_16)
                  0.06    0.14    0.34 ^ clkbuf_2_0__f_clk/X (sky130_fd_sc_hd__clkbuf_16)
    14    0.04                           clknet_2_0__leaf_clk (net)
                  0.06    0.00    0.34 ^ _435_/CLK (sky130_fd_sc_hd__dfrtp_2)
                  0.13    0.40    0.74 ^ _435_/Q (sky130_fd_sc_hd__dfrtp_2)
     4    0.02                           net24 (net)
                  0.13    0.00    0.74 ^ _235_/A (sky130_fd_sc_hd__inv_2)
                  0.03    0.04    0.79 v _235_/Y (sky130_fd_sc_hd__inv_2)
     2    0.01                           _123_ (net)
                  0.03    0.00    0.79 v _236_/A (sky130_fd_sc_hd__nand2_1)
                  0.08    0.08    0.87 ^ _236_/Y (sky130_fd_sc_hd__nand2_1)
     2    0.01                           _124_ (net)
                  0.08    0.00    0.87 ^ _239_/B (sky130_fd_sc_hd__nor2_2)
                  0.08    0.09    0.96 v _239_/Y (sky130_fd_sc_hd__nor2_2)
     8    0.03                           _127_ (net)
                  0.08    0.00    0.96 v _247_/B1 (sky130_fd_sc_hd__a22o_1)
                  0.04    0.17    1.13 v _247_/X (sky130_fd_sc_hd__a22o_1)
     1    0.00                           _084_ (net)
                  0.04    0.00    1.13 v _444_/D (sky130_fd_sc_hd__dfrtp_1)
                                  1.13   data arrival time

                          0.00    0.00   clock clk (rise edge)
                          0.00    0.00   clock source latency
                  0.08    0.06    0.06 ^ clk (in)
     1    0.02                           clk (net)
                  0.08    0.00    0.06 ^ clkbuf_0_clk/A (sky130_fd_sc_hd__clkbuf_16)
                  0.06    0.16    0.22 ^ clkbuf_0_clk/X (sky130_fd_sc_hd__clkbuf_16)
     4    0.04                           clknet_0_clk (net)
                  0.06    0.00    0.22 ^ clkbuf_2_3__f_clk/A (sky130_fd_sc_hd__clkbuf_16)
                  0.06    0.15    0.37 ^ clkbuf_2_3__f_clk/X (sky130_fd_sc_hd__clkbuf_16)
    12    0.04                           clknet_2_3__leaf_clk (net)
                  0.06    0.00    0.38 ^ _444_/CLK (sky130_fd_sc_hd__dfrtp_1)
                          0.25    0.63   clock uncertainty
                         -0.02    0.61   clock reconvergence pessimism
                         -0.04    0.57   library hold time
                                  0.57   data required time
-----------------------------------------------------------------------------
                                  0.57   data required time
                                 -1.13   data arrival time
-----------------------------------------------------------------------------
                                  0.56   slack (MET)


Startpoint: _435_ (rising edge-triggered flip-flop clocked by clk)
Endpoint: _445_ (rising edge-triggered flip-flop clocked by clk)
Path Group: clk
Path Type: min

Fanout     Cap    Slew   Delay    Time   Description
-----------------------------------------------------------------------------
                          0.00    0.00   clock clk (rise edge)
                          0.00    0.00   clock source latency
                  0.08    0.05    0.05 ^ clk (in)
     1    0.02                           clk (net)
                  0.08    0.00    0.05 ^ clkbuf_0_clk/A (sky130_fd_sc_hd__clkbuf_16)
                  0.06    0.15    0.20 ^ clkbuf_0_clk/X (sky130_fd_sc_hd__clkbuf_16)
     4    0.04                           clknet_0_clk (net)
                  0.06    0.00    0.20 ^ clkbuf_2_0__f_clk/A (sky130_fd_sc_hd__clkbuf_16)
                  0.06    0.14    0.34 ^ clkbuf_2_0__f_clk/X (sky130_fd_sc_hd__clkbuf_16)
    14    0.04                           clknet_2_0__leaf_clk (net)
                  0.06    0.00    0.34 ^ _435_/CLK (sky130_fd_sc_hd__dfrtp_2)
                  0.13    0.40    0.74 ^ _435_/Q (sky130_fd_sc_hd__dfrtp_2)
     4    0.02                           net24 (net)
                  0.13    0.00    0.74 ^ _235_/A (sky130_fd_sc_hd__inv_2)
                  0.03    0.04    0.79 v _235_/Y (sky130_fd_sc_hd__inv_2)
     2    0.01                           _123_ (net)
                  0.03    0.00    0.79 v _236_/A (sky130_fd_sc_hd__nand2_1)
                  0.08    0.08    0.87 ^ _236_/Y (sky130_fd_sc_hd__nand2_1)
     2    0.01                           _124_ (net)
                  0.08    0.00    0.87 ^ _239_/B (sky130_fd_sc_hd__nor2_2)
                  0.08    0.09    0.96 v _239_/Y (sky130_fd_sc_hd__nor2_2)
     8    0.03                           _127_ (net)
                  0.08    0.00    0.96 v _246_/B1 (sky130_fd_sc_hd__a22o_1)
                  0.04    0.18    1.14 v _246_/X (sky130_fd_sc_hd__a22o_1)
     1    0.00                           _085_ (net)
                  0.04    0.00    1.14 v _445_/D (sky130_fd_sc_hd__dfrtp_1)
                                  1.14   data arrival time

                          0.00    0.00   clock clk (rise edge)
                          0.00    0.00   clock source latency
                  0.08    0.06    0.06 ^ clk (in)
     1    0.02                           clk (net)
                  0.08    0.00    0.06 ^ clkbuf_0_clk/A (sky130_fd_sc_hd__clkbuf_16)
                  0.06    0.16    0.22 ^ clkbuf_0_clk/X (sky130_fd_sc_hd__clkbuf_16)
     4    0.04                           clknet_0_clk (net)
                  0.06    0.00    0.22 ^ clkbuf_2_1__f_clk/A (sky130_fd_sc_hd__clkbuf_16)
                  0.06    0.15    0.37 ^ clkbuf_2_1__f_clk/X (sky130_fd_sc_hd__clkbuf_16)
    12    0.04                           clknet_2_1__leaf_clk (net)
                  0.06    0.00    0.38 ^ _445_/CLK (sky130_fd_sc_hd__dfrtp_1)
                          0.25    0.63   clock uncertainty
                         -0.02    0.60   clock reconvergence pessimism
                         -0.04    0.56   library hold time
                                  0.56   data required time
-----------------------------------------------------------------------------
                                  0.56   data required time
                                 -1.14   data arrival time
-----------------------------------------------------------------------------
                                  0.57   slack (MET)


Startpoint: _435_ (rising edge-triggered flip-flop clocked by clk)
Endpoint: _446_ (rising edge-triggered flip-flop clocked by clk)
Path Group: clk
Path Type: min

Fanout     Cap    Slew   Delay    Time   Description
-----------------------------------------------------------------------------
                          0.00    0.00   clock clk (rise edge)
                          0.00    0.00   clock source latency
                  0.08    0.05    0.05 ^ clk (in)
     1    0.02                           clk (net)
                  0.08    0.00    0.05 ^ clkbuf_0_clk/A (sky130_fd_sc_hd__clkbuf_16)
                  0.06    0.15    0.20 ^ clkbuf_0_clk/X (sky130_fd_sc_hd__clkbuf_16)
     4    0.04                           clknet_0_clk (net)
                  0.06    0.00    0.20 ^ clkbuf_2_0__f_clk/A (sky130_fd_sc_hd__clkbuf_16)
                  0.06    0.14    0.34 ^ clkbuf_2_0__f_clk/X (sky130_fd_sc_hd__clkbuf_16)
    14    0.04                           clknet_2_0__leaf_clk (net)
                  0.06    0.00    0.34 ^ _435_/CLK (sky130_fd_sc_hd__dfrtp_2)
                  0.13    0.40    0.74 ^ _435_/Q (sky130_fd_sc_hd__dfrtp_2)
     4    0.02                           net24 (net)
                  0.13    0.00    0.74 ^ _235_/A (sky130_fd_sc_hd__inv_2)
                  0.03    0.04    0.79 v _235_/Y (sky130_fd_sc_hd__inv_2)
     2    0.01                           _123_ (net)
                  0.03    0.00    0.79 v _236_/A (sky130_fd_sc_hd__nand2_1)
                  0.08    0.08    0.87 ^ _236_/Y (sky130_fd_sc_hd__nand2_1)
     2    0.01                           _124_ (net)
                  0.08    0.00    0.87 ^ _239_/B (sky130_fd_sc_hd__nor2_2)
                  0.08    0.09    0.96 v _239_/Y (sky130_fd_sc_hd__nor2_2)
     8    0.03                           _127_ (net)
                  0.08    0.00    0.96 v _245_/B1 (sky130_fd_sc_hd__a22o_1)
                  0.04    0.18    1.14 v _245_/X (sky130_fd_sc_hd__a22o_1)
     1    0.00                           _086_ (net)
                  0.04    0.00    1.14 v _446_/D (sky130_fd_sc_hd__dfrtp_1)
                                  1.14   data arrival time

                          0.00    0.00   clock clk (rise edge)
                          0.00    0.00   clock source latency
                  0.08    0.06    0.06 ^ clk (in)
     1    0.02                           clk (net)
                  0.08    0.00    0.06 ^ clkbuf_0_clk/A (sky130_fd_sc_hd__clkbuf_16)
                  0.06    0.16    0.22 ^ clkbuf_0_clk/X (sky130_fd_sc_hd__clkbuf_16)
     4    0.04                           clknet_0_clk (net)
                  0.06    0.00    0.22 ^ clkbuf_2_1__f_clk/A (sky130_fd_sc_hd__clkbuf_16)
                  0.06    0.15    0.37 ^ clkbuf_2_1__f_clk/X (sky130_fd_sc_hd__clkbuf_16)
    12    0.04                           clknet_2_1__leaf_clk (net)
                  0.06    0.00    0.38 ^ _446_/CLK (sky130_fd_sc_hd__dfrtp_1)
                          0.25    0.63   clock uncertainty
                         -0.02    0.60   clock reconvergence pessimism
                         -0.04    0.56   library hold time
                                  0.56   data required time
-----------------------------------------------------------------------------
                                  0.56   data required time
                                 -1.14   data arrival time
-----------------------------------------------------------------------------
                                  0.58   slack (MET)


Startpoint: _435_ (rising edge-triggered flip-flop clocked by clk)
Endpoint: _448_ (rising edge-triggered flip-flop clocked by clk)
Path Group: clk
Path Type: min

Fanout     Cap    Slew   Delay    Time   Description
-----------------------------------------------------------------------------
                          0.00    0.00   clock clk (rise edge)
                          0.00    0.00   clock source latency
                  0.08    0.05    0.05 ^ clk (in)
     1    0.02                           clk (net)
                  0.08    0.00    0.05 ^ clkbuf_0_clk/A (sky130_fd_sc_hd__clkbuf_16)
                  0.06    0.15    0.20 ^ clkbuf_0_clk/X (sky130_fd_sc_hd__clkbuf_16)
     4    0.04                           clknet_0_clk (net)
                  0.06    0.00    0.20 ^ clkbuf_2_0__f_clk/A (sky130_fd_sc_hd__clkbuf_16)
                  0.06    0.14    0.34 ^ clkbuf_2_0__f_clk/X (sky130_fd_sc_hd__clkbuf_16)
    14    0.04                           clknet_2_0__leaf_clk (net)
                  0.06    0.00    0.34 ^ _435_/CLK (sky130_fd_sc_hd__dfrtp_2)
                  0.13    0.40    0.74 ^ _435_/Q (sky130_fd_sc_hd__dfrtp_2)
     4    0.02                           net24 (net)
                  0.13    0.00    0.74 ^ _235_/A (sky130_fd_sc_hd__inv_2)
                  0.03    0.04    0.79 v _235_/Y (sky130_fd_sc_hd__inv_2)
     2    0.01                           _123_ (net)
                  0.03    0.00    0.79 v _236_/A (sky130_fd_sc_hd__nand2_1)
                  0.08    0.08    0.87 ^ _236_/Y (sky130_fd_sc_hd__nand2_1)
     2    0.01                           _124_ (net)
                  0.08    0.00    0.87 ^ _239_/B (sky130_fd_sc_hd__nor2_2)
                  0.08    0.09    0.96 v _239_/Y (sky130_fd_sc_hd__nor2_2)
     8    0.03                           _127_ (net)
                  0.08    0.00    0.96 v _243_/B1 (sky130_fd_sc_hd__a22o_1)
                  0.04    0.18    1.13 v _243_/X (sky130_fd_sc_hd__a22o_1)
     1    0.00                           _088_ (net)
                  0.04    0.00    1.13 v _448_/D (sky130_fd_sc_hd__dfrtp_1)
                                  1.13   data arrival time

                          0.00    0.00   clock clk (rise edge)
                          0.00    0.00   clock source latency
                  0.08    0.06    0.06 ^ clk (in)
     1    0.02                           clk (net)
                  0.08    0.00    0.06 ^ clkbuf_0_clk/A (sky130_fd_sc_hd__clkbuf_16)
                  0.06    0.16    0.22 ^ clkbuf_0_clk/X (sky130_fd_sc_hd__clkbuf_16)
     4    0.04                           clknet_0_clk (net)
                  0.06    0.00    0.22 ^ clkbuf_2_0__f_clk/A (sky130_fd_sc_hd__clkbuf_16)
                  0.06    0.16    0.38 ^ clkbuf_2_0__f_clk/X (sky130_fd_sc_hd__clkbuf_16)
    14    0.04                           clknet_2_0__leaf_clk (net)
                  0.06    0.00    0.38 ^ _448_/CLK (sky130_fd_sc_hd__dfrtp_1)
                          0.25    0.63   clock uncertainty
                         -0.04    0.59   clock reconvergence pessimism
                         -0.04    0.55   library hold time
                                  0.55   data required time
-----------------------------------------------------------------------------
                                  0.55   data required time
                                 -1.13   data arrival time
-----------------------------------------------------------------------------
                                  0.58   slack (MET)


Startpoint: _455_ (rising edge-triggered flip-flop clocked by clk)
Endpoint: _436_ (rising edge-triggered flip-flop clocked by clk)
Path Group: clk
Path Type: min

Fanout     Cap    Slew   Delay    Time   Description
-----------------------------------------------------------------------------
                          0.00    0.00   clock clk (rise edge)
                          0.00    0.00   clock source latency
                  0.08    0.05    0.05 ^ clk (in)
     1    0.02                           clk (net)
                  0.08    0.00    0.05 ^ clkbuf_0_clk/A (sky130_fd_sc_hd__clkbuf_16)
                  0.06    0.15    0.20 ^ clkbuf_0_clk/X (sky130_fd_sc_hd__clkbuf_16)
     4    0.04                           clknet_0_clk (net)
                  0.06    0.00    0.20 ^ clkbuf_2_1__f_clk/A (sky130_fd_sc_hd__clkbuf_16)
                  0.06    0.14    0.34 ^ clkbuf_2_1__f_clk/X (sky130_fd_sc_hd__clkbuf_16)
    12    0.04                           clknet_2_1__leaf_clk (net)
                  0.06    0.00    0.34 ^ _455_/CLK (sky130_fd_sc_hd__dfrtp_1)
                  0.06    0.32    0.66 ^ _455_/Q (sky130_fd_sc_hd__dfrtp_1)
     2    0.01                           bit_count[3] (net)
                  0.06    0.00    0.66 ^ _216_/A (sky130_fd_sc_hd__nor2_1)
                  0.03    0.05    0.71 v _216_/Y (sky130_fd_sc_hd__nor2_1)
     2    0.01                           _108_ (net)
                  0.03    0.00    0.71 v _217_/D (sky130_fd_sc_hd__nand4_1)
                  0.11    0.11    0.83 ^ _217_/Y (sky130_fd_sc_hd__nand4_1)
     3    0.01                           _109_ (net)
                  0.11    0.00    0.83 ^ _270_/B (sky130_fd_sc_hd__and2_1)
                  0.05    0.13    0.95 ^ _270_/X (sky130_fd_sc_hd__and2_1)
     1    0.00                           _143_ (net)
                  0.05    0.00    0.95 ^ _271_/A (sky130_fd_sc_hd__clkbuf_1)
                  0.07    0.10    1.05 ^ _271_/X (sky130_fd_sc_hd__clkbuf_1)
     2    0.01                           _000_ (net)
                  0.07    0.00    1.05 ^ _272_/B1_N (sky130_fd_sc_hd__a21bo_1)
                  0.03    0.19    1.24 v _272_/X (sky130_fd_sc_hd__a21bo_1)
     1    0.00                           _076_ (net)
                  0.03    0.00    1.24 v _436_/D (sky130_fd_sc_hd__dfstp_1)
                                  1.24   data arrival time

                          0.00    0.00   clock clk (rise edge)
                          0.00    0.00   clock source latency
                  0.08    0.06    0.06 ^ clk (in)
     1    0.02                           clk (net)
                  0.08    0.00    0.06 ^ clkbuf_0_clk/A (sky130_fd_sc_hd__clkbuf_16)
                  0.06    0.16    0.22 ^ clkbuf_0_clk/X (sky130_fd_sc_hd__clkbuf_16)
     4    0.04                           clknet_0_clk (net)
                  0.06    0.00    0.22 ^ clkbuf_2_3__f_clk/A (sky130_fd_sc_hd__clkbuf_16)
                  0.06    0.15    0.37 ^ clkbuf_2_3__f_clk/X (sky130_fd_sc_hd__clkbuf_16)
    12    0.04                           clknet_2_3__leaf_clk (net)
                  0.06    0.00    0.38 ^ _436_/CLK (sky130_fd_sc_hd__dfstp_1)
                          0.25    0.63   clock uncertainty
                         -0.02    0.61   clock reconvergence pessimism
                         -0.01    0.60   library hold time
                                  0.60   data required time
-----------------------------------------------------------------------------
                                  0.60   data required time
                                 -1.24   data arrival time
-----------------------------------------------------------------------------
                                  0.64   slack (MET)


Startpoint: _455_ (rising edge-triggered flip-flop clocked by clk)
Endpoint: _433_ (rising edge-triggered flip-flop clocked by clk)
Path Group: clk
Path Type: min

Fanout     Cap    Slew   Delay    Time   Description
-----------------------------------------------------------------------------
                          0.00    0.00   clock clk (rise edge)
                          0.00    0.00   clock source latency
                  0.08    0.05    0.05 ^ clk (in)
     1    0.02                           clk (net)
                  0.08    0.00    0.05 ^ clkbuf_0_clk/A (sky130_fd_sc_hd__clkbuf_16)
                  0.06    0.15    0.20 ^ clkbuf_0_clk/X (sky130_fd_sc_hd__clkbuf_16)
     4    0.04                           clknet_0_clk (net)
                  0.06    0.00    0.20 ^ clkbuf_2_1__f_clk/A (sky130_fd_sc_hd__clkbuf_16)
                  0.06    0.14    0.34 ^ clkbuf_2_1__f_clk/X (sky130_fd_sc_hd__clkbuf_16)
    12    0.04                           clknet_2_1__leaf_clk (net)
                  0.06    0.00    0.34 ^ _455_/CLK (sky130_fd_sc_hd__dfrtp_1)
                  0.06    0.32    0.66 ^ _455_/Q (sky130_fd_sc_hd__dfrtp_1)
     2    0.01                           bit_count[3] (net)
                  0.06    0.00    0.66 ^ _216_/A (sky130_fd_sc_hd__nor2_1)
                  0.03    0.05    0.71 v _216_/Y (sky130_fd_sc_hd__nor2_1)
     2    0.01                           _108_ (net)
                  0.03    0.00    0.71 v _217_/D (sky130_fd_sc_hd__nand4_1)
                  0.11    0.11    0.83 ^ _217_/Y (sky130_fd_sc_hd__nand4_1)
     3    0.01                           _109_ (net)
                  0.11    0.00    0.83 ^ _218_/A (sky130_fd_sc_hd__buf_4)
                  0.18    0.22    1.05 ^ _218_/X (sky130_fd_sc_hd__buf_4)
    10    0.06                           _110_ (net)
                  0.18    0.00    1.05 ^ _279_/S (sky130_fd_sc_hd__mux2_1)
                  0.04    0.15    1.20 ^ _279_/X (sky130_fd_sc_hd__mux2_1)
     1    0.00                           _148_ (net)
                  0.04    0.00    1.20 ^ _280_/A (sky130_fd_sc_hd__clkbuf_1)
                  0.04    0.07    1.27 ^ _280_/X (sky130_fd_sc_hd__clkbuf_1)
     1    0.00                           _073_ (net)
                  0.04    0.00    1.27 ^ _433_/D (sky130_fd_sc_hd__dfrtp_1)
                                  1.27   data arrival time

                          0.00    0.00   clock clk (rise edge)
                          0.00    0.00   clock source latency
                  0.08    0.06    0.06 ^ clk (in)
     1    0.02                           clk (net)
                  0.08    0.00    0.06 ^ clkbuf_0_clk/A (sky130_fd_sc_hd__clkbuf_16)
                  0.06    0.16    0.22 ^ clkbuf_0_clk/X (sky130_fd_sc_hd__clkbuf_16)
     4    0.04                           clknet_0_clk (net)
                  0.06    0.00    0.22 ^ clkbuf_2_1__f_clk/A (sky130_fd_sc_hd__clkbuf_16)
                  0.06    0.15    0.37 ^ clkbuf_2_1__f_clk/X (sky130_fd_sc_hd__clkbuf_16)
    12    0.04                           clknet_2_1__leaf_clk (net)
                  0.06    0.00    0.38 ^ _433_/CLK (sky130_fd_sc_hd__dfrtp_1)
                          0.25    0.63   clock uncertainty
                         -0.04    0.59   clock reconvergence pessimism
                         -0.03    0.56   library hold time
                                  0.56   data required time
-----------------------------------------------------------------------------
                                  0.56   data required time
                                 -1.27   data arrival time
-----------------------------------------------------------------------------
                                  0.72   slack (MET)


Startpoint: _447_ (rising edge-triggered flip-flop clocked by clk)
Endpoint: _447_ (rising edge-triggered flip-flop clocked by clk)
Path Group: clk
Path Type: min

Fanout     Cap    Slew   Delay    Time   Description
-----------------------------------------------------------------------------
                          0.00    0.00   clock clk (rise edge)
                          0.00    0.00   clock source latency
                  0.08    0.05    0.05 ^ clk (in)
     1    0.02                           clk (net)
                  0.08    0.00    0.05 ^ clkbuf_0_clk/A (sky130_fd_sc_hd__clkbuf_16)
                  0.06    0.15    0.20 ^ clkbuf_0_clk/X (sky130_fd_sc_hd__clkbuf_16)
     4    0.04                           clknet_0_clk (net)
                  0.06    0.00    0.20 ^ clkbuf_2_0__f_clk/A (sky130_fd_sc_hd__clkbuf_16)
                  0.06    0.14    0.34 ^ clkbuf_2_0__f_clk/X (sky130_fd_sc_hd__clkbuf_16)
    14    0.04                           clknet_2_0__leaf_clk (net)
                  0.06    0.00    0.34 ^ _447_/CLK (sky130_fd_sc_hd__dfrtp_1)
                  0.10    0.35    0.70 ^ _447_/Q (sky130_fd_sc_hd__dfrtp_1)
     3    0.01                           rx_shift[3] (net)
                  0.10    0.00    0.70 ^ _244_/A1 (sky130_fd_sc_hd__a22o_1)
                  0.04    0.13    0.82 ^ _244_/X (sky130_fd_sc_hd__a22o_1)
     1    0.00                           _087_ (net)
                  0.04    0.00    0.82 ^ hold3/A (sky130_fd_sc_hd__dlygate4sd3_1)
                  0.05    0.50    1.33 ^ hold3/X (sky130_fd_sc_hd__dlygate4sd3_1)
     1    0.00                           net28 (net)
                  0.05    0.00    1.33 ^ _447_/D (sky130_fd_sc_hd__dfrtp_1)
                                  1.33   data arrival time

                          0.00    0.00   clock clk (rise edge)
                          0.00    0.00   clock source latency
                  0.08    0.06    0.06 ^ clk (in)
     1    0.02                           clk (net)
                  0.08    0.00    0.06 ^ clkbuf_0_clk/A (sky130_fd_sc_hd__clkbuf_16)
                  0.06    0.16    0.22 ^ clkbuf_0_clk/X (sky130_fd_sc_hd__clkbuf_16)
     4    0.04                           clknet_0_clk (net)
                  0.06    0.00    0.22 ^ clkbuf_2_0__f_clk/A (sky130_fd_sc_hd__clkbuf_16)
                  0.06    0.16    0.38 ^ clkbuf_2_0__f_clk/X (sky130_fd_sc_hd__clkbuf_16)
    14    0.04                           clknet_2_0__leaf_clk (net)
                  0.06    0.00    0.38 ^ _447_/CLK (sky130_fd_sc_hd__dfrtp_1)
                          0.25    0.63   clock uncertainty
                         -0.04    0.59   clock reconvergence pessimism
                         -0.03    0.56   library hold time
                                  0.56   data required time
-----------------------------------------------------------------------------
                                  0.56   data required time
                                 -1.33   data arrival time
-----------------------------------------------------------------------------
                                  0.77   slack (MET)


Startpoint: _449_ (rising edge-triggered flip-flop clocked by clk)
Endpoint: _449_ (rising edge-triggered flip-flop clocked by clk)
Path Group: clk
Path Type: min

Fanout     Cap    Slew   Delay    Time   Description
-----------------------------------------------------------------------------
                          0.00    0.00   clock clk (rise edge)
                          0.00    0.00   clock source latency
                  0.08    0.05    0.05 ^ clk (in)
     1    0.02                           clk (net)
                  0.08    0.00    0.05 ^ clkbuf_0_clk/A (sky130_fd_sc_hd__clkbuf_16)
                  0.06    0.15    0.20 ^ clkbuf_0_clk/X (sky130_fd_sc_hd__clkbuf_16)
     4    0.04                           clknet_0_clk (net)
                  0.06    0.00    0.20 ^ clkbuf_2_0__f_clk/A (sky130_fd_sc_hd__clkbuf_16)
                  0.06    0.14    0.34 ^ clkbuf_2_0__f_clk/X (sky130_fd_sc_hd__clkbuf_16)
    14    0.04                           clknet_2_0__leaf_clk (net)
                  0.06    0.00    0.34 ^ _449_/CLK (sky130_fd_sc_hd__dfrtp_1)
                  0.10    0.35    0.69 ^ _449_/Q (sky130_fd_sc_hd__dfrtp_1)
     3    0.01                           rx_shift[5] (net)
                  0.10    0.00    0.69 ^ _242_/A1 (sky130_fd_sc_hd__a22o_1)
                  0.05    0.14    0.83 ^ _242_/X (sky130_fd_sc_hd__a22o_1)
     1    0.00                           _089_ (net)
                  0.05    0.00    0.83 ^ hold8/A (sky130_fd_sc_hd__dlygate4sd3_1)
                  0.05    0.50    1.33 ^ hold8/X (sky130_fd_sc_hd__dlygate4sd3_1)
     1    0.00                           net33 (net)
                  0.05    0.00    1.33 ^ _449_/D (sky130_fd_sc_hd__dfrtp_1)
                                  1.33   data arrival time

                          0.00    0.00   clock clk (rise edge)
                          0.00    0.00   clock source latency
                  0.08    0.06    0.06 ^ clk (in)
     1    0.02                           clk (net)
                  0.08    0.00    0.06 ^ clkbuf_0_clk/A (sky130_fd_sc_hd__clkbuf_16)
                  0.06    0.16    0.22 ^ clkbuf_0_clk/X (sky130_fd_sc_hd__clkbuf_16)
     4    0.04                           clknet_0_clk (net)
                  0.06    0.00    0.22 ^ clkbuf_2_0__f_clk/A (sky130_fd_sc_hd__clkbuf_16)
                  0.06    0.16    0.38 ^ clkbuf_2_0__f_clk/X (sky130_fd_sc_hd__clkbuf_16)
    14    0.04                           clknet_2_0__leaf_clk (net)
                  0.06    0.00    0.38 ^ _449_/CLK (sky130_fd_sc_hd__dfrtp_1)
                          0.25    0.63   clock uncertainty
                         -0.04    0.59   clock reconvergence pessimism
                         -0.03    0.56   library hold time
                                  0.56   data required time
-----------------------------------------------------------------------------
                                  0.56   data required time
                                 -1.33   data arrival time
-----------------------------------------------------------------------------
                                  0.77   slack (MET)


Startpoint: _450_ (rising edge-triggered flip-flop clocked by clk)
Endpoint: _451_ (rising edge-triggered flip-flop clocked by clk)
Path Group: clk
Path Type: min

Fanout     Cap    Slew   Delay    Time   Description
-----------------------------------------------------------------------------
                          0.00    0.00   clock clk (rise edge)
                          0.00    0.00   clock source latency
                  0.08    0.05    0.05 ^ clk (in)
     1    0.02                           clk (net)
                  0.08    0.00    0.05 ^ clkbuf_0_clk/A (sky130_fd_sc_hd__clkbuf_16)
                  0.06    0.15    0.20 ^ clkbuf_0_clk/X (sky130_fd_sc_hd__clkbuf_16)
     4    0.04                           clknet_0_clk (net)
                  0.06    0.00    0.20 ^ clkbuf_2_0__f_clk/A (sky130_fd_sc_hd__clkbuf_16)
                  0.06    0.14    0.34 ^ clkbuf_2_0__f_clk/X (sky130_fd_sc_hd__clkbuf_16)
    14    0.04                           clknet_2_0__leaf_clk (net)
                  0.06    0.00    0.34 ^ _450_/CLK (sky130_fd_sc_hd__dfrtp_1)
                  0.12    0.37    0.71 ^ _450_/Q (sky130_fd_sc_hd__dfrtp_1)
     3    0.01                           rx_shift[6] (net)
                  0.12    0.00    0.71 ^ _240_/B2 (sky130_fd_sc_hd__a22o_1)
                  0.04    0.12    0.83 ^ _240_/X (sky130_fd_sc_hd__a22o_1)
     1    0.00                           _091_ (net)
                  0.04    0.00    0.83 ^ hold5/A (sky130_fd_sc_hd__dlygate4sd3_1)
                  0.05    0.50    1.34 ^ hold5/X (sky130_fd_sc_hd__dlygate4sd3_1)
     1    0.00                           net30 (net)
                  0.05    0.00    1.34 ^ _451_/D (sky130_fd_sc_hd__dfrtp_1)
                                  1.34   data arrival time

                          0.00    0.00   clock clk (rise edge)
                          0.00    0.00   clock source latency
                  0.08    0.06    0.06 ^ clk (in)
     1    0.02                           clk (net)
                  0.08    0.00    0.06 ^ clkbuf_0_clk/A (sky130_fd_sc_hd__clkbuf_16)
                  0.06    0.16    0.22 ^ clkbuf_0_clk/X (sky130_fd_sc_hd__clkbuf_16)
     4    0.04                           clknet_0_clk (net)
                  0.06    0.00    0.22 ^ clkbuf_2_0__f_clk/A (sky130_fd_sc_hd__clkbuf_16)
                  0.06    0.16    0.38 ^ clkbuf_2_0__f_clk/X (sky130_fd_sc_hd__clkbuf_16)
    14    0.04                           clknet_2_0__leaf_clk (net)
                  0.06    0.00    0.38 ^ _451_/CLK (sky130_fd_sc_hd__dfrtp_1)
                          0.25    0.63   clock uncertainty
                         -0.04    0.59   clock reconvergence pessimism
                         -0.03    0.56   library hold time
                                  0.56   data required time
-----------------------------------------------------------------------------
                                  0.56   data required time
                                 -1.34   data arrival time
-----------------------------------------------------------------------------
                                  0.78   slack (MET)


Startpoint: _437_ (rising edge-triggered flip-flop clocked by clk)
Endpoint: _437_ (rising edge-triggered flip-flop clocked by clk)
Path Group: clk
Path Type: min

Fanout     Cap    Slew   Delay    Time   Description
-----------------------------------------------------------------------------
                          0.00    0.00   clock clk (rise edge)
                          0.00    0.00   clock source latency
                  0.08    0.05    0.05 ^ clk (in)
     1    0.02                           clk (net)
                  0.08    0.00    0.05 ^ clkbuf_0_clk/A (sky130_fd_sc_hd__clkbuf_16)
                  0.06    0.15    0.20 ^ clkbuf_0_clk/X (sky130_fd_sc_hd__clkbuf_16)
     4    0.04                           clknet_0_clk (net)
                  0.06    0.00    0.20 ^ clkbuf_2_3__f_clk/A (sky130_fd_sc_hd__clkbuf_16)
                  0.06    0.14    0.34 ^ clkbuf_2_3__f_clk/X (sky130_fd_sc_hd__clkbuf_16)
    12    0.04                           clknet_2_3__leaf_clk (net)
                  0.06    0.00    0.34 ^ _437_/CLK (sky130_fd_sc_hd__dfrtp_1)
                  0.06    0.32    0.66 ^ _437_/Q (sky130_fd_sc_hd__dfrtp_1)
     2    0.00                           tx_shift[0] (net)
                  0.06    0.00    0.66 ^ hold21/A (sky130_fd_sc_hd__dlygate4sd3_1)
                  0.06    0.51    1.17 ^ hold21/X (sky130_fd_sc_hd__dlygate4sd3_1)
     1    0.00                           net46 (net)
                  0.06    0.00    1.17 ^ _267_/A0 (sky130_fd_sc_hd__mux2_1)
                  0.04    0.11    1.28 ^ _267_/X (sky130_fd_sc_hd__mux2_1)
     1    0.00                           _141_ (net)
                  0.04    0.00    1.28 ^ _268_/A (sky130_fd_sc_hd__clkbuf_1)
                  0.04    0.07    1.36 ^ _268_/X (sky130_fd_sc_hd__clkbuf_1)
     1    0.00                           _077_ (net)
                  0.04    0.00    1.36 ^ _437_/D (sky130_fd_sc_hd__dfrtp_1)
                                  1.36   data arrival time

                          0.00    0.00   clock clk (rise edge)
                          0.00    0.00   clock source latency
                  0.08    0.06    0.06 ^ clk (in)
     1    0.02                           clk (net)
                  0.08    0.00    0.06 ^ clkbuf_0_clk/A (sky130_fd_sc_hd__clkbuf_16)
                  0.06    0.16    0.22 ^ clkbuf_0_clk/X (sky130_fd_sc_hd__clkbuf_16)
     4    0.04                           clknet_0_clk (net)
                  0.06    0.00    0.22 ^ clkbuf_2_3__f_clk/A (sky130_fd_sc_hd__clkbuf_16)
                  0.06    0.15    0.37 ^ clkbuf_2_3__f_clk/X (sky130_fd_sc_hd__clkbuf_16)
    12    0.04                           clknet_2_3__leaf_clk (net)
                  0.06    0.00    0.38 ^ _437_/CLK (sky130_fd_sc_hd__dfrtp_1)
                          0.25    0.63   clock uncertainty
                         -0.04    0.59   clock reconvergence pessimism
                         -0.03    0.56   library hold time
                                  0.56   data required time
-----------------------------------------------------------------------------
                                  0.56   data required time
                                 -1.36   data arrival time
-----------------------------------------------------------------------------
                                  0.80   slack (MET)


Startpoint: _450_ (rising edge-triggered flip-flop clocked by clk)
Endpoint: _450_ (rising edge-triggered flip-flop clocked by clk)
Path Group: clk
Path Type: min

Fanout     Cap    Slew   Delay    Time   Description
-----------------------------------------------------------------------------
                          0.00    0.00   clock clk (rise edge)
                          0.00    0.00   clock source latency
                  0.08    0.05    0.05 ^ clk (in)
     1    0.02                           clk (net)
                  0.08    0.00    0.05 ^ clkbuf_0_clk/A (sky130_fd_sc_hd__clkbuf_16)
                  0.06    0.15    0.20 ^ clkbuf_0_clk/X (sky130_fd_sc_hd__clkbuf_16)
     4    0.04                           clknet_0_clk (net)
                  0.06    0.00    0.20 ^ clkbuf_2_0__f_clk/A (sky130_fd_sc_hd__clkbuf_16)
                  0.06    0.14    0.34 ^ clkbuf_2_0__f_clk/X (sky130_fd_sc_hd__clkbuf_16)
    14    0.04                           clknet_2_0__leaf_clk (net)
                  0.06    0.00    0.34 ^ _450_/CLK (sky130_fd_sc_hd__dfrtp_1)
                  0.12    0.37    0.71 ^ _450_/Q (sky130_fd_sc_hd__dfrtp_1)
     3    0.01                           rx_shift[6] (net)
                  0.12    0.00    0.71 ^ _241_/A1 (sky130_fd_sc_hd__a22o_1)
                  0.05    0.14    0.85 ^ _241_/X (sky130_fd_sc_hd__a22o_1)
     1    0.00                           _090_ (net)
                  0.05    0.00    0.85 ^ hold10/A (sky130_fd_sc_hd__dlygate4sd3_1)
                  0.06    0.51    1.36 ^ hold10/X (sky130_fd_sc_hd__dlygate4sd3_1)
     1    0.00                           net35 (net)
                  0.06    0.00    1.36 ^ _450_/D (sky130_fd_sc_hd__dfrtp_1)
                                  1.36   data arrival time

                          0.00    0.00   clock clk (rise edge)
                          0.00    0.00   clock source latency
                  0.08    0.06    0.06 ^ clk (in)
     1    0.02                           clk (net)
                  0.08    0.00    0.06 ^ clkbuf_0_clk/A (sky130_fd_sc_hd__clkbuf_16)
                  0.06    0.16    0.22 ^ clkbuf_0_clk/X (sky130_fd_sc_hd__clkbuf_16)
     4    0.04                           clknet_0_clk (net)
                  0.06    0.00    0.22 ^ clkbuf_2_0__f_clk/A (sky130_fd_sc_hd__clkbuf_16)
                  0.06    0.16    0.38 ^ clkbuf_2_0__f_clk/X (sky130_fd_sc_hd__clkbuf_16)
    14    0.04                           clknet_2_0__leaf_clk (net)
                  0.06    0.00    0.38 ^ _450_/CLK (sky130_fd_sc_hd__dfrtp_1)
                          0.25    0.63   clock uncertainty
                         -0.04    0.59   clock reconvergence pessimism
                         -0.03    0.56   library hold time
                                  0.56   data required time
-----------------------------------------------------------------------------
                                  0.56   data required time
                                 -1.36   data arrival time
-----------------------------------------------------------------------------
                                  0.81   slack (MET)


Startpoint: _444_ (rising edge-triggered flip-flop clocked by clk)
Endpoint: _426_ (rising edge-triggered flip-flop clocked by clk)
Path Group: clk
Path Type: min

Fanout     Cap    Slew   Delay    Time   Description
-----------------------------------------------------------------------------
                          0.00    0.00   clock clk (rise edge)
                          0.00    0.00   clock source latency
                  0.08    0.05    0.05 ^ clk (in)
     1    0.02                           clk (net)
                  0.08    0.00    0.05 ^ clkbuf_0_clk/A (sky130_fd_sc_hd__clkbuf_16)
                  0.06    0.15    0.20 ^ clkbuf_0_clk/X (sky130_fd_sc_hd__clkbuf_16)
     4    0.04                           clknet_0_clk (net)
                  0.06    0.00    0.20 ^ clkbuf_2_3__f_clk/A (sky130_fd_sc_hd__clkbuf_16)
                  0.06    0.14    0.34 ^ clkbuf_2_3__f_clk/X (sky130_fd_sc_hd__clkbuf_16)
    12    0.04                           clknet_2_3__leaf_clk (net)
                  0.06    0.00    0.34 ^ _444_/CLK (sky130_fd_sc_hd__dfrtp_1)
                  0.09    0.34    0.68 ^ _444_/Q (sky130_fd_sc_hd__dfrtp_1)
     2    0.01                           rx_shift[0] (net)
                  0.09    0.00    0.68 ^ _293_/A0 (sky130_fd_sc_hd__mux2_1)
                  0.04    0.12    0.80 ^ _293_/X (sky130_fd_sc_hd__mux2_1)
     1    0.00                           _155_ (net)
                  0.04    0.00    0.80 ^ hold34/A (sky130_fd_sc_hd__dlygate4sd3_1)
                  0.06    0.51    1.31 ^ hold34/X (sky130_fd_sc_hd__dlygate4sd3_1)
     1    0.00                           net59 (net)
                  0.06    0.00    1.31 ^ _294_/A (sky130_fd_sc_hd__clkbuf_1)
                  0.04    0.08    1.39 ^ _294_/X (sky130_fd_sc_hd__clkbuf_1)
     1    0.00                           _066_ (net)
                  0.04    0.00    1.39 ^ _426_/D (sky130_fd_sc_hd__dfrtp_1)
                                  1.39   data arrival time

                          0.00    0.00   clock clk (rise edge)
                          0.00    0.00   clock source latency
                  0.08    0.06    0.06 ^ clk (in)
     1    0.02                           clk (net)
                  0.08    0.00    0.06 ^ clkbuf_0_clk/A (sky130_fd_sc_hd__clkbuf_16)
                  0.06    0.16    0.22 ^ clkbuf_0_clk/X (sky130_fd_sc_hd__clkbuf_16)
     4    0.04                           clknet_0_clk (net)
                  0.06    0.00    0.22 ^ clkbuf_2_3__f_clk/A (sky130_fd_sc_hd__clkbuf_16)
                  0.06    0.15    0.37 ^ clkbuf_2_3__f_clk/X (sky130_fd_sc_hd__clkbuf_16)
    12    0.04                           clknet_2_3__leaf_clk (net)
                  0.06    0.00    0.38 ^ _426_/CLK (sky130_fd_sc_hd__dfrtp_1)
                          0.25    0.63   clock uncertainty
                         -0.04    0.59   clock reconvergence pessimism
                         -0.03    0.56   library hold time
                                  0.56   data required time
-----------------------------------------------------------------------------
                                  0.56   data required time
                                 -1.39   data arrival time
-----------------------------------------------------------------------------
                                  0.83   slack (MET)


Startpoint: _427_ (rising edge-triggered flip-flop clocked by clk)
Endpoint: _427_ (rising edge-triggered flip-flop clocked by clk)
Path Group: clk
Path Type: min

Fanout     Cap    Slew   Delay    Time   Description
-----------------------------------------------------------------------------
                          0.00    0.00   clock clk (rise edge)
                          0.00    0.00   clock source latency
                  0.08    0.05    0.05 ^ clk (in)
     1    0.02                           clk (net)
                  0.08    0.00    0.05 ^ clkbuf_0_clk/A (sky130_fd_sc_hd__clkbuf_16)
                  0.06    0.15    0.20 ^ clkbuf_0_clk/X (sky130_fd_sc_hd__clkbuf_16)
     4    0.04                           clknet_0_clk (net)
                  0.06    0.00    0.20 ^ clkbuf_2_1__f_clk/A (sky130_fd_sc_hd__clkbuf_16)
                  0.06    0.14    0.34 ^ clkbuf_2_1__f_clk/X (sky130_fd_sc_hd__clkbuf_16)
    12    0.04                           clknet_2_1__leaf_clk (net)
                  0.06    0.00    0.34 ^ _427_/CLK (sky130_fd_sc_hd__dfrtp_1)
                  0.09    0.34    0.68 ^ _427_/Q (sky130_fd_sc_hd__dfrtp_1)
     2    0.01                           net17 (net)
                  0.09    0.00    0.68 ^ _291_/A1 (sky130_fd_sc_hd__mux2_1)
                  0.04    0.12    0.80 ^ _291_/X (sky130_fd_sc_hd__mux2_1)
     1    0.00                           _154_ (net)
                  0.04    0.00    0.80 ^ hold36/A (sky130_fd_sc_hd__dlygate4sd3_1)
                  0.06    0.51    1.31 ^ hold36/X (sky130_fd_sc_hd__dlygate4sd3_1)
     1    0.00                           net61 (net)
                  0.06    0.00    1.31 ^ _292_/A (sky130_fd_sc_hd__clkbuf_1)
                  0.05    0.08    1.40 ^ _292_/X (sky130_fd_sc_hd__clkbuf_1)
     1    0.00                           _067_ (net)
                  0.05    0.00    1.40 ^ _427_/D (sky130_fd_sc_hd__dfrtp_1)
                                  1.40   data arrival time

                          0.00    0.00   clock clk (rise edge)
                          0.00    0.00   clock source latency
                  0.08    0.06    0.06 ^ clk (in)
     1    0.02                           clk (net)
                  0.08    0.00    0.06 ^ clkbuf_0_clk/A (sky130_fd_sc_hd__clkbuf_16)
                  0.06    0.16    0.22 ^ clkbuf_0_clk/X (sky130_fd_sc_hd__clkbuf_16)
     4    0.04                           clknet_0_clk (net)
                  0.06    0.00    0.22 ^ clkbuf_2_1__f_clk/A (sky130_fd_sc_hd__clkbuf_16)
                  0.06    0.15    0.37 ^ clkbuf_2_1__f_clk/X (sky130_fd_sc_hd__clkbuf_16)
    12    0.04                           clknet_2_1__leaf_clk (net)
                  0.06    0.00    0.38 ^ _427_/CLK (sky130_fd_sc_hd__dfrtp_1)
                          0.25    0.63   clock uncertainty
                         -0.04    0.59   clock reconvergence pessimism
                         -0.03    0.56   library hold time
                                  0.56   data required time
-----------------------------------------------------------------------------
                                  0.56   data required time
                                 -1.40   data arrival time
-----------------------------------------------------------------------------
                                  0.84   slack (MET)


Startpoint: rst (input port clocked by clk)
Endpoint: _448_ (removal check against rising-edge clock clk)
Path Group: asynchronous
Path Type: min

Fanout     Cap    Slew   Delay    Time   Description
-----------------------------------------------------------------------------
                          0.00    0.00   clock clk (rise edge)
                          0.00    0.00   clock network delay (propagated)
                          2.00    2.00 v input external delay
                  0.01    0.00    2.00 v rst (in)
     1    0.00                           rst (net)
                  0.01    0.00    2.00 v input2/A (sky130_fd_sc_hd__buf_1)
                  0.05    0.09    2.10 v input2/X (sky130_fd_sc_hd__buf_1)
     3    0.01                           net2 (net)
                  0.05    0.00    2.10 v _355_/A (sky130_fd_sc_hd__buf_4)
                  0.08    0.18    2.28 v _355_/X (sky130_fd_sc_hd__buf_4)
    10    0.05                           _199_ (net)
                  0.08    0.00    2.28 v _400_/A (sky130_fd_sc_hd__inv_2)
                  0.03    0.06    2.33 ^ _400_/Y (sky130_fd_sc_hd__inv_2)
     1    0.00                           _042_ (net)
                  0.03    0.00    2.33 ^ _448_/RESET_B (sky130_fd_sc_hd__dfrtp_1)
                                  2.33   data arrival time

                          0.00    0.00   clock clk (rise edge)
                          0.00    0.00   clock source latency
                  0.08    0.06    0.06 ^ clk (in)
     1    0.02                           clk (net)
                  0.08    0.00    0.06 ^ clkbuf_0_clk/A (sky130_fd_sc_hd__clkbuf_16)
                  0.06    0.16    0.22 ^ clkbuf_0_clk/X (sky130_fd_sc_hd__clkbuf_16)
     4    0.04                           clknet_0_clk (net)
                  0.06    0.00    0.22 ^ clkbuf_2_0__f_clk/A (sky130_fd_sc_hd__clkbuf_16)
                  0.06    0.16    0.38 ^ clkbuf_2_0__f_clk/X (sky130_fd_sc_hd__clkbuf_16)
    14    0.04                           clknet_2_0__leaf_clk (net)
                  0.06    0.00    0.38 ^ _448_/CLK (sky130_fd_sc_hd__dfrtp_1)
                          0.25    0.63   clock uncertainty
                          0.00    0.63   clock reconvergence pessimism
                          0.32    0.95   library removal time
                                  0.95   data required time
-----------------------------------------------------------------------------
                                  0.95   data required time
                                 -2.33   data arrival time
-----------------------------------------------------------------------------
                                  1.38   slack (MET)


Startpoint: rst (input port clocked by clk)
Endpoint: _449_ (removal check against rising-edge clock clk)
Path Group: asynchronous
Path Type: min

Fanout     Cap    Slew   Delay    Time   Description
-----------------------------------------------------------------------------
                          0.00    0.00   clock clk (rise edge)
                          0.00    0.00   clock network delay (propagated)
                          2.00    2.00 v input external delay
                  0.01    0.00    2.00 v rst (in)
     1    0.00                           rst (net)
                  0.01    0.00    2.00 v input2/A (sky130_fd_sc_hd__buf_1)
                  0.05    0.09    2.10 v input2/X (sky130_fd_sc_hd__buf_1)
     3    0.01                           net2 (net)
                  0.05    0.00    2.10 v _355_/A (sky130_fd_sc_hd__buf_4)
                  0.08    0.18    2.28 v _355_/X (sky130_fd_sc_hd__buf_4)
    10    0.05                           _199_ (net)
                  0.08    0.00    2.28 v _401_/A (sky130_fd_sc_hd__inv_2)
                  0.03    0.06    2.34 ^ _401_/Y (sky130_fd_sc_hd__inv_2)
     1    0.00                           _043_ (net)
                  0.03    0.00    2.34 ^ _449_/RESET_B (sky130_fd_sc_hd__dfrtp_1)
                                  2.34   data arrival time

                          0.00    0.00   clock clk (rise edge)
                          0.00    0.00   clock source latency
                  0.08    0.06    0.06 ^ clk (in)
     1    0.02                           clk (net)
                  0.08    0.00    0.06 ^ clkbuf_0_clk/A (sky130_fd_sc_hd__clkbuf_16)
                  0.06    0.16    0.22 ^ clkbuf_0_clk/X (sky130_fd_sc_hd__clkbuf_16)
     4    0.04                           clknet_0_clk (net)
                  0.06    0.00    0.22 ^ clkbuf_2_0__f_clk/A (sky130_fd_sc_hd__clkbuf_16)
                  0.06    0.16    0.38 ^ clkbuf_2_0__f_clk/X (sky130_fd_sc_hd__clkbuf_16)
    14    0.04                           clknet_2_0__leaf_clk (net)
                  0.06    0.00    0.38 ^ _449_/CLK (sky130_fd_sc_hd__dfrtp_1)
                          0.25    0.63   clock uncertainty
                          0.00    0.63   clock reconvergence pessimism
                          0.32    0.95   library removal time
                                  0.95   data required time
-----------------------------------------------------------------------------
                                  0.95   data required time
                                 -2.34   data arrival time
-----------------------------------------------------------------------------
                                  1.38   slack (MET)


Startpoint: rst (input port clocked by clk)
Endpoint: _451_ (removal check against rising-edge clock clk)
Path Group: asynchronous
Path Type: min

Fanout     Cap    Slew   Delay    Time   Description
-----------------------------------------------------------------------------
                          0.00    0.00   clock clk (rise edge)
                          0.00    0.00   clock network delay (propagated)
                          2.00    2.00 v input external delay
                  0.01    0.00    2.00 v rst (in)
     1    0.00                           rst (net)
                  0.01    0.00    2.00 v input2/A (sky130_fd_sc_hd__buf_1)
                  0.05    0.09    2.10 v input2/X (sky130_fd_sc_hd__buf_1)
     3    0.01                           net2 (net)
                  0.05    0.00    2.10 v _355_/A (sky130_fd_sc_hd__buf_4)
                  0.08    0.18    2.28 v _355_/X (sky130_fd_sc_hd__buf_4)
    10    0.05                           _199_ (net)
                  0.08    0.00    2.28 v _403_/A (sky130_fd_sc_hd__inv_2)
                  0.04    0.06    2.34 ^ _403_/Y (sky130_fd_sc_hd__inv_2)
     1    0.00                           _045_ (net)
                  0.04    0.00    2.34 ^ _451_/RESET_B (sky130_fd_sc_hd__dfrtp_1)
                                  2.34   data arrival time

                          0.00    0.00   clock clk (rise edge)
                          0.00    0.00   clock source latency
                  0.08    0.06    0.06 ^ clk (in)
     1    0.02                           clk (net)
                  0.08    0.00    0.06 ^ clkbuf_0_clk/A (sky130_fd_sc_hd__clkbuf_16)
                  0.06    0.16    0.22 ^ clkbuf_0_clk/X (sky130_fd_sc_hd__clkbuf_16)
     4    0.04                           clknet_0_clk (net)
                  0.06    0.00    0.22 ^ clkbuf_2_0__f_clk/A (sky130_fd_sc_hd__clkbuf_16)
                  0.06    0.16    0.38 ^ clkbuf_2_0__f_clk/X (sky130_fd_sc_hd__clkbuf_16)
    14    0.04                           clknet_2_0__leaf_clk (net)
                  0.06    0.00    0.38 ^ _451_/CLK (sky130_fd_sc_hd__dfrtp_1)
                          0.25    0.63   clock uncertainty
                          0.00    0.63   clock reconvergence pessimism
                          0.32    0.95   library removal time
                                  0.95   data required time
-----------------------------------------------------------------------------
                                  0.95   data required time
                                 -2.34   data arrival time
-----------------------------------------------------------------------------
                                  1.38   slack (MET)


Startpoint: rst (input port clocked by clk)
Endpoint: _453_ (removal check against rising-edge clock clk)
Path Group: asynchronous
Path Type: min

Fanout     Cap    Slew   Delay    Time   Description
-----------------------------------------------------------------------------
                          0.00    0.00   clock clk (rise edge)
                          0.00    0.00   clock network delay (propagated)
                          2.00    2.00 v input external delay
                  0.01    0.00    2.00 v rst (in)
     1    0.00                           rst (net)
                  0.01    0.00    2.00 v input2/A (sky130_fd_sc_hd__buf_1)
                  0.05    0.09    2.10 v input2/X (sky130_fd_sc_hd__buf_1)
     3    0.01                           net2 (net)
                  0.05    0.00    2.10 v _355_/A (sky130_fd_sc_hd__buf_4)
                  0.08    0.18    2.28 v _355_/X (sky130_fd_sc_hd__buf_4)
    10    0.05                           _199_ (net)
                  0.08    0.00    2.28 v _405_/A (sky130_fd_sc_hd__inv_2)
                  0.03    0.05    2.33 ^ _405_/Y (sky130_fd_sc_hd__inv_2)
     1    0.00                           _047_ (net)
                  0.03    0.00    2.33 ^ _453_/RESET_B (sky130_fd_sc_hd__dfrtp_1)
                                  2.33   data arrival time

                          0.00    0.00   clock clk (rise edge)
                          0.00    0.00   clock source latency
                  0.08    0.06    0.06 ^ clk (in)
     1    0.02                           clk (net)
                  0.08    0.00    0.06 ^ clkbuf_0_clk/A (sky130_fd_sc_hd__clkbuf_16)
                  0.06    0.16    0.22 ^ clkbuf_0_clk/X (sky130_fd_sc_hd__clkbuf_16)
     4    0.04                           clknet_0_clk (net)
                  0.06    0.00    0.22 ^ clkbuf_2_1__f_clk/A (sky130_fd_sc_hd__clkbuf_16)
                  0.06    0.15    0.37 ^ clkbuf_2_1__f_clk/X (sky130_fd_sc_hd__clkbuf_16)
    12    0.04                           clknet_2_1__leaf_clk (net)
                  0.06    0.00    0.38 ^ _453_/CLK (sky130_fd_sc_hd__dfrtp_1)
                          0.25    0.63   clock uncertainty
                          0.00    0.63   clock reconvergence pessimism
                          0.32    0.95   library removal time
                                  0.95   data required time
-----------------------------------------------------------------------------
                                  0.95   data required time
                                 -2.33   data arrival time
-----------------------------------------------------------------------------
                                  1.39   slack (MET)


Startpoint: rst (input port clocked by clk)
Endpoint: _450_ (removal check against rising-edge clock clk)
Path Group: asynchronous
Path Type: min

Fanout     Cap    Slew   Delay    Time   Description
-----------------------------------------------------------------------------
                          0.00    0.00   clock clk (rise edge)
                          0.00    0.00   clock network delay (propagated)
                          2.00    2.00 v input external delay
                  0.01    0.00    2.00 v rst (in)
     1    0.00                           rst (net)
                  0.01    0.00    2.00 v input2/A (sky130_fd_sc_hd__buf_1)
                  0.05    0.09    2.10 v input2/X (sky130_fd_sc_hd__buf_1)
     3    0.01                           net2 (net)
                  0.05    0.00    2.10 v _355_/A (sky130_fd_sc_hd__buf_4)
                  0.08    0.18    2.28 v _355_/X (sky130_fd_sc_hd__buf_4)
    10    0.05                           _199_ (net)
                  0.08    0.00    2.28 v _402_/A (sky130_fd_sc_hd__inv_2)
                  0.04    0.06    2.34 ^ _402_/Y (sky130_fd_sc_hd__inv_2)
     1    0.01                           _044_ (net)
                  0.04    0.00    2.34 ^ _450_/RESET_B (sky130_fd_sc_hd__dfrtp_1)
                                  2.34   data arrival time

                          0.00    0.00   clock clk (rise edge)
                          0.00    0.00   clock source latency
                  0.08    0.06    0.06 ^ clk (in)
     1    0.02                           clk (net)
                  0.08    0.00    0.06 ^ clkbuf_0_clk/A (sky130_fd_sc_hd__clkbuf_16)
                  0.06    0.16    0.22 ^ clkbuf_0_clk/X (sky130_fd_sc_hd__clkbuf_16)
     4    0.04                           clknet_0_clk (net)
                  0.06    0.00    0.22 ^ clkbuf_2_0__f_clk/A (sky130_fd_sc_hd__clkbuf_16)
                  0.06    0.16    0.38 ^ clkbuf_2_0__f_clk/X (sky130_fd_sc_hd__clkbuf_16)
    14    0.04                           clknet_2_0__leaf_clk (net)
                  0.06    0.00    0.38 ^ _450_/CLK (sky130_fd_sc_hd__dfrtp_1)
                          0.25    0.63   clock uncertainty
                          0.00    0.63   clock reconvergence pessimism
                          0.32    0.95   library removal time
                                  0.95   data required time
-----------------------------------------------------------------------------
                                  0.95   data required time
                                 -2.34   data arrival time
-----------------------------------------------------------------------------
                                  1.39   slack (MET)


Startpoint: rst (input port clocked by clk)
Endpoint: _452_ (removal check against rising-edge clock clk)
Path Group: asynchronous
Path Type: min

Fanout     Cap    Slew   Delay    Time   Description
-----------------------------------------------------------------------------
                          0.00    0.00   clock clk (rise edge)
                          0.00    0.00   clock network delay (propagated)
                          2.00    2.00 v input external delay
                  0.01    0.00    2.00 v rst (in)
     1    0.00                           rst (net)
                  0.01    0.00    2.00 v input2/A (sky130_fd_sc_hd__buf_1)
                  0.05    0.09    2.10 v input2/X (sky130_fd_sc_hd__buf_1)
     3    0.01                           net2 (net)
                  0.05    0.00    2.10 v _355_/A (sky130_fd_sc_hd__buf_4)
                  0.08    0.18    2.28 v _355_/X (sky130_fd_sc_hd__buf_4)
    10    0.05                           _199_ (net)
                  0.08    0.00    2.28 v _404_/A (sky130_fd_sc_hd__inv_2)
                  0.03    0.05    2.33 ^ _404_/Y (sky130_fd_sc_hd__inv_2)
     1    0.00                           _046_ (net)
                  0.03    0.00    2.33 ^ _452_/RESET_B (sky130_fd_sc_hd__dfrtp_1)
                                  2.33   data arrival time

                          0.00    0.00   clock clk (rise edge)
                          0.00    0.00   clock source latency
                  0.08    0.06    0.06 ^ clk (in)
     1    0.02                           clk (net)
                  0.08    0.00    0.06 ^ clkbuf_0_clk/A (sky130_fd_sc_hd__clkbuf_16)
                  0.06    0.16    0.22 ^ clkbuf_0_clk/X (sky130_fd_sc_hd__clkbuf_16)
     4    0.04                           clknet_0_clk (net)
                  0.06    0.00    0.22 ^ clkbuf_2_1__f_clk/A (sky130_fd_sc_hd__clkbuf_16)
                  0.06    0.15    0.37 ^ clkbuf_2_1__f_clk/X (sky130_fd_sc_hd__clkbuf_16)
    12    0.04                           clknet_2_1__leaf_clk (net)
                  0.06    0.00    0.38 ^ _452_/CLK (sky130_fd_sc_hd__dfrtp_1)
                          0.25    0.63   clock uncertainty
                          0.00    0.63   clock reconvergence pessimism
                          0.32    0.95   library removal time
                                  0.95   data required time
-----------------------------------------------------------------------------
                                  0.95   data required time
                                 -2.33   data arrival time
-----------------------------------------------------------------------------
                                  1.39   slack (MET)


Startpoint: rst (input port clocked by clk)
Endpoint: _455_ (removal check against rising-edge clock clk)
Path Group: asynchronous
Path Type: min

Fanout     Cap    Slew   Delay    Time   Description
-----------------------------------------------------------------------------
                          0.00    0.00   clock clk (rise edge)
                          0.00    0.00   clock network delay (propagated)
                          2.00    2.00 v input external delay
                  0.01    0.00    2.00 v rst (in)
     1    0.00                           rst (net)
                  0.01    0.00    2.00 v input2/A (sky130_fd_sc_hd__buf_1)
                  0.05    0.09    2.10 v input2/X (sky130_fd_sc_hd__buf_1)
     3    0.01                           net2 (net)
                  0.05    0.00    2.10 v _355_/A (sky130_fd_sc_hd__buf_4)
                  0.08    0.18    2.28 v _355_/X (sky130_fd_sc_hd__buf_4)
    10    0.05                           _199_ (net)
                  0.08    0.00    2.28 v _407_/A (sky130_fd_sc_hd__inv_2)
                  0.03    0.05    2.33 ^ _407_/Y (sky130_fd_sc_hd__inv_2)
     1    0.00                           _049_ (net)
                  0.03    0.00    2.33 ^ _455_/RESET_B (sky130_fd_sc_hd__dfrtp_1)
                                  2.33   data arrival time

                          0.00    0.00   clock clk (rise edge)
                          0.00    0.00   clock source latency
                  0.08    0.06    0.06 ^ clk (in)
     1    0.02                           clk (net)
                  0.08    0.00    0.06 ^ clkbuf_0_clk/A (sky130_fd_sc_hd__clkbuf_16)
                  0.06    0.16    0.22 ^ clkbuf_0_clk/X (sky130_fd_sc_hd__clkbuf_16)
     4    0.04                           clknet_0_clk (net)
                  0.06    0.00    0.22 ^ clkbuf_2_1__f_clk/A (sky130_fd_sc_hd__clkbuf_16)
                  0.06    0.15    0.37 ^ clkbuf_2_1__f_clk/X (sky130_fd_sc_hd__clkbuf_16)
    12    0.04                           clknet_2_1__leaf_clk (net)
                  0.06    0.00    0.37 ^ _455_/CLK (sky130_fd_sc_hd__dfrtp_1)
                          0.25    0.62   clock uncertainty
                          0.00    0.62   clock reconvergence pessimism
                          0.32    0.95   library removal time
                                  0.95   data required time
-----------------------------------------------------------------------------
                                  0.95   data required time
                                 -2.33   data arrival time
-----------------------------------------------------------------------------
                                  1.39   slack (MET)


Startpoint: rst (input port clocked by clk)
Endpoint: _454_ (removal check against rising-edge clock clk)
Path Group: asynchronous
Path Type: min

Fanout     Cap    Slew   Delay    Time   Description
-----------------------------------------------------------------------------
                          0.00    0.00   clock clk (rise edge)
                          0.00    0.00   clock network delay (propagated)
                          2.00    2.00 v input external delay
                  0.01    0.00    2.00 v rst (in)
     1    0.00                           rst (net)
                  0.01    0.00    2.00 v input2/A (sky130_fd_sc_hd__buf_1)
                  0.05    0.09    2.10 v input2/X (sky130_fd_sc_hd__buf_1)
     3    0.01                           net2 (net)
                  0.05    0.00    2.10 v _355_/A (sky130_fd_sc_hd__buf_4)
                  0.08    0.18    2.28 v _355_/X (sky130_fd_sc_hd__buf_4)
    10    0.05                           _199_ (net)
                  0.08    0.00    2.28 v _406_/A (sky130_fd_sc_hd__inv_2)
                  0.03    0.06    2.33 ^ _406_/Y (sky130_fd_sc_hd__inv_2)
     1    0.00                           _048_ (net)
                  0.03    0.00    2.33 ^ _454_/RESET_B (sky130_fd_sc_hd__dfrtp_1)
                                  2.33   data arrival time

                          0.00    0.00   clock clk (rise edge)
                          0.00    0.00   clock source latency
                  0.08    0.06    0.06 ^ clk (in)
     1    0.02                           clk (net)
                  0.08    0.00    0.06 ^ clkbuf_0_clk/A (sky130_fd_sc_hd__clkbuf_16)
                  0.06    0.16    0.22 ^ clkbuf_0_clk/X (sky130_fd_sc_hd__clkbuf_16)
     4    0.04                           clknet_0_clk (net)
                  0.06    0.00    0.22 ^ clkbuf_2_1__f_clk/A (sky130_fd_sc_hd__clkbuf_16)
                  0.06    0.15    0.37 ^ clkbuf_2_1__f_clk/X (sky130_fd_sc_hd__clkbuf_16)
    12    0.04                           clknet_2_1__leaf_clk (net)
                  0.06    0.00    0.37 ^ _454_/CLK (sky130_fd_sc_hd__dfrtp_1)
                          0.25    0.62   clock uncertainty
                          0.00    0.62   clock reconvergence pessimism
                          0.32    0.95   library removal time
                                  0.95   data required time
-----------------------------------------------------------------------------
                                  0.95   data required time
                                 -2.33   data arrival time
-----------------------------------------------------------------------------
                                  1.39   slack (MET)


Startpoint: rst (input port clocked by clk)
Endpoint: _447_ (removal check against rising-edge clock clk)
Path Group: asynchronous
Path Type: min

Fanout     Cap    Slew   Delay    Time   Description
-----------------------------------------------------------------------------
                          0.00    0.00   clock clk (rise edge)
                          0.00    0.00   clock network delay (propagated)
                          2.00    2.00 v input external delay
                  0.01    0.00    2.00 v rst (in)
     1    0.00                           rst (net)
                  0.01    0.00    2.00 v input2/A (sky130_fd_sc_hd__buf_1)
                  0.05    0.09    2.10 v input2/X (sky130_fd_sc_hd__buf_1)
     3    0.01                           net2 (net)
                  0.05    0.00    2.10 v _389_/A (sky130_fd_sc_hd__buf_4)
                  0.08    0.19    2.28 v _389_/X (sky130_fd_sc_hd__buf_4)
    10    0.06                           _203_ (net)
                  0.08    0.00    2.28 v _399_/A (sky130_fd_sc_hd__inv_2)
                  0.04    0.06    2.34 ^ _399_/Y (sky130_fd_sc_hd__inv_2)
     1    0.00                           _041_ (net)
                  0.04    0.00    2.34 ^ _447_/RESET_B (sky130_fd_sc_hd__dfrtp_1)
                                  2.34   data arrival time

                          0.00    0.00   clock clk (rise edge)
                          0.00    0.00   clock source latency
                  0.08    0.06    0.06 ^ clk (in)
     1    0.02                           clk (net)
                  0.08    0.00    0.06 ^ clkbuf_0_clk/A (sky130_fd_sc_hd__clkbuf_16)
                  0.06    0.16    0.22 ^ clkbuf_0_clk/X (sky130_fd_sc_hd__clkbuf_16)
     4    0.04                           clknet_0_clk (net)
                  0.06    0.00    0.22 ^ clkbuf_2_0__f_clk/A (sky130_fd_sc_hd__clkbuf_16)
                  0.06    0.16    0.38 ^ clkbuf_2_0__f_clk/X (sky130_fd_sc_hd__clkbuf_16)
    14    0.04                           clknet_2_0__leaf_clk (net)
                  0.06    0.00    0.38 ^ _447_/CLK (sky130_fd_sc_hd__dfrtp_1)
                          0.25    0.63   clock uncertainty
                          0.00    0.63   clock reconvergence pessimism
                          0.32    0.95   library removal time
                                  0.95   data required time
-----------------------------------------------------------------------------
                                  0.95   data required time
                                 -2.34   data arrival time
-----------------------------------------------------------------------------
                                  1.39   slack (MET)


Startpoint: rst (input port clocked by clk)
Endpoint: _446_ (removal check against rising-edge clock clk)
Path Group: asynchronous
Path Type: min

Fanout     Cap    Slew   Delay    Time   Description
-----------------------------------------------------------------------------
                          0.00    0.00   clock clk (rise edge)
                          0.00    0.00   clock network delay (propagated)
                          2.00    2.00 v input external delay
                  0.01    0.00    2.00 v rst (in)
     1    0.00                           rst (net)
                  0.01    0.00    2.00 v input2/A (sky130_fd_sc_hd__buf_1)
                  0.05    0.09    2.10 v input2/X (sky130_fd_sc_hd__buf_1)
     3    0.01                           net2 (net)
                  0.05    0.00    2.10 v _389_/A (sky130_fd_sc_hd__buf_4)
                  0.08    0.19    2.28 v _389_/X (sky130_fd_sc_hd__buf_4)
    10    0.06                           _203_ (net)
                  0.08    0.00    2.28 v _398_/A (sky130_fd_sc_hd__inv_2)
                  0.03    0.06    2.34 ^ _398_/Y (sky130_fd_sc_hd__inv_2)
     1    0.00                           _040_ (net)
                  0.03    0.00    2.34 ^ _446_/RESET_B (sky130_fd_sc_hd__dfrtp_1)
                                  2.34   data arrival time

                          0.00    0.00   clock clk (rise edge)
                          0.00    0.00   clock source latency
                  0.08    0.06    0.06 ^ clk (in)
     1    0.02                           clk (net)
                  0.08    0.00    0.06 ^ clkbuf_0_clk/A (sky130_fd_sc_hd__clkbuf_16)
                  0.06    0.16    0.22 ^ clkbuf_0_clk/X (sky130_fd_sc_hd__clkbuf_16)
     4    0.04                           clknet_0_clk (net)
                  0.06    0.00    0.22 ^ clkbuf_2_1__f_clk/A (sky130_fd_sc_hd__clkbuf_16)
                  0.06    0.15    0.37 ^ clkbuf_2_1__f_clk/X (sky130_fd_sc_hd__clkbuf_16)
    12    0.04                           clknet_2_1__leaf_clk (net)
                  0.06    0.00    0.38 ^ _446_/CLK (sky130_fd_sc_hd__dfrtp_1)
                          0.25    0.63   clock uncertainty
                          0.00    0.63   clock reconvergence pessimism
                          0.32    0.95   library removal time
                                  0.95   data required time
-----------------------------------------------------------------------------
                                  0.95   data required time
                                 -2.34   data arrival time
-----------------------------------------------------------------------------
                                  1.39   slack (MET)


Startpoint: rst (input port clocked by clk)
Endpoint: _439_ (removal check against rising-edge clock clk)
Path Group: asynchronous
Path Type: min

Fanout     Cap    Slew   Delay    Time   Description
-----------------------------------------------------------------------------
                          0.00    0.00   clock clk (rise edge)
                          0.00    0.00   clock network delay (propagated)
                          2.00    2.00 v input external delay
                  0.01    0.00    2.00 v rst (in)
     1    0.00                           rst (net)
                  0.01    0.00    2.00 v input2/A (sky130_fd_sc_hd__buf_1)
                  0.05    0.09    2.10 v input2/X (sky130_fd_sc_hd__buf_1)
     3    0.01                           net2 (net)
                  0.05    0.00    2.10 v _389_/A (sky130_fd_sc_hd__buf_4)
                  0.08    0.19    2.28 v _389_/X (sky130_fd_sc_hd__buf_4)
    10    0.06                           _203_ (net)
                  0.08    0.00    2.29 v _391_/A (sky130_fd_sc_hd__inv_2)
                  0.03    0.06    2.34 ^ _391_/Y (sky130_fd_sc_hd__inv_2)
     1    0.00                           _033_ (net)
                  0.03    0.00    2.34 ^ _439_/RESET_B (sky130_fd_sc_hd__dfrtp_1)
                                  2.34   data arrival time

                          0.00    0.00   clock clk (rise edge)
                          0.00    0.00   clock source latency
                  0.08    0.06    0.06 ^ clk (in)
     1    0.02                           clk (net)
                  0.08    0.00    0.06 ^ clkbuf_0_clk/A (sky130_fd_sc_hd__clkbuf_16)
                  0.06    0.16    0.22 ^ clkbuf_0_clk/X (sky130_fd_sc_hd__clkbuf_16)
     4    0.04                           clknet_0_clk (net)
                  0.06    0.00    0.22 ^ clkbuf_2_3__f_clk/A (sky130_fd_sc_hd__clkbuf_16)
                  0.06    0.15    0.37 ^ clkbuf_2_3__f_clk/X (sky130_fd_sc_hd__clkbuf_16)
    12    0.04                           clknet_2_3__leaf_clk (net)
                  0.06    0.00    0.38 ^ _439_/CLK (sky130_fd_sc_hd__dfrtp_1)
                          0.25    0.63   clock uncertainty
                          0.00    0.63   clock reconvergence pessimism
                          0.32    0.95   library removal time
                                  0.95   data required time
-----------------------------------------------------------------------------
                                  0.95   data required time
                                 -2.34   data arrival time
-----------------------------------------------------------------------------
                                  1.39   slack (MET)


Startpoint: rst (input port clocked by clk)
Endpoint: _438_ (removal check against rising-edge clock clk)
Path Group: asynchronous
Path Type: min

Fanout     Cap    Slew   Delay    Time   Description
-----------------------------------------------------------------------------
                          0.00    0.00   clock clk (rise edge)
                          0.00    0.00   clock network delay (propagated)
                          2.00    2.00 v input external delay
                  0.01    0.00    2.00 v rst (in)
     1    0.00                           rst (net)
                  0.01    0.00    2.00 v input2/A (sky130_fd_sc_hd__buf_1)
                  0.05    0.09    2.10 v input2/X (sky130_fd_sc_hd__buf_1)
     3    0.01                           net2 (net)
                  0.05    0.00    2.10 v _389_/A (sky130_fd_sc_hd__buf_4)
                  0.08    0.19    2.28 v _389_/X (sky130_fd_sc_hd__buf_4)
    10    0.06                           _203_ (net)
                  0.08    0.00    2.29 v _390_/A (sky130_fd_sc_hd__inv_2)
                  0.03    0.06    2.34 ^ _390_/Y (sky130_fd_sc_hd__inv_2)
     1    0.00                           _032_ (net)
                  0.03    0.00    2.34 ^ _438_/RESET_B (sky130_fd_sc_hd__dfrtp_1)
                                  2.34   data arrival time

                          0.00    0.00   clock clk (rise edge)
                          0.00    0.00   clock source latency
                  0.08    0.06    0.06 ^ clk (in)
     1    0.02                           clk (net)
                  0.08    0.00    0.06 ^ clkbuf_0_clk/A (sky130_fd_sc_hd__clkbuf_16)
                  0.06    0.16    0.22 ^ clkbuf_0_clk/X (sky130_fd_sc_hd__clkbuf_16)
     4    0.04                           clknet_0_clk (net)
                  0.06    0.00    0.22 ^ clkbuf_2_3__f_clk/A (sky130_fd_sc_hd__clkbuf_16)
                  0.06    0.15    0.37 ^ clkbuf_2_3__f_clk/X (sky130_fd_sc_hd__clkbuf_16)
    12    0.04                           clknet_2_3__leaf_clk (net)
                  0.06    0.00    0.38 ^ _438_/CLK (sky130_fd_sc_hd__dfrtp_1)
                          0.25    0.63   clock uncertainty
                          0.00    0.63   clock reconvergence pessimism
                          0.32    0.95   library removal time
                                  0.95   data required time
-----------------------------------------------------------------------------
                                  0.95   data required time
                                 -2.34   data arrival time
-----------------------------------------------------------------------------
                                  1.39   slack (MET)


Startpoint: rst (input port clocked by clk)
Endpoint: _445_ (removal check against rising-edge clock clk)
Path Group: asynchronous
Path Type: min

Fanout     Cap    Slew   Delay    Time   Description
-----------------------------------------------------------------------------
                          0.00    0.00   clock clk (rise edge)
                          0.00    0.00   clock network delay (propagated)
                          2.00    2.00 v input external delay
                  0.01    0.00    2.00 v rst (in)
     1    0.00                           rst (net)
                  0.01    0.00    2.00 v input2/A (sky130_fd_sc_hd__buf_1)
                  0.05    0.09    2.10 v input2/X (sky130_fd_sc_hd__buf_1)
     3    0.01                           net2 (net)
                  0.05    0.00    2.10 v _389_/A (sky130_fd_sc_hd__buf_4)
                  0.08    0.19    2.28 v _389_/X (sky130_fd_sc_hd__buf_4)
    10    0.06                           _203_ (net)
                  0.08    0.00    2.28 v _397_/A (sky130_fd_sc_hd__inv_2)
                  0.03    0.06    2.34 ^ _397_/Y (sky130_fd_sc_hd__inv_2)
     1    0.00                           _039_ (net)
                  0.03    0.00    2.34 ^ _445_/RESET_B (sky130_fd_sc_hd__dfrtp_1)
                                  2.34   data arrival time

                          0.00    0.00   clock clk (rise edge)
                          0.00    0.00   clock source latency
                  0.08    0.06    0.06 ^ clk (in)
     1    0.02                           clk (net)
                  0.08    0.00    0.06 ^ clkbuf_0_clk/A (sky130_fd_sc_hd__clkbuf_16)
                  0.06    0.16    0.22 ^ clkbuf_0_clk/X (sky130_fd_sc_hd__clkbuf_16)
     4    0.04                           clknet_0_clk (net)
                  0.06    0.00    0.22 ^ clkbuf_2_1__f_clk/A (sky130_fd_sc_hd__clkbuf_16)
                  0.06    0.15    0.37 ^ clkbuf_2_1__f_clk/X (sky130_fd_sc_hd__clkbuf_16)
    12    0.04                           clknet_2_1__leaf_clk (net)
                  0.06    0.00    0.38 ^ _445_/CLK (sky130_fd_sc_hd__dfrtp_1)
                          0.25    0.63   clock uncertainty
                          0.00    0.63   clock reconvergence pessimism
                          0.32    0.95   library removal time
                                  0.95   data required time
-----------------------------------------------------------------------------
                                  0.95   data required time
                                 -2.34   data arrival time
-----------------------------------------------------------------------------
                                  1.39   slack (MET)


Startpoint: rst (input port clocked by clk)
Endpoint: _444_ (removal check against rising-edge clock clk)
Path Group: asynchronous
Path Type: min

Fanout     Cap    Slew   Delay    Time   Description
-----------------------------------------------------------------------------
                          0.00    0.00   clock clk (rise edge)
                          0.00    0.00   clock network delay (propagated)
                          2.00    2.00 v input external delay
                  0.01    0.00    2.00 v rst (in)
     1    0.00                           rst (net)
                  0.01    0.00    2.00 v input2/A (sky130_fd_sc_hd__buf_1)
                  0.05    0.09    2.10 v input2/X (sky130_fd_sc_hd__buf_1)
     3    0.01                           net2 (net)
                  0.05    0.00    2.10 v _389_/A (sky130_fd_sc_hd__buf_4)
                  0.08    0.19    2.28 v _389_/X (sky130_fd_sc_hd__buf_4)
    10    0.06                           _203_ (net)
                  0.08    0.00    2.29 v _396_/A (sky130_fd_sc_hd__inv_2)
                  0.03    0.06    2.34 ^ _396_/Y (sky130_fd_sc_hd__inv_2)
     1    0.00                           _038_ (net)
                  0.03    0.00    2.34 ^ _444_/RESET_B (sky130_fd_sc_hd__dfrtp_1)
                                  2.34   data arrival time

                          0.00    0.00   clock clk (rise edge)
                          0.00    0.00   clock source latency
                  0.08    0.06    0.06 ^ clk (in)
     1    0.02                           clk (net)
                  0.08    0.00    0.06 ^ clkbuf_0_clk/A (sky130_fd_sc_hd__clkbuf_16)
                  0.06    0.16    0.22 ^ clkbuf_0_clk/X (sky130_fd_sc_hd__clkbuf_16)
     4    0.04                           clknet_0_clk (net)
                  0.06    0.00    0.22 ^ clkbuf_2_3__f_clk/A (sky130_fd_sc_hd__clkbuf_16)
                  0.06    0.15    0.37 ^ clkbuf_2_3__f_clk/X (sky130_fd_sc_hd__clkbuf_16)
    12    0.04                           clknet_2_3__leaf_clk (net)
                  0.06    0.00    0.38 ^ _444_/CLK (sky130_fd_sc_hd__dfrtp_1)
                          0.25    0.63   clock uncertainty
                          0.00    0.63   clock reconvergence pessimism
                          0.32    0.95   library removal time
                                  0.95   data required time
-----------------------------------------------------------------------------
                                  0.95   data required time
                                 -2.34   data arrival time
-----------------------------------------------------------------------------
                                  1.39   slack (MET)


Startpoint: rst (input port clocked by clk)
Endpoint: _442_ (removal check against rising-edge clock clk)
Path Group: asynchronous
Path Type: min

Fanout     Cap    Slew   Delay    Time   Description
-----------------------------------------------------------------------------
                          0.00    0.00   clock clk (rise edge)
                          0.00    0.00   clock network delay (propagated)
                          2.00    2.00 v input external delay
                  0.01    0.00    2.00 v rst (in)
     1    0.00                           rst (net)
                  0.01    0.00    2.00 v input2/A (sky130_fd_sc_hd__buf_1)
                  0.05    0.09    2.10 v input2/X (sky130_fd_sc_hd__buf_1)
     3    0.01                           net2 (net)
                  0.05    0.00    2.10 v _389_/A (sky130_fd_sc_hd__buf_4)
                  0.08    0.19    2.28 v _389_/X (sky130_fd_sc_hd__buf_4)
    10    0.06                           _203_ (net)
                  0.08    0.00    2.29 v _394_/A (sky130_fd_sc_hd__inv_2)
                  0.03    0.05    2.34 ^ _394_/Y (sky130_fd_sc_hd__inv_2)
     1    0.00                           _036_ (net)
                  0.03    0.00    2.34 ^ _442_/RESET_B (sky130_fd_sc_hd__dfrtp_1)
                                  2.34   data arrival time

                          0.00    0.00   clock clk (rise edge)
                          0.00    0.00   clock source latency
                  0.08    0.06    0.06 ^ clk (in)
     1    0.02                           clk (net)
                  0.08    0.00    0.06 ^ clkbuf_0_clk/A (sky130_fd_sc_hd__clkbuf_16)
                  0.06    0.16    0.22 ^ clkbuf_0_clk/X (sky130_fd_sc_hd__clkbuf_16)
     4    0.04                           clknet_0_clk (net)
                  0.06    0.00    0.22 ^ clkbuf_2_1__f_clk/A (sky130_fd_sc_hd__clkbuf_16)
                  0.06    0.15    0.37 ^ clkbuf_2_1__f_clk/X (sky130_fd_sc_hd__clkbuf_16)
    12    0.04                           clknet_2_1__leaf_clk (net)
                  0.06    0.00    0.38 ^ _442_/CLK (sky130_fd_sc_hd__dfrtp_1)
                          0.25    0.63   clock uncertainty
                          0.00    0.63   clock reconvergence pessimism
                          0.32    0.95   library removal time
                                  0.95   data required time
-----------------------------------------------------------------------------
                                  0.95   data required time
                                 -2.34   data arrival time
-----------------------------------------------------------------------------
                                  1.39   slack (MET)


Startpoint: rst (input port clocked by clk)
Endpoint: _440_ (removal check against rising-edge clock clk)
Path Group: asynchronous
Path Type: min

Fanout     Cap    Slew   Delay    Time   Description
-----------------------------------------------------------------------------
                          0.00    0.00   clock clk (rise edge)
                          0.00    0.00   clock network delay (propagated)
                          2.00    2.00 v input external delay
                  0.01    0.00    2.00 v rst (in)
     1    0.00                           rst (net)
                  0.01    0.00    2.00 v input2/A (sky130_fd_sc_hd__buf_1)
                  0.05    0.09    2.10 v input2/X (sky130_fd_sc_hd__buf_1)
     3    0.01                           net2 (net)
                  0.05    0.00    2.10 v _389_/A (sky130_fd_sc_hd__buf_4)
                  0.08    0.19    2.28 v _389_/X (sky130_fd_sc_hd__buf_4)
    10    0.06                           _203_ (net)
                  0.08    0.00    2.29 v _392_/A (sky130_fd_sc_hd__inv_2)
                  0.03    0.06    2.34 ^ _392_/Y (sky130_fd_sc_hd__inv_2)
     1    0.00                           _034_ (net)
                  0.03    0.00    2.34 ^ _440_/RESET_B (sky130_fd_sc_hd__dfrtp_1)
                                  2.34   data arrival time

                          0.00    0.00   clock clk (rise edge)
                          0.00    0.00   clock source latency
                  0.08    0.06    0.06 ^ clk (in)
     1    0.02                           clk (net)
                  0.08    0.00    0.06 ^ clkbuf_0_clk/A (sky130_fd_sc_hd__clkbuf_16)
                  0.06    0.16    0.22 ^ clkbuf_0_clk/X (sky130_fd_sc_hd__clkbuf_16)
     4    0.04                           clknet_0_clk (net)
                  0.06    0.00    0.22 ^ clkbuf_2_3__f_clk/A (sky130_fd_sc_hd__clkbuf_16)
                  0.06    0.15    0.37 ^ clkbuf_2_3__f_clk/X (sky130_fd_sc_hd__clkbuf_16)
    12    0.04                           clknet_2_3__leaf_clk (net)
                  0.06    0.00    0.38 ^ _440_/CLK (sky130_fd_sc_hd__dfrtp_1)
                          0.25    0.63   clock uncertainty
                          0.00    0.63   clock reconvergence pessimism
                          0.32    0.95   library removal time
                                  0.95   data required time
-----------------------------------------------------------------------------
                                  0.95   data required time
                                 -2.34   data arrival time
-----------------------------------------------------------------------------
                                  1.39   slack (MET)


Startpoint: rst (input port clocked by clk)
Endpoint: _441_ (removal check against rising-edge clock clk)
Path Group: asynchronous
Path Type: min

Fanout     Cap    Slew   Delay    Time   Description
-----------------------------------------------------------------------------
                          0.00    0.00   clock clk (rise edge)
                          0.00    0.00   clock network delay (propagated)
                          2.00    2.00 v input external delay
                  0.01    0.00    2.00 v rst (in)
     1    0.00                           rst (net)
                  0.01    0.00    2.00 v input2/A (sky130_fd_sc_hd__buf_1)
                  0.05    0.09    2.10 v input2/X (sky130_fd_sc_hd__buf_1)
     3    0.01                           net2 (net)
                  0.05    0.00    2.10 v _389_/A (sky130_fd_sc_hd__buf_4)
                  0.08    0.19    2.28 v _389_/X (sky130_fd_sc_hd__buf_4)
    10    0.06                           _203_ (net)
                  0.08    0.00    2.29 v _393_/A (sky130_fd_sc_hd__inv_2)
                  0.03    0.06    2.34 ^ _393_/Y (sky130_fd_sc_hd__inv_2)
     1    0.00                           _035_ (net)
                  0.03    0.00    2.34 ^ _441_/RESET_B (sky130_fd_sc_hd__dfrtp_1)
                                  2.34   data arrival time

                          0.00    0.00   clock clk (rise edge)
                          0.00    0.00   clock source latency
                  0.08    0.06    0.06 ^ clk (in)
     1    0.02                           clk (net)
                  0.08    0.00    0.06 ^ clkbuf_0_clk/A (sky130_fd_sc_hd__clkbuf_16)
                  0.06    0.16    0.22 ^ clkbuf_0_clk/X (sky130_fd_sc_hd__clkbuf_16)
     4    0.04                           clknet_0_clk (net)
                  0.06    0.00    0.22 ^ clkbuf_2_1__f_clk/A (sky130_fd_sc_hd__clkbuf_16)
                  0.06    0.15    0.37 ^ clkbuf_2_1__f_clk/X (sky130_fd_sc_hd__clkbuf_16)
    12    0.04                           clknet_2_1__leaf_clk (net)
                  0.06    0.00    0.38 ^ _441_/CLK (sky130_fd_sc_hd__dfrtp_1)
                          0.25    0.63   clock uncertainty
                          0.00    0.63   clock reconvergence pessimism
                          0.32    0.95   library removal time
                                  0.95   data required time
-----------------------------------------------------------------------------
                                  0.95   data required time
                                 -2.34   data arrival time
-----------------------------------------------------------------------------
                                  1.40   slack (MET)


Startpoint: rst (input port clocked by clk)
Endpoint: _443_ (removal check against rising-edge clock clk)
Path Group: asynchronous
Path Type: min

Fanout     Cap    Slew   Delay    Time   Description
-----------------------------------------------------------------------------
                          0.00    0.00   clock clk (rise edge)
                          0.00    0.00   clock network delay (propagated)
                          2.00    2.00 v input external delay
                  0.01    0.00    2.00 v rst (in)
     1    0.00                           rst (net)
                  0.01    0.00    2.00 v input2/A (sky130_fd_sc_hd__buf_1)
                  0.05    0.09    2.10 v input2/X (sky130_fd_sc_hd__buf_1)
     3    0.01                           net2 (net)
                  0.05    0.00    2.10 v _389_/A (sky130_fd_sc_hd__buf_4)
                  0.08    0.19    2.28 v _389_/X (sky130_fd_sc_hd__buf_4)
    10    0.06                           _203_ (net)
                  0.08    0.00    2.29 v _395_/A (sky130_fd_sc_hd__inv_2)
                  0.03    0.06    2.34 ^ _395_/Y (sky130_fd_sc_hd__inv_2)
     1    0.00                           _037_ (net)
                  0.03    0.00    2.34 ^ _443_/RESET_B (sky130_fd_sc_hd__dfrtp_1)
                                  2.34   data arrival time

                          0.00    0.00   clock clk (rise edge)
                          0.00    0.00   clock source latency
                  0.08    0.06    0.06 ^ clk (in)
     1    0.02                           clk (net)
                  0.08    0.00    0.06 ^ clkbuf_0_clk/A (sky130_fd_sc_hd__clkbuf_16)
                  0.06    0.16    0.22 ^ clkbuf_0_clk/X (sky130_fd_sc_hd__clkbuf_16)
     4    0.04                           clknet_0_clk (net)
                  0.06    0.00    0.22 ^ clkbuf_2_1__f_clk/A (sky130_fd_sc_hd__clkbuf_16)
                  0.06    0.15    0.37 ^ clkbuf_2_1__f_clk/X (sky130_fd_sc_hd__clkbuf_16)
    12    0.04                           clknet_2_1__leaf_clk (net)
                  0.06    0.00    0.38 ^ _443_/CLK (sky130_fd_sc_hd__dfrtp_1)
                          0.25    0.63   clock uncertainty
                          0.00    0.63   clock reconvergence pessimism
                          0.32    0.95   library removal time
                                  0.95   data required time
-----------------------------------------------------------------------------
                                  0.95   data required time
                                 -2.34   data arrival time
-----------------------------------------------------------------------------
                                  1.40   slack (MET)


Startpoint: rst (input port clocked by clk)
Endpoint: _435_ (removal check against rising-edge clock clk)
Path Group: asynchronous
Path Type: min

Fanout     Cap    Slew   Delay    Time   Description
-----------------------------------------------------------------------------
                          0.00    0.00   clock clk (rise edge)
                          0.00    0.00   clock network delay (propagated)
                          2.00    2.00 v input external delay
                  0.01    0.00    2.00 v rst (in)
     1    0.00                           rst (net)
                  0.01    0.00    2.00 v input2/A (sky130_fd_sc_hd__buf_1)
                  0.05    0.09    2.10 v input2/X (sky130_fd_sc_hd__buf_1)
     3    0.01                           net2 (net)
                  0.05    0.00    2.10 v _378_/A (sky130_fd_sc_hd__buf_4)
                  0.09    0.19    2.29 v _378_/X (sky130_fd_sc_hd__buf_4)
    10    0.07                           _202_ (net)
                  0.09    0.00    2.29 v _386_/A (sky130_fd_sc_hd__inv_2)
                  0.04    0.06    2.35 ^ _386_/Y (sky130_fd_sc_hd__inv_2)
     1    0.00                           _029_ (net)
                  0.04    0.00    2.35 ^ _435_/RESET_B (sky130_fd_sc_hd__dfrtp_2)
                                  2.35   data arrival time

                          0.00    0.00   clock clk (rise edge)
                          0.00    0.00   clock source latency
                  0.08    0.06    0.06 ^ clk (in)
     1    0.02                           clk (net)
                  0.08    0.00    0.06 ^ clkbuf_0_clk/A (sky130_fd_sc_hd__clkbuf_16)
                  0.06    0.16    0.22 ^ clkbuf_0_clk/X (sky130_fd_sc_hd__clkbuf_16)
     4    0.04                           clknet_0_clk (net)
                  0.06    0.00    0.22 ^ clkbuf_2_0__f_clk/A (sky130_fd_sc_hd__clkbuf_16)
                  0.06    0.16    0.38 ^ clkbuf_2_0__f_clk/X (sky130_fd_sc_hd__clkbuf_16)
    14    0.04                           clknet_2_0__leaf_clk (net)
                  0.06    0.00    0.38 ^ _435_/CLK (sky130_fd_sc_hd__dfrtp_2)
                          0.25    0.63   clock uncertainty
                          0.00    0.63   clock reconvergence pessimism
                          0.32    0.95   library removal time
                                  0.95   data required time
-----------------------------------------------------------------------------
                                  0.95   data required time
                                 -2.35   data arrival time
-----------------------------------------------------------------------------
                                  1.40   slack (MET)


Startpoint: rst (input port clocked by clk)
Endpoint: _428_ (removal check against rising-edge clock clk)
Path Group: asynchronous
Path Type: min

Fanout     Cap    Slew   Delay    Time   Description
-----------------------------------------------------------------------------
                          0.00    0.00   clock clk (rise edge)
                          0.00    0.00   clock network delay (propagated)
                          2.00    2.00 v input external delay
                  0.01    0.00    2.00 v rst (in)
     1    0.00                           rst (net)
                  0.01    0.00    2.00 v input2/A (sky130_fd_sc_hd__buf_1)
                  0.05    0.09    2.10 v input2/X (sky130_fd_sc_hd__buf_1)
     3    0.01                           net2 (net)
                  0.05    0.00    2.10 v _378_/A (sky130_fd_sc_hd__buf_4)
                  0.09    0.19    2.29 v _378_/X (sky130_fd_sc_hd__buf_4)
    10    0.07                           _202_ (net)
                  0.09    0.00    2.29 v _379_/A (sky130_fd_sc_hd__inv_2)
                  0.04    0.06    2.35 ^ _379_/Y (sky130_fd_sc_hd__inv_2)
     1    0.00                           _022_ (net)
                  0.04    0.00    2.35 ^ _428_/RESET_B (sky130_fd_sc_hd__dfrtp_1)
                                  2.35   data arrival time

                          0.00    0.00   clock clk (rise edge)
                          0.00    0.00   clock source latency
                  0.08    0.06    0.06 ^ clk (in)
     1    0.02                           clk (net)
                  0.08    0.00    0.06 ^ clkbuf_0_clk/A (sky130_fd_sc_hd__clkbuf_16)
                  0.06    0.16    0.22 ^ clkbuf_0_clk/X (sky130_fd_sc_hd__clkbuf_16)
     4    0.04                           clknet_0_clk (net)
                  0.06    0.00    0.22 ^ clkbuf_2_0__f_clk/A (sky130_fd_sc_hd__clkbuf_16)
                  0.06    0.16    0.38 ^ clkbuf_2_0__f_clk/X (sky130_fd_sc_hd__clkbuf_16)
    14    0.04                           clknet_2_0__leaf_clk (net)
                  0.06    0.00    0.38 ^ _428_/CLK (sky130_fd_sc_hd__dfrtp_1)
                          0.25    0.63   clock uncertainty
                          0.00    0.63   clock reconvergence pessimism
                          0.32    0.95   library removal time
                                  0.95   data required time
-----------------------------------------------------------------------------
                                  0.95   data required time
                                 -2.35   data arrival time
-----------------------------------------------------------------------------
                                  1.40   slack (MET)


Startpoint: rst (input port clocked by clk)
Endpoint: _432_ (removal check against rising-edge clock clk)
Path Group: asynchronous
Path Type: min

Fanout     Cap    Slew   Delay    Time   Description
-----------------------------------------------------------------------------
                          0.00    0.00   clock clk (rise edge)
                          0.00    0.00   clock network delay (propagated)
                          2.00    2.00 v input external delay
                  0.01    0.00    2.00 v rst (in)
     1    0.00                           rst (net)
                  0.01    0.00    2.00 v input2/A (sky130_fd_sc_hd__buf_1)
                  0.05    0.09    2.10 v input2/X (sky130_fd_sc_hd__buf_1)
     3    0.01                           net2 (net)
                  0.05    0.00    2.10 v _378_/A (sky130_fd_sc_hd__buf_4)
                  0.09    0.19    2.29 v _378_/X (sky130_fd_sc_hd__buf_4)
    10    0.07                           _202_ (net)
                  0.09    0.00    2.29 v _383_/A (sky130_fd_sc_hd__inv_2)
                  0.04    0.06    2.35 ^ _383_/Y (sky130_fd_sc_hd__inv_2)
     1    0.00                           _026_ (net)
                  0.04    0.00    2.35 ^ _432_/RESET_B (sky130_fd_sc_hd__dfrtp_1)
                                  2.35   data arrival time

                          0.00    0.00   clock clk (rise edge)
                          0.00    0.00   clock source latency
                  0.08    0.06    0.06 ^ clk (in)
     1    0.02                           clk (net)
                  0.08    0.00    0.06 ^ clkbuf_0_clk/A (sky130_fd_sc_hd__clkbuf_16)
                  0.06    0.16    0.22 ^ clkbuf_0_clk/X (sky130_fd_sc_hd__clkbuf_16)
     4    0.04                           clknet_0_clk (net)
                  0.06    0.00    0.22 ^ clkbuf_2_0__f_clk/A (sky130_fd_sc_hd__clkbuf_16)
                  0.06    0.16    0.38 ^ clkbuf_2_0__f_clk/X (sky130_fd_sc_hd__clkbuf_16)
    14    0.04                           clknet_2_0__leaf_clk (net)
                  0.06    0.00    0.38 ^ _432_/CLK (sky130_fd_sc_hd__dfrtp_1)
                          0.25    0.63   clock uncertainty
                          0.00    0.63   clock reconvergence pessimism
                          0.32    0.95   library removal time
                                  0.95   data required time
-----------------------------------------------------------------------------
                                  0.95   data required time
                                 -2.35   data arrival time
-----------------------------------------------------------------------------
                                  1.40   slack (MET)


Startpoint: rst (input port clocked by clk)
Endpoint: _430_ (removal check against rising-edge clock clk)
Path Group: asynchronous
Path Type: min

Fanout     Cap    Slew   Delay    Time   Description
-----------------------------------------------------------------------------
                          0.00    0.00   clock clk (rise edge)
                          0.00    0.00   clock network delay (propagated)
                          2.00    2.00 v input external delay
                  0.01    0.00    2.00 v rst (in)
     1    0.00                           rst (net)
                  0.01    0.00    2.00 v input2/A (sky130_fd_sc_hd__buf_1)
                  0.05    0.09    2.10 v input2/X (sky130_fd_sc_hd__buf_1)
     3    0.01                           net2 (net)
                  0.05    0.00    2.10 v _378_/A (sky130_fd_sc_hd__buf_4)
                  0.09    0.19    2.29 v _378_/X (sky130_fd_sc_hd__buf_4)
    10    0.07                           _202_ (net)
                  0.09    0.00    2.29 v _381_/A (sky130_fd_sc_hd__inv_2)
                  0.04    0.06    2.35 ^ _381_/Y (sky130_fd_sc_hd__inv_2)
     1    0.00                           _024_ (net)
                  0.04    0.00    2.35 ^ _430_/RESET_B (sky130_fd_sc_hd__dfrtp_1)
                                  2.35   data arrival time

                          0.00    0.00   clock clk (rise edge)
                          0.00    0.00   clock source latency
                  0.08    0.06    0.06 ^ clk (in)
     1    0.02                           clk (net)
                  0.08    0.00    0.06 ^ clkbuf_0_clk/A (sky130_fd_sc_hd__clkbuf_16)
                  0.06    0.16    0.22 ^ clkbuf_0_clk/X (sky130_fd_sc_hd__clkbuf_16)
     4    0.04                           clknet_0_clk (net)
                  0.06    0.00    0.22 ^ clkbuf_2_0__f_clk/A (sky130_fd_sc_hd__clkbuf_16)
                  0.06    0.16    0.38 ^ clkbuf_2_0__f_clk/X (sky130_fd_sc_hd__clkbuf_16)
    14    0.04                           clknet_2_0__leaf_clk (net)
                  0.06    0.00    0.38 ^ _430_/CLK (sky130_fd_sc_hd__dfrtp_1)
                          0.25    0.63   clock uncertainty
                          0.00    0.63   clock reconvergence pessimism
                          0.32    0.95   library removal time
                                  0.95   data required time
-----------------------------------------------------------------------------
                                  0.95   data required time
                                 -2.35   data arrival time
-----------------------------------------------------------------------------
                                  1.40   slack (MET)


Startpoint: rst (input port clocked by clk)
Endpoint: _431_ (removal check against rising-edge clock clk)
Path Group: asynchronous
Path Type: min

Fanout     Cap    Slew   Delay    Time   Description
-----------------------------------------------------------------------------
                          0.00    0.00   clock clk (rise edge)
                          0.00    0.00   clock network delay (propagated)
                          2.00    2.00 v input external delay
                  0.01    0.00    2.00 v rst (in)
     1    0.00                           rst (net)
                  0.01    0.00    2.00 v input2/A (sky130_fd_sc_hd__buf_1)
                  0.05    0.09    2.10 v input2/X (sky130_fd_sc_hd__buf_1)
     3    0.01                           net2 (net)
                  0.05    0.00    2.10 v _378_/A (sky130_fd_sc_hd__buf_4)
                  0.09    0.19    2.29 v _378_/X (sky130_fd_sc_hd__buf_4)
    10    0.07                           _202_ (net)
                  0.09    0.00    2.29 v _382_/A (sky130_fd_sc_hd__inv_2)
                  0.04    0.06    2.35 ^ _382_/Y (sky130_fd_sc_hd__inv_2)
     1    0.00                           _025_ (net)
                  0.04    0.00    2.35 ^ _431_/RESET_B (sky130_fd_sc_hd__dfrtp_1)
                                  2.35   data arrival time

                          0.00    0.00   clock clk (rise edge)
                          0.00    0.00   clock source latency
                  0.08    0.06    0.06 ^ clk (in)
     1    0.02                           clk (net)
                  0.08    0.00    0.06 ^ clkbuf_0_clk/A (sky130_fd_sc_hd__clkbuf_16)
                  0.06    0.16    0.22 ^ clkbuf_0_clk/X (sky130_fd_sc_hd__clkbuf_16)
     4    0.04                           clknet_0_clk (net)
                  0.06    0.00    0.22 ^ clkbuf_2_0__f_clk/A (sky130_fd_sc_hd__clkbuf_16)
                  0.06    0.16    0.38 ^ clkbuf_2_0__f_clk/X (sky130_fd_sc_hd__clkbuf_16)
    14    0.04                           clknet_2_0__leaf_clk (net)
                  0.06    0.00    0.38 ^ _431_/CLK (sky130_fd_sc_hd__dfrtp_1)
                          0.25    0.63   clock uncertainty
                          0.00    0.63   clock reconvergence pessimism
                          0.32    0.95   library removal time
                                  0.95   data required time
-----------------------------------------------------------------------------
                                  0.95   data required time
                                 -2.35   data arrival time
-----------------------------------------------------------------------------
                                  1.40   slack (MET)


Startpoint: rst (input port clocked by clk)
Endpoint: _429_ (removal check against rising-edge clock clk)
Path Group: asynchronous
Path Type: min

Fanout     Cap    Slew   Delay    Time   Description
-----------------------------------------------------------------------------
                          0.00    0.00   clock clk (rise edge)
                          0.00    0.00   clock network delay (propagated)
                          2.00    2.00 v input external delay
                  0.01    0.00    2.00 v rst (in)
     1    0.00                           rst (net)
                  0.01    0.00    2.00 v input2/A (sky130_fd_sc_hd__buf_1)
                  0.05    0.09    2.10 v input2/X (sky130_fd_sc_hd__buf_1)
     3    0.01                           net2 (net)
                  0.05    0.00    2.10 v _378_/A (sky130_fd_sc_hd__buf_4)
                  0.09    0.19    2.29 v _378_/X (sky130_fd_sc_hd__buf_4)
    10    0.07                           _202_ (net)
                  0.09    0.00    2.29 v _380_/A (sky130_fd_sc_hd__inv_2)
                  0.04    0.06    2.35 ^ _380_/Y (sky130_fd_sc_hd__inv_2)
     1    0.00                           _023_ (net)
                  0.04    0.00    2.35 ^ _429_/RESET_B (sky130_fd_sc_hd__dfrtp_1)
                                  2.35   data arrival time

                          0.00    0.00   clock clk (rise edge)
                          0.00    0.00   clock source latency
                  0.08    0.06    0.06 ^ clk (in)
     1    0.02                           clk (net)
                  0.08    0.00    0.06 ^ clkbuf_0_clk/A (sky130_fd_sc_hd__clkbuf_16)
                  0.06    0.16    0.22 ^ clkbuf_0_clk/X (sky130_fd_sc_hd__clkbuf_16)
     4    0.04                           clknet_0_clk (net)
                  0.06    0.00    0.22 ^ clkbuf_2_0__f_clk/A (sky130_fd_sc_hd__clkbuf_16)
                  0.06    0.16    0.38 ^ clkbuf_2_0__f_clk/X (sky130_fd_sc_hd__clkbuf_16)
    14    0.04                           clknet_2_0__leaf_clk (net)
                  0.06    0.00    0.38 ^ _429_/CLK (sky130_fd_sc_hd__dfrtp_1)
                          0.25    0.63   clock uncertainty
                          0.00    0.63   clock reconvergence pessimism
                          0.32    0.95   library removal time
                                  0.95   data required time
-----------------------------------------------------------------------------
                                  0.95   data required time
                                 -2.35   data arrival time
-----------------------------------------------------------------------------
                                  1.40   slack (MET)


Startpoint: rst (input port clocked by clk)
Endpoint: _437_ (removal check against rising-edge clock clk)
Path Group: asynchronous
Path Type: min

Fanout     Cap    Slew   Delay    Time   Description
-----------------------------------------------------------------------------
                          0.00    0.00   clock clk (rise edge)
                          0.00    0.00   clock network delay (propagated)
                          2.00    2.00 v input external delay
                  0.01    0.00    2.00 v rst (in)
     1    0.00                           rst (net)
                  0.01    0.00    2.00 v input2/A (sky130_fd_sc_hd__buf_1)
                  0.05    0.09    2.10 v input2/X (sky130_fd_sc_hd__buf_1)
     3    0.01                           net2 (net)
                  0.05    0.00    2.10 v _378_/A (sky130_fd_sc_hd__buf_4)
                  0.09    0.19    2.29 v _378_/X (sky130_fd_sc_hd__buf_4)
    10    0.07                           _202_ (net)
                  0.09    0.00    2.29 v _388_/A (sky130_fd_sc_hd__inv_2)
                  0.04    0.06    2.35 ^ _388_/Y (sky130_fd_sc_hd__inv_2)
     1    0.00                           _031_ (net)
                  0.04    0.00    2.35 ^ _437_/RESET_B (sky130_fd_sc_hd__dfrtp_1)
                                  2.35   data arrival time

                          0.00    0.00   clock clk (rise edge)
                          0.00    0.00   clock source latency
                  0.08    0.06    0.06 ^ clk (in)
     1    0.02                           clk (net)
                  0.08    0.00    0.06 ^ clkbuf_0_clk/A (sky130_fd_sc_hd__clkbuf_16)
                  0.06    0.16    0.22 ^ clkbuf_0_clk/X (sky130_fd_sc_hd__clkbuf_16)
     4    0.04                           clknet_0_clk (net)
                  0.06    0.00    0.22 ^ clkbuf_2_3__f_clk/A (sky130_fd_sc_hd__clkbuf_16)
                  0.06    0.15    0.37 ^ clkbuf_2_3__f_clk/X (sky130_fd_sc_hd__clkbuf_16)
    12    0.04                           clknet_2_3__leaf_clk (net)
                  0.06    0.00    0.38 ^ _437_/CLK (sky130_fd_sc_hd__dfrtp_1)
                          0.25    0.63   clock uncertainty
                          0.00    0.63   clock reconvergence pessimism
                          0.32    0.95   library removal time
                                  0.95   data required time
-----------------------------------------------------------------------------
                                  0.95   data required time
                                 -2.35   data arrival time
-----------------------------------------------------------------------------
                                  1.40   slack (MET)


Startpoint: rst (input port clocked by clk)
Endpoint: _434_ (removal check against rising-edge clock clk)
Path Group: asynchronous
Path Type: min

Fanout     Cap    Slew   Delay    Time   Description
-----------------------------------------------------------------------------
                          0.00    0.00   clock clk (rise edge)
                          0.00    0.00   clock network delay (propagated)
                          2.00    2.00 v input external delay
                  0.01    0.00    2.00 v rst (in)
     1    0.00                           rst (net)
                  0.01    0.00    2.00 v input2/A (sky130_fd_sc_hd__buf_1)
                  0.05    0.09    2.10 v input2/X (sky130_fd_sc_hd__buf_1)
     3    0.01                           net2 (net)
                  0.05    0.00    2.10 v _378_/A (sky130_fd_sc_hd__buf_4)
                  0.09    0.19    2.29 v _378_/X (sky130_fd_sc_hd__buf_4)
    10    0.07                           _202_ (net)
                  0.09    0.00    2.29 v _385_/A (sky130_fd_sc_hd__inv_2)
                  0.04    0.06    2.35 ^ _385_/Y (sky130_fd_sc_hd__inv_2)
     1    0.00                           _028_ (net)
                  0.04    0.00    2.35 ^ _434_/RESET_B (sky130_fd_sc_hd__dfrtp_1)
                                  2.35   data arrival time

                          0.00    0.00   clock clk (rise edge)
                          0.00    0.00   clock source latency
                  0.08    0.06    0.06 ^ clk (in)
     1    0.02                           clk (net)
                  0.08    0.00    0.06 ^ clkbuf_0_clk/A (sky130_fd_sc_hd__clkbuf_16)
                  0.06    0.16    0.22 ^ clkbuf_0_clk/X (sky130_fd_sc_hd__clkbuf_16)
     4    0.04                           clknet_0_clk (net)
                  0.06    0.00    0.22 ^ clkbuf_2_1__f_clk/A (sky130_fd_sc_hd__clkbuf_16)
                  0.06    0.15    0.37 ^ clkbuf_2_1__f_clk/X (sky130_fd_sc_hd__clkbuf_16)
    12    0.04                           clknet_2_1__leaf_clk (net)
                  0.06    0.00    0.37 ^ _434_/CLK (sky130_fd_sc_hd__dfrtp_1)
                          0.25    0.62   clock uncertainty
                          0.00    0.62   clock reconvergence pessimism
                          0.32    0.95   library removal time
                                  0.95   data required time
-----------------------------------------------------------------------------
                                  0.95   data required time
                                 -2.35   data arrival time
-----------------------------------------------------------------------------
                                  1.41   slack (MET)


Startpoint: rst (input port clocked by clk)
Endpoint: _433_ (removal check against rising-edge clock clk)
Path Group: asynchronous
Path Type: min

Fanout     Cap    Slew   Delay    Time   Description
-----------------------------------------------------------------------------
                          0.00    0.00   clock clk (rise edge)
                          0.00    0.00   clock network delay (propagated)
                          2.00    2.00 v input external delay
                  0.01    0.00    2.00 v rst (in)
     1    0.00                           rst (net)
                  0.01    0.00    2.00 v input2/A (sky130_fd_sc_hd__buf_1)
                  0.05    0.09    2.10 v input2/X (sky130_fd_sc_hd__buf_1)
     3    0.01                           net2 (net)
                  0.05    0.00    2.10 v _378_/A (sky130_fd_sc_hd__buf_4)
                  0.09    0.19    2.29 v _378_/X (sky130_fd_sc_hd__buf_4)
    10    0.07                           _202_ (net)
                  0.09    0.00    2.29 v _384_/A (sky130_fd_sc_hd__inv_2)
                  0.04    0.06    2.35 ^ _384_/Y (sky130_fd_sc_hd__inv_2)
     1    0.00                           _027_ (net)
                  0.04    0.00    2.35 ^ _433_/RESET_B (sky130_fd_sc_hd__dfrtp_1)
                                  2.35   data arrival time

                          0.00    0.00   clock clk (rise edge)
                          0.00    0.00   clock source latency
                  0.08    0.06    0.06 ^ clk (in)
     1    0.02                           clk (net)
                  0.08    0.00    0.06 ^ clkbuf_0_clk/A (sky130_fd_sc_hd__clkbuf_16)
                  0.06    0.16    0.22 ^ clkbuf_0_clk/X (sky130_fd_sc_hd__clkbuf_16)
     4    0.04                           clknet_0_clk (net)
                  0.06    0.00    0.22 ^ clkbuf_2_1__f_clk/A (sky130_fd_sc_hd__clkbuf_16)
                  0.06    0.15    0.37 ^ clkbuf_2_1__f_clk/X (sky130_fd_sc_hd__clkbuf_16)
    12    0.04                           clknet_2_1__leaf_clk (net)
                  0.06    0.00    0.38 ^ _433_/CLK (sky130_fd_sc_hd__dfrtp_1)
                          0.25    0.63   clock uncertainty
                          0.00    0.63   clock reconvergence pessimism
                          0.32    0.95   library removal time
                                  0.95   data required time
-----------------------------------------------------------------------------
                                  0.95   data required time
                                 -2.35   data arrival time
-----------------------------------------------------------------------------
                                  1.41   slack (MET)


Startpoint: rst (input port clocked by clk)
Endpoint: _436_ (removal check against rising-edge clock clk)
Path Group: asynchronous
Path Type: min

Fanout     Cap    Slew   Delay    Time   Description
-----------------------------------------------------------------------------
                          0.00    0.00   clock clk (rise edge)
                          0.00    0.00   clock network delay (propagated)
                          2.00    2.00 v input external delay
                  0.01    0.00    2.00 v rst (in)
     1    0.00                           rst (net)
                  0.01    0.00    2.00 v input2/A (sky130_fd_sc_hd__buf_1)
                  0.05    0.09    2.10 v input2/X (sky130_fd_sc_hd__buf_1)
     3    0.01                           net2 (net)
                  0.05    0.00    2.10 v _378_/A (sky130_fd_sc_hd__buf_4)
                  0.09    0.19    2.29 v _378_/X (sky130_fd_sc_hd__buf_4)
    10    0.07                           _202_ (net)
                  0.09    0.00    2.29 v _387_/A (sky130_fd_sc_hd__inv_2)
                  0.04    0.06    2.35 ^ _387_/Y (sky130_fd_sc_hd__inv_2)
     1    0.00                           _030_ (net)
                  0.04    0.00    2.35 ^ _436_/SET_B (sky130_fd_sc_hd__dfstp_1)
                                  2.35   data arrival time

                          0.00    0.00   clock clk (rise edge)
                          0.00    0.00   clock source latency
                  0.08    0.06    0.06 ^ clk (in)
     1    0.02                           clk (net)
                  0.08    0.00    0.06 ^ clkbuf_0_clk/A (sky130_fd_sc_hd__clkbuf_16)
                  0.06    0.16    0.22 ^ clkbuf_0_clk/X (sky130_fd_sc_hd__clkbuf_16)
     4    0.04                           clknet_0_clk (net)
                  0.06    0.00    0.22 ^ clkbuf_2_3__f_clk/A (sky130_fd_sc_hd__clkbuf_16)
                  0.06    0.15    0.37 ^ clkbuf_2_3__f_clk/X (sky130_fd_sc_hd__clkbuf_16)
    12    0.04                           clknet_2_3__leaf_clk (net)
                  0.06    0.00    0.38 ^ _436_/CLK (sky130_fd_sc_hd__dfstp_1)
                          0.25    0.63   clock uncertainty
                          0.00    0.63   clock reconvergence pessimism
                          0.16    0.79   library removal time
                                  0.79   data required time
-----------------------------------------------------------------------------
                                  0.79   data required time
                                 -2.35   data arrival time
-----------------------------------------------------------------------------
                                  1.57   slack (MET)


Startpoint: rst (input port clocked by clk)
Endpoint: _410_ (removal check against rising-edge clock clk)
Path Group: asynchronous
Path Type: min

Fanout     Cap    Slew   Delay    Time   Description
-----------------------------------------------------------------------------
                          0.00    0.00   clock clk (rise edge)
                          0.00    0.00   clock network delay (propagated)
                          2.00    2.00 v input external delay
                  0.01    0.00    2.00 v rst (in)
     1    0.00                           rst (net)
                  0.01    0.00    2.00 v input2/A (sky130_fd_sc_hd__buf_1)
                  0.05    0.09    2.10 v input2/X (sky130_fd_sc_hd__buf_1)
     3    0.01                           net2 (net)
                  0.05    0.00    2.10 v _355_/A (sky130_fd_sc_hd__buf_4)
                  0.08    0.18    2.28 v _355_/X (sky130_fd_sc_hd__buf_4)
    10    0.05                           _199_ (net)
                  0.08    0.00    2.28 v _356_/A (sky130_fd_sc_hd__buf_4)
                  0.08    0.20    2.48 v _356_/X (sky130_fd_sc_hd__buf_4)
    10    0.06                           _200_ (net)
                  0.08    0.00    2.48 v _359_/A (sky130_fd_sc_hd__inv_2)
                  0.03    0.06    2.53 ^ _359_/Y (sky130_fd_sc_hd__inv_2)
     1    0.00                           _004_ (net)
                  0.03    0.00    2.53 ^ _410_/RESET_B (sky130_fd_sc_hd__dfrtp_2)
                                  2.53   data arrival time

                          0.00    0.00   clock clk (rise edge)
                          0.00    0.00   clock source latency
                  0.08    0.06    0.06 ^ clk (in)
     1    0.02                           clk (net)
                  0.08    0.00    0.06 ^ clkbuf_0_clk/A (sky130_fd_sc_hd__clkbuf_16)
                  0.06    0.16    0.22 ^ clkbuf_0_clk/X (sky130_fd_sc_hd__clkbuf_16)
     4    0.04                           clknet_0_clk (net)
                  0.06    0.00    0.22 ^ clkbuf_2_0__f_clk/A (sky130_fd_sc_hd__clkbuf_16)
                  0.06    0.16    0.38 ^ clkbuf_2_0__f_clk/X (sky130_fd_sc_hd__clkbuf_16)
    14    0.04                           clknet_2_0__leaf_clk (net)
                  0.06    0.00    0.38 ^ _410_/CLK (sky130_fd_sc_hd__dfrtp_2)
                          0.25    0.63   clock uncertainty
                          0.00    0.63   clock reconvergence pessimism
                          0.32    0.95   library removal time
                                  0.95   data required time
-----------------------------------------------------------------------------
                                  0.95   data required time
                                 -2.53   data arrival time
-----------------------------------------------------------------------------
                                  1.58   slack (MET)


Startpoint: rst (input port clocked by clk)
Endpoint: _408_ (removal check against rising-edge clock clk)
Path Group: asynchronous
Path Type: min

Fanout     Cap    Slew   Delay    Time   Description
-----------------------------------------------------------------------------
                          0.00    0.00   clock clk (rise edge)
                          0.00    0.00   clock network delay (propagated)
                          2.00    2.00 v input external delay
                  0.01    0.00    2.00 v rst (in)
     1    0.00                           rst (net)
                  0.01    0.00    2.00 v input2/A (sky130_fd_sc_hd__buf_1)
                  0.05    0.09    2.10 v input2/X (sky130_fd_sc_hd__buf_1)
     3    0.01                           net2 (net)
                  0.05    0.00    2.10 v _355_/A (sky130_fd_sc_hd__buf_4)
                  0.08    0.18    2.28 v _355_/X (sky130_fd_sc_hd__buf_4)
    10    0.05                           _199_ (net)
                  0.08    0.00    2.28 v _356_/A (sky130_fd_sc_hd__buf_4)
                  0.08    0.20    2.48 v _356_/X (sky130_fd_sc_hd__buf_4)
    10    0.06                           _200_ (net)
                  0.08    0.00    2.48 v _357_/A (sky130_fd_sc_hd__inv_2)
                  0.03    0.06    2.53 ^ _357_/Y (sky130_fd_sc_hd__inv_2)
     1    0.00                           _002_ (net)
                  0.03    0.00    2.53 ^ _408_/RESET_B (sky130_fd_sc_hd__dfrtp_4)
                                  2.53   data arrival time

                          0.00    0.00   clock clk (rise edge)
                          0.00    0.00   clock source latency
                  0.08    0.06    0.06 ^ clk (in)
     1    0.02                           clk (net)
                  0.08    0.00    0.06 ^ clkbuf_0_clk/A (sky130_fd_sc_hd__clkbuf_16)
                  0.06    0.16    0.22 ^ clkbuf_0_clk/X (sky130_fd_sc_hd__clkbuf_16)
     4    0.04                           clknet_0_clk (net)
                  0.06    0.00    0.22 ^ clkbuf_2_0__f_clk/A (sky130_fd_sc_hd__clkbuf_16)
                  0.06    0.16    0.38 ^ clkbuf_2_0__f_clk/X (sky130_fd_sc_hd__clkbuf_16)
    14    0.04                           clknet_2_0__leaf_clk (net)
                  0.06    0.00    0.38 ^ _408_/CLK (sky130_fd_sc_hd__dfrtp_4)
                          0.25    0.63   clock uncertainty
                          0.00    0.63   clock reconvergence pessimism
                          0.32    0.95   library removal time
                                  0.95   data required time
-----------------------------------------------------------------------------
                                  0.95   data required time
                                 -2.53   data arrival time
-----------------------------------------------------------------------------
                                  1.58   slack (MET)


Startpoint: rst (input port clocked by clk)
Endpoint: _411_ (removal check against rising-edge clock clk)
Path Group: asynchronous
Path Type: min

Fanout     Cap    Slew   Delay    Time   Description
-----------------------------------------------------------------------------
                          0.00    0.00   clock clk (rise edge)
                          0.00    0.00   clock network delay (propagated)
                          2.00    2.00 v input external delay
                  0.01    0.00    2.00 v rst (in)
     1    0.00                           rst (net)
                  0.01    0.00    2.00 v input2/A (sky130_fd_sc_hd__buf_1)
                  0.05    0.09    2.10 v input2/X (sky130_fd_sc_hd__buf_1)
     3    0.01                           net2 (net)
                  0.05    0.00    2.10 v _355_/A (sky130_fd_sc_hd__buf_4)
                  0.08    0.18    2.28 v _355_/X (sky130_fd_sc_hd__buf_4)
    10    0.05                           _199_ (net)
                  0.08    0.00    2.28 v _356_/A (sky130_fd_sc_hd__buf_4)
                  0.08    0.20    2.48 v _356_/X (sky130_fd_sc_hd__buf_4)
    10    0.06                           _200_ (net)
                  0.08    0.00    2.48 v _360_/A (sky130_fd_sc_hd__inv_2)
                  0.03    0.06    2.53 ^ _360_/Y (sky130_fd_sc_hd__inv_2)
     1    0.00                           _005_ (net)
                  0.03    0.00    2.53 ^ _411_/RESET_B (sky130_fd_sc_hd__dfrtp_1)
                                  2.53   data arrival time

                          0.00    0.00   clock clk (rise edge)
                          0.00    0.00   clock source latency
                  0.08    0.06    0.06 ^ clk (in)
     1    0.02                           clk (net)
                  0.08    0.00    0.06 ^ clkbuf_0_clk/A (sky130_fd_sc_hd__clkbuf_16)
                  0.06    0.16    0.22 ^ clkbuf_0_clk/X (sky130_fd_sc_hd__clkbuf_16)
     4    0.04                           clknet_0_clk (net)
                  0.06    0.00    0.22 ^ clkbuf_2_0__f_clk/A (sky130_fd_sc_hd__clkbuf_16)
                  0.06    0.16    0.38 ^ clkbuf_2_0__f_clk/X (sky130_fd_sc_hd__clkbuf_16)
    14    0.04                           clknet_2_0__leaf_clk (net)
                  0.06    0.00    0.38 ^ _411_/CLK (sky130_fd_sc_hd__dfrtp_1)
                          0.25    0.63   clock uncertainty
                          0.00    0.63   clock reconvergence pessimism
                          0.32    0.95   library removal time
                                  0.95   data required time
-----------------------------------------------------------------------------
                                  0.95   data required time
                                 -2.53   data arrival time
-----------------------------------------------------------------------------
                                  1.58   slack (MET)


Startpoint: rst (input port clocked by clk)
Endpoint: _424_ (removal check against rising-edge clock clk)
Path Group: asynchronous
Path Type: min

Fanout     Cap    Slew   Delay    Time   Description
-----------------------------------------------------------------------------
                          0.00    0.00   clock clk (rise edge)
                          0.00    0.00   clock network delay (propagated)
                          2.00    2.00 v input external delay
                  0.01    0.00    2.00 v rst (in)
     1    0.00                           rst (net)
                  0.01    0.00    2.00 v input2/A (sky130_fd_sc_hd__buf_1)
                  0.05    0.09    2.10 v input2/X (sky130_fd_sc_hd__buf_1)
     3    0.01                           net2 (net)
                  0.05    0.00    2.10 v _355_/A (sky130_fd_sc_hd__buf_4)
                  0.08    0.18    2.28 v _355_/X (sky130_fd_sc_hd__buf_4)
    10    0.05                           _199_ (net)
                  0.08    0.00    2.28 v _367_/A (sky130_fd_sc_hd__clkbuf_8)
                  0.09    0.19    2.47 v _367_/X (sky130_fd_sc_hd__clkbuf_8)
    10    0.07                           _201_ (net)
                  0.09    0.00    2.47 v _374_/A (sky130_fd_sc_hd__inv_2)
                  0.03    0.06    2.53 ^ _374_/Y (sky130_fd_sc_hd__inv_2)
     1    0.00                           _018_ (net)
                  0.03    0.00    2.53 ^ _424_/RESET_B (sky130_fd_sc_hd__dfrtp_2)
                                  2.53   data arrival time

                          0.00    0.00   clock clk (rise edge)
                          0.00    0.00   clock source latency
                  0.08    0.06    0.06 ^ clk (in)
     1    0.02                           clk (net)
                  0.08    0.00    0.06 ^ clkbuf_0_clk/A (sky130_fd_sc_hd__clkbuf_16)
                  0.06    0.16    0.22 ^ clkbuf_0_clk/X (sky130_fd_sc_hd__clkbuf_16)
     4    0.04                           clknet_0_clk (net)
                  0.06    0.00    0.22 ^ clkbuf_2_3__f_clk/A (sky130_fd_sc_hd__clkbuf_16)
                  0.06    0.15    0.37 ^ clkbuf_2_3__f_clk/X (sky130_fd_sc_hd__clkbuf_16)
    12    0.04                           clknet_2_3__leaf_clk (net)
                  0.06    0.00    0.38 ^ _424_/CLK (sky130_fd_sc_hd__dfrtp_2)
                          0.25    0.63   clock uncertainty
                          0.00    0.63   clock reconvergence pessimism
                          0.32    0.95   library removal time
                                  0.95   data required time
-----------------------------------------------------------------------------
                                  0.95   data required time
                                 -2.53   data arrival time
-----------------------------------------------------------------------------
                                  1.58   slack (MET)


Startpoint: rst (input port clocked by clk)
Endpoint: _420_ (removal check against rising-edge clock clk)
Path Group: asynchronous
Path Type: min

Fanout     Cap    Slew   Delay    Time   Description
-----------------------------------------------------------------------------
                          0.00    0.00   clock clk (rise edge)
                          0.00    0.00   clock network delay (propagated)
                          2.00    2.00 v input external delay
                  0.01    0.00    2.00 v rst (in)
     1    0.00                           rst (net)
                  0.01    0.00    2.00 v input2/A (sky130_fd_sc_hd__buf_1)
                  0.05    0.09    2.10 v input2/X (sky130_fd_sc_hd__buf_1)
     3    0.01                           net2 (net)
                  0.05    0.00    2.10 v _355_/A (sky130_fd_sc_hd__buf_4)
                  0.08    0.18    2.28 v _355_/X (sky130_fd_sc_hd__buf_4)
    10    0.05                           _199_ (net)
                  0.08    0.00    2.28 v _367_/A (sky130_fd_sc_hd__clkbuf_8)
                  0.09    0.19    2.47 v _367_/X (sky130_fd_sc_hd__clkbuf_8)
    10    0.07                           _201_ (net)
                  0.09    0.00    2.47 v _370_/A (sky130_fd_sc_hd__inv_2)
                  0.03    0.06    2.53 ^ _370_/Y (sky130_fd_sc_hd__inv_2)
     1    0.00                           _014_ (net)
                  0.03    0.00    2.53 ^ _420_/RESET_B (sky130_fd_sc_hd__dfrtp_1)
                                  2.53   data arrival time

                          0.00    0.00   clock clk (rise edge)
                          0.00    0.00   clock source latency
                  0.08    0.06    0.06 ^ clk (in)
     1    0.02                           clk (net)
                  0.08    0.00    0.06 ^ clkbuf_0_clk/A (sky130_fd_sc_hd__clkbuf_16)
                  0.06    0.16    0.22 ^ clkbuf_0_clk/X (sky130_fd_sc_hd__clkbuf_16)
     4    0.04                           clknet_0_clk (net)
                  0.06    0.00    0.22 ^ clkbuf_2_3__f_clk/A (sky130_fd_sc_hd__clkbuf_16)
                  0.06    0.15    0.37 ^ clkbuf_2_3__f_clk/X (sky130_fd_sc_hd__clkbuf_16)
    12    0.04                           clknet_2_3__leaf_clk (net)
                  0.06    0.00    0.38 ^ _420_/CLK (sky130_fd_sc_hd__dfrtp_1)
                          0.25    0.63   clock uncertainty
                          0.00    0.63   clock reconvergence pessimism
                          0.32    0.95   library removal time
                                  0.95   data required time
-----------------------------------------------------------------------------
                                  0.95   data required time
                                 -2.53   data arrival time
-----------------------------------------------------------------------------
                                  1.58   slack (MET)


Startpoint: rst (input port clocked by clk)
Endpoint: _421_ (removal check against rising-edge clock clk)
Path Group: asynchronous
Path Type: min

Fanout     Cap    Slew   Delay    Time   Description
-----------------------------------------------------------------------------
                          0.00    0.00   clock clk (rise edge)
                          0.00    0.00   clock network delay (propagated)
                          2.00    2.00 v input external delay
                  0.01    0.00    2.00 v rst (in)
     1    0.00                           rst (net)
                  0.01    0.00    2.00 v input2/A (sky130_fd_sc_hd__buf_1)
                  0.05    0.09    2.10 v input2/X (sky130_fd_sc_hd__buf_1)
     3    0.01                           net2 (net)
                  0.05    0.00    2.10 v _355_/A (sky130_fd_sc_hd__buf_4)
                  0.08    0.18    2.28 v _355_/X (sky130_fd_sc_hd__buf_4)
    10    0.05                           _199_ (net)
                  0.08    0.00    2.28 v _367_/A (sky130_fd_sc_hd__clkbuf_8)
                  0.09    0.19    2.47 v _367_/X (sky130_fd_sc_hd__clkbuf_8)
    10    0.07                           _201_ (net)
                  0.09    0.00    2.48 v _371_/A (sky130_fd_sc_hd__inv_2)
                  0.03    0.06    2.53 ^ _371_/Y (sky130_fd_sc_hd__inv_2)
     1    0.00                           _015_ (net)
                  0.03    0.00    2.53 ^ _421_/RESET_B (sky130_fd_sc_hd__dfrtp_1)
                                  2.53   data arrival time

                          0.00    0.00   clock clk (rise edge)
                          0.00    0.00   clock source latency
                  0.08    0.06    0.06 ^ clk (in)
     1    0.02                           clk (net)
                  0.08    0.00    0.06 ^ clkbuf_0_clk/A (sky130_fd_sc_hd__clkbuf_16)
                  0.06    0.16    0.22 ^ clkbuf_0_clk/X (sky130_fd_sc_hd__clkbuf_16)
     4    0.04                           clknet_0_clk (net)
                  0.06    0.00    0.22 ^ clkbuf_2_3__f_clk/A (sky130_fd_sc_hd__clkbuf_16)
                  0.06    0.15    0.37 ^ clkbuf_2_3__f_clk/X (sky130_fd_sc_hd__clkbuf_16)
    12    0.04                           clknet_2_3__leaf_clk (net)
                  0.06    0.00    0.38 ^ _421_/CLK (sky130_fd_sc_hd__dfrtp_1)
                          0.25    0.63   clock uncertainty
                          0.00    0.63   clock reconvergence pessimism
                          0.32    0.95   library removal time
                                  0.95   data required time
-----------------------------------------------------------------------------
                                  0.95   data required time
                                 -2.53   data arrival time
-----------------------------------------------------------------------------
                                  1.59   slack (MET)


Startpoint: rst (input port clocked by clk)
Endpoint: _426_ (removal check against rising-edge clock clk)
Path Group: asynchronous
Path Type: min

Fanout     Cap    Slew   Delay    Time   Description
-----------------------------------------------------------------------------
                          0.00    0.00   clock clk (rise edge)
                          0.00    0.00   clock network delay (propagated)
                          2.00    2.00 v input external delay
                  0.01    0.00    2.00 v rst (in)
     1    0.00                           rst (net)
                  0.01    0.00    2.00 v input2/A (sky130_fd_sc_hd__buf_1)
                  0.05    0.09    2.10 v input2/X (sky130_fd_sc_hd__buf_1)
     3    0.01                           net2 (net)
                  0.05    0.00    2.10 v _355_/A (sky130_fd_sc_hd__buf_4)
                  0.08    0.18    2.28 v _355_/X (sky130_fd_sc_hd__buf_4)
    10    0.05                           _199_ (net)
                  0.08    0.00    2.28 v _367_/A (sky130_fd_sc_hd__clkbuf_8)
                  0.09    0.19    2.47 v _367_/X (sky130_fd_sc_hd__clkbuf_8)
    10    0.07                           _201_ (net)
                  0.09    0.00    2.48 v _376_/A (sky130_fd_sc_hd__inv_2)
                  0.03    0.06    2.53 ^ _376_/Y (sky130_fd_sc_hd__inv_2)
     1    0.00                           _020_ (net)
                  0.03    0.00    2.53 ^ _426_/RESET_B (sky130_fd_sc_hd__dfrtp_1)
                                  2.53   data arrival time

                          0.00    0.00   clock clk (rise edge)
                          0.00    0.00   clock source latency
                  0.08    0.06    0.06 ^ clk (in)
     1    0.02                           clk (net)
                  0.08    0.00    0.06 ^ clkbuf_0_clk/A (sky130_fd_sc_hd__clkbuf_16)
                  0.06    0.16    0.22 ^ clkbuf_0_clk/X (sky130_fd_sc_hd__clkbuf_16)
     4    0.04                           clknet_0_clk (net)
                  0.06    0.00    0.22 ^ clkbuf_2_3__f_clk/A (sky130_fd_sc_hd__clkbuf_16)
                  0.06    0.15    0.37 ^ clkbuf_2_3__f_clk/X (sky130_fd_sc_hd__clkbuf_16)
    12    0.04                           clknet_2_3__leaf_clk (net)
                  0.06    0.00    0.38 ^ _426_/CLK (sky130_fd_sc_hd__dfrtp_1)
                          0.25    0.63   clock uncertainty
                          0.00    0.63   clock reconvergence pessimism
                          0.32    0.95   library removal time
                                  0.95   data required time
-----------------------------------------------------------------------------
                                  0.95   data required time
                                 -2.53   data arrival time
-----------------------------------------------------------------------------
                                  1.59   slack (MET)


Startpoint: rst (input port clocked by clk)
Endpoint: _419_ (removal check against rising-edge clock clk)
Path Group: asynchronous
Path Type: min

Fanout     Cap    Slew   Delay    Time   Description
-----------------------------------------------------------------------------
                          0.00    0.00   clock clk (rise edge)
                          0.00    0.00   clock network delay (propagated)
                          2.00    2.00 v input external delay
                  0.01    0.00    2.00 v rst (in)
     1    0.00                           rst (net)
                  0.01    0.00    2.00 v input2/A (sky130_fd_sc_hd__buf_1)
                  0.05    0.09    2.10 v input2/X (sky130_fd_sc_hd__buf_1)
     3    0.01                           net2 (net)
                  0.05    0.00    2.10 v _355_/A (sky130_fd_sc_hd__buf_4)
                  0.08    0.18    2.28 v _355_/X (sky130_fd_sc_hd__buf_4)
    10    0.05                           _199_ (net)
                  0.08    0.00    2.28 v _367_/A (sky130_fd_sc_hd__clkbuf_8)
                  0.09    0.19    2.47 v _367_/X (sky130_fd_sc_hd__clkbuf_8)
    10    0.07                           _201_ (net)
                  0.09    0.00    2.48 v _369_/A (sky130_fd_sc_hd__inv_2)
                  0.03    0.06    2.53 ^ _369_/Y (sky130_fd_sc_hd__inv_2)
     1    0.00                           _013_ (net)
                  0.03    0.00    2.53 ^ _419_/RESET_B (sky130_fd_sc_hd__dfrtp_1)
                                  2.53   data arrival time

                          0.00    0.00   clock clk (rise edge)
                          0.00    0.00   clock source latency
                  0.08    0.06    0.06 ^ clk (in)
     1    0.02                           clk (net)
                  0.08    0.00    0.06 ^ clkbuf_0_clk/A (sky130_fd_sc_hd__clkbuf_16)
                  0.06    0.16    0.22 ^ clkbuf_0_clk/X (sky130_fd_sc_hd__clkbuf_16)
     4    0.04                           clknet_0_clk (net)
                  0.06    0.00    0.22 ^ clkbuf_2_3__f_clk/A (sky130_fd_sc_hd__clkbuf_16)
                  0.06    0.15    0.37 ^ clkbuf_2_3__f_clk/X (sky130_fd_sc_hd__clkbuf_16)
    12    0.04                           clknet_2_3__leaf_clk (net)
                  0.06    0.00    0.38 ^ _419_/CLK (sky130_fd_sc_hd__dfrtp_1)
                          0.25    0.63   clock uncertainty
                          0.00    0.63   clock reconvergence pessimism
                          0.32    0.95   library removal time
                                  0.95   data required time
-----------------------------------------------------------------------------
                                  0.95   data required time
                                 -2.53   data arrival time
-----------------------------------------------------------------------------
                                  1.59   slack (MET)


Startpoint: rst (input port clocked by clk)
Endpoint: _418_ (removal check against rising-edge clock clk)
Path Group: asynchronous
Path Type: min

Fanout     Cap    Slew   Delay    Time   Description
-----------------------------------------------------------------------------
                          0.00    0.00   clock clk (rise edge)
                          0.00    0.00   clock network delay (propagated)
                          2.00    2.00 v input external delay
                  0.01    0.00    2.00 v rst (in)
     1    0.00                           rst (net)
                  0.01    0.00    2.00 v input2/A (sky130_fd_sc_hd__buf_1)
                  0.05    0.09    2.10 v input2/X (sky130_fd_sc_hd__buf_1)
     3    0.01                           net2 (net)
                  0.05    0.00    2.10 v _355_/A (sky130_fd_sc_hd__buf_4)
                  0.08    0.18    2.28 v _355_/X (sky130_fd_sc_hd__buf_4)
    10    0.05                           _199_ (net)
                  0.08    0.00    2.28 v _367_/A (sky130_fd_sc_hd__clkbuf_8)
                  0.09    0.19    2.47 v _367_/X (sky130_fd_sc_hd__clkbuf_8)
    10    0.07                           _201_ (net)
                  0.09    0.00    2.48 v _368_/A (sky130_fd_sc_hd__inv_2)
                  0.03    0.06    2.53 ^ _368_/Y (sky130_fd_sc_hd__inv_2)
     1    0.00                           _012_ (net)
                  0.03    0.00    2.53 ^ _418_/RESET_B (sky130_fd_sc_hd__dfrtp_1)
                                  2.53   data arrival time

                          0.00    0.00   clock clk (rise edge)
                          0.00    0.00   clock source latency
                  0.08    0.06    0.06 ^ clk (in)
     1    0.02                           clk (net)
                  0.08    0.00    0.06 ^ clkbuf_0_clk/A (sky130_fd_sc_hd__clkbuf_16)
                  0.06    0.16    0.22 ^ clkbuf_0_clk/X (sky130_fd_sc_hd__clkbuf_16)
     4    0.04                           clknet_0_clk (net)
                  0.06    0.00    0.22 ^ clkbuf_2_3__f_clk/A (sky130_fd_sc_hd__clkbuf_16)
                  0.06    0.15    0.37 ^ clkbuf_2_3__f_clk/X (sky130_fd_sc_hd__clkbuf_16)
    12    0.04                           clknet_2_3__leaf_clk (net)
                  0.06    0.00    0.38 ^ _418_/CLK (sky130_fd_sc_hd__dfrtp_1)
                          0.25    0.63   clock uncertainty
                          0.00    0.63   clock reconvergence pessimism
                          0.32    0.95   library removal time
                                  0.95   data required time
-----------------------------------------------------------------------------
                                  0.95   data required time
                                 -2.53   data arrival time
-----------------------------------------------------------------------------
                                  1.59   slack (MET)


Startpoint: rst (input port clocked by clk)
Endpoint: _427_ (removal check against rising-edge clock clk)
Path Group: asynchronous
Path Type: min

Fanout     Cap    Slew   Delay    Time   Description
-----------------------------------------------------------------------------
                          0.00    0.00   clock clk (rise edge)
                          0.00    0.00   clock network delay (propagated)
                          2.00    2.00 v input external delay
                  0.01    0.00    2.00 v rst (in)
     1    0.00                           rst (net)
                  0.01    0.00    2.00 v input2/A (sky130_fd_sc_hd__buf_1)
                  0.05    0.09    2.10 v input2/X (sky130_fd_sc_hd__buf_1)
     3    0.01                           net2 (net)
                  0.05    0.00    2.10 v _355_/A (sky130_fd_sc_hd__buf_4)
                  0.08    0.18    2.28 v _355_/X (sky130_fd_sc_hd__buf_4)
    10    0.05                           _199_ (net)
                  0.08    0.00    2.28 v _367_/A (sky130_fd_sc_hd__clkbuf_8)
                  0.09    0.19    2.47 v _367_/X (sky130_fd_sc_hd__clkbuf_8)
    10    0.07                           _201_ (net)
                  0.09    0.00    2.47 v _377_/A (sky130_fd_sc_hd__inv_2)
                  0.04    0.06    2.53 ^ _377_/Y (sky130_fd_sc_hd__inv_2)
     1    0.00                           _021_ (net)
                  0.04    0.00    2.53 ^ _427_/RESET_B (sky130_fd_sc_hd__dfrtp_1)
                                  2.53   data arrival time

                          0.00    0.00   clock clk (rise edge)
                          0.00    0.00   clock source latency
                  0.08    0.06    0.06 ^ clk (in)
     1    0.02                           clk (net)
                  0.08    0.00    0.06 ^ clkbuf_0_clk/A (sky130_fd_sc_hd__clkbuf_16)
                  0.06    0.16    0.22 ^ clkbuf_0_clk/X (sky130_fd_sc_hd__clkbuf_16)
     4    0.04                           clknet_0_clk (net)
                  0.06    0.00    0.22 ^ clkbuf_2_1__f_clk/A (sky130_fd_sc_hd__clkbuf_16)
                  0.06    0.15    0.37 ^ clkbuf_2_1__f_clk/X (sky130_fd_sc_hd__clkbuf_16)
    12    0.04                           clknet_2_1__leaf_clk (net)
                  0.06    0.00    0.38 ^ _427_/CLK (sky130_fd_sc_hd__dfrtp_1)
                          0.25    0.63   clock uncertainty
                          0.00    0.63   clock reconvergence pessimism
                          0.32    0.95   library removal time
                                  0.95   data required time
-----------------------------------------------------------------------------
                                  0.95   data required time
                                 -2.53   data arrival time
-----------------------------------------------------------------------------
                                  1.59   slack (MET)


Startpoint: rst (input port clocked by clk)
Endpoint: _423_ (removal check against rising-edge clock clk)
Path Group: asynchronous
Path Type: min

Fanout     Cap    Slew   Delay    Time   Description
-----------------------------------------------------------------------------
                          0.00    0.00   clock clk (rise edge)
                          0.00    0.00   clock network delay (propagated)
                          2.00    2.00 v input external delay
                  0.01    0.00    2.00 v rst (in)
     1    0.00                           rst (net)
                  0.01    0.00    2.00 v input2/A (sky130_fd_sc_hd__buf_1)
                  0.05    0.09    2.10 v input2/X (sky130_fd_sc_hd__buf_1)
     3    0.01                           net2 (net)
                  0.05    0.00    2.10 v _355_/A (sky130_fd_sc_hd__buf_4)
                  0.08    0.18    2.28 v _355_/X (sky130_fd_sc_hd__buf_4)
    10    0.05                           _199_ (net)
                  0.08    0.00    2.28 v _367_/A (sky130_fd_sc_hd__clkbuf_8)
                  0.09    0.19    2.47 v _367_/X (sky130_fd_sc_hd__clkbuf_8)
    10    0.07                           _201_ (net)
                  0.09    0.00    2.47 v _373_/A (sky130_fd_sc_hd__inv_2)
                  0.03    0.06    2.53 ^ _373_/Y (sky130_fd_sc_hd__inv_2)
     1    0.00                           _017_ (net)
                  0.03    0.00    2.53 ^ _423_/RESET_B (sky130_fd_sc_hd__dfrtp_1)
                                  2.53   data arrival time

                          0.00    0.00   clock clk (rise edge)
                          0.00    0.00   clock source latency
                  0.08    0.06    0.06 ^ clk (in)
     1    0.02                           clk (net)
                  0.08    0.00    0.06 ^ clkbuf_0_clk/A (sky130_fd_sc_hd__clkbuf_16)
                  0.06    0.16    0.22 ^ clkbuf_0_clk/X (sky130_fd_sc_hd__clkbuf_16)
     4    0.04                           clknet_0_clk (net)
                  0.06    0.00    0.22 ^ clkbuf_2_2__f_clk/A (sky130_fd_sc_hd__clkbuf_16)
                  0.05    0.15    0.37 ^ clkbuf_2_2__f_clk/X (sky130_fd_sc_hd__clkbuf_16)
    10    0.03                           clknet_2_2__leaf_clk (net)
                  0.05    0.00    0.37 ^ _423_/CLK (sky130_fd_sc_hd__dfrtp_1)
                          0.25    0.62   clock uncertainty
                          0.00    0.62   clock reconvergence pessimism
                          0.32    0.94   library removal time
                                  0.94   data required time
-----------------------------------------------------------------------------
                                  0.94   data required time
                                 -2.53   data arrival time
-----------------------------------------------------------------------------
                                  1.59   slack (MET)


Startpoint: rst (input port clocked by clk)
Endpoint: _422_ (removal check against rising-edge clock clk)
Path Group: asynchronous
Path Type: min

Fanout     Cap    Slew   Delay    Time   Description
-----------------------------------------------------------------------------
                          0.00    0.00   clock clk (rise edge)
                          0.00    0.00   clock network delay (propagated)
                          2.00    2.00 v input external delay
                  0.01    0.00    2.00 v rst (in)
     1    0.00                           rst (net)
                  0.01    0.00    2.00 v input2/A (sky130_fd_sc_hd__buf_1)
                  0.05    0.09    2.10 v input2/X (sky130_fd_sc_hd__buf_1)
     3    0.01                           net2 (net)
                  0.05    0.00    2.10 v _355_/A (sky130_fd_sc_hd__buf_4)
                  0.08    0.18    2.28 v _355_/X (sky130_fd_sc_hd__buf_4)
    10    0.05                           _199_ (net)
                  0.08    0.00    2.28 v _367_/A (sky130_fd_sc_hd__clkbuf_8)
                  0.09    0.19    2.47 v _367_/X (sky130_fd_sc_hd__clkbuf_8)
    10    0.07                           _201_ (net)
                  0.09    0.00    2.47 v _372_/A (sky130_fd_sc_hd__inv_2)
                  0.03    0.06    2.53 ^ _372_/Y (sky130_fd_sc_hd__inv_2)
     1    0.00                           _016_ (net)
                  0.03    0.00    2.53 ^ _422_/RESET_B (sky130_fd_sc_hd__dfrtp_1)
                                  2.53   data arrival time

                          0.00    0.00   clock clk (rise edge)
                          0.00    0.00   clock source latency
                  0.08    0.06    0.06 ^ clk (in)
     1    0.02                           clk (net)
                  0.08    0.00    0.06 ^ clkbuf_0_clk/A (sky130_fd_sc_hd__clkbuf_16)
                  0.06    0.16    0.22 ^ clkbuf_0_clk/X (sky130_fd_sc_hd__clkbuf_16)
     4    0.04                           clknet_0_clk (net)
                  0.06    0.00    0.22 ^ clkbuf_2_2__f_clk/A (sky130_fd_sc_hd__clkbuf_16)
                  0.05    0.15    0.37 ^ clkbuf_2_2__f_clk/X (sky130_fd_sc_hd__clkbuf_16)
    10    0.03                           clknet_2_2__leaf_clk (net)
                  0.05    0.00    0.37 ^ _422_/CLK (sky130_fd_sc_hd__dfrtp_1)
                          0.25    0.62   clock uncertainty
                          0.00    0.62   clock reconvergence pessimism
                          0.32    0.94   library removal time
                                  0.94   data required time
-----------------------------------------------------------------------------
                                  0.94   data required time
                                 -2.53   data arrival time
-----------------------------------------------------------------------------
                                  1.59   slack (MET)


Startpoint: rst (input port clocked by clk)
Endpoint: _425_ (removal check against rising-edge clock clk)
Path Group: asynchronous
Path Type: min

Fanout     Cap    Slew   Delay    Time   Description
-----------------------------------------------------------------------------
                          0.00    0.00   clock clk (rise edge)
                          0.00    0.00   clock network delay (propagated)
                          2.00    2.00 v input external delay
                  0.01    0.00    2.00 v rst (in)
     1    0.00                           rst (net)
                  0.01    0.00    2.00 v input2/A (sky130_fd_sc_hd__buf_1)
                  0.05    0.09    2.10 v input2/X (sky130_fd_sc_hd__buf_1)
     3    0.01                           net2 (net)
                  0.05    0.00    2.10 v _355_/A (sky130_fd_sc_hd__buf_4)
                  0.08    0.18    2.28 v _355_/X (sky130_fd_sc_hd__buf_4)
    10    0.05                           _199_ (net)
                  0.08    0.00    2.28 v _367_/A (sky130_fd_sc_hd__clkbuf_8)
                  0.09    0.19    2.47 v _367_/X (sky130_fd_sc_hd__clkbuf_8)
    10    0.07                           _201_ (net)
                  0.09    0.00    2.48 v _375_/A (sky130_fd_sc_hd__inv_2)
                  0.03    0.06    2.53 ^ _375_/Y (sky130_fd_sc_hd__inv_2)
     1    0.00                           _019_ (net)
                  0.03    0.00    2.53 ^ _425_/RESET_B (sky130_fd_sc_hd__dfrtp_1)
                                  2.53   data arrival time

                          0.00    0.00   clock clk (rise edge)
                          0.00    0.00   clock source latency
                  0.08    0.06    0.06 ^ clk (in)
     1    0.02                           clk (net)
                  0.08    0.00    0.06 ^ clkbuf_0_clk/A (sky130_fd_sc_hd__clkbuf_16)
                  0.06    0.16    0.22 ^ clkbuf_0_clk/X (sky130_fd_sc_hd__clkbuf_16)
     4    0.04                           clknet_0_clk (net)
                  0.06    0.00    0.22 ^ clkbuf_2_2__f_clk/A (sky130_fd_sc_hd__clkbuf_16)
                  0.05    0.15    0.37 ^ clkbuf_2_2__f_clk/X (sky130_fd_sc_hd__clkbuf_16)
    10    0.03                           clknet_2_2__leaf_clk (net)
                  0.05    0.00    0.37 ^ _425_/CLK (sky130_fd_sc_hd__dfrtp_1)
                          0.25    0.62   clock uncertainty
                          0.00    0.62   clock reconvergence pessimism
                          0.32    0.94   library removal time
                                  0.94   data required time
-----------------------------------------------------------------------------
                                  0.94   data required time
                                 -2.53   data arrival time
-----------------------------------------------------------------------------
                                  1.59   slack (MET)


Startpoint: rst (input port clocked by clk)
Endpoint: _409_ (removal check against rising-edge clock clk)
Path Group: asynchronous
Path Type: min

Fanout     Cap    Slew   Delay    Time   Description
-----------------------------------------------------------------------------
                          0.00    0.00   clock clk (rise edge)
                          0.00    0.00   clock network delay (propagated)
                          2.00    2.00 v input external delay
                  0.01    0.00    2.00 v rst (in)
     1    0.00                           rst (net)
                  0.01    0.00    2.00 v input2/A (sky130_fd_sc_hd__buf_1)
                  0.05    0.09    2.10 v input2/X (sky130_fd_sc_hd__buf_1)
     3    0.01                           net2 (net)
                  0.05    0.00    2.10 v _355_/A (sky130_fd_sc_hd__buf_4)
                  0.08    0.18    2.28 v _355_/X (sky130_fd_sc_hd__buf_4)
    10    0.05                           _199_ (net)
                  0.08    0.00    2.28 v _356_/A (sky130_fd_sc_hd__buf_4)
                  0.08    0.20    2.48 v _356_/X (sky130_fd_sc_hd__buf_4)
    10    0.06                           _200_ (net)
                  0.08    0.00    2.48 v _358_/A (sky130_fd_sc_hd__inv_2)
                  0.03    0.06    2.53 ^ _358_/Y (sky130_fd_sc_hd__inv_2)
     1    0.00                           _003_ (net)
                  0.03    0.00    2.53 ^ _409_/RESET_B (sky130_fd_sc_hd__dfrtp_4)
                                  2.53   data arrival time

                          0.00    0.00   clock clk (rise edge)
                          0.00    0.00   clock source latency
                  0.08    0.06    0.06 ^ clk (in)
     1    0.02                           clk (net)
                  0.08    0.00    0.06 ^ clkbuf_0_clk/A (sky130_fd_sc_hd__clkbuf_16)
                  0.06    0.16    0.22 ^ clkbuf_0_clk/X (sky130_fd_sc_hd__clkbuf_16)
     4    0.04                           clknet_0_clk (net)
                  0.06    0.00    0.22 ^ clkbuf_2_2__f_clk/A (sky130_fd_sc_hd__clkbuf_16)
                  0.05    0.15    0.37 ^ clkbuf_2_2__f_clk/X (sky130_fd_sc_hd__clkbuf_16)
    10    0.03                           clknet_2_2__leaf_clk (net)
                  0.05    0.00    0.37 ^ _409_/CLK (sky130_fd_sc_hd__dfrtp_4)
                          0.25    0.62   clock uncertainty
                          0.00    0.62   clock reconvergence pessimism
                          0.32    0.94   library removal time
                                  0.94   data required time
-----------------------------------------------------------------------------
                                  0.94   data required time
                                 -2.53   data arrival time
-----------------------------------------------------------------------------
                                  1.59   slack (MET)


Startpoint: rst (input port clocked by clk)
Endpoint: _414_ (removal check against rising-edge clock clk)
Path Group: asynchronous
Path Type: min

Fanout     Cap    Slew   Delay    Time   Description
-----------------------------------------------------------------------------
                          0.00    0.00   clock clk (rise edge)
                          0.00    0.00   clock network delay (propagated)
                          2.00    2.00 v input external delay
                  0.01    0.00    2.00 v rst (in)
     1    0.00                           rst (net)
                  0.01    0.00    2.00 v input2/A (sky130_fd_sc_hd__buf_1)
                  0.05    0.09    2.10 v input2/X (sky130_fd_sc_hd__buf_1)
     3    0.01                           net2 (net)
                  0.05    0.00    2.10 v _355_/A (sky130_fd_sc_hd__buf_4)
                  0.08    0.18    2.28 v _355_/X (sky130_fd_sc_hd__buf_4)
    10    0.05                           _199_ (net)
                  0.08    0.00    2.28 v _356_/A (sky130_fd_sc_hd__buf_4)
                  0.08    0.20    2.48 v _356_/X (sky130_fd_sc_hd__buf_4)
    10    0.06                           _200_ (net)
                  0.08    0.00    2.48 v _363_/A (sky130_fd_sc_hd__inv_2)
                  0.03    0.06    2.53 ^ _363_/Y (sky130_fd_sc_hd__inv_2)
     1    0.00                           _008_ (net)
                  0.03    0.00    2.53 ^ _414_/RESET_B (sky130_fd_sc_hd__dfrtp_1)
                                  2.53   data arrival time

                          0.00    0.00   clock clk (rise edge)
                          0.00    0.00   clock source latency
                  0.08    0.06    0.06 ^ clk (in)
     1    0.02                           clk (net)
                  0.08    0.00    0.06 ^ clkbuf_0_clk/A (sky130_fd_sc_hd__clkbuf_16)
                  0.06    0.16    0.22 ^ clkbuf_0_clk/X (sky130_fd_sc_hd__clkbuf_16)
     4    0.04                           clknet_0_clk (net)
                  0.06    0.00    0.22 ^ clkbuf_2_2__f_clk/A (sky130_fd_sc_hd__clkbuf_16)
                  0.05    0.15    0.37 ^ clkbuf_2_2__f_clk/X (sky130_fd_sc_hd__clkbuf_16)
    10    0.03                           clknet_2_2__leaf_clk (net)
                  0.05    0.00    0.37 ^ _414_/CLK (sky130_fd_sc_hd__dfrtp_1)
                          0.25    0.62   clock uncertainty
                          0.00    0.62   clock reconvergence pessimism
                          0.32    0.94   library removal time
                                  0.94   data required time
-----------------------------------------------------------------------------
                                  0.94   data required time
                                 -2.53   data arrival time
-----------------------------------------------------------------------------
                                  1.59   slack (MET)


Startpoint: rst (input port clocked by clk)
Endpoint: _413_ (removal check against rising-edge clock clk)
Path Group: asynchronous
Path Type: min

Fanout     Cap    Slew   Delay    Time   Description
-----------------------------------------------------------------------------
                          0.00    0.00   clock clk (rise edge)
                          0.00    0.00   clock network delay (propagated)
                          2.00    2.00 v input external delay
                  0.01    0.00    2.00 v rst (in)
     1    0.00                           rst (net)
                  0.01    0.00    2.00 v input2/A (sky130_fd_sc_hd__buf_1)
                  0.05    0.09    2.10 v input2/X (sky130_fd_sc_hd__buf_1)
     3    0.01                           net2 (net)
                  0.05    0.00    2.10 v _355_/A (sky130_fd_sc_hd__buf_4)
                  0.08    0.18    2.28 v _355_/X (sky130_fd_sc_hd__buf_4)
    10    0.05                           _199_ (net)
                  0.08    0.00    2.28 v _356_/A (sky130_fd_sc_hd__buf_4)
                  0.08    0.20    2.48 v _356_/X (sky130_fd_sc_hd__buf_4)
    10    0.06                           _200_ (net)
                  0.08    0.00    2.48 v _362_/A (sky130_fd_sc_hd__inv_2)
                  0.03    0.06    2.53 ^ _362_/Y (sky130_fd_sc_hd__inv_2)
     1    0.00                           _007_ (net)
                  0.03    0.00    2.53 ^ _413_/RESET_B (sky130_fd_sc_hd__dfrtp_1)
                                  2.53   data arrival time

                          0.00    0.00   clock clk (rise edge)
                          0.00    0.00   clock source latency
                  0.08    0.06    0.06 ^ clk (in)
     1    0.02                           clk (net)
                  0.08    0.00    0.06 ^ clkbuf_0_clk/A (sky130_fd_sc_hd__clkbuf_16)
                  0.06    0.16    0.22 ^ clkbuf_0_clk/X (sky130_fd_sc_hd__clkbuf_16)
     4    0.04                           clknet_0_clk (net)
                  0.06    0.00    0.22 ^ clkbuf_2_2__f_clk/A (sky130_fd_sc_hd__clkbuf_16)
                  0.05    0.15    0.37 ^ clkbuf_2_2__f_clk/X (sky130_fd_sc_hd__clkbuf_16)
    10    0.03                           clknet_2_2__leaf_clk (net)
                  0.05    0.00    0.37 ^ _413_/CLK (sky130_fd_sc_hd__dfrtp_1)
                          0.25    0.62   clock uncertainty
                          0.00    0.62   clock reconvergence pessimism
                          0.32    0.94   library removal time
                                  0.94   data required time
-----------------------------------------------------------------------------
                                  0.94   data required time
                                 -2.53   data arrival time
-----------------------------------------------------------------------------
                                  1.59   slack (MET)


Startpoint: rst (input port clocked by clk)
Endpoint: _412_ (removal check against rising-edge clock clk)
Path Group: asynchronous
Path Type: min

Fanout     Cap    Slew   Delay    Time   Description
-----------------------------------------------------------------------------
                          0.00    0.00   clock clk (rise edge)
                          0.00    0.00   clock network delay (propagated)
                          2.00    2.00 v input external delay
                  0.01    0.00    2.00 v rst (in)
     1    0.00                           rst (net)
                  0.01    0.00    2.00 v input2/A (sky130_fd_sc_hd__buf_1)
                  0.05    0.09    2.10 v input2/X (sky130_fd_sc_hd__buf_1)
     3    0.01                           net2 (net)
                  0.05    0.00    2.10 v _355_/A (sky130_fd_sc_hd__buf_4)
                  0.08    0.18    2.28 v _355_/X (sky130_fd_sc_hd__buf_4)
    10    0.05                           _199_ (net)
                  0.08    0.00    2.28 v _356_/A (sky130_fd_sc_hd__buf_4)
                  0.08    0.20    2.48 v _356_/X (sky130_fd_sc_hd__buf_4)
    10    0.06                           _200_ (net)
                  0.08    0.00    2.48 v _361_/A (sky130_fd_sc_hd__inv_2)
                  0.03    0.06    2.53 ^ _361_/Y (sky130_fd_sc_hd__inv_2)
     1    0.00                           _006_ (net)
                  0.03    0.00    2.53 ^ _412_/RESET_B (sky130_fd_sc_hd__dfrtp_1)
                                  2.53   data arrival time

                          0.00    0.00   clock clk (rise edge)
                          0.00    0.00   clock source latency
                  0.08    0.06    0.06 ^ clk (in)
     1    0.02                           clk (net)
                  0.08    0.00    0.06 ^ clkbuf_0_clk/A (sky130_fd_sc_hd__clkbuf_16)
                  0.06    0.16    0.22 ^ clkbuf_0_clk/X (sky130_fd_sc_hd__clkbuf_16)
     4    0.04                           clknet_0_clk (net)
                  0.06    0.00    0.22 ^ clkbuf_2_2__f_clk/A (sky130_fd_sc_hd__clkbuf_16)
                  0.05    0.15    0.37 ^ clkbuf_2_2__f_clk/X (sky130_fd_sc_hd__clkbuf_16)
    10    0.03                           clknet_2_2__leaf_clk (net)
                  0.05    0.00    0.37 ^ _412_/CLK (sky130_fd_sc_hd__dfrtp_1)
                          0.25    0.62   clock uncertainty
                          0.00    0.62   clock reconvergence pessimism
                          0.32    0.94   library removal time
                                  0.94   data required time
-----------------------------------------------------------------------------
                                  0.94   data required time
                                 -2.53   data arrival time
-----------------------------------------------------------------------------
                                  1.59   slack (MET)


Startpoint: rst (input port clocked by clk)
Endpoint: _417_ (removal check against rising-edge clock clk)
Path Group: asynchronous
Path Type: min

Fanout     Cap    Slew   Delay    Time   Description
-----------------------------------------------------------------------------
                          0.00    0.00   clock clk (rise edge)
                          0.00    0.00   clock network delay (propagated)
                          2.00    2.00 v input external delay
                  0.01    0.00    2.00 v rst (in)
     1    0.00                           rst (net)
                  0.01    0.00    2.00 v input2/A (sky130_fd_sc_hd__buf_1)
                  0.05    0.09    2.10 v input2/X (sky130_fd_sc_hd__buf_1)
     3    0.01                           net2 (net)
                  0.05    0.00    2.10 v _355_/A (sky130_fd_sc_hd__buf_4)
                  0.08    0.18    2.28 v _355_/X (sky130_fd_sc_hd__buf_4)
    10    0.05                           _199_ (net)
                  0.08    0.00    2.28 v _356_/A (sky130_fd_sc_hd__buf_4)
                  0.08    0.20    2.48 v _356_/X (sky130_fd_sc_hd__buf_4)
    10    0.06                           _200_ (net)
                  0.08    0.00    2.48 v _366_/A (sky130_fd_sc_hd__inv_2)
                  0.03    0.06    2.53 ^ _366_/Y (sky130_fd_sc_hd__inv_2)
     1    0.00                           _011_ (net)
                  0.03    0.00    2.53 ^ _417_/RESET_B (sky130_fd_sc_hd__dfrtp_1)
                                  2.53   data arrival time

                          0.00    0.00   clock clk (rise edge)
                          0.00    0.00   clock source latency
                  0.08    0.06    0.06 ^ clk (in)
     1    0.02                           clk (net)
                  0.08    0.00    0.06 ^ clkbuf_0_clk/A (sky130_fd_sc_hd__clkbuf_16)
                  0.06    0.16    0.22 ^ clkbuf_0_clk/X (sky130_fd_sc_hd__clkbuf_16)
     4    0.04                           clknet_0_clk (net)
                  0.06    0.00    0.22 ^ clkbuf_2_2__f_clk/A (sky130_fd_sc_hd__clkbuf_16)
                  0.05    0.15    0.37 ^ clkbuf_2_2__f_clk/X (sky130_fd_sc_hd__clkbuf_16)
    10    0.03                           clknet_2_2__leaf_clk (net)
                  0.05    0.00    0.37 ^ _417_/CLK (sky130_fd_sc_hd__dfrtp_1)
                          0.25    0.62   clock uncertainty
                          0.00    0.62   clock reconvergence pessimism
                          0.32    0.94   library removal time
                                  0.94   data required time
-----------------------------------------------------------------------------
                                  0.94   data required time
                                 -2.53   data arrival time
-----------------------------------------------------------------------------
                                  1.59   slack (MET)


Startpoint: rst (input port clocked by clk)
Endpoint: _416_ (removal check against rising-edge clock clk)
Path Group: asynchronous
Path Type: min

Fanout     Cap    Slew   Delay    Time   Description
-----------------------------------------------------------------------------
                          0.00    0.00   clock clk (rise edge)
                          0.00    0.00   clock network delay (propagated)
                          2.00    2.00 v input external delay
                  0.01    0.00    2.00 v rst (in)
     1    0.00                           rst (net)
                  0.01    0.00    2.00 v input2/A (sky130_fd_sc_hd__buf_1)
                  0.05    0.09    2.10 v input2/X (sky130_fd_sc_hd__buf_1)
     3    0.01                           net2 (net)
                  0.05    0.00    2.10 v _355_/A (sky130_fd_sc_hd__buf_4)
                  0.08    0.18    2.28 v _355_/X (sky130_fd_sc_hd__buf_4)
    10    0.05                           _199_ (net)
                  0.08    0.00    2.28 v _356_/A (sky130_fd_sc_hd__buf_4)
                  0.08    0.20    2.48 v _356_/X (sky130_fd_sc_hd__buf_4)
    10    0.06                           _200_ (net)
                  0.08    0.00    2.48 v _365_/A (sky130_fd_sc_hd__inv_2)
                  0.03    0.06    2.53 ^ _365_/Y (sky130_fd_sc_hd__inv_2)
     1    0.00                           _010_ (net)
                  0.03    0.00    2.53 ^ _416_/RESET_B (sky130_fd_sc_hd__dfrtp_1)
                                  2.53   data arrival time

                          0.00    0.00   clock clk (rise edge)
                          0.00    0.00   clock source latency
                  0.08    0.06    0.06 ^ clk (in)
     1    0.02                           clk (net)
                  0.08    0.00    0.06 ^ clkbuf_0_clk/A (sky130_fd_sc_hd__clkbuf_16)
                  0.06    0.16    0.22 ^ clkbuf_0_clk/X (sky130_fd_sc_hd__clkbuf_16)
     4    0.04                           clknet_0_clk (net)
                  0.06    0.00    0.22 ^ clkbuf_2_2__f_clk/A (sky130_fd_sc_hd__clkbuf_16)
                  0.05    0.15    0.37 ^ clkbuf_2_2__f_clk/X (sky130_fd_sc_hd__clkbuf_16)
    10    0.03                           clknet_2_2__leaf_clk (net)
                  0.05    0.00    0.37 ^ _416_/CLK (sky130_fd_sc_hd__dfrtp_1)
                          0.25    0.62   clock uncertainty
                          0.00    0.62   clock reconvergence pessimism
                          0.32    0.94   library removal time
                                  0.94   data required time
-----------------------------------------------------------------------------
                                  0.94   data required time
                                 -2.53   data arrival time
-----------------------------------------------------------------------------
                                  1.59   slack (MET)


Startpoint: rst (input port clocked by clk)
Endpoint: _415_ (removal check against rising-edge clock clk)
Path Group: asynchronous
Path Type: min

Fanout     Cap    Slew   Delay    Time   Description
-----------------------------------------------------------------------------
                          0.00    0.00   clock clk (rise edge)
                          0.00    0.00   clock network delay (propagated)
                          2.00    2.00 v input external delay
                  0.01    0.00    2.00 v rst (in)
     1    0.00                           rst (net)
                  0.01    0.00    2.00 v input2/A (sky130_fd_sc_hd__buf_1)
                  0.05    0.09    2.10 v input2/X (sky130_fd_sc_hd__buf_1)
     3    0.01                           net2 (net)
                  0.05    0.00    2.10 v _355_/A (sky130_fd_sc_hd__buf_4)
                  0.08    0.18    2.28 v _355_/X (sky130_fd_sc_hd__buf_4)
    10    0.05                           _199_ (net)
                  0.08    0.00    2.28 v _356_/A (sky130_fd_sc_hd__buf_4)
                  0.08    0.20    2.48 v _356_/X (sky130_fd_sc_hd__buf_4)
    10    0.06                           _200_ (net)
                  0.08    0.00    2.48 v _364_/A (sky130_fd_sc_hd__inv_2)
                  0.03    0.06    2.54 ^ _364_/Y (sky130_fd_sc_hd__inv_2)
     1    0.00                           _009_ (net)
                  0.03    0.00    2.54 ^ _415_/RESET_B (sky130_fd_sc_hd__dfrtp_1)
                                  2.54   data arrival time

                          0.00    0.00   clock clk (rise edge)
                          0.00    0.00   clock source latency
                  0.08    0.06    0.06 ^ clk (in)
     1    0.02                           clk (net)
                  0.08    0.00    0.06 ^ clkbuf_0_clk/A (sky130_fd_sc_hd__clkbuf_16)
                  0.06    0.16    0.22 ^ clkbuf_0_clk/X (sky130_fd_sc_hd__clkbuf_16)
     4    0.04                           clknet_0_clk (net)
                  0.06    0.00    0.22 ^ clkbuf_2_2__f_clk/A (sky130_fd_sc_hd__clkbuf_16)
                  0.05    0.15    0.37 ^ clkbuf_2_2__f_clk/X (sky130_fd_sc_hd__clkbuf_16)
    10    0.03                           clknet_2_2__leaf_clk (net)
                  0.05    0.00    0.37 ^ _415_/CLK (sky130_fd_sc_hd__dfrtp_1)
                          0.25    0.62   clock uncertainty
                          0.00    0.62   clock reconvergence pessimism
                          0.32    0.94   library removal time
                                  0.94   data required time
-----------------------------------------------------------------------------
                                  0.94   data required time
                                 -2.54   data arrival time
-----------------------------------------------------------------------------
                                  1.59   slack (MET)


Startpoint: _425_ (rising edge-triggered flip-flop clocked by clk)
Endpoint: done (output port clocked by clk)
Path Group: clk
Path Type: min

Fanout     Cap    Slew   Delay    Time   Description
-----------------------------------------------------------------------------
                          0.00    0.00   clock clk (rise edge)
                          0.00    0.00   clock source latency
                  0.08    0.05    0.05 ^ clk (in)
     1    0.02                           clk (net)
                  0.08    0.00    0.05 ^ clkbuf_0_clk/A (sky130_fd_sc_hd__clkbuf_16)
                  0.06    0.15    0.20 ^ clkbuf_0_clk/X (sky130_fd_sc_hd__clkbuf_16)
     4    0.04                           clknet_0_clk (net)
                  0.06    0.00    0.20 ^ clkbuf_2_2__f_clk/A (sky130_fd_sc_hd__clkbuf_16)
                  0.05    0.14    0.34 ^ clkbuf_2_2__f_clk/X (sky130_fd_sc_hd__clkbuf_16)
    10    0.03                           clknet_2_2__leaf_clk (net)
                  0.05    0.00    0.34 ^ _425_/CLK (sky130_fd_sc_hd__dfrtp_1)
                  0.05    0.31    0.65 ^ _425_/Q (sky130_fd_sc_hd__dfrtp_1)
     1    0.00                           net14 (net)
                  0.05    0.00    0.65 ^ output14/A (sky130_fd_sc_hd__clkbuf_4)
                  0.12    0.18    0.83 ^ output14/X (sky130_fd_sc_hd__clkbuf_4)
     1    0.04                           done (net)
                  0.12    0.00    0.83 ^ done (out)
                                  0.83   data arrival time

                          0.00    0.00   clock clk (rise edge)
                          0.00    0.00   clock network delay (propagated)
                          0.25    0.25   clock uncertainty
                          0.00    0.25   clock reconvergence pessimism
                         -2.00   -1.75   output external delay
                                 -1.75   data required time
-----------------------------------------------------------------------------
                                 -1.75   data required time
                                 -0.83   data arrival time
-----------------------------------------------------------------------------
                                  2.58   slack (MET)


Startpoint: _426_ (rising edge-triggered flip-flop clocked by clk)
Endpoint: rx_data[0] (output port clocked by clk)
Path Group: clk
Path Type: min

Fanout     Cap    Slew   Delay    Time   Description
-----------------------------------------------------------------------------
                          0.00    0.00   clock clk (rise edge)
                          0.00    0.00   clock source latency
                  0.08    0.05    0.05 ^ clk (in)
     1    0.02                           clk (net)
                  0.08    0.00    0.05 ^ clkbuf_0_clk/A (sky130_fd_sc_hd__clkbuf_16)
                  0.06    0.15    0.20 ^ clkbuf_0_clk/X (sky130_fd_sc_hd__clkbuf_16)
     4    0.04                           clknet_0_clk (net)
                  0.06    0.00    0.20 ^ clkbuf_2_3__f_clk/A (sky130_fd_sc_hd__clkbuf_16)
                  0.06    0.14    0.34 ^ clkbuf_2_3__f_clk/X (sky130_fd_sc_hd__clkbuf_16)
    12    0.04                           clknet_2_3__leaf_clk (net)
                  0.06    0.00    0.34 ^ _426_/CLK (sky130_fd_sc_hd__dfrtp_1)
                  0.08    0.33    0.67 ^ _426_/Q (sky130_fd_sc_hd__dfrtp_1)
     2    0.01                           net16 (net)
                  0.08    0.00    0.67 ^ output16/A (sky130_fd_sc_hd__clkbuf_4)
                  0.11    0.19    0.86 ^ output16/X (sky130_fd_sc_hd__clkbuf_4)
     1    0.03                           rx_data[0] (net)
                  0.11    0.00    0.86 ^ rx_data[0] (out)
                                  0.86   data arrival time

                          0.00    0.00   clock clk (rise edge)
                          0.00    0.00   clock network delay (propagated)
                          0.25    0.25   clock uncertainty
                          0.00    0.25   clock reconvergence pessimism
                         -2.00   -1.75   output external delay
                                 -1.75   data required time
-----------------------------------------------------------------------------
                                 -1.75   data required time
                                 -0.86   data arrival time
-----------------------------------------------------------------------------
                                  2.61   slack (MET)


Startpoint: _432_ (rising edge-triggered flip-flop clocked by clk)
Endpoint: rx_data[6] (output port clocked by clk)
Path Group: clk
Path Type: min

Fanout     Cap    Slew   Delay    Time   Description
-----------------------------------------------------------------------------
                          0.00    0.00   clock clk (rise edge)
                          0.00    0.00   clock source latency
                  0.08    0.05    0.05 ^ clk (in)
     1    0.02                           clk (net)
                  0.08    0.00    0.05 ^ clkbuf_0_clk/A (sky130_fd_sc_hd__clkbuf_16)
                  0.06    0.15    0.20 ^ clkbuf_0_clk/X (sky130_fd_sc_hd__clkbuf_16)
     4    0.04                           clknet_0_clk (net)
                  0.06    0.00    0.20 ^ clkbuf_2_0__f_clk/A (sky130_fd_sc_hd__clkbuf_16)
                  0.06    0.14    0.34 ^ clkbuf_2_0__f_clk/X (sky130_fd_sc_hd__clkbuf_16)
    14    0.04                           clknet_2_0__leaf_clk (net)
                  0.06    0.00    0.34 ^ _432_/CLK (sky130_fd_sc_hd__dfrtp_1)
                  0.08    0.33    0.68 ^ _432_/Q (sky130_fd_sc_hd__dfrtp_1)
     2    0.01                           net22 (net)
                  0.08    0.00    0.68 ^ output22/A (sky130_fd_sc_hd__clkbuf_4)
                  0.11    0.19    0.86 ^ output22/X (sky130_fd_sc_hd__clkbuf_4)
     1    0.03                           rx_data[6] (net)
                  0.11    0.00    0.86 ^ rx_data[6] (out)
                                  0.86   data arrival time

                          0.00    0.00   clock clk (rise edge)
                          0.00    0.00   clock network delay (propagated)
                          0.25    0.25   clock uncertainty
                          0.00    0.25   clock reconvergence pessimism
                         -2.00   -1.75   output external delay
                                 -1.75   data required time
-----------------------------------------------------------------------------
                                 -1.75   data required time
                                 -0.86   data arrival time
-----------------------------------------------------------------------------
                                  2.61   slack (MET)


Startpoint: _433_ (rising edge-triggered flip-flop clocked by clk)
Endpoint: rx_data[7] (output port clocked by clk)
Path Group: clk
Path Type: min

Fanout     Cap    Slew   Delay    Time   Description
-----------------------------------------------------------------------------
                          0.00    0.00   clock clk (rise edge)
                          0.00    0.00   clock source latency
                  0.08    0.05    0.05 ^ clk (in)
     1    0.02                           clk (net)
                  0.08    0.00    0.05 ^ clkbuf_0_clk/A (sky130_fd_sc_hd__clkbuf_16)
                  0.06    0.15    0.20 ^ clkbuf_0_clk/X (sky130_fd_sc_hd__clkbuf_16)
     4    0.04                           clknet_0_clk (net)
                  0.06    0.00    0.20 ^ clkbuf_2_1__f_clk/A (sky130_fd_sc_hd__clkbuf_16)
                  0.06    0.14    0.34 ^ clkbuf_2_1__f_clk/X (sky130_fd_sc_hd__clkbuf_16)
    12    0.04                           clknet_2_1__leaf_clk (net)
                  0.06    0.00    0.34 ^ _433_/CLK (sky130_fd_sc_hd__dfrtp_1)
                  0.08    0.34    0.68 ^ _433_/Q (sky130_fd_sc_hd__dfrtp_1)
     2    0.01                           net23 (net)
                  0.08    0.00    0.68 ^ output23/A (sky130_fd_sc_hd__clkbuf_4)
                  0.11    0.19    0.86 ^ output23/X (sky130_fd_sc_hd__clkbuf_4)
     1    0.03                           rx_data[7] (net)
                  0.11    0.00    0.87 ^ rx_data[7] (out)
                                  0.87   data arrival time

                          0.00    0.00   clock clk (rise edge)
                          0.00    0.00   clock network delay (propagated)
                          0.25    0.25   clock uncertainty
                          0.00    0.25   clock reconvergence pessimism
                         -2.00   -1.75   output external delay
                                 -1.75   data required time
-----------------------------------------------------------------------------
                                 -1.75   data required time
                                 -0.87   data arrival time
-----------------------------------------------------------------------------
                                  2.62   slack (MET)


Startpoint: _427_ (rising edge-triggered flip-flop clocked by clk)
Endpoint: rx_data[1] (output port clocked by clk)
Path Group: clk
Path Type: min

Fanout     Cap    Slew   Delay    Time   Description
-----------------------------------------------------------------------------
                          0.00    0.00   clock clk (rise edge)
                          0.00    0.00   clock source latency
                  0.08    0.05    0.05 ^ clk (in)
     1    0.02                           clk (net)
                  0.08    0.00    0.05 ^ clkbuf_0_clk/A (sky130_fd_sc_hd__clkbuf_16)
                  0.06    0.15    0.20 ^ clkbuf_0_clk/X (sky130_fd_sc_hd__clkbuf_16)
     4    0.04                           clknet_0_clk (net)
                  0.06    0.00    0.20 ^ clkbuf_2_1__f_clk/A (sky130_fd_sc_hd__clkbuf_16)
                  0.06    0.14    0.34 ^ clkbuf_2_1__f_clk/X (sky130_fd_sc_hd__clkbuf_16)
    12    0.04                           clknet_2_1__leaf_clk (net)
                  0.06    0.00    0.34 ^ _427_/CLK (sky130_fd_sc_hd__dfrtp_1)
                  0.09    0.34    0.68 ^ _427_/Q (sky130_fd_sc_hd__dfrtp_1)
     2    0.01                           net17 (net)
                  0.09    0.00    0.68 ^ output17/A (sky130_fd_sc_hd__clkbuf_4)
                  0.11    0.19    0.87 ^ output17/X (sky130_fd_sc_hd__clkbuf_4)
     1    0.03                           rx_data[1] (net)
                  0.11    0.00    0.87 ^ rx_data[1] (out)
                                  0.87   data arrival time

                          0.00    0.00   clock clk (rise edge)
                          0.00    0.00   clock network delay (propagated)
                          0.25    0.25   clock uncertainty
                          0.00    0.25   clock reconvergence pessimism
                         -2.00   -1.75   output external delay
                                 -1.75   data required time
-----------------------------------------------------------------------------
                                 -1.75   data required time
                                 -0.87   data arrival time
-----------------------------------------------------------------------------
                                  2.62   slack (MET)


Startpoint: _436_ (rising edge-triggered flip-flop clocked by clk)
Endpoint: cs (output port clocked by clk)
Path Group: clk
Path Type: min

Fanout     Cap    Slew   Delay    Time   Description
-----------------------------------------------------------------------------
                          0.00    0.00   clock clk (rise edge)
                          0.00    0.00   clock source latency
                  0.08    0.05    0.05 ^ clk (in)
     1    0.02                           clk (net)
                  0.08    0.00    0.05 ^ clkbuf_0_clk/A (sky130_fd_sc_hd__clkbuf_16)
                  0.06    0.15    0.20 ^ clkbuf_0_clk/X (sky130_fd_sc_hd__clkbuf_16)
     4    0.04                           clknet_0_clk (net)
                  0.06    0.00    0.20 ^ clkbuf_2_3__f_clk/A (sky130_fd_sc_hd__clkbuf_16)
                  0.06    0.14    0.34 ^ clkbuf_2_3__f_clk/X (sky130_fd_sc_hd__clkbuf_16)
    12    0.04                           clknet_2_3__leaf_clk (net)
                  0.06    0.00    0.34 ^ _436_/CLK (sky130_fd_sc_hd__dfstp_1)
                  0.05    0.35    0.69 v _436_/Q (sky130_fd_sc_hd__dfstp_1)
     2    0.01                           net13 (net)
                  0.05    0.00    0.69 v output13/A (sky130_fd_sc_hd__clkbuf_4)
                  0.08    0.18    0.87 v output13/X (sky130_fd_sc_hd__clkbuf_4)
     1    0.03                           cs (net)
                  0.08    0.00    0.87 v cs (out)
                                  0.87   data arrival time

                          0.00    0.00   clock clk (rise edge)
                          0.00    0.00   clock network delay (propagated)
                          0.25    0.25   clock uncertainty
                          0.00    0.25   clock reconvergence pessimism
                         -2.00   -1.75   output external delay
                                 -1.75   data required time
-----------------------------------------------------------------------------
                                 -1.75   data required time
                                 -0.87   data arrival time
-----------------------------------------------------------------------------
                                  2.62   slack (MET)


Startpoint: _429_ (rising edge-triggered flip-flop clocked by clk)
Endpoint: rx_data[3] (output port clocked by clk)
Path Group: clk
Path Type: min

Fanout     Cap    Slew   Delay    Time   Description
-----------------------------------------------------------------------------
                          0.00    0.00   clock clk (rise edge)
                          0.00    0.00   clock source latency
                  0.08    0.05    0.05 ^ clk (in)
     1    0.02                           clk (net)
                  0.08    0.00    0.05 ^ clkbuf_0_clk/A (sky130_fd_sc_hd__clkbuf_16)
                  0.06    0.15    0.20 ^ clkbuf_0_clk/X (sky130_fd_sc_hd__clkbuf_16)
     4    0.04                           clknet_0_clk (net)
                  0.06    0.00    0.20 ^ clkbuf_2_0__f_clk/A (sky130_fd_sc_hd__clkbuf_16)
                  0.06    0.14    0.34 ^ clkbuf_2_0__f_clk/X (sky130_fd_sc_hd__clkbuf_16)
    14    0.04                           clknet_2_0__leaf_clk (net)
                  0.06    0.00    0.34 ^ _429_/CLK (sky130_fd_sc_hd__dfrtp_1)
                  0.09    0.34    0.68 ^ _429_/Q (sky130_fd_sc_hd__dfrtp_1)
     2    0.01                           net19 (net)
                  0.09    0.00    0.68 ^ output19/A (sky130_fd_sc_hd__clkbuf_4)
                  0.11    0.19    0.87 ^ output19/X (sky130_fd_sc_hd__clkbuf_4)
     1    0.03                           rx_data[3] (net)
                  0.11    0.00    0.87 ^ rx_data[3] (out)
                                  0.87   data arrival time

                          0.00    0.00   clock clk (rise edge)
                          0.00    0.00   clock network delay (propagated)
                          0.25    0.25   clock uncertainty
                          0.00    0.25   clock reconvergence pessimism
                         -2.00   -1.75   output external delay
                                 -1.75   data required time
-----------------------------------------------------------------------------
                                 -1.75   data required time
                                 -0.87   data arrival time
-----------------------------------------------------------------------------
                                  2.62   slack (MET)


Startpoint: _431_ (rising edge-triggered flip-flop clocked by clk)
Endpoint: rx_data[5] (output port clocked by clk)
Path Group: clk
Path Type: min

Fanout     Cap    Slew   Delay    Time   Description
-----------------------------------------------------------------------------
                          0.00    0.00   clock clk (rise edge)
                          0.00    0.00   clock source latency
                  0.08    0.05    0.05 ^ clk (in)
     1    0.02                           clk (net)
                  0.08    0.00    0.05 ^ clkbuf_0_clk/A (sky130_fd_sc_hd__clkbuf_16)
                  0.06    0.15    0.20 ^ clkbuf_0_clk/X (sky130_fd_sc_hd__clkbuf_16)
     4    0.04                           clknet_0_clk (net)
                  0.06    0.00    0.20 ^ clkbuf_2_0__f_clk/A (sky130_fd_sc_hd__clkbuf_16)
                  0.06    0.14    0.34 ^ clkbuf_2_0__f_clk/X (sky130_fd_sc_hd__clkbuf_16)
    14    0.04                           clknet_2_0__leaf_clk (net)
                  0.06    0.00    0.34 ^ _431_/CLK (sky130_fd_sc_hd__dfrtp_1)
                  0.08    0.34    0.68 ^ _431_/Q (sky130_fd_sc_hd__dfrtp_1)
     2    0.01                           net21 (net)
                  0.08    0.00    0.68 ^ output21/A (sky130_fd_sc_hd__clkbuf_4)
                  0.11    0.19    0.87 ^ output21/X (sky130_fd_sc_hd__clkbuf_4)
     1    0.03                           rx_data[5] (net)
                  0.11    0.00    0.87 ^ rx_data[5] (out)
                                  0.87   data arrival time

                          0.00    0.00   clock clk (rise edge)
                          0.00    0.00   clock network delay (propagated)
                          0.25    0.25   clock uncertainty
                          0.00    0.25   clock reconvergence pessimism
                         -2.00   -1.75   output external delay
                                 -1.75   data required time
-----------------------------------------------------------------------------
                                 -1.75   data required time
                                 -0.87   data arrival time
-----------------------------------------------------------------------------
                                  2.62   slack (MET)


Startpoint: _428_ (rising edge-triggered flip-flop clocked by clk)
Endpoint: rx_data[2] (output port clocked by clk)
Path Group: clk
Path Type: min

Fanout     Cap    Slew   Delay    Time   Description
-----------------------------------------------------------------------------
                          0.00    0.00   clock clk (rise edge)
                          0.00    0.00   clock source latency
                  0.08    0.05    0.05 ^ clk (in)
     1    0.02                           clk (net)
                  0.08    0.00    0.05 ^ clkbuf_0_clk/A (sky130_fd_sc_hd__clkbuf_16)
                  0.06    0.15    0.20 ^ clkbuf_0_clk/X (sky130_fd_sc_hd__clkbuf_16)
     4    0.04                           clknet_0_clk (net)
                  0.06    0.00    0.20 ^ clkbuf_2_0__f_clk/A (sky130_fd_sc_hd__clkbuf_16)
                  0.06    0.14    0.34 ^ clkbuf_2_0__f_clk/X (sky130_fd_sc_hd__clkbuf_16)
    14    0.04                           clknet_2_0__leaf_clk (net)
                  0.06    0.00    0.34 ^ _428_/CLK (sky130_fd_sc_hd__dfrtp_1)
                  0.10    0.35    0.69 ^ _428_/Q (sky130_fd_sc_hd__dfrtp_1)
     2    0.01                           net18 (net)
                  0.10    0.00    0.69 ^ output18/A (sky130_fd_sc_hd__clkbuf_4)
                  0.11    0.19    0.89 ^ output18/X (sky130_fd_sc_hd__clkbuf_4)
     1    0.03                           rx_data[2] (net)
                  0.11    0.00    0.89 ^ rx_data[2] (out)
                                  0.89   data arrival time

                          0.00    0.00   clock clk (rise edge)
                          0.00    0.00   clock network delay (propagated)
                          0.25    0.25   clock uncertainty
                          0.00    0.25   clock reconvergence pessimism
                         -2.00   -1.75   output external delay
                                 -1.75   data required time
-----------------------------------------------------------------------------
                                 -1.75   data required time
                                 -0.89   data arrival time
-----------------------------------------------------------------------------
                                  2.64   slack (MET)


Startpoint: _434_ (rising edge-triggered flip-flop clocked by clk)
Endpoint: mosi (output port clocked by clk)
Path Group: clk
Path Type: min

Fanout     Cap    Slew   Delay    Time   Description
-----------------------------------------------------------------------------
                          0.00    0.00   clock clk (rise edge)
                          0.00    0.00   clock source latency
                  0.08    0.05    0.05 ^ clk (in)
     1    0.02                           clk (net)
                  0.08    0.00    0.05 ^ clkbuf_0_clk/A (sky130_fd_sc_hd__clkbuf_16)
                  0.06    0.15    0.20 ^ clkbuf_0_clk/X (sky130_fd_sc_hd__clkbuf_16)
     4    0.04                           clknet_0_clk (net)
                  0.06    0.00    0.20 ^ clkbuf_2_1__f_clk/A (sky130_fd_sc_hd__clkbuf_16)
                  0.06    0.14    0.34 ^ clkbuf_2_1__f_clk/X (sky130_fd_sc_hd__clkbuf_16)
    12    0.04                           clknet_2_1__leaf_clk (net)
                  0.06    0.00    0.34 ^ _434_/CLK (sky130_fd_sc_hd__dfrtp_1)
                  0.11    0.36    0.70 ^ _434_/Q (sky130_fd_sc_hd__dfrtp_1)
     2    0.01                           net15 (net)
                  0.11    0.00    0.70 ^ output15/A (sky130_fd_sc_hd__clkbuf_4)
                  0.11    0.20    0.90 ^ output15/X (sky130_fd_sc_hd__clkbuf_4)
     1    0.03                           mosi (net)
                  0.11    0.00    0.90 ^ mosi (out)
                                  0.90   data arrival time

                          0.00    0.00   clock clk (rise edge)
                          0.00    0.00   clock network delay (propagated)
                          0.25    0.25   clock uncertainty
                          0.00    0.25   clock reconvergence pessimism
                         -2.00   -1.75   output external delay
                                 -1.75   data required time
-----------------------------------------------------------------------------
                                 -1.75   data required time
                                 -0.90   data arrival time
-----------------------------------------------------------------------------
                                  2.65   slack (MET)


Startpoint: _430_ (rising edge-triggered flip-flop clocked by clk)
Endpoint: rx_data[4] (output port clocked by clk)
Path Group: clk
Path Type: min

Fanout     Cap    Slew   Delay    Time   Description
-----------------------------------------------------------------------------
                          0.00    0.00   clock clk (rise edge)
                          0.00    0.00   clock source latency
                  0.08    0.05    0.05 ^ clk (in)
     1    0.02                           clk (net)
                  0.08    0.00    0.05 ^ clkbuf_0_clk/A (sky130_fd_sc_hd__clkbuf_16)
                  0.06    0.15    0.20 ^ clkbuf_0_clk/X (sky130_fd_sc_hd__clkbuf_16)
     4    0.04                           clknet_0_clk (net)
                  0.06    0.00    0.20 ^ clkbuf_2_0__f_clk/A (sky130_fd_sc_hd__clkbuf_16)
                  0.06    0.14    0.34 ^ clkbuf_2_0__f_clk/X (sky130_fd_sc_hd__clkbuf_16)
    14    0.04                           clknet_2_0__leaf_clk (net)
                  0.06    0.00    0.34 ^ _430_/CLK (sky130_fd_sc_hd__dfrtp_1)
                  0.13    0.37    0.71 ^ _430_/Q (sky130_fd_sc_hd__dfrtp_1)
     2    0.01                           net20 (net)
                  0.13    0.00    0.71 ^ output20/A (sky130_fd_sc_hd__clkbuf_4)
                  0.11    0.20    0.92 ^ output20/X (sky130_fd_sc_hd__clkbuf_4)
     1    0.03                           rx_data[4] (net)
                  0.11    0.00    0.92 ^ rx_data[4] (out)
                                  0.92   data arrival time

                          0.00    0.00   clock clk (rise edge)
                          0.00    0.00   clock network delay (propagated)
                          0.25    0.25   clock uncertainty
                          0.00    0.25   clock reconvergence pessimism
                         -2.00   -1.75   output external delay
                                 -1.75   data required time
-----------------------------------------------------------------------------
                                 -1.75   data required time
                                 -0.92   data arrival time
-----------------------------------------------------------------------------
                                  2.67   slack (MET)


Startpoint: _424_ (rising edge-triggered flip-flop clocked by clk)
Endpoint: busy (output port clocked by clk)
Path Group: clk
Path Type: min

Fanout     Cap    Slew   Delay    Time   Description
-----------------------------------------------------------------------------
                          0.00    0.00   clock clk (rise edge)
                          0.00    0.00   clock source latency
                  0.08    0.05    0.05 ^ clk (in)
     1    0.02                           clk (net)
                  0.08    0.00    0.05 ^ clkbuf_0_clk/A (sky130_fd_sc_hd__clkbuf_16)
                  0.06    0.15    0.20 ^ clkbuf_0_clk/X (sky130_fd_sc_hd__clkbuf_16)
     4    0.04                           clknet_0_clk (net)
                  0.06    0.00    0.20 ^ clkbuf_2_3__f_clk/A (sky130_fd_sc_hd__clkbuf_16)
                  0.06    0.14    0.34 ^ clkbuf_2_3__f_clk/X (sky130_fd_sc_hd__clkbuf_16)
    12    0.04                           clknet_2_3__leaf_clk (net)
                  0.06    0.00    0.34 ^ _424_/CLK (sky130_fd_sc_hd__dfrtp_2)
                  0.12    0.39    0.73 ^ _424_/Q (sky130_fd_sc_hd__dfrtp_2)
     4    0.02                           net12 (net)
                  0.12    0.00    0.73 ^ output12/A (sky130_fd_sc_hd__buf_2)
                  0.17    0.21    0.94 ^ output12/X (sky130_fd_sc_hd__buf_2)
     1    0.03                           busy (net)
                  0.17    0.00    0.94 ^ busy (out)
                                  0.94   data arrival time

                          0.00    0.00   clock clk (rise edge)
                          0.00    0.00   clock network delay (propagated)
                          0.25    0.25   clock uncertainty
                          0.00    0.25   clock reconvergence pessimism
                         -2.00   -1.75   output external delay
                                 -1.75   data required time
-----------------------------------------------------------------------------
                                 -1.75   data required time
                                 -0.94   data arrival time
-----------------------------------------------------------------------------
                                  2.69   slack (MET)


Startpoint: _435_ (rising edge-triggered flip-flop clocked by clk)
Endpoint: sclk (output port clocked by clk)
Path Group: clk
Path Type: min

Fanout     Cap    Slew   Delay    Time   Description
-----------------------------------------------------------------------------
                          0.00    0.00   clock clk (rise edge)
                          0.00    0.00   clock source latency
                  0.08    0.05    0.05 ^ clk (in)
     1    0.02                           clk (net)
                  0.08    0.00    0.05 ^ clkbuf_0_clk/A (sky130_fd_sc_hd__clkbuf_16)
                  0.06    0.15    0.20 ^ clkbuf_0_clk/X (sky130_fd_sc_hd__clkbuf_16)
     4    0.04                           clknet_0_clk (net)
                  0.06    0.00    0.20 ^ clkbuf_2_0__f_clk/A (sky130_fd_sc_hd__clkbuf_16)
                  0.06    0.14    0.34 ^ clkbuf_2_0__f_clk/X (sky130_fd_sc_hd__clkbuf_16)
    14    0.04                           clknet_2_0__leaf_clk (net)
                  0.06    0.00    0.34 ^ _435_/CLK (sky130_fd_sc_hd__dfrtp_2)
                  0.09    0.43    0.77 v _435_/Q (sky130_fd_sc_hd__dfrtp_2)
     4    0.02                           net24 (net)
                  0.09    0.00    0.77 v output24/A (sky130_fd_sc_hd__buf_2)
                  0.09    0.19    0.96 v output24/X (sky130_fd_sc_hd__buf_2)
     1    0.03                           sclk (net)
                  0.09    0.00    0.96 v sclk (out)
                                  0.96   data arrival time

                          0.00    0.00   clock clk (rise edge)
                          0.00    0.00   clock network delay (propagated)
                          0.25    0.25   clock uncertainty
                          0.00    0.25   clock reconvergence pessimism
                         -2.00   -1.75   output external delay
                                 -1.75   data required time
-----------------------------------------------------------------------------
                                 -1.75   data required time
                                 -0.96   data arrival time
-----------------------------------------------------------------------------
                                  2.71   slack (MET)



