
===========================================================================
report_checks -path_delay max (Setup)
============================================================================
======================= Typical Corner ===================================

Startpoint: start (input port clocked by clk)
Endpoint: _437_ (rising edge-triggered flip-flop clocked by clk)
Path Group: clk
Path Type: max

Fanout     Cap    Slew   Delay    Time   Description
-----------------------------------------------------------------------------
                  0.15    0.00    0.00   clock clk (rise edge)
                          0.00    0.00   clock network delay (ideal)
                          2.00    2.00 ^ input external delay
                  0.04    0.02    2.02 ^ start (in)
     2    0.01                           start (net)
                  0.04    0.00    2.02 ^ _204_/B (sky130_fd_sc_hd__or2_2)
                  0.11    0.16    2.18 ^ _204_/X (sky130_fd_sc_hd__or2_2)
     6    0.02                           _096_ (net)
                  0.11    0.00    2.18 ^ _222_/A (sky130_fd_sc_hd__and3_2)
                  0.04    0.18    2.36 ^ _222_/X (sky130_fd_sc_hd__and3_2)
     1    0.00                           _113_ (net)
                  0.04    0.00    2.36 ^ _223_/A (sky130_fd_sc_hd__buf_1)
                  0.38    0.33    2.69 ^ _223_/X (sky130_fd_sc_hd__buf_1)
    10    0.03                           _114_ (net)
                  0.38    0.00    2.69 ^ _267_/S (sky130_fd_sc_hd__mux2_2)
                  0.05    0.39    3.08 v _267_/X (sky130_fd_sc_hd__mux2_2)
     1    0.00                           _141_ (net)
                  0.05    0.00    3.08 v _268_/A (sky130_fd_sc_hd__buf_1)
                  0.02    0.09    3.17 v _268_/X (sky130_fd_sc_hd__buf_1)
     1    0.00                           _077_ (net)
                  0.02    0.00    3.17 v _437_/D (sky130_fd_sc_hd__dfrtp_2)
                                  3.17   data arrival time

                  0.15   10.00   10.00   clock clk (rise edge)
                          0.00   10.00   clock network delay (ideal)
                         -0.25    9.75   clock uncertainty
                          0.00    9.75   clock reconvergence pessimism
                                  9.75 ^ _437_/CLK (sky130_fd_sc_hd__dfrtp_2)
                         -0.08    9.67   library setup time
                                  9.67   data required time
-----------------------------------------------------------------------------
                                  9.67   data required time
                                 -3.17   data arrival time
-----------------------------------------------------------------------------
                                  6.50   slack (MET)


Startpoint: start (input port clocked by clk)
Endpoint: _438_ (rising edge-triggered flip-flop clocked by clk)
Path Group: clk
Path Type: max

Fanout     Cap    Slew   Delay    Time   Description
-----------------------------------------------------------------------------
                  0.15    0.00    0.00   clock clk (rise edge)
                          0.00    0.00   clock network delay (ideal)
                          2.00    2.00 ^ input external delay
                  0.04    0.02    2.02 ^ start (in)
     2    0.01                           start (net)
                  0.04    0.00    2.02 ^ _204_/B (sky130_fd_sc_hd__or2_2)
                  0.11    0.16    2.18 ^ _204_/X (sky130_fd_sc_hd__or2_2)
     6    0.02                           _096_ (net)
                  0.11    0.00    2.18 ^ _222_/A (sky130_fd_sc_hd__and3_2)
                  0.04    0.18    2.36 ^ _222_/X (sky130_fd_sc_hd__and3_2)
     1    0.00                           _113_ (net)
                  0.04    0.00    2.36 ^ _223_/A (sky130_fd_sc_hd__buf_1)
                  0.38    0.33    2.69 ^ _223_/X (sky130_fd_sc_hd__buf_1)
    10    0.03                           _114_ (net)
                  0.38    0.00    2.69 ^ _264_/S (sky130_fd_sc_hd__mux2_2)
                  0.05    0.39    3.08 v _264_/X (sky130_fd_sc_hd__mux2_2)
     1    0.00                           _139_ (net)
                  0.05    0.00    3.08 v _265_/A (sky130_fd_sc_hd__buf_1)
                  0.02    0.09    3.17 v _265_/X (sky130_fd_sc_hd__buf_1)
     1    0.00                           _078_ (net)
                  0.02    0.00    3.17 v _438_/D (sky130_fd_sc_hd__dfrtp_2)
                                  3.17   data arrival time

                  0.15   10.00   10.00   clock clk (rise edge)
                          0.00   10.00   clock network delay (ideal)
                         -0.25    9.75   clock uncertainty
                          0.00    9.75   clock reconvergence pessimism
                                  9.75 ^ _438_/CLK (sky130_fd_sc_hd__dfrtp_2)
                         -0.08    9.67   library setup time
                                  9.67   data required time
-----------------------------------------------------------------------------
                                  9.67   data required time
                                 -3.17   data arrival time
-----------------------------------------------------------------------------
                                  6.50   slack (MET)


Startpoint: start (input port clocked by clk)
Endpoint: _439_ (rising edge-triggered flip-flop clocked by clk)
Path Group: clk
Path Type: max

Fanout     Cap    Slew   Delay    Time   Description
-----------------------------------------------------------------------------
                  0.15    0.00    0.00   clock clk (rise edge)
                          0.00    0.00   clock network delay (ideal)
                          2.00    2.00 ^ input external delay
                  0.04    0.02    2.02 ^ start (in)
     2    0.01                           start (net)
                  0.04    0.00    2.02 ^ _204_/B (sky130_fd_sc_hd__or2_2)
                  0.11    0.16    2.18 ^ _204_/X (sky130_fd_sc_hd__or2_2)
     6    0.02                           _096_ (net)
                  0.11    0.00    2.18 ^ _222_/A (sky130_fd_sc_hd__and3_2)
                  0.04    0.18    2.36 ^ _222_/X (sky130_fd_sc_hd__and3_2)
     1    0.00                           _113_ (net)
                  0.04    0.00    2.36 ^ _223_/A (sky130_fd_sc_hd__buf_1)
                  0.38    0.33    2.69 ^ _223_/X (sky130_fd_sc_hd__buf_1)
    10    0.03                           _114_ (net)
                  0.38    0.00    2.69 ^ _261_/S (sky130_fd_sc_hd__mux2_2)
                  0.05    0.39    3.08 v _261_/X (sky130_fd_sc_hd__mux2_2)
     1    0.00                           _137_ (net)
                  0.05    0.00    3.08 v _262_/A (sky130_fd_sc_hd__buf_1)
                  0.02    0.09    3.17 v _262_/X (sky130_fd_sc_hd__buf_1)
     1    0.00                           _079_ (net)
                  0.02    0.00    3.17 v _439_/D (sky130_fd_sc_hd__dfrtp_2)
                                  3.17   data arrival time

                  0.15   10.00   10.00   clock clk (rise edge)
                          0.00   10.00   clock network delay (ideal)
                         -0.25    9.75   clock uncertainty
                          0.00    9.75   clock reconvergence pessimism
                                  9.75 ^ _439_/CLK (sky130_fd_sc_hd__dfrtp_2)
                         -0.08    9.67   library setup time
                                  9.67   data required time
-----------------------------------------------------------------------------
                                  9.67   data required time
                                 -3.17   data arrival time
-----------------------------------------------------------------------------
                                  6.50   slack (MET)


Startpoint: start (input port clocked by clk)
Endpoint: _440_ (rising edge-triggered flip-flop clocked by clk)
Path Group: clk
Path Type: max

Fanout     Cap    Slew   Delay    Time   Description
-----------------------------------------------------------------------------
                  0.15    0.00    0.00   clock clk (rise edge)
                          0.00    0.00   clock network delay (ideal)
                          2.00    2.00 ^ input external delay
                  0.04    0.02    2.02 ^ start (in)
     2    0.01                           start (net)
                  0.04    0.00    2.02 ^ _204_/B (sky130_fd_sc_hd__or2_2)
                  0.11    0.16    2.18 ^ _204_/X (sky130_fd_sc_hd__or2_2)
     6    0.02                           _096_ (net)
                  0.11    0.00    2.18 ^ _222_/A (sky130_fd_sc_hd__and3_2)
                  0.04    0.18    2.36 ^ _222_/X (sky130_fd_sc_hd__and3_2)
     1    0.00                           _113_ (net)
                  0.04    0.00    2.36 ^ _223_/A (sky130_fd_sc_hd__buf_1)
                  0.38    0.33    2.69 ^ _223_/X (sky130_fd_sc_hd__buf_1)
    10    0.03                           _114_ (net)
                  0.38    0.00    2.69 ^ _258_/S (sky130_fd_sc_hd__mux2_2)
                  0.05    0.39    3.08 v _258_/X (sky130_fd_sc_hd__mux2_2)
     1    0.00                           _135_ (net)
                  0.05    0.00    3.08 v _259_/A (sky130_fd_sc_hd__buf_1)
                  0.02    0.09    3.17 v _259_/X (sky130_fd_sc_hd__buf_1)
     1    0.00                           _080_ (net)
                  0.02    0.00    3.17 v _440_/D (sky130_fd_sc_hd__dfrtp_2)
                                  3.17   data arrival time

                  0.15   10.00   10.00   clock clk (rise edge)
                          0.00   10.00   clock network delay (ideal)
                         -0.25    9.75   clock uncertainty
                          0.00    9.75   clock reconvergence pessimism
                                  9.75 ^ _440_/CLK (sky130_fd_sc_hd__dfrtp_2)
                         -0.08    9.67   library setup time
                                  9.67   data required time
-----------------------------------------------------------------------------
                                  9.67   data required time
                                 -3.17   data arrival time
-----------------------------------------------------------------------------
                                  6.50   slack (MET)


Startpoint: start (input port clocked by clk)
Endpoint: _441_ (rising edge-triggered flip-flop clocked by clk)
Path Group: clk
Path Type: max

Fanout     Cap    Slew   Delay    Time   Description
-----------------------------------------------------------------------------
                  0.15    0.00    0.00   clock clk (rise edge)
                          0.00    0.00   clock network delay (ideal)
                          2.00    2.00 ^ input external delay
                  0.04    0.02    2.02 ^ start (in)
     2    0.01                           start (net)
                  0.04    0.00    2.02 ^ _204_/B (sky130_fd_sc_hd__or2_2)
                  0.11    0.16    2.18 ^ _204_/X (sky130_fd_sc_hd__or2_2)
     6    0.02                           _096_ (net)
                  0.11    0.00    2.18 ^ _222_/A (sky130_fd_sc_hd__and3_2)
                  0.04    0.18    2.36 ^ _222_/X (sky130_fd_sc_hd__and3_2)
     1    0.00                           _113_ (net)
                  0.04    0.00    2.36 ^ _223_/A (sky130_fd_sc_hd__buf_1)
                  0.38    0.33    2.69 ^ _223_/X (sky130_fd_sc_hd__buf_1)
    10    0.03                           _114_ (net)
                  0.38    0.00    2.69 ^ _255_/S (sky130_fd_sc_hd__mux2_2)
                  0.05    0.39    3.08 v _255_/X (sky130_fd_sc_hd__mux2_2)
     1    0.00                           _133_ (net)
                  0.05    0.00    3.08 v _256_/A (sky130_fd_sc_hd__buf_1)
                  0.02    0.09    3.17 v _256_/X (sky130_fd_sc_hd__buf_1)
     1    0.00                           _081_ (net)
                  0.02    0.00    3.17 v _441_/D (sky130_fd_sc_hd__dfrtp_2)
                                  3.17   data arrival time

                  0.15   10.00   10.00   clock clk (rise edge)
                          0.00   10.00   clock network delay (ideal)
                         -0.25    9.75   clock uncertainty
                          0.00    9.75   clock reconvergence pessimism
                                  9.75 ^ _441_/CLK (sky130_fd_sc_hd__dfrtp_2)
                         -0.08    9.67   library setup time
                                  9.67   data required time
-----------------------------------------------------------------------------
                                  9.67   data required time
                                 -3.17   data arrival time
-----------------------------------------------------------------------------
                                  6.50   slack (MET)


Startpoint: start (input port clocked by clk)
Endpoint: _442_ (rising edge-triggered flip-flop clocked by clk)
Path Group: clk
Path Type: max

Fanout     Cap    Slew   Delay    Time   Description
-----------------------------------------------------------------------------
                  0.15    0.00    0.00   clock clk (rise edge)
                          0.00    0.00   clock network delay (ideal)
                          2.00    2.00 ^ input external delay
                  0.04    0.02    2.02 ^ start (in)
     2    0.01                           start (net)
                  0.04    0.00    2.02 ^ _204_/B (sky130_fd_sc_hd__or2_2)
                  0.11    0.16    2.18 ^ _204_/X (sky130_fd_sc_hd__or2_2)
     6    0.02                           _096_ (net)
                  0.11    0.00    2.18 ^ _222_/A (sky130_fd_sc_hd__and3_2)
                  0.04    0.18    2.36 ^ _222_/X (sky130_fd_sc_hd__and3_2)
     1    0.00                           _113_ (net)
                  0.04    0.00    2.36 ^ _223_/A (sky130_fd_sc_hd__buf_1)
                  0.38    0.33    2.69 ^ _223_/X (sky130_fd_sc_hd__buf_1)
    10    0.03                           _114_ (net)
                  0.38    0.00    2.69 ^ _252_/S (sky130_fd_sc_hd__mux2_2)
                  0.05    0.39    3.08 v _252_/X (sky130_fd_sc_hd__mux2_2)
     1    0.00                           _131_ (net)
                  0.05    0.00    3.08 v _253_/A (sky130_fd_sc_hd__buf_1)
                  0.02    0.09    3.17 v _253_/X (sky130_fd_sc_hd__buf_1)
     1    0.00                           _082_ (net)
                  0.02    0.00    3.17 v _442_/D (sky130_fd_sc_hd__dfrtp_2)
                                  3.17   data arrival time

                  0.15   10.00   10.00   clock clk (rise edge)
                          0.00   10.00   clock network delay (ideal)
                         -0.25    9.75   clock uncertainty
                          0.00    9.75   clock reconvergence pessimism
                                  9.75 ^ _442_/CLK (sky130_fd_sc_hd__dfrtp_2)
                         -0.08    9.67   library setup time
                                  9.67   data required time
-----------------------------------------------------------------------------
                                  9.67   data required time
                                 -3.17   data arrival time
-----------------------------------------------------------------------------
                                  6.50   slack (MET)


Startpoint: start (input port clocked by clk)
Endpoint: _443_ (rising edge-triggered flip-flop clocked by clk)
Path Group: clk
Path Type: max

Fanout     Cap    Slew   Delay    Time   Description
-----------------------------------------------------------------------------
                  0.15    0.00    0.00   clock clk (rise edge)
                          0.00    0.00   clock network delay (ideal)
                          2.00    2.00 ^ input external delay
                  0.04    0.02    2.02 ^ start (in)
     2    0.01                           start (net)
                  0.04    0.00    2.02 ^ _204_/B (sky130_fd_sc_hd__or2_2)
                  0.11    0.16    2.18 ^ _204_/X (sky130_fd_sc_hd__or2_2)
     6    0.02                           _096_ (net)
                  0.11    0.00    2.18 ^ _222_/A (sky130_fd_sc_hd__and3_2)
                  0.04    0.18    2.36 ^ _222_/X (sky130_fd_sc_hd__and3_2)
     1    0.00                           _113_ (net)
                  0.04    0.00    2.36 ^ _223_/A (sky130_fd_sc_hd__buf_1)
                  0.38    0.33    2.69 ^ _223_/X (sky130_fd_sc_hd__buf_1)
    10    0.03                           _114_ (net)
                  0.38    0.00    2.69 ^ _249_/S (sky130_fd_sc_hd__mux2_2)
                  0.05    0.39    3.08 v _249_/X (sky130_fd_sc_hd__mux2_2)
     1    0.00                           _129_ (net)
                  0.05    0.00    3.08 v _250_/A (sky130_fd_sc_hd__buf_1)
                  0.02    0.09    3.17 v _250_/X (sky130_fd_sc_hd__buf_1)
     1    0.00                           _083_ (net)
                  0.02    0.00    3.17 v _443_/D (sky130_fd_sc_hd__dfrtp_2)
                                  3.17   data arrival time

                  0.15   10.00   10.00   clock clk (rise edge)
                          0.00   10.00   clock network delay (ideal)
                         -0.25    9.75   clock uncertainty
                          0.00    9.75   clock reconvergence pessimism
                                  9.75 ^ _443_/CLK (sky130_fd_sc_hd__dfrtp_2)
                         -0.08    9.67   library setup time
                                  9.67   data required time
-----------------------------------------------------------------------------
                                  9.67   data required time
                                 -3.17   data arrival time
-----------------------------------------------------------------------------
                                  6.50   slack (MET)


Startpoint: start (input port clocked by clk)
Endpoint: _452_ (rising edge-triggered flip-flop clocked by clk)
Path Group: clk
Path Type: max

Fanout     Cap    Slew   Delay    Time   Description
-----------------------------------------------------------------------------
                  0.15    0.00    0.00   clock clk (rise edge)
                          0.00    0.00   clock network delay (ideal)
                          2.00    2.00 ^ input external delay
                  0.04    0.02    2.02 ^ start (in)
     2    0.01                           start (net)
                  0.04    0.00    2.02 ^ _204_/B (sky130_fd_sc_hd__or2_2)
                  0.11    0.16    2.18 ^ _204_/X (sky130_fd_sc_hd__or2_2)
     6    0.02                           _096_ (net)
                  0.11    0.00    2.18 ^ _222_/A (sky130_fd_sc_hd__and3_2)
                  0.04    0.18    2.36 ^ _222_/X (sky130_fd_sc_hd__and3_2)
     1    0.00                           _113_ (net)
                  0.04    0.00    2.36 ^ _223_/A (sky130_fd_sc_hd__buf_1)
                  0.38    0.33    2.69 ^ _223_/X (sky130_fd_sc_hd__buf_1)
    10    0.03                           _114_ (net)
                  0.38    0.00    2.69 ^ _233_/S (sky130_fd_sc_hd__mux2_2)
                  0.05    0.39    3.08 v _233_/X (sky130_fd_sc_hd__mux2_2)
     1    0.00                           _122_ (net)
                  0.05    0.00    3.08 v _234_/A (sky130_fd_sc_hd__buf_1)
                  0.02    0.09    3.17 v _234_/X (sky130_fd_sc_hd__buf_1)
     1    0.00                           _092_ (net)
                  0.02    0.00    3.17 v _452_/D (sky130_fd_sc_hd__dfrtp_2)
                                  3.17   data arrival time

                  0.15   10.00   10.00   clock clk (rise edge)
                          0.00   10.00   clock network delay (ideal)
                         -0.25    9.75   clock uncertainty
                          0.00    9.75   clock reconvergence pessimism
                                  9.75 ^ _452_/CLK (sky130_fd_sc_hd__dfrtp_2)
                         -0.08    9.67   library setup time
                                  9.67   data required time
-----------------------------------------------------------------------------
                                  9.67   data required time
                                 -3.17   data arrival time
-----------------------------------------------------------------------------
                                  6.50   slack (MET)


Startpoint: start (input port clocked by clk)
Endpoint: _453_ (rising edge-triggered flip-flop clocked by clk)
Path Group: clk
Path Type: max

Fanout     Cap    Slew   Delay    Time   Description
-----------------------------------------------------------------------------
                  0.15    0.00    0.00   clock clk (rise edge)
                          0.00    0.00   clock network delay (ideal)
                          2.00    2.00 ^ input external delay
                  0.04    0.02    2.02 ^ start (in)
     2    0.01                           start (net)
                  0.04    0.00    2.02 ^ _204_/B (sky130_fd_sc_hd__or2_2)
                  0.11    0.16    2.18 ^ _204_/X (sky130_fd_sc_hd__or2_2)
     6    0.02                           _096_ (net)
                  0.11    0.00    2.18 ^ _222_/A (sky130_fd_sc_hd__and3_2)
                  0.04    0.18    2.36 ^ _222_/X (sky130_fd_sc_hd__and3_2)
     1    0.00                           _113_ (net)
                  0.04    0.00    2.36 ^ _223_/A (sky130_fd_sc_hd__buf_1)
                  0.38    0.33    2.69 ^ _223_/X (sky130_fd_sc_hd__buf_1)
    10    0.03                           _114_ (net)
                  0.38    0.00    2.69 ^ _229_/S (sky130_fd_sc_hd__mux2_2)
                  0.05    0.39    3.08 v _229_/X (sky130_fd_sc_hd__mux2_2)
     1    0.00                           _119_ (net)
                  0.05    0.00    3.08 v _230_/A (sky130_fd_sc_hd__buf_1)
                  0.02    0.09    3.17 v _230_/X (sky130_fd_sc_hd__buf_1)
     1    0.00                           _093_ (net)
                  0.02    0.00    3.17 v _453_/D (sky130_fd_sc_hd__dfrtp_2)
                                  3.17   data arrival time

                  0.15   10.00   10.00   clock clk (rise edge)
                          0.00   10.00   clock network delay (ideal)
                         -0.25    9.75   clock uncertainty
                          0.00    9.75   clock reconvergence pessimism
                                  9.75 ^ _453_/CLK (sky130_fd_sc_hd__dfrtp_2)
                         -0.08    9.67   library setup time
                                  9.67   data required time
-----------------------------------------------------------------------------
                                  9.67   data required time
                                 -3.17   data arrival time
-----------------------------------------------------------------------------
                                  6.50   slack (MET)


Startpoint: start (input port clocked by clk)
Endpoint: _454_ (rising edge-triggered flip-flop clocked by clk)
Path Group: clk
Path Type: max

Fanout     Cap    Slew   Delay    Time   Description
-----------------------------------------------------------------------------
                  0.15    0.00    0.00   clock clk (rise edge)
                          0.00    0.00   clock network delay (ideal)
                          2.00    2.00 ^ input external delay
                  0.04    0.02    2.02 ^ start (in)
     2    0.01                           start (net)
                  0.04    0.00    2.02 ^ _204_/B (sky130_fd_sc_hd__or2_2)
                  0.11    0.16    2.18 ^ _204_/X (sky130_fd_sc_hd__or2_2)
     6    0.02                           _096_ (net)
                  0.11    0.00    2.18 ^ _222_/A (sky130_fd_sc_hd__and3_2)
                  0.04    0.18    2.36 ^ _222_/X (sky130_fd_sc_hd__and3_2)
     1    0.00                           _113_ (net)
                  0.04    0.00    2.36 ^ _223_/A (sky130_fd_sc_hd__buf_1)
                  0.38    0.33    2.69 ^ _223_/X (sky130_fd_sc_hd__buf_1)
    10    0.03                           _114_ (net)
                  0.38    0.00    2.69 ^ _226_/A2_N (sky130_fd_sc_hd__a2bb2o_2)
                  0.04    0.31    3.00 v _226_/X (sky130_fd_sc_hd__a2bb2o_2)
     1    0.00                           _094_ (net)
                  0.04    0.00    3.00 v _454_/D (sky130_fd_sc_hd__dfrtp_2)
                                  3.00   data arrival time

                  0.15   10.00   10.00   clock clk (rise edge)
                          0.00   10.00   clock network delay (ideal)
                         -0.25    9.75   clock uncertainty
                          0.00    9.75   clock reconvergence pessimism
                                  9.75 ^ _454_/CLK (sky130_fd_sc_hd__dfrtp_2)
                         -0.09    9.66   library setup time
                                  9.66   data required time
-----------------------------------------------------------------------------
                                  9.66   data required time
                                 -3.00   data arrival time
-----------------------------------------------------------------------------
                                  6.66   slack (MET)


Startpoint: start (input port clocked by clk)
Endpoint: _434_ (rising edge-triggered flip-flop clocked by clk)
Path Group: clk
Path Type: max

Fanout     Cap    Slew   Delay    Time   Description
-----------------------------------------------------------------------------
                  0.15    0.00    0.00   clock clk (rise edge)
                          0.00    0.00   clock network delay (ideal)
                          2.00    2.00 v input external delay
                  0.02    0.01    2.01 v start (in)
     2    0.01                           start (net)
                  0.02    0.00    2.01 v _204_/B (sky130_fd_sc_hd__or2_2)
                  0.10    0.33    2.34 v _204_/X (sky130_fd_sc_hd__or2_2)
     6    0.02                           _096_ (net)
                  0.10    0.00    2.34 v _212_/A (sky130_fd_sc_hd__nand2_2)
                  0.05    0.08    2.43 ^ _212_/Y (sky130_fd_sc_hd__nand2_2)
     2    0.01                           _104_ (net)
                  0.05    0.00    2.43 ^ _277_/S (sky130_fd_sc_hd__mux2_2)
                  0.05    0.33    2.76 v _277_/X (sky130_fd_sc_hd__mux2_2)
     1    0.00                           _147_ (net)
                  0.05    0.00    2.76 v _278_/A (sky130_fd_sc_hd__buf_1)
                  0.02    0.09    2.85 v _278_/X (sky130_fd_sc_hd__buf_1)
     1    0.00                           _074_ (net)
                  0.02    0.00    2.85 v _434_/D (sky130_fd_sc_hd__dfrtp_2)
                                  2.85   data arrival time

                  0.15   10.00   10.00   clock clk (rise edge)
                          0.00   10.00   clock network delay (ideal)
                         -0.25    9.75   clock uncertainty
                          0.00    9.75   clock reconvergence pessimism
                                  9.75 ^ _434_/CLK (sky130_fd_sc_hd__dfrtp_2)
                         -0.08    9.67   library setup time
                                  9.67   data required time
-----------------------------------------------------------------------------
                                  9.67   data required time
                                 -2.85   data arrival time
-----------------------------------------------------------------------------
                                  6.82   slack (MET)


Startpoint: start (input port clocked by clk)
Endpoint: _436_ (rising edge-triggered flip-flop clocked by clk)
Path Group: clk
Path Type: max

Fanout     Cap    Slew   Delay    Time   Description
-----------------------------------------------------------------------------
                  0.15    0.00    0.00   clock clk (rise edge)
                          0.00    0.00   clock network delay (ideal)
                          2.00    2.00 v input external delay
                  0.02    0.01    2.01 v start (in)
     2    0.01                           start (net)
                  0.02    0.00    2.01 v _204_/B (sky130_fd_sc_hd__or2_2)
                  0.10    0.33    2.34 v _204_/X (sky130_fd_sc_hd__or2_2)
     6    0.02                           _096_ (net)
                  0.10    0.00    2.34 v _270_/A (sky130_fd_sc_hd__and2_2)
                  0.03    0.19    2.53 v _270_/X (sky130_fd_sc_hd__and2_2)
     1    0.00                           _143_ (net)
                  0.03    0.00    2.53 v _271_/A (sky130_fd_sc_hd__buf_1)
                  0.03    0.09    2.62 v _271_/X (sky130_fd_sc_hd__buf_1)
     2    0.00                           _000_ (net)
                  0.03    0.00    2.62 v _272_/B1_N (sky130_fd_sc_hd__a21bo_2)
                  0.03    0.18    2.80 ^ _272_/X (sky130_fd_sc_hd__a21bo_2)
     1    0.00                           _076_ (net)
                  0.03    0.00    2.80 ^ _436_/D (sky130_fd_sc_hd__dfstp_2)
                                  2.80   data arrival time

                  0.15   10.00   10.00   clock clk (rise edge)
                          0.00   10.00   clock network delay (ideal)
                         -0.25    9.75   clock uncertainty
                          0.00    9.75   clock reconvergence pessimism
                                  9.75 ^ _436_/CLK (sky130_fd_sc_hd__dfstp_2)
                         -0.04    9.71   library setup time
                                  9.71   data required time
-----------------------------------------------------------------------------
                                  9.71   data required time
                                 -2.80   data arrival time
-----------------------------------------------------------------------------
                                  6.91   slack (MET)


Startpoint: start (input port clocked by clk)
Endpoint: _413_ (rising edge-triggered flip-flop clocked by clk)
Path Group: clk
Path Type: max

Fanout     Cap    Slew   Delay    Time   Description
-----------------------------------------------------------------------------
                  0.15    0.00    0.00   clock clk (rise edge)
                          0.00    0.00   clock network delay (ideal)
                          2.00    2.00 ^ input external delay
                  0.04    0.02    2.02 ^ start (in)
     2    0.01                           start (net)
                  0.04    0.00    2.02 ^ _237_/B (sky130_fd_sc_hd__nor2_2)
                  0.12    0.06    2.08 v _237_/Y (sky130_fd_sc_hd__nor2_2)
     9    0.02                           _125_ (net)
                  0.12    0.00    2.08 v _338_/B1 (sky130_fd_sc_hd__a21o_2)
                  0.04    0.22    2.30 v _338_/X (sky130_fd_sc_hd__a21o_2)
     2    0.00                           _189_ (net)
                  0.04    0.00    2.30 v _339_/A1 (sky130_fd_sc_hd__mux2_2)
                  0.05    0.26    2.57 v _339_/X (sky130_fd_sc_hd__mux2_2)
     1    0.00                           _190_ (net)
                  0.05    0.00    2.57 v _340_/A (sky130_fd_sc_hd__buf_1)
                  0.02    0.09    2.65 v _340_/X (sky130_fd_sc_hd__buf_1)
     1    0.00                           _055_ (net)
                  0.02    0.00    2.65 v _413_/D (sky130_fd_sc_hd__dfrtp_2)
                                  2.65   data arrival time

                  0.15   10.00   10.00   clock clk (rise edge)
                          0.00   10.00   clock network delay (ideal)
                         -0.25    9.75   clock uncertainty
                          0.00    9.75   clock reconvergence pessimism
                                  9.75 ^ _413_/CLK (sky130_fd_sc_hd__dfrtp_2)
                         -0.08    9.67   library setup time
                                  9.67   data required time
-----------------------------------------------------------------------------
                                  9.67   data required time
                                 -2.65   data arrival time
-----------------------------------------------------------------------------
                                  7.02   slack (MET)


Startpoint: start (input port clocked by clk)
Endpoint: _419_ (rising edge-triggered flip-flop clocked by clk)
Path Group: clk
Path Type: max

Fanout     Cap    Slew   Delay    Time   Description
-----------------------------------------------------------------------------
                  0.15    0.00    0.00   clock clk (rise edge)
                          0.00    0.00   clock network delay (ideal)
                          2.00    2.00 ^ input external delay
                  0.04    0.02    2.02 ^ start (in)
     2    0.01                           start (net)
                  0.04    0.00    2.02 ^ _237_/B (sky130_fd_sc_hd__nor2_2)
                  0.12    0.06    2.08 v _237_/Y (sky130_fd_sc_hd__nor2_2)
     9    0.02                           _125_ (net)
                  0.12    0.00    2.08 v _316_/B1 (sky130_fd_sc_hd__a21o_2)
                  0.03    0.22    2.30 v _316_/X (sky130_fd_sc_hd__a21o_2)
     2    0.00                           _173_ (net)
                  0.03    0.00    2.30 v _317_/A1 (sky130_fd_sc_hd__mux2_2)
                  0.05    0.26    2.56 v _317_/X (sky130_fd_sc_hd__mux2_2)
     1    0.00                           _174_ (net)
                  0.05    0.00    2.56 v _318_/A (sky130_fd_sc_hd__buf_1)
                  0.02    0.09    2.65 v _318_/X (sky130_fd_sc_hd__buf_1)
     1    0.00                           _061_ (net)
                  0.02    0.00    2.65 v _419_/D (sky130_fd_sc_hd__dfrtp_2)
                                  2.65   data arrival time

                  0.15   10.00   10.00   clock clk (rise edge)
                          0.00   10.00   clock network delay (ideal)
                         -0.25    9.75   clock uncertainty
                          0.00    9.75   clock reconvergence pessimism
                                  9.75 ^ _419_/CLK (sky130_fd_sc_hd__dfrtp_2)
                         -0.08    9.67   library setup time
                                  9.67   data required time
-----------------------------------------------------------------------------
                                  9.67   data required time
                                 -2.65   data arrival time
-----------------------------------------------------------------------------
                                  7.02   slack (MET)


Startpoint: start (input port clocked by clk)
Endpoint: _424_ (rising edge-triggered flip-flop clocked by clk)
Path Group: clk
Path Type: max

Fanout     Cap    Slew   Delay    Time   Description
-----------------------------------------------------------------------------
                  0.15    0.00    0.00   clock clk (rise edge)
                          0.00    0.00   clock network delay (ideal)
                          2.00    2.00 v input external delay
                  0.02    0.01    2.01 v start (in)
     2    0.01                           start (net)
                  0.02    0.00    2.01 v _204_/B (sky130_fd_sc_hd__or2_2)
                  0.10    0.33    2.34 v _204_/X (sky130_fd_sc_hd__or2_2)
     6    0.02                           _096_ (net)
                  0.10    0.00    2.34 v _270_/A (sky130_fd_sc_hd__and2_2)
                  0.03    0.19    2.53 v _270_/X (sky130_fd_sc_hd__and2_2)
     1    0.00                           _143_ (net)
                  0.03    0.00    2.53 v _271_/A (sky130_fd_sc_hd__buf_1)
                  0.03    0.09    2.62 v _271_/X (sky130_fd_sc_hd__buf_1)
     2    0.00                           _000_ (net)
                  0.03    0.00    2.62 v _424_/D (sky130_fd_sc_hd__dfrtp_2)
                                  2.62   data arrival time

                  0.15   10.00   10.00   clock clk (rise edge)
                          0.00   10.00   clock network delay (ideal)
                         -0.25    9.75   clock uncertainty
                          0.00    9.75   clock reconvergence pessimism
                                  9.75 ^ _424_/CLK (sky130_fd_sc_hd__dfrtp_2)
                         -0.08    9.67   library setup time
                                  9.67   data required time
-----------------------------------------------------------------------------
                                  9.67   data required time
                                 -2.62   data arrival time
-----------------------------------------------------------------------------
                                  7.04   slack (MET)


Startpoint: start (input port clocked by clk)
Endpoint: _444_ (rising edge-triggered flip-flop clocked by clk)
Path Group: clk
Path Type: max

Fanout     Cap    Slew   Delay    Time   Description
-----------------------------------------------------------------------------
                  0.15    0.00    0.00   clock clk (rise edge)
                          0.00    0.00   clock network delay (ideal)
                          2.00    2.00 ^ input external delay
                  0.04    0.02    2.02 ^ start (in)
     2    0.01                           start (net)
                  0.04    0.00    2.02 ^ _237_/B (sky130_fd_sc_hd__nor2_2)
                  0.12    0.06    2.08 v _237_/Y (sky130_fd_sc_hd__nor2_2)
     9    0.02                           _125_ (net)
                  0.12    0.00    2.08 v _238_/B1 (sky130_fd_sc_hd__a21o_2)
                  0.07    0.27    2.35 v _238_/X (sky130_fd_sc_hd__a21o_2)
     8    0.02                           _126_ (net)
                  0.07    0.00    2.35 v _247_/A2 (sky130_fd_sc_hd__a22o_2)
                  0.04    0.27    2.61 v _247_/X (sky130_fd_sc_hd__a22o_2)
     1    0.00                           _084_ (net)
                  0.04    0.00    2.61 v _444_/D (sky130_fd_sc_hd__dfrtp_2)
                                  2.61   data arrival time

                  0.15   10.00   10.00   clock clk (rise edge)
                          0.00   10.00   clock network delay (ideal)
                         -0.25    9.75   clock uncertainty
                          0.00    9.75   clock reconvergence pessimism
                                  9.75 ^ _444_/CLK (sky130_fd_sc_hd__dfrtp_2)
                         -0.09    9.66   library setup time
                                  9.66   data required time
-----------------------------------------------------------------------------
                                  9.66   data required time
                                 -2.61   data arrival time
-----------------------------------------------------------------------------
                                  7.05   slack (MET)


Startpoint: start (input port clocked by clk)
Endpoint: _445_ (rising edge-triggered flip-flop clocked by clk)
Path Group: clk
Path Type: max

Fanout     Cap    Slew   Delay    Time   Description
-----------------------------------------------------------------------------
                  0.15    0.00    0.00   clock clk (rise edge)
                          0.00    0.00   clock network delay (ideal)
                          2.00    2.00 ^ input external delay
                  0.04    0.02    2.02 ^ start (in)
     2    0.01                           start (net)
                  0.04    0.00    2.02 ^ _237_/B (sky130_fd_sc_hd__nor2_2)
                  0.12    0.06    2.08 v _237_/Y (sky130_fd_sc_hd__nor2_2)
     9    0.02                           _125_ (net)
                  0.12    0.00    2.08 v _238_/B1 (sky130_fd_sc_hd__a21o_2)
                  0.07    0.27    2.35 v _238_/X (sky130_fd_sc_hd__a21o_2)
     8    0.02                           _126_ (net)
                  0.07    0.00    2.35 v _246_/A2 (sky130_fd_sc_hd__a22o_2)
                  0.04    0.27    2.61 v _246_/X (sky130_fd_sc_hd__a22o_2)
     1    0.00                           _085_ (net)
                  0.04    0.00    2.61 v _445_/D (sky130_fd_sc_hd__dfrtp_2)
                                  2.61   data arrival time

                  0.15   10.00   10.00   clock clk (rise edge)
                          0.00   10.00   clock network delay (ideal)
                         -0.25    9.75   clock uncertainty
                          0.00    9.75   clock reconvergence pessimism
                                  9.75 ^ _445_/CLK (sky130_fd_sc_hd__dfrtp_2)
                         -0.09    9.66   library setup time
                                  9.66   data required time
-----------------------------------------------------------------------------
                                  9.66   data required time
                                 -2.61   data arrival time
-----------------------------------------------------------------------------
                                  7.05   slack (MET)


Startpoint: start (input port clocked by clk)
Endpoint: _446_ (rising edge-triggered flip-flop clocked by clk)
Path Group: clk
Path Type: max

Fanout     Cap    Slew   Delay    Time   Description
-----------------------------------------------------------------------------
                  0.15    0.00    0.00   clock clk (rise edge)
                          0.00    0.00   clock network delay (ideal)
                          2.00    2.00 ^ input external delay
                  0.04    0.02    2.02 ^ start (in)
     2    0.01                           start (net)
                  0.04    0.00    2.02 ^ _237_/B (sky130_fd_sc_hd__nor2_2)
                  0.12    0.06    2.08 v _237_/Y (sky130_fd_sc_hd__nor2_2)
     9    0.02                           _125_ (net)
                  0.12    0.00    2.08 v _238_/B1 (sky130_fd_sc_hd__a21o_2)
                  0.07    0.27    2.35 v _238_/X (sky130_fd_sc_hd__a21o_2)
     8    0.02                           _126_ (net)
                  0.07    0.00    2.35 v _245_/A2 (sky130_fd_sc_hd__a22o_2)
                  0.04    0.27    2.61 v _245_/X (sky130_fd_sc_hd__a22o_2)
     1    0.00                           _086_ (net)
                  0.04    0.00    2.61 v _446_/D (sky130_fd_sc_hd__dfrtp_2)
                                  2.61   data arrival time

                  0.15   10.00   10.00   clock clk (rise edge)
                          0.00   10.00   clock network delay (ideal)
                         -0.25    9.75   clock uncertainty
                          0.00    9.75   clock reconvergence pessimism
                                  9.75 ^ _446_/CLK (sky130_fd_sc_hd__dfrtp_2)
                         -0.09    9.66   library setup time
                                  9.66   data required time
-----------------------------------------------------------------------------
                                  9.66   data required time
                                 -2.61   data arrival time
-----------------------------------------------------------------------------
                                  7.05   slack (MET)


Startpoint: start (input port clocked by clk)
Endpoint: _447_ (rising edge-triggered flip-flop clocked by clk)
Path Group: clk
Path Type: max

Fanout     Cap    Slew   Delay    Time   Description
-----------------------------------------------------------------------------
                  0.15    0.00    0.00   clock clk (rise edge)
                          0.00    0.00   clock network delay (ideal)
                          2.00    2.00 ^ input external delay
                  0.04    0.02    2.02 ^ start (in)
     2    0.01                           start (net)
                  0.04    0.00    2.02 ^ _237_/B (sky130_fd_sc_hd__nor2_2)
                  0.12    0.06    2.08 v _237_/Y (sky130_fd_sc_hd__nor2_2)
     9    0.02                           _125_ (net)
                  0.12    0.00    2.08 v _238_/B1 (sky130_fd_sc_hd__a21o_2)
                  0.07    0.27    2.35 v _238_/X (sky130_fd_sc_hd__a21o_2)
     8    0.02                           _126_ (net)
                  0.07    0.00    2.35 v _244_/A2 (sky130_fd_sc_hd__a22o_2)
                  0.04    0.27    2.61 v _244_/X (sky130_fd_sc_hd__a22o_2)
     1    0.00                           _087_ (net)
                  0.04    0.00    2.61 v _447_/D (sky130_fd_sc_hd__dfrtp_2)
                                  2.61   data arrival time

                  0.15   10.00   10.00   clock clk (rise edge)
                          0.00   10.00   clock network delay (ideal)
                         -0.25    9.75   clock uncertainty
                          0.00    9.75   clock reconvergence pessimism
                                  9.75 ^ _447_/CLK (sky130_fd_sc_hd__dfrtp_2)
                         -0.09    9.66   library setup time
                                  9.66   data required time
-----------------------------------------------------------------------------
                                  9.66   data required time
                                 -2.61   data arrival time
-----------------------------------------------------------------------------
                                  7.05   slack (MET)


Startpoint: start (input port clocked by clk)
Endpoint: _448_ (rising edge-triggered flip-flop clocked by clk)
Path Group: clk
Path Type: max

Fanout     Cap    Slew   Delay    Time   Description
-----------------------------------------------------------------------------
                  0.15    0.00    0.00   clock clk (rise edge)
                          0.00    0.00   clock network delay (ideal)
                          2.00    2.00 ^ input external delay
                  0.04    0.02    2.02 ^ start (in)
     2    0.01                           start (net)
                  0.04    0.00    2.02 ^ _237_/B (sky130_fd_sc_hd__nor2_2)
                  0.12    0.06    2.08 v _237_/Y (sky130_fd_sc_hd__nor2_2)
     9    0.02                           _125_ (net)
                  0.12    0.00    2.08 v _238_/B1 (sky130_fd_sc_hd__a21o_2)
                  0.07    0.27    2.35 v _238_/X (sky130_fd_sc_hd__a21o_2)
     8    0.02                           _126_ (net)
                  0.07    0.00    2.35 v _243_/A2 (sky130_fd_sc_hd__a22o_2)
                  0.04    0.27    2.61 v _243_/X (sky130_fd_sc_hd__a22o_2)
     1    0.00                           _088_ (net)
                  0.04    0.00    2.61 v _448_/D (sky130_fd_sc_hd__dfrtp_2)
                                  2.61   data arrival time

                  0.15   10.00   10.00   clock clk (rise edge)
                          0.00   10.00   clock network delay (ideal)
                         -0.25    9.75   clock uncertainty
                          0.00    9.75   clock reconvergence pessimism
                                  9.75 ^ _448_/CLK (sky130_fd_sc_hd__dfrtp_2)
                         -0.09    9.66   library setup time
                                  9.66   data required time
-----------------------------------------------------------------------------
                                  9.66   data required time
                                 -2.61   data arrival time
-----------------------------------------------------------------------------
                                  7.05   slack (MET)


Startpoint: start (input port clocked by clk)
Endpoint: _449_ (rising edge-triggered flip-flop clocked by clk)
Path Group: clk
Path Type: max

Fanout     Cap    Slew   Delay    Time   Description
-----------------------------------------------------------------------------
                  0.15    0.00    0.00   clock clk (rise edge)
                          0.00    0.00   clock network delay (ideal)
                          2.00    2.00 ^ input external delay
                  0.04    0.02    2.02 ^ start (in)
     2    0.01                           start (net)
                  0.04    0.00    2.02 ^ _237_/B (sky130_fd_sc_hd__nor2_2)
                  0.12    0.06    2.08 v _237_/Y (sky130_fd_sc_hd__nor2_2)
     9    0.02                           _125_ (net)
                  0.12    0.00    2.08 v _238_/B1 (sky130_fd_sc_hd__a21o_2)
                  0.07    0.27    2.35 v _238_/X (sky130_fd_sc_hd__a21o_2)
     8    0.02                           _126_ (net)
                  0.07    0.00    2.35 v _242_/A2 (sky130_fd_sc_hd__a22o_2)
                  0.04    0.27    2.61 v _242_/X (sky130_fd_sc_hd__a22o_2)
     1    0.00                           _089_ (net)
                  0.04    0.00    2.61 v _449_/D (sky130_fd_sc_hd__dfrtp_2)
                                  2.61   data arrival time

                  0.15   10.00   10.00   clock clk (rise edge)
                          0.00   10.00   clock network delay (ideal)
                         -0.25    9.75   clock uncertainty
                          0.00    9.75   clock reconvergence pessimism
                                  9.75 ^ _449_/CLK (sky130_fd_sc_hd__dfrtp_2)
                         -0.09    9.66   library setup time
                                  9.66   data required time
-----------------------------------------------------------------------------
                                  9.66   data required time
                                 -2.61   data arrival time
-----------------------------------------------------------------------------
                                  7.05   slack (MET)


Startpoint: start (input port clocked by clk)
Endpoint: _450_ (rising edge-triggered flip-flop clocked by clk)
Path Group: clk
Path Type: max

Fanout     Cap    Slew   Delay    Time   Description
-----------------------------------------------------------------------------
                  0.15    0.00    0.00   clock clk (rise edge)
                          0.00    0.00   clock network delay (ideal)
                          2.00    2.00 ^ input external delay
                  0.04    0.02    2.02 ^ start (in)
     2    0.01                           start (net)
                  0.04    0.00    2.02 ^ _237_/B (sky130_fd_sc_hd__nor2_2)
                  0.12    0.06    2.08 v _237_/Y (sky130_fd_sc_hd__nor2_2)
     9    0.02                           _125_ (net)
                  0.12    0.00    2.08 v _238_/B1 (sky130_fd_sc_hd__a21o_2)
                  0.07    0.27    2.35 v _238_/X (sky130_fd_sc_hd__a21o_2)
     8    0.02                           _126_ (net)
                  0.07    0.00    2.35 v _241_/A2 (sky130_fd_sc_hd__a22o_2)
                  0.04    0.27    2.61 v _241_/X (sky130_fd_sc_hd__a22o_2)
     1    0.00                           _090_ (net)
                  0.04    0.00    2.61 v _450_/D (sky130_fd_sc_hd__dfrtp_2)
                                  2.61   data arrival time

                  0.15   10.00   10.00   clock clk (rise edge)
                          0.00   10.00   clock network delay (ideal)
                         -0.25    9.75   clock uncertainty
                          0.00    9.75   clock reconvergence pessimism
                                  9.75 ^ _450_/CLK (sky130_fd_sc_hd__dfrtp_2)
                         -0.09    9.66   library setup time
                                  9.66   data required time
-----------------------------------------------------------------------------
                                  9.66   data required time
                                 -2.61   data arrival time
-----------------------------------------------------------------------------
                                  7.05   slack (MET)


Startpoint: start (input port clocked by clk)
Endpoint: _451_ (rising edge-triggered flip-flop clocked by clk)
Path Group: clk
Path Type: max

Fanout     Cap    Slew   Delay    Time   Description
-----------------------------------------------------------------------------
                  0.15    0.00    0.00   clock clk (rise edge)
                          0.00    0.00   clock network delay (ideal)
                          2.00    2.00 ^ input external delay
                  0.04    0.02    2.02 ^ start (in)
     2    0.01                           start (net)
                  0.04    0.00    2.02 ^ _237_/B (sky130_fd_sc_hd__nor2_2)
                  0.12    0.06    2.08 v _237_/Y (sky130_fd_sc_hd__nor2_2)
     9    0.02                           _125_ (net)
                  0.12    0.00    2.08 v _238_/B1 (sky130_fd_sc_hd__a21o_2)
                  0.07    0.27    2.35 v _238_/X (sky130_fd_sc_hd__a21o_2)
     8    0.02                           _126_ (net)
                  0.07    0.00    2.35 v _240_/A2 (sky130_fd_sc_hd__a22o_2)
                  0.04    0.27    2.61 v _240_/X (sky130_fd_sc_hd__a22o_2)
     1    0.00                           _091_ (net)
                  0.04    0.00    2.61 v _451_/D (sky130_fd_sc_hd__dfrtp_2)
                                  2.61   data arrival time

                  0.15   10.00   10.00   clock clk (rise edge)
                          0.00   10.00   clock network delay (ideal)
                         -0.25    9.75   clock uncertainty
                          0.00    9.75   clock reconvergence pessimism
                                  9.75 ^ _451_/CLK (sky130_fd_sc_hd__dfrtp_2)
                         -0.09    9.66   library setup time
                                  9.66   data required time
-----------------------------------------------------------------------------
                                  9.66   data required time
                                 -2.61   data arrival time
-----------------------------------------------------------------------------
                                  7.05   slack (MET)


Startpoint: _436_ (rising edge-triggered flip-flop clocked by clk)
Endpoint: cs (output port clocked by clk)
Path Group: clk
Path Type: max

Fanout     Cap    Slew   Delay    Time   Description
-----------------------------------------------------------------------------
                  0.15    0.00    0.00   clock clk (rise edge)
                          0.00    0.00   clock network delay (ideal)
                  0.15    0.00    0.00 ^ _436_/CLK (sky130_fd_sc_hd__dfstp_2)
                  0.18    0.69    0.69 ^ _436_/Q (sky130_fd_sc_hd__dfstp_2)
     2    0.04                           cs (net)
                  0.18    0.00    0.69 ^ cs (out)
                                  0.69   data arrival time

                  0.15   10.00   10.00   clock clk (rise edge)
                          0.00   10.00   clock network delay (ideal)
                         -0.25    9.75   clock uncertainty
                          0.00    9.75   clock reconvergence pessimism
                         -2.00    7.75   output external delay
                                  7.75   data required time
-----------------------------------------------------------------------------
                                  7.75   data required time
                                 -0.69   data arrival time
-----------------------------------------------------------------------------
                                  7.06   slack (MET)


Startpoint: start (input port clocked by clk)
Endpoint: _415_ (rising edge-triggered flip-flop clocked by clk)
Path Group: clk
Path Type: max

Fanout     Cap    Slew   Delay    Time   Description
-----------------------------------------------------------------------------
                  0.15    0.00    0.00   clock clk (rise edge)
                          0.00    0.00   clock network delay (ideal)
                          2.00    2.00 v input external delay
                  0.02    0.01    2.01 v start (in)
     2    0.01                           start (net)
                  0.02    0.00    2.01 v _204_/B (sky130_fd_sc_hd__or2_2)
                  0.10    0.33    2.34 v _204_/X (sky130_fd_sc_hd__or2_2)
     6    0.02                           _096_ (net)
                  0.10    0.00    2.34 v _331_/A (sky130_fd_sc_hd__nand2_2)
                  0.04    0.08    2.42 ^ _331_/Y (sky130_fd_sc_hd__nand2_2)
     2    0.00                           _184_ (net)
                  0.04    0.00    2.42 ^ _332_/A1 (sky130_fd_sc_hd__mux2_2)
                  0.04    0.14    2.56 ^ _332_/X (sky130_fd_sc_hd__mux2_2)
     1    0.00                           _185_ (net)
                  0.04    0.00    2.56 ^ _333_/A (sky130_fd_sc_hd__buf_1)
                  0.04    0.07    2.63 ^ _333_/X (sky130_fd_sc_hd__buf_1)
     1    0.00                           _057_ (net)
                  0.04    0.00    2.63 ^ _415_/D (sky130_fd_sc_hd__dfrtp_2)
                                  2.63   data arrival time

                  0.15   10.00   10.00   clock clk (rise edge)
                          0.00   10.00   clock network delay (ideal)
                         -0.25    9.75   clock uncertainty
                          0.00    9.75   clock reconvergence pessimism
                                  9.75 ^ _415_/CLK (sky130_fd_sc_hd__dfrtp_2)
                         -0.05    9.70   library setup time
                                  9.70   data required time
-----------------------------------------------------------------------------
                                  9.70   data required time
                                 -2.63   data arrival time
-----------------------------------------------------------------------------
                                  7.07   slack (MET)


Startpoint: start (input port clocked by clk)
Endpoint: _421_ (rising edge-triggered flip-flop clocked by clk)
Path Group: clk
Path Type: max

Fanout     Cap    Slew   Delay    Time   Description
-----------------------------------------------------------------------------
                  0.15    0.00    0.00   clock clk (rise edge)
                          0.00    0.00   clock network delay (ideal)
                          2.00    2.00 v input external delay
                  0.02    0.01    2.01 v start (in)
     2    0.01                           start (net)
                  0.02    0.00    2.01 v _204_/B (sky130_fd_sc_hd__or2_2)
                  0.10    0.33    2.34 v _204_/X (sky130_fd_sc_hd__or2_2)
     6    0.02                           _096_ (net)
                  0.10    0.00    2.34 v _308_/A (sky130_fd_sc_hd__nand2_2)
                  0.04    0.08    2.42 ^ _308_/Y (sky130_fd_sc_hd__nand2_2)
     2    0.00                           _167_ (net)
                  0.04    0.00    2.42 ^ _309_/A1 (sky130_fd_sc_hd__mux2_2)
                  0.04    0.14    2.56 ^ _309_/X (sky130_fd_sc_hd__mux2_2)
     1    0.00                           _168_ (net)
                  0.04    0.00    2.56 ^ _310_/A (sky130_fd_sc_hd__buf_1)
                  0.04    0.07    2.63 ^ _310_/X (sky130_fd_sc_hd__buf_1)
     1    0.00                           _063_ (net)
                  0.04    0.00    2.63 ^ _421_/D (sky130_fd_sc_hd__dfrtp_2)
                                  2.63   data arrival time

                  0.15   10.00   10.00   clock clk (rise edge)
                          0.00   10.00   clock network delay (ideal)
                         -0.25    9.75   clock uncertainty
                          0.00    9.75   clock reconvergence pessimism
                                  9.75 ^ _421_/CLK (sky130_fd_sc_hd__dfrtp_2)
                         -0.05    9.70   library setup time
                                  9.70   data required time
-----------------------------------------------------------------------------
                                  9.70   data required time
                                 -2.63   data arrival time
-----------------------------------------------------------------------------
                                  7.07   slack (MET)


Startpoint: _420_ (rising edge-triggered flip-flop clocked by clk)
Endpoint: _455_ (rising edge-triggered flip-flop clocked by clk)
Path Group: clk
Path Type: max

Fanout     Cap    Slew   Delay    Time   Description
-----------------------------------------------------------------------------
                  0.15    0.00    0.00   clock clk (rise edge)
                          0.00    0.00   clock network delay (ideal)
                  0.15    0.00    0.00 ^ _420_/CLK (sky130_fd_sc_hd__dfrtp_2)
                  0.06    0.47    0.47 v _420_/Q (sky130_fd_sc_hd__dfrtp_2)
     6    0.01                           clk_count[12] (net)
                  0.06    0.00    0.47 v _205_/B (sky130_fd_sc_hd__or4_2)
                  0.11    0.68    1.15 v _205_/X (sky130_fd_sc_hd__or4_2)
     1    0.00                           _097_ (net)
                  0.11    0.00    1.15 v _209_/A (sky130_fd_sc_hd__nor4_2)
                  0.46    0.51    1.66 ^ _209_/Y (sky130_fd_sc_hd__nor4_2)
     4    0.02                           _101_ (net)
                  0.46    0.00    1.66 ^ _217_/C (sky130_fd_sc_hd__nand4_2)
                  0.12    0.16    1.82 v _217_/Y (sky130_fd_sc_hd__nand4_2)
     3    0.00                           _109_ (net)
                  0.12    0.00    1.82 v _218_/A (sky130_fd_sc_hd__buf_1)
                  0.18    0.25    2.07 v _218_/X (sky130_fd_sc_hd__buf_1)
    10    0.03                           _110_ (net)
                  0.18    0.00    2.07 v _219_/D (sky130_fd_sc_hd__and4_2)
                  0.04    0.31    2.38 v _219_/X (sky130_fd_sc_hd__and4_2)
     2    0.00                           _111_ (net)
                  0.04    0.00    2.38 v _220_/A2 (sky130_fd_sc_hd__o21a_2)
                  0.03    0.19    2.57 v _220_/X (sky130_fd_sc_hd__o21a_2)
     1    0.00                           _095_ (net)
                  0.03    0.00    2.57 v _455_/D (sky130_fd_sc_hd__dfrtp_2)
                                  2.57   data arrival time

                  0.15   10.00   10.00   clock clk (rise edge)
                          0.00   10.00   clock network delay (ideal)
                         -0.25    9.75   clock uncertainty
                          0.00    9.75   clock reconvergence pessimism
                                  9.75 ^ _455_/CLK (sky130_fd_sc_hd__dfrtp_2)
                         -0.09    9.66   library setup time
                                  9.66   data required time
-----------------------------------------------------------------------------
                                  9.66   data required time
                                 -2.57   data arrival time
-----------------------------------------------------------------------------
                                  7.10   slack (MET)


Startpoint: start (input port clocked by clk)
Endpoint: _417_ (rising edge-triggered flip-flop clocked by clk)
Path Group: clk
Path Type: max

Fanout     Cap    Slew   Delay    Time   Description
-----------------------------------------------------------------------------
                  0.15    0.00    0.00   clock clk (rise edge)
                          0.00    0.00   clock network delay (ideal)
                          2.00    2.00 ^ input external delay
                  0.04    0.02    2.02 ^ start (in)
     2    0.01                           start (net)
                  0.04    0.00    2.02 ^ _237_/B (sky130_fd_sc_hd__nor2_2)
                  0.12    0.06    2.08 v _237_/Y (sky130_fd_sc_hd__nor2_2)
     9    0.02                           _125_ (net)
                  0.12    0.00    2.08 v _324_/B1 (sky130_fd_sc_hd__a21o_2)
                  0.04    0.22    2.30 v _324_/X (sky130_fd_sc_hd__a21o_2)
     2    0.00                           _179_ (net)
                  0.04    0.00    2.30 v _325_/B1 (sky130_fd_sc_hd__a2bb2o_2)
                  0.04    0.25    2.56 v _325_/X (sky130_fd_sc_hd__a2bb2o_2)
     1    0.00                           _059_ (net)
                  0.04    0.00    2.56 v _417_/D (sky130_fd_sc_hd__dfrtp_2)
                                  2.56   data arrival time

                  0.15   10.00   10.00   clock clk (rise edge)
                          0.00   10.00   clock network delay (ideal)
                         -0.25    9.75   clock uncertainty
                          0.00    9.75   clock reconvergence pessimism
                                  9.75 ^ _417_/CLK (sky130_fd_sc_hd__dfrtp_2)
                         -0.09    9.66   library setup time
                                  9.66   data required time
-----------------------------------------------------------------------------
                                  9.66   data required time
                                 -2.56   data arrival time
-----------------------------------------------------------------------------
                                  7.10   slack (MET)


Startpoint: start (input port clocked by clk)
Endpoint: _418_ (rising edge-triggered flip-flop clocked by clk)
Path Group: clk
Path Type: max

Fanout     Cap    Slew   Delay    Time   Description
-----------------------------------------------------------------------------
                  0.15    0.00    0.00   clock clk (rise edge)
                          0.00    0.00   clock network delay (ideal)
                          2.00    2.00 ^ input external delay
                  0.04    0.02    2.02 ^ start (in)
     2    0.01                           start (net)
                  0.04    0.00    2.02 ^ _237_/B (sky130_fd_sc_hd__nor2_2)
                  0.12    0.06    2.08 v _237_/Y (sky130_fd_sc_hd__nor2_2)
     9    0.02                           _125_ (net)
                  0.12    0.00    2.08 v _316_/B1 (sky130_fd_sc_hd__a21o_2)
                  0.03    0.22    2.30 v _316_/X (sky130_fd_sc_hd__a21o_2)
     2    0.00                           _173_ (net)
                  0.03    0.00    2.30 v _320_/A (sky130_fd_sc_hd__and2_2)
                  0.03    0.16    2.46 v _320_/X (sky130_fd_sc_hd__and2_2)
     1    0.00                           _176_ (net)
                  0.03    0.00    2.46 v _321_/A (sky130_fd_sc_hd__buf_1)
                  0.02    0.08    2.54 v _321_/X (sky130_fd_sc_hd__buf_1)
     1    0.00                           _060_ (net)
                  0.02    0.00    2.54 v _418_/D (sky130_fd_sc_hd__dfrtp_2)
                                  2.54   data arrival time

                  0.15   10.00   10.00   clock clk (rise edge)
                          0.00   10.00   clock network delay (ideal)
                         -0.25    9.75   clock uncertainty
                          0.00    9.75   clock reconvergence pessimism
                                  9.75 ^ _418_/CLK (sky130_fd_sc_hd__dfrtp_2)
                         -0.08    9.67   library setup time
                                  9.67   data required time
-----------------------------------------------------------------------------
                                  9.67   data required time
                                 -2.54   data arrival time
-----------------------------------------------------------------------------
                                  7.12   slack (MET)


Startpoint: start (input port clocked by clk)
Endpoint: _409_ (rising edge-triggered flip-flop clocked by clk)
Path Group: clk
Path Type: max

Fanout     Cap    Slew   Delay    Time   Description
-----------------------------------------------------------------------------
                  0.15    0.00    0.00   clock clk (rise edge)
                          0.00    0.00   clock network delay (ideal)
                          2.00    2.00 v input external delay
                  0.02    0.01    2.01 v start (in)
     2    0.01                           start (net)
                  0.02    0.00    2.01 v _204_/B (sky130_fd_sc_hd__or2_2)
                  0.10    0.33    2.34 v _204_/X (sky130_fd_sc_hd__or2_2)
     6    0.02                           _096_ (net)
                  0.10    0.00    2.34 v _350_/B1 (sky130_fd_sc_hd__o211a_2)
                  0.05    0.16    2.51 v _350_/X (sky130_fd_sc_hd__o211a_2)
     1    0.00                           _197_ (net)
                  0.05    0.00    2.51 v _351_/B (sky130_fd_sc_hd__nor2_2)
                  0.05    0.07    2.57 ^ _351_/Y (sky130_fd_sc_hd__nor2_2)
     1    0.00                           _051_ (net)
                  0.05    0.00    2.57 ^ _409_/D (sky130_fd_sc_hd__dfrtp_2)
                                  2.57   data arrival time

                  0.15   10.00   10.00   clock clk (rise edge)
                          0.00   10.00   clock network delay (ideal)
                         -0.25    9.75   clock uncertainty
                          0.00    9.75   clock reconvergence pessimism
                                  9.75 ^ _409_/CLK (sky130_fd_sc_hd__dfrtp_2)
                         -0.05    9.70   library setup time
                                  9.70   data required time
-----------------------------------------------------------------------------
                                  9.70   data required time
                                 -2.57   data arrival time
-----------------------------------------------------------------------------
                                  7.13   slack (MET)


Startpoint: start (input port clocked by clk)
Endpoint: _416_ (rising edge-triggered flip-flop clocked by clk)
Path Group: clk
Path Type: max

Fanout     Cap    Slew   Delay    Time   Description
-----------------------------------------------------------------------------
                  0.15    0.00    0.00   clock clk (rise edge)
                          0.00    0.00   clock network delay (ideal)
                          2.00    2.00 ^ input external delay
                  0.04    0.02    2.02 ^ start (in)
     2    0.01                           start (net)
                  0.04    0.00    2.02 ^ _237_/B (sky130_fd_sc_hd__nor2_2)
                  0.12    0.06    2.08 v _237_/Y (sky130_fd_sc_hd__nor2_2)
     9    0.02                           _125_ (net)
                  0.12    0.00    2.08 v _324_/B1 (sky130_fd_sc_hd__a21o_2)
                  0.04    0.22    2.30 v _324_/X (sky130_fd_sc_hd__a21o_2)
     2    0.00                           _179_ (net)
                  0.04    0.00    2.30 v _327_/A2 (sky130_fd_sc_hd__a21o_2)
                  0.03    0.20    2.51 v _327_/X (sky130_fd_sc_hd__a21o_2)
     1    0.00                           _058_ (net)
                  0.03    0.00    2.51 v _416_/D (sky130_fd_sc_hd__dfrtp_2)
                                  2.51   data arrival time

                  0.15   10.00   10.00   clock clk (rise edge)
                          0.00   10.00   clock network delay (ideal)
                         -0.25    9.75   clock uncertainty
                          0.00    9.75   clock reconvergence pessimism
                                  9.75 ^ _416_/CLK (sky130_fd_sc_hd__dfrtp_2)
                         -0.09    9.66   library setup time
                                  9.66   data required time
-----------------------------------------------------------------------------
                                  9.66   data required time
                                 -2.51   data arrival time
-----------------------------------------------------------------------------
                                  7.16   slack (MET)


Startpoint: start (input port clocked by clk)
Endpoint: _412_ (rising edge-triggered flip-flop clocked by clk)
Path Group: clk
Path Type: max

Fanout     Cap    Slew   Delay    Time   Description
-----------------------------------------------------------------------------
                  0.15    0.00    0.00   clock clk (rise edge)
                          0.00    0.00   clock network delay (ideal)
                          2.00    2.00 ^ input external delay
                  0.04    0.02    2.02 ^ start (in)
     2    0.01                           start (net)
                  0.04    0.00    2.02 ^ _237_/B (sky130_fd_sc_hd__nor2_2)
                  0.12    0.06    2.08 v _237_/Y (sky130_fd_sc_hd__nor2_2)
     9    0.02                           _125_ (net)
                  0.12    0.00    2.08 v _338_/B1 (sky130_fd_sc_hd__a21o_2)
                  0.04    0.22    2.30 v _338_/X (sky130_fd_sc_hd__a21o_2)
     2    0.00                           _189_ (net)
                  0.04    0.00    2.30 v _342_/A2 (sky130_fd_sc_hd__a21o_2)
                  0.03    0.20    2.51 v _342_/X (sky130_fd_sc_hd__a21o_2)
     1    0.00                           _054_ (net)
                  0.03    0.00    2.51 v _412_/D (sky130_fd_sc_hd__dfrtp_2)
                                  2.51   data arrival time

                  0.15   10.00   10.00   clock clk (rise edge)
                          0.00   10.00   clock network delay (ideal)
                         -0.25    9.75   clock uncertainty
                          0.00    9.75   clock reconvergence pessimism
                                  9.75 ^ _412_/CLK (sky130_fd_sc_hd__dfrtp_2)
                         -0.09    9.66   library setup time
                                  9.66   data required time
-----------------------------------------------------------------------------
                                  9.66   data required time
                                 -2.51   data arrival time
-----------------------------------------------------------------------------
                                  7.16   slack (MET)


Startpoint: start (input port clocked by clk)
Endpoint: _414_ (rising edge-triggered flip-flop clocked by clk)
Path Group: clk
Path Type: max

Fanout     Cap    Slew   Delay    Time   Description
-----------------------------------------------------------------------------
                  0.15    0.00    0.00   clock clk (rise edge)
                          0.00    0.00   clock network delay (ideal)
                          2.00    2.00 v input external delay
                  0.02    0.01    2.01 v start (in)
     2    0.01                           start (net)
                  0.02    0.00    2.01 v _204_/B (sky130_fd_sc_hd__or2_2)
                  0.10    0.33    2.34 v _204_/X (sky130_fd_sc_hd__or2_2)
     6    0.02                           _096_ (net)
                  0.10    0.00    2.34 v _331_/A (sky130_fd_sc_hd__nand2_2)
                  0.04    0.08    2.42 ^ _331_/Y (sky130_fd_sc_hd__nand2_2)
     2    0.00                           _184_ (net)
                  0.04    0.00    2.42 ^ _335_/A2 (sky130_fd_sc_hd__a21o_2)
                  0.03    0.11    2.53 ^ _335_/X (sky130_fd_sc_hd__a21o_2)
     1    0.00                           _056_ (net)
                  0.03    0.00    2.53 ^ _414_/D (sky130_fd_sc_hd__dfrtp_2)
                                  2.53   data arrival time

                  0.15   10.00   10.00   clock clk (rise edge)
                          0.00   10.00   clock network delay (ideal)
                         -0.25    9.75   clock uncertainty
                          0.00    9.75   clock reconvergence pessimism
                                  9.75 ^ _414_/CLK (sky130_fd_sc_hd__dfrtp_2)
                         -0.04    9.71   library setup time
                                  9.71   data required time
-----------------------------------------------------------------------------
                                  9.71   data required time
                                 -2.53   data arrival time
-----------------------------------------------------------------------------
                                  7.17   slack (MET)


Startpoint: start (input port clocked by clk)
Endpoint: _420_ (rising edge-triggered flip-flop clocked by clk)
Path Group: clk
Path Type: max

Fanout     Cap    Slew   Delay    Time   Description
-----------------------------------------------------------------------------
                  0.15    0.00    0.00   clock clk (rise edge)
                          0.00    0.00   clock network delay (ideal)
                          2.00    2.00 v input external delay
                  0.02    0.01    2.01 v start (in)
     2    0.01                           start (net)
                  0.02    0.00    2.01 v _204_/B (sky130_fd_sc_hd__or2_2)
                  0.10    0.33    2.34 v _204_/X (sky130_fd_sc_hd__or2_2)
     6    0.02                           _096_ (net)
                  0.10    0.00    2.34 v _308_/A (sky130_fd_sc_hd__nand2_2)
                  0.04    0.08    2.42 ^ _308_/Y (sky130_fd_sc_hd__nand2_2)
     2    0.00                           _167_ (net)
                  0.04    0.00    2.42 ^ _312_/A2 (sky130_fd_sc_hd__a21o_2)
                  0.03    0.11    2.53 ^ _312_/X (sky130_fd_sc_hd__a21o_2)
     1    0.00                           _062_ (net)
                  0.03    0.00    2.53 ^ _420_/D (sky130_fd_sc_hd__dfrtp_2)
                                  2.53   data arrival time

                  0.15   10.00   10.00   clock clk (rise edge)
                          0.00   10.00   clock network delay (ideal)
                         -0.25    9.75   clock uncertainty
                          0.00    9.75   clock reconvergence pessimism
                                  9.75 ^ _420_/CLK (sky130_fd_sc_hd__dfrtp_2)
                         -0.04    9.71   library setup time
                                  9.71   data required time
-----------------------------------------------------------------------------
                                  9.71   data required time
                                 -2.53   data arrival time
-----------------------------------------------------------------------------
                                  7.17   slack (MET)


Startpoint: _420_ (rising edge-triggered flip-flop clocked by clk)
Endpoint: _426_ (rising edge-triggered flip-flop clocked by clk)
Path Group: clk
Path Type: max

Fanout     Cap    Slew   Delay    Time   Description
-----------------------------------------------------------------------------
                  0.15    0.00    0.00   clock clk (rise edge)
                          0.00    0.00   clock network delay (ideal)
                  0.15    0.00    0.00 ^ _420_/CLK (sky130_fd_sc_hd__dfrtp_2)
                  0.06    0.47    0.47 v _420_/Q (sky130_fd_sc_hd__dfrtp_2)
     6    0.01                           clk_count[12] (net)
                  0.06    0.00    0.47 v _205_/B (sky130_fd_sc_hd__or4_2)
                  0.11    0.68    1.15 v _205_/X (sky130_fd_sc_hd__or4_2)
     1    0.00                           _097_ (net)
                  0.11    0.00    1.15 v _209_/A (sky130_fd_sc_hd__nor4_2)
                  0.46    0.51    1.66 ^ _209_/Y (sky130_fd_sc_hd__nor4_2)
     4    0.02                           _101_ (net)
                  0.46    0.00    1.66 ^ _217_/C (sky130_fd_sc_hd__nand4_2)
                  0.12    0.16    1.82 v _217_/Y (sky130_fd_sc_hd__nand4_2)
     3    0.00                           _109_ (net)
                  0.12    0.00    1.82 v _218_/A (sky130_fd_sc_hd__buf_1)
                  0.18    0.25    2.07 v _218_/X (sky130_fd_sc_hd__buf_1)
    10    0.03                           _110_ (net)
                  0.18    0.00    2.07 v _293_/S (sky130_fd_sc_hd__mux2_2)
                  0.05    0.32    2.40 v _293_/X (sky130_fd_sc_hd__mux2_2)
     1    0.00                           _155_ (net)
                  0.05    0.00    2.40 v _294_/A (sky130_fd_sc_hd__buf_1)
                  0.02    0.09    2.48 v _294_/X (sky130_fd_sc_hd__buf_1)
     1    0.00                           _066_ (net)
                  0.02    0.00    2.48 v _426_/D (sky130_fd_sc_hd__dfrtp_2)
                                  2.48   data arrival time

                  0.15   10.00   10.00   clock clk (rise edge)
                          0.00   10.00   clock network delay (ideal)
                         -0.25    9.75   clock uncertainty
                          0.00    9.75   clock reconvergence pessimism
                                  9.75 ^ _426_/CLK (sky130_fd_sc_hd__dfrtp_2)
                         -0.08    9.67   library setup time
                                  9.67   data required time
-----------------------------------------------------------------------------
                                  9.67   data required time
                                 -2.48   data arrival time
-----------------------------------------------------------------------------
                                  7.19   slack (MET)


Startpoint: _420_ (rising edge-triggered flip-flop clocked by clk)
Endpoint: _427_ (rising edge-triggered flip-flop clocked by clk)
Path Group: clk
Path Type: max

Fanout     Cap    Slew   Delay    Time   Description
-----------------------------------------------------------------------------
                  0.15    0.00    0.00   clock clk (rise edge)
                          0.00    0.00   clock network delay (ideal)
                  0.15    0.00    0.00 ^ _420_/CLK (sky130_fd_sc_hd__dfrtp_2)
                  0.06    0.47    0.47 v _420_/Q (sky130_fd_sc_hd__dfrtp_2)
     6    0.01                           clk_count[12] (net)
                  0.06    0.00    0.47 v _205_/B (sky130_fd_sc_hd__or4_2)
                  0.11    0.68    1.15 v _205_/X (sky130_fd_sc_hd__or4_2)
     1    0.00                           _097_ (net)
                  0.11    0.00    1.15 v _209_/A (sky130_fd_sc_hd__nor4_2)
                  0.46    0.51    1.66 ^ _209_/Y (sky130_fd_sc_hd__nor4_2)
     4    0.02                           _101_ (net)
                  0.46    0.00    1.66 ^ _217_/C (sky130_fd_sc_hd__nand4_2)
                  0.12    0.16    1.82 v _217_/Y (sky130_fd_sc_hd__nand4_2)
     3    0.00                           _109_ (net)
                  0.12    0.00    1.82 v _218_/A (sky130_fd_sc_hd__buf_1)
                  0.18    0.25    2.07 v _218_/X (sky130_fd_sc_hd__buf_1)
    10    0.03                           _110_ (net)
                  0.18    0.00    2.07 v _291_/S (sky130_fd_sc_hd__mux2_2)
                  0.05    0.32    2.40 v _291_/X (sky130_fd_sc_hd__mux2_2)
     1    0.00                           _154_ (net)
                  0.05    0.00    2.40 v _292_/A (sky130_fd_sc_hd__buf_1)
                  0.02    0.09    2.48 v _292_/X (sky130_fd_sc_hd__buf_1)
     1    0.00                           _067_ (net)
                  0.02    0.00    2.48 v _427_/D (sky130_fd_sc_hd__dfrtp_2)
                                  2.48   data arrival time

                  0.15   10.00   10.00   clock clk (rise edge)
                          0.00   10.00   clock network delay (ideal)
                         -0.25    9.75   clock uncertainty
                          0.00    9.75   clock reconvergence pessimism
                                  9.75 ^ _427_/CLK (sky130_fd_sc_hd__dfrtp_2)
                         -0.08    9.67   library setup time
                                  9.67   data required time
-----------------------------------------------------------------------------
                                  9.67   data required time
                                 -2.48   data arrival time
-----------------------------------------------------------------------------
                                  7.19   slack (MET)


Startpoint: _420_ (rising edge-triggered flip-flop clocked by clk)
Endpoint: _428_ (rising edge-triggered flip-flop clocked by clk)
Path Group: clk
Path Type: max

Fanout     Cap    Slew   Delay    Time   Description
-----------------------------------------------------------------------------
                  0.15    0.00    0.00   clock clk (rise edge)
                          0.00    0.00   clock network delay (ideal)
                  0.15    0.00    0.00 ^ _420_/CLK (sky130_fd_sc_hd__dfrtp_2)
                  0.06    0.47    0.47 v _420_/Q (sky130_fd_sc_hd__dfrtp_2)
     6    0.01                           clk_count[12] (net)
                  0.06    0.00    0.47 v _205_/B (sky130_fd_sc_hd__or4_2)
                  0.11    0.68    1.15 v _205_/X (sky130_fd_sc_hd__or4_2)
     1    0.00                           _097_ (net)
                  0.11    0.00    1.15 v _209_/A (sky130_fd_sc_hd__nor4_2)
                  0.46    0.51    1.66 ^ _209_/Y (sky130_fd_sc_hd__nor4_2)
     4    0.02                           _101_ (net)
                  0.46    0.00    1.66 ^ _217_/C (sky130_fd_sc_hd__nand4_2)
                  0.12    0.16    1.82 v _217_/Y (sky130_fd_sc_hd__nand4_2)
     3    0.00                           _109_ (net)
                  0.12    0.00    1.82 v _218_/A (sky130_fd_sc_hd__buf_1)
                  0.18    0.25    2.07 v _218_/X (sky130_fd_sc_hd__buf_1)
    10    0.03                           _110_ (net)
                  0.18    0.00    2.07 v _289_/S (sky130_fd_sc_hd__mux2_2)
                  0.05    0.32    2.40 v _289_/X (sky130_fd_sc_hd__mux2_2)
     1    0.00                           _153_ (net)
                  0.05    0.00    2.40 v _290_/A (sky130_fd_sc_hd__buf_1)
                  0.02    0.09    2.48 v _290_/X (sky130_fd_sc_hd__buf_1)
     1    0.00                           _068_ (net)
                  0.02    0.00    2.48 v _428_/D (sky130_fd_sc_hd__dfrtp_2)
                                  2.48   data arrival time

                  0.15   10.00   10.00   clock clk (rise edge)
                          0.00   10.00   clock network delay (ideal)
                         -0.25    9.75   clock uncertainty
                          0.00    9.75   clock reconvergence pessimism
                                  9.75 ^ _428_/CLK (sky130_fd_sc_hd__dfrtp_2)
                         -0.08    9.67   library setup time
                                  9.67   data required time
-----------------------------------------------------------------------------
                                  9.67   data required time
                                 -2.48   data arrival time
-----------------------------------------------------------------------------
                                  7.19   slack (MET)


Startpoint: _420_ (rising edge-triggered flip-flop clocked by clk)
Endpoint: _429_ (rising edge-triggered flip-flop clocked by clk)
Path Group: clk
Path Type: max

Fanout     Cap    Slew   Delay    Time   Description
-----------------------------------------------------------------------------
                  0.15    0.00    0.00   clock clk (rise edge)
                          0.00    0.00   clock network delay (ideal)
                  0.15    0.00    0.00 ^ _420_/CLK (sky130_fd_sc_hd__dfrtp_2)
                  0.06    0.47    0.47 v _420_/Q (sky130_fd_sc_hd__dfrtp_2)
     6    0.01                           clk_count[12] (net)
                  0.06    0.00    0.47 v _205_/B (sky130_fd_sc_hd__or4_2)
                  0.11    0.68    1.15 v _205_/X (sky130_fd_sc_hd__or4_2)
     1    0.00                           _097_ (net)
                  0.11    0.00    1.15 v _209_/A (sky130_fd_sc_hd__nor4_2)
                  0.46    0.51    1.66 ^ _209_/Y (sky130_fd_sc_hd__nor4_2)
     4    0.02                           _101_ (net)
                  0.46    0.00    1.66 ^ _217_/C (sky130_fd_sc_hd__nand4_2)
                  0.12    0.16    1.82 v _217_/Y (sky130_fd_sc_hd__nand4_2)
     3    0.00                           _109_ (net)
                  0.12    0.00    1.82 v _218_/A (sky130_fd_sc_hd__buf_1)
                  0.18    0.25    2.07 v _218_/X (sky130_fd_sc_hd__buf_1)
    10    0.03                           _110_ (net)
                  0.18    0.00    2.07 v _287_/S (sky130_fd_sc_hd__mux2_2)
                  0.05    0.32    2.40 v _287_/X (sky130_fd_sc_hd__mux2_2)
     1    0.00                           _152_ (net)
                  0.05    0.00    2.40 v _288_/A (sky130_fd_sc_hd__buf_1)
                  0.02    0.09    2.48 v _288_/X (sky130_fd_sc_hd__buf_1)
     1    0.00                           _069_ (net)
                  0.02    0.00    2.48 v _429_/D (sky130_fd_sc_hd__dfrtp_2)
                                  2.48   data arrival time

                  0.15   10.00   10.00   clock clk (rise edge)
                          0.00   10.00   clock network delay (ideal)
                         -0.25    9.75   clock uncertainty
                          0.00    9.75   clock reconvergence pessimism
                                  9.75 ^ _429_/CLK (sky130_fd_sc_hd__dfrtp_2)
                         -0.08    9.67   library setup time
                                  9.67   data required time
-----------------------------------------------------------------------------
                                  9.67   data required time
                                 -2.48   data arrival time
-----------------------------------------------------------------------------
                                  7.19   slack (MET)


Startpoint: _420_ (rising edge-triggered flip-flop clocked by clk)
Endpoint: _430_ (rising edge-triggered flip-flop clocked by clk)
Path Group: clk
Path Type: max

Fanout     Cap    Slew   Delay    Time   Description
-----------------------------------------------------------------------------
                  0.15    0.00    0.00   clock clk (rise edge)
                          0.00    0.00   clock network delay (ideal)
                  0.15    0.00    0.00 ^ _420_/CLK (sky130_fd_sc_hd__dfrtp_2)
                  0.06    0.47    0.47 v _420_/Q (sky130_fd_sc_hd__dfrtp_2)
     6    0.01                           clk_count[12] (net)
                  0.06    0.00    0.47 v _205_/B (sky130_fd_sc_hd__or4_2)
                  0.11    0.68    1.15 v _205_/X (sky130_fd_sc_hd__or4_2)
     1    0.00                           _097_ (net)
                  0.11    0.00    1.15 v _209_/A (sky130_fd_sc_hd__nor4_2)
                  0.46    0.51    1.66 ^ _209_/Y (sky130_fd_sc_hd__nor4_2)
     4    0.02                           _101_ (net)
                  0.46    0.00    1.66 ^ _217_/C (sky130_fd_sc_hd__nand4_2)
                  0.12    0.16    1.82 v _217_/Y (sky130_fd_sc_hd__nand4_2)
     3    0.00                           _109_ (net)
                  0.12    0.00    1.82 v _218_/A (sky130_fd_sc_hd__buf_1)
                  0.18    0.25    2.07 v _218_/X (sky130_fd_sc_hd__buf_1)
    10    0.03                           _110_ (net)
                  0.18    0.00    2.07 v _285_/S (sky130_fd_sc_hd__mux2_2)
                  0.05    0.32    2.40 v _285_/X (sky130_fd_sc_hd__mux2_2)
     1    0.00                           _151_ (net)
                  0.05    0.00    2.40 v _286_/A (sky130_fd_sc_hd__buf_1)
                  0.02    0.09    2.48 v _286_/X (sky130_fd_sc_hd__buf_1)
     1    0.00                           _070_ (net)
                  0.02    0.00    2.48 v _430_/D (sky130_fd_sc_hd__dfrtp_2)
                                  2.48   data arrival time

                  0.15   10.00   10.00   clock clk (rise edge)
                          0.00   10.00   clock network delay (ideal)
                         -0.25    9.75   clock uncertainty
                          0.00    9.75   clock reconvergence pessimism
                                  9.75 ^ _430_/CLK (sky130_fd_sc_hd__dfrtp_2)
                         -0.08    9.67   library setup time
                                  9.67   data required time
-----------------------------------------------------------------------------
                                  9.67   data required time
                                 -2.48   data arrival time
-----------------------------------------------------------------------------
                                  7.19   slack (MET)


Startpoint: _420_ (rising edge-triggered flip-flop clocked by clk)
Endpoint: _431_ (rising edge-triggered flip-flop clocked by clk)
Path Group: clk
Path Type: max

Fanout     Cap    Slew   Delay    Time   Description
-----------------------------------------------------------------------------
                  0.15    0.00    0.00   clock clk (rise edge)
                          0.00    0.00   clock network delay (ideal)
                  0.15    0.00    0.00 ^ _420_/CLK (sky130_fd_sc_hd__dfrtp_2)
                  0.06    0.47    0.47 v _420_/Q (sky130_fd_sc_hd__dfrtp_2)
     6    0.01                           clk_count[12] (net)
                  0.06    0.00    0.47 v _205_/B (sky130_fd_sc_hd__or4_2)
                  0.11    0.68    1.15 v _205_/X (sky130_fd_sc_hd__or4_2)
     1    0.00                           _097_ (net)
                  0.11    0.00    1.15 v _209_/A (sky130_fd_sc_hd__nor4_2)
                  0.46    0.51    1.66 ^ _209_/Y (sky130_fd_sc_hd__nor4_2)
     4    0.02                           _101_ (net)
                  0.46    0.00    1.66 ^ _217_/C (sky130_fd_sc_hd__nand4_2)
                  0.12    0.16    1.82 v _217_/Y (sky130_fd_sc_hd__nand4_2)
     3    0.00                           _109_ (net)
                  0.12    0.00    1.82 v _218_/A (sky130_fd_sc_hd__buf_1)
                  0.18    0.25    2.07 v _218_/X (sky130_fd_sc_hd__buf_1)
    10    0.03                           _110_ (net)
                  0.18    0.00    2.07 v _283_/S (sky130_fd_sc_hd__mux2_2)
                  0.05    0.32    2.40 v _283_/X (sky130_fd_sc_hd__mux2_2)
     1    0.00                           _150_ (net)
                  0.05    0.00    2.40 v _284_/A (sky130_fd_sc_hd__buf_1)
                  0.02    0.09    2.48 v _284_/X (sky130_fd_sc_hd__buf_1)
     1    0.00                           _071_ (net)
                  0.02    0.00    2.48 v _431_/D (sky130_fd_sc_hd__dfrtp_2)
                                  2.48   data arrival time

                  0.15   10.00   10.00   clock clk (rise edge)
                          0.00   10.00   clock network delay (ideal)
                         -0.25    9.75   clock uncertainty
                          0.00    9.75   clock reconvergence pessimism
                                  9.75 ^ _431_/CLK (sky130_fd_sc_hd__dfrtp_2)
                         -0.08    9.67   library setup time
                                  9.67   data required time
-----------------------------------------------------------------------------
                                  9.67   data required time
                                 -2.48   data arrival time
-----------------------------------------------------------------------------
                                  7.19   slack (MET)


Startpoint: _420_ (rising edge-triggered flip-flop clocked by clk)
Endpoint: _432_ (rising edge-triggered flip-flop clocked by clk)
Path Group: clk
Path Type: max

Fanout     Cap    Slew   Delay    Time   Description
-----------------------------------------------------------------------------
                  0.15    0.00    0.00   clock clk (rise edge)
                          0.00    0.00   clock network delay (ideal)
                  0.15    0.00    0.00 ^ _420_/CLK (sky130_fd_sc_hd__dfrtp_2)
                  0.06    0.47    0.47 v _420_/Q (sky130_fd_sc_hd__dfrtp_2)
     6    0.01                           clk_count[12] (net)
                  0.06    0.00    0.47 v _205_/B (sky130_fd_sc_hd__or4_2)
                  0.11    0.68    1.15 v _205_/X (sky130_fd_sc_hd__or4_2)
     1    0.00                           _097_ (net)
                  0.11    0.00    1.15 v _209_/A (sky130_fd_sc_hd__nor4_2)
                  0.46    0.51    1.66 ^ _209_/Y (sky130_fd_sc_hd__nor4_2)
     4    0.02                           _101_ (net)
                  0.46    0.00    1.66 ^ _217_/C (sky130_fd_sc_hd__nand4_2)
                  0.12    0.16    1.82 v _217_/Y (sky130_fd_sc_hd__nand4_2)
     3    0.00                           _109_ (net)
                  0.12    0.00    1.82 v _218_/A (sky130_fd_sc_hd__buf_1)
                  0.18    0.25    2.07 v _218_/X (sky130_fd_sc_hd__buf_1)
    10    0.03                           _110_ (net)
                  0.18    0.00    2.07 v _281_/S (sky130_fd_sc_hd__mux2_2)
                  0.05    0.32    2.40 v _281_/X (sky130_fd_sc_hd__mux2_2)
     1    0.00                           _149_ (net)
                  0.05    0.00    2.40 v _282_/A (sky130_fd_sc_hd__buf_1)
                  0.02    0.09    2.48 v _282_/X (sky130_fd_sc_hd__buf_1)
     1    0.00                           _072_ (net)
                  0.02    0.00    2.48 v _432_/D (sky130_fd_sc_hd__dfrtp_2)
                                  2.48   data arrival time

                  0.15   10.00   10.00   clock clk (rise edge)
                          0.00   10.00   clock network delay (ideal)
                         -0.25    9.75   clock uncertainty
                          0.00    9.75   clock reconvergence pessimism
                                  9.75 ^ _432_/CLK (sky130_fd_sc_hd__dfrtp_2)
                         -0.08    9.67   library setup time
                                  9.67   data required time
-----------------------------------------------------------------------------
                                  9.67   data required time
                                 -2.48   data arrival time
-----------------------------------------------------------------------------
                                  7.19   slack (MET)


Startpoint: _420_ (rising edge-triggered flip-flop clocked by clk)
Endpoint: _433_ (rising edge-triggered flip-flop clocked by clk)
Path Group: clk
Path Type: max

Fanout     Cap    Slew   Delay    Time   Description
-----------------------------------------------------------------------------
                  0.15    0.00    0.00   clock clk (rise edge)
                          0.00    0.00   clock network delay (ideal)
                  0.15    0.00    0.00 ^ _420_/CLK (sky130_fd_sc_hd__dfrtp_2)
                  0.06    0.47    0.47 v _420_/Q (sky130_fd_sc_hd__dfrtp_2)
     6    0.01                           clk_count[12] (net)
                  0.06    0.00    0.47 v _205_/B (sky130_fd_sc_hd__or4_2)
                  0.11    0.68    1.15 v _205_/X (sky130_fd_sc_hd__or4_2)
     1    0.00                           _097_ (net)
                  0.11    0.00    1.15 v _209_/A (sky130_fd_sc_hd__nor4_2)
                  0.46    0.51    1.66 ^ _209_/Y (sky130_fd_sc_hd__nor4_2)
     4    0.02                           _101_ (net)
                  0.46    0.00    1.66 ^ _217_/C (sky130_fd_sc_hd__nand4_2)
                  0.12    0.16    1.82 v _217_/Y (sky130_fd_sc_hd__nand4_2)
     3    0.00                           _109_ (net)
                  0.12    0.00    1.82 v _218_/A (sky130_fd_sc_hd__buf_1)
                  0.18    0.25    2.07 v _218_/X (sky130_fd_sc_hd__buf_1)
    10    0.03                           _110_ (net)
                  0.18    0.00    2.07 v _279_/S (sky130_fd_sc_hd__mux2_2)
                  0.05    0.32    2.40 v _279_/X (sky130_fd_sc_hd__mux2_2)
     1    0.00                           _148_ (net)
                  0.05    0.00    2.40 v _280_/A (sky130_fd_sc_hd__buf_1)
                  0.02    0.09    2.48 v _280_/X (sky130_fd_sc_hd__buf_1)
     1    0.00                           _073_ (net)
                  0.02    0.00    2.48 v _433_/D (sky130_fd_sc_hd__dfrtp_2)
                                  2.48   data arrival time

                  0.15   10.00   10.00   clock clk (rise edge)
                          0.00   10.00   clock network delay (ideal)
                         -0.25    9.75   clock uncertainty
                          0.00    9.75   clock reconvergence pessimism
                                  9.75 ^ _433_/CLK (sky130_fd_sc_hd__dfrtp_2)
                         -0.08    9.67   library setup time
                                  9.67   data required time
-----------------------------------------------------------------------------
                                  9.67   data required time
                                 -2.48   data arrival time
-----------------------------------------------------------------------------
                                  7.19   slack (MET)


Startpoint: _435_ (rising edge-triggered flip-flop clocked by clk)
Endpoint: sclk (output port clocked by clk)
Path Group: clk
Path Type: max

Fanout     Cap    Slew   Delay    Time   Description
-----------------------------------------------------------------------------
                  0.15    0.00    0.00   clock clk (rise edge)
                          0.00    0.00   clock network delay (ideal)
                  0.15    0.00    0.00 ^ _435_/CLK (sky130_fd_sc_hd__dfrtp_2)
                  0.13    0.55    0.55 v _435_/Q (sky130_fd_sc_hd__dfrtp_2)
     4    0.04                           sclk (net)
                  0.13    0.00    0.55 v sclk (out)
                                  0.55   data arrival time

                  0.15   10.00   10.00   clock clk (rise edge)
                          0.00   10.00   clock network delay (ideal)
                         -0.25    9.75   clock uncertainty
                          0.00    9.75   clock reconvergence pessimism
                         -2.00    7.75   output external delay
                                  7.75   data required time
-----------------------------------------------------------------------------
                                  7.75   data required time
                                 -0.55   data arrival time
-----------------------------------------------------------------------------
                                  7.20   slack (MET)


Startpoint: start (input port clocked by clk)
Endpoint: _408_ (rising edge-triggered flip-flop clocked by clk)
Path Group: clk
Path Type: max

Fanout     Cap    Slew   Delay    Time   Description
-----------------------------------------------------------------------------
                  0.15    0.00    0.00   clock clk (rise edge)
                          0.00    0.00   clock network delay (ideal)
                          2.00    2.00 v input external delay
                  0.02    0.01    2.01 v start (in)
     2    0.01                           start (net)
                  0.02    0.00    2.01 v _237_/B (sky130_fd_sc_hd__nor2_2)
                  0.26    0.22    2.22 ^ _237_/Y (sky130_fd_sc_hd__nor2_2)
     9    0.02                           _125_ (net)
                  0.26    0.00    2.22 ^ _352_/A1 (sky130_fd_sc_hd__mux2_2)
                  0.04    0.21    2.43 ^ _352_/X (sky130_fd_sc_hd__mux2_2)
     1    0.00                           _198_ (net)
                  0.04    0.00    2.43 ^ _353_/A (sky130_fd_sc_hd__buf_1)
                  0.04    0.08    2.51 ^ _353_/X (sky130_fd_sc_hd__buf_1)
     1    0.00                           _050_ (net)
                  0.04    0.00    2.51 ^ _408_/D (sky130_fd_sc_hd__dfrtp_2)
                                  2.51   data arrival time

                  0.15   10.00   10.00   clock clk (rise edge)
                          0.00   10.00   clock network delay (ideal)
                         -0.25    9.75   clock uncertainty
                          0.00    9.75   clock reconvergence pessimism
                                  9.75 ^ _408_/CLK (sky130_fd_sc_hd__dfrtp_2)
                         -0.05    9.70   library setup time
                                  9.70   data required time
-----------------------------------------------------------------------------
                                  9.70   data required time
                                 -2.51   data arrival time
-----------------------------------------------------------------------------
                                  7.20   slack (MET)


Startpoint: _424_ (rising edge-triggered flip-flop clocked by clk)
Endpoint: busy (output port clocked by clk)
Path Group: clk
Path Type: max

Fanout     Cap    Slew   Delay    Time   Description
-----------------------------------------------------------------------------
                  0.15    0.00    0.00   clock clk (rise edge)
                          0.00    0.00   clock network delay (ideal)
                  0.15    0.00    0.00 ^ _424_/CLK (sky130_fd_sc_hd__dfrtp_2)
                  0.13    0.55    0.55 v _424_/Q (sky130_fd_sc_hd__dfrtp_2)
     4    0.04                           busy (net)
                  0.13    0.00    0.55 v busy (out)
                                  0.55   data arrival time

                  0.15   10.00   10.00   clock clk (rise edge)
                          0.00   10.00   clock network delay (ideal)
                         -0.25    9.75   clock uncertainty
                          0.00    9.75   clock reconvergence pessimism
                         -2.00    7.75   output external delay
                                  7.75   data required time
-----------------------------------------------------------------------------
                                  7.75   data required time
                                 -0.55   data arrival time
-----------------------------------------------------------------------------
                                  7.20   slack (MET)


Startpoint: _434_ (rising edge-triggered flip-flop clocked by clk)
Endpoint: mosi (output port clocked by clk)
Path Group: clk
Path Type: max

Fanout     Cap    Slew   Delay    Time   Description
-----------------------------------------------------------------------------
                  0.15    0.00    0.00   clock clk (rise edge)
                          0.00    0.00   clock network delay (ideal)
                  0.15    0.00    0.00 ^ _434_/CLK (sky130_fd_sc_hd__dfrtp_2)
                  0.11    0.53    0.53 v _434_/Q (sky130_fd_sc_hd__dfrtp_2)
     2    0.04                           mosi (net)
                  0.11    0.00    0.53 v mosi (out)
                                  0.53   data arrival time

                  0.15   10.00   10.00   clock clk (rise edge)
                          0.00   10.00   clock network delay (ideal)
                         -0.25    9.75   clock uncertainty
                          0.00    9.75   clock reconvergence pessimism
                         -2.00    7.75   output external delay
                                  7.75   data required time
-----------------------------------------------------------------------------
                                  7.75   data required time
                                 -0.53   data arrival time
-----------------------------------------------------------------------------
                                  7.22   slack (MET)


Startpoint: _426_ (rising edge-triggered flip-flop clocked by clk)
Endpoint: rx_data[0] (output port clocked by clk)
Path Group: clk
Path Type: max

Fanout     Cap    Slew   Delay    Time   Description
-----------------------------------------------------------------------------
                  0.15    0.00    0.00   clock clk (rise edge)
                          0.00    0.00   clock network delay (ideal)
                  0.15    0.00    0.00 ^ _426_/CLK (sky130_fd_sc_hd__dfrtp_2)
                  0.11    0.53    0.53 v _426_/Q (sky130_fd_sc_hd__dfrtp_2)
     2    0.04                           rx_data[0] (net)
                  0.11    0.00    0.53 v rx_data[0] (out)
                                  0.53   data arrival time

                  0.15   10.00   10.00   clock clk (rise edge)
                          0.00   10.00   clock network delay (ideal)
                         -0.25    9.75   clock uncertainty
                          0.00    9.75   clock reconvergence pessimism
                         -2.00    7.75   output external delay
                                  7.75   data required time
-----------------------------------------------------------------------------
                                  7.75   data required time
                                 -0.53   data arrival time
-----------------------------------------------------------------------------
                                  7.22   slack (MET)


Startpoint: _427_ (rising edge-triggered flip-flop clocked by clk)
Endpoint: rx_data[1] (output port clocked by clk)
Path Group: clk
Path Type: max

Fanout     Cap    Slew   Delay    Time   Description
-----------------------------------------------------------------------------
                  0.15    0.00    0.00   clock clk (rise edge)
                          0.00    0.00   clock network delay (ideal)
                  0.15    0.00    0.00 ^ _427_/CLK (sky130_fd_sc_hd__dfrtp_2)
                  0.11    0.53    0.53 v _427_/Q (sky130_fd_sc_hd__dfrtp_2)
     2    0.04                           rx_data[1] (net)
                  0.11    0.00    0.53 v rx_data[1] (out)
                                  0.53   data arrival time

                  0.15   10.00   10.00   clock clk (rise edge)
                          0.00   10.00   clock network delay (ideal)
                         -0.25    9.75   clock uncertainty
                          0.00    9.75   clock reconvergence pessimism
                         -2.00    7.75   output external delay
                                  7.75   data required time
-----------------------------------------------------------------------------
                                  7.75   data required time
                                 -0.53   data arrival time
-----------------------------------------------------------------------------
                                  7.22   slack (MET)


Startpoint: _428_ (rising edge-triggered flip-flop clocked by clk)
Endpoint: rx_data[2] (output port clocked by clk)
Path Group: clk
Path Type: max

Fanout     Cap    Slew   Delay    Time   Description
-----------------------------------------------------------------------------
                  0.15    0.00    0.00   clock clk (rise edge)
                          0.00    0.00   clock network delay (ideal)
                  0.15    0.00    0.00 ^ _428_/CLK (sky130_fd_sc_hd__dfrtp_2)
                  0.11    0.53    0.53 v _428_/Q (sky130_fd_sc_hd__dfrtp_2)
     2    0.04                           rx_data[2] (net)
                  0.11    0.00    0.53 v rx_data[2] (out)
                                  0.53   data arrival time

                  0.15   10.00   10.00   clock clk (rise edge)
                          0.00   10.00   clock network delay (ideal)
                         -0.25    9.75   clock uncertainty
                          0.00    9.75   clock reconvergence pessimism
                         -2.00    7.75   output external delay
                                  7.75   data required time
-----------------------------------------------------------------------------
                                  7.75   data required time
                                 -0.53   data arrival time
-----------------------------------------------------------------------------
                                  7.22   slack (MET)


Startpoint: _429_ (rising edge-triggered flip-flop clocked by clk)
Endpoint: rx_data[3] (output port clocked by clk)
Path Group: clk
Path Type: max

Fanout     Cap    Slew   Delay    Time   Description
-----------------------------------------------------------------------------
                  0.15    0.00    0.00   clock clk (rise edge)
                          0.00    0.00   clock network delay (ideal)
                  0.15    0.00    0.00 ^ _429_/CLK (sky130_fd_sc_hd__dfrtp_2)
                  0.11    0.53    0.53 v _429_/Q (sky130_fd_sc_hd__dfrtp_2)
     2    0.04                           rx_data[3] (net)
                  0.11    0.00    0.53 v rx_data[3] (out)
                                  0.53   data arrival time

                  0.15   10.00   10.00   clock clk (rise edge)
                          0.00   10.00   clock network delay (ideal)
                         -0.25    9.75   clock uncertainty
                          0.00    9.75   clock reconvergence pessimism
                         -2.00    7.75   output external delay
                                  7.75   data required time
-----------------------------------------------------------------------------
                                  7.75   data required time
                                 -0.53   data arrival time
-----------------------------------------------------------------------------
                                  7.22   slack (MET)


Startpoint: _430_ (rising edge-triggered flip-flop clocked by clk)
Endpoint: rx_data[4] (output port clocked by clk)
Path Group: clk
Path Type: max

Fanout     Cap    Slew   Delay    Time   Description
-----------------------------------------------------------------------------
                  0.15    0.00    0.00   clock clk (rise edge)
                          0.00    0.00   clock network delay (ideal)
                  0.15    0.00    0.00 ^ _430_/CLK (sky130_fd_sc_hd__dfrtp_2)
                  0.11    0.53    0.53 v _430_/Q (sky130_fd_sc_hd__dfrtp_2)
     2    0.04                           rx_data[4] (net)
                  0.11    0.00    0.53 v rx_data[4] (out)
                                  0.53   data arrival time

                  0.15   10.00   10.00   clock clk (rise edge)
                          0.00   10.00   clock network delay (ideal)
                         -0.25    9.75   clock uncertainty
                          0.00    9.75   clock reconvergence pessimism
                         -2.00    7.75   output external delay
                                  7.75   data required time
-----------------------------------------------------------------------------
                                  7.75   data required time
                                 -0.53   data arrival time
-----------------------------------------------------------------------------
                                  7.22   slack (MET)


Startpoint: _431_ (rising edge-triggered flip-flop clocked by clk)
Endpoint: rx_data[5] (output port clocked by clk)
Path Group: clk
Path Type: max

Fanout     Cap    Slew   Delay    Time   Description
-----------------------------------------------------------------------------
                  0.15    0.00    0.00   clock clk (rise edge)
                          0.00    0.00   clock network delay (ideal)
                  0.15    0.00    0.00 ^ _431_/CLK (sky130_fd_sc_hd__dfrtp_2)
                  0.11    0.53    0.53 v _431_/Q (sky130_fd_sc_hd__dfrtp_2)
     2    0.04                           rx_data[5] (net)
                  0.11    0.00    0.53 v rx_data[5] (out)
                                  0.53   data arrival time

                  0.15   10.00   10.00   clock clk (rise edge)
                          0.00   10.00   clock network delay (ideal)
                         -0.25    9.75   clock uncertainty
                          0.00    9.75   clock reconvergence pessimism
                         -2.00    7.75   output external delay
                                  7.75   data required time
-----------------------------------------------------------------------------
                                  7.75   data required time
                                 -0.53   data arrival time
-----------------------------------------------------------------------------
                                  7.22   slack (MET)


Startpoint: _432_ (rising edge-triggered flip-flop clocked by clk)
Endpoint: rx_data[6] (output port clocked by clk)
Path Group: clk
Path Type: max

Fanout     Cap    Slew   Delay    Time   Description
-----------------------------------------------------------------------------
                  0.15    0.00    0.00   clock clk (rise edge)
                          0.00    0.00   clock network delay (ideal)
                  0.15    0.00    0.00 ^ _432_/CLK (sky130_fd_sc_hd__dfrtp_2)
                  0.11    0.53    0.53 v _432_/Q (sky130_fd_sc_hd__dfrtp_2)
     2    0.04                           rx_data[6] (net)
                  0.11    0.00    0.53 v rx_data[6] (out)
                                  0.53   data arrival time

                  0.15   10.00   10.00   clock clk (rise edge)
                          0.00   10.00   clock network delay (ideal)
                         -0.25    9.75   clock uncertainty
                          0.00    9.75   clock reconvergence pessimism
                         -2.00    7.75   output external delay
                                  7.75   data required time
-----------------------------------------------------------------------------
                                  7.75   data required time
                                 -0.53   data arrival time
-----------------------------------------------------------------------------
                                  7.22   slack (MET)


Startpoint: _433_ (rising edge-triggered flip-flop clocked by clk)
Endpoint: rx_data[7] (output port clocked by clk)
Path Group: clk
Path Type: max

Fanout     Cap    Slew   Delay    Time   Description
-----------------------------------------------------------------------------
                  0.15    0.00    0.00   clock clk (rise edge)
                          0.00    0.00   clock network delay (ideal)
                  0.15    0.00    0.00 ^ _433_/CLK (sky130_fd_sc_hd__dfrtp_2)
                  0.11    0.53    0.53 v _433_/Q (sky130_fd_sc_hd__dfrtp_2)
     2    0.04                           rx_data[7] (net)
                  0.11    0.00    0.53 v rx_data[7] (out)
                                  0.53   data arrival time

                  0.15   10.00   10.00   clock clk (rise edge)
                          0.00   10.00   clock network delay (ideal)
                         -0.25    9.75   clock uncertainty
                          0.00    9.75   clock reconvergence pessimism
                         -2.00    7.75   output external delay
                                  7.75   data required time
-----------------------------------------------------------------------------
                                  7.75   data required time
                                 -0.53   data arrival time
-----------------------------------------------------------------------------
                                  7.22   slack (MET)


Startpoint: _425_ (rising edge-triggered flip-flop clocked by clk)
Endpoint: done (output port clocked by clk)
Path Group: clk
Path Type: max

Fanout     Cap    Slew   Delay    Time   Description
-----------------------------------------------------------------------------
                  0.15    0.00    0.00   clock clk (rise edge)
                          0.00    0.00   clock network delay (ideal)
                  0.15    0.00    0.00 ^ _425_/CLK (sky130_fd_sc_hd__dfrtp_2)
                  0.11    0.53    0.53 v _425_/Q (sky130_fd_sc_hd__dfrtp_2)
     1    0.03                           done (net)
                  0.11    0.00    0.53 v done (out)
                                  0.53   data arrival time

                  0.15   10.00   10.00   clock clk (rise edge)
                          0.00   10.00   clock network delay (ideal)
                         -0.25    9.75   clock uncertainty
                          0.00    9.75   clock reconvergence pessimism
                         -2.00    7.75   output external delay
                                  7.75   data required time
-----------------------------------------------------------------------------
                                  7.75   data required time
                                 -0.53   data arrival time
-----------------------------------------------------------------------------
                                  7.22   slack (MET)


Startpoint: start (input port clocked by clk)
Endpoint: _411_ (rising edge-triggered flip-flop clocked by clk)
Path Group: clk
Path Type: max

Fanout     Cap    Slew   Delay    Time   Description
-----------------------------------------------------------------------------
                  0.15    0.00    0.00   clock clk (rise edge)
                          0.00    0.00   clock network delay (ideal)
                          2.00    2.00 ^ input external delay
                  0.04    0.02    2.02 ^ start (in)
     2    0.01                           start (net)
                  0.04    0.00    2.02 ^ _237_/B (sky130_fd_sc_hd__nor2_2)
                  0.12    0.06    2.08 v _237_/Y (sky130_fd_sc_hd__nor2_2)
     9    0.02                           _125_ (net)
                  0.12    0.00    2.08 v _346_/A2 (sky130_fd_sc_hd__o31a_2)
                  0.05    0.35    2.43 v _346_/X (sky130_fd_sc_hd__o31a_2)
     1    0.00                           _053_ (net)
                  0.05    0.00    2.43 v _411_/D (sky130_fd_sc_hd__dfrtp_2)
                                  2.43   data arrival time

                  0.15   10.00   10.00   clock clk (rise edge)
                          0.00   10.00   clock network delay (ideal)
                         -0.25    9.75   clock uncertainty
                          0.00    9.75   clock reconvergence pessimism
                                  9.75 ^ _411_/CLK (sky130_fd_sc_hd__dfrtp_2)
                         -0.09    9.66   library setup time
                                  9.66   data required time
-----------------------------------------------------------------------------
                                  9.66   data required time
                                 -2.43   data arrival time
-----------------------------------------------------------------------------
                                  7.22   slack (MET)


Startpoint: start (input port clocked by clk)
Endpoint: _423_ (rising edge-triggered flip-flop clocked by clk)
Path Group: clk
Path Type: max

Fanout     Cap    Slew   Delay    Time   Description
-----------------------------------------------------------------------------
                  0.15    0.00    0.00   clock clk (rise edge)
                          0.00    0.00   clock network delay (ideal)
                          2.00    2.00 ^ input external delay
                  0.04    0.02    2.02 ^ start (in)
     2    0.01                           start (net)
                  0.04    0.00    2.02 ^ _237_/B (sky130_fd_sc_hd__nor2_2)
                  0.12    0.06    2.08 v _237_/Y (sky130_fd_sc_hd__nor2_2)
     9    0.02                           _125_ (net)
                  0.12    0.00    2.08 v _303_/A2 (sky130_fd_sc_hd__o31a_2)
                  0.05    0.35    2.43 v _303_/X (sky130_fd_sc_hd__o31a_2)
     1    0.00                           _065_ (net)
                  0.05    0.00    2.43 v _423_/D (sky130_fd_sc_hd__dfrtp_2)
                                  2.43   data arrival time

                  0.15   10.00   10.00   clock clk (rise edge)
                          0.00   10.00   clock network delay (ideal)
                         -0.25    9.75   clock uncertainty
                          0.00    9.75   clock reconvergence pessimism
                                  9.75 ^ _423_/CLK (sky130_fd_sc_hd__dfrtp_2)
                         -0.09    9.66   library setup time
                                  9.66   data required time
-----------------------------------------------------------------------------
                                  9.66   data required time
                                 -2.43   data arrival time
-----------------------------------------------------------------------------
                                  7.22   slack (MET)


Startpoint: rst (input port clocked by clk)
Endpoint: _408_ (recovery check against rising-edge clock clk)
Path Group: asynchronous
Path Type: max

Fanout     Cap    Slew   Delay    Time   Description
-----------------------------------------------------------------------------
                  0.15    0.00    0.00   clock clk (rise edge)
                          0.00    0.00   clock network delay (ideal)
                          2.00    2.00 v input external delay
                  0.02    0.01    2.01 v rst (in)
     3    0.01                           rst (net)
                  0.02    0.00    2.01 v _355_/A (sky130_fd_sc_hd__buf_1)
                  0.22    0.24    2.25 v _355_/X (sky130_fd_sc_hd__buf_1)
    10    0.04                           _199_ (net)
                  0.22    0.00    2.25 v _356_/A (sky130_fd_sc_hd__buf_1)
                  0.25    0.34    2.59 v _356_/X (sky130_fd_sc_hd__buf_1)
    10    0.04                           _200_ (net)
                  0.25    0.00    2.59 v _357_/A (sky130_fd_sc_hd__inv_2)
                  0.06    0.10    2.69 ^ _357_/Y (sky130_fd_sc_hd__inv_2)
     1    0.00                           _002_ (net)
                  0.06    0.00    2.69 ^ _408_/RESET_B (sky130_fd_sc_hd__dfrtp_2)
                                  2.69   data arrival time

                  0.15   10.00   10.00   clock clk (rise edge)
                          0.00   10.00   clock network delay (ideal)
                         -0.25    9.75   clock uncertainty
                          0.00    9.75   clock reconvergence pessimism
                                  9.75 ^ _408_/CLK (sky130_fd_sc_hd__dfrtp_2)
                          0.25   10.00   library recovery time
                                 10.00   data required time
-----------------------------------------------------------------------------
                                 10.00   data required time
                                 -2.69   data arrival time
-----------------------------------------------------------------------------
                                  7.30   slack (MET)


Startpoint: rst (input port clocked by clk)
Endpoint: _409_ (recovery check against rising-edge clock clk)
Path Group: asynchronous
Path Type: max

Fanout     Cap    Slew   Delay    Time   Description
-----------------------------------------------------------------------------
                  0.15    0.00    0.00   clock clk (rise edge)
                          0.00    0.00   clock network delay (ideal)
                          2.00    2.00 v input external delay
                  0.02    0.01    2.01 v rst (in)
     3    0.01                           rst (net)
                  0.02    0.00    2.01 v _355_/A (sky130_fd_sc_hd__buf_1)
                  0.22    0.24    2.25 v _355_/X (sky130_fd_sc_hd__buf_1)
    10    0.04                           _199_ (net)
                  0.22    0.00    2.25 v _356_/A (sky130_fd_sc_hd__buf_1)
                  0.25    0.34    2.59 v _356_/X (sky130_fd_sc_hd__buf_1)
    10    0.04                           _200_ (net)
                  0.25    0.00    2.59 v _358_/A (sky130_fd_sc_hd__inv_2)
                  0.06    0.10    2.69 ^ _358_/Y (sky130_fd_sc_hd__inv_2)
     1    0.00                           _003_ (net)
                  0.06    0.00    2.69 ^ _409_/RESET_B (sky130_fd_sc_hd__dfrtp_2)
                                  2.69   data arrival time

                  0.15   10.00   10.00   clock clk (rise edge)
                          0.00   10.00   clock network delay (ideal)
                         -0.25    9.75   clock uncertainty
                          0.00    9.75   clock reconvergence pessimism
                                  9.75 ^ _409_/CLK (sky130_fd_sc_hd__dfrtp_2)
                          0.25   10.00   library recovery time
                                 10.00   data required time
-----------------------------------------------------------------------------
                                 10.00   data required time
                                 -2.69   data arrival time
-----------------------------------------------------------------------------
                                  7.30   slack (MET)


Startpoint: rst (input port clocked by clk)
Endpoint: _410_ (recovery check against rising-edge clock clk)
Path Group: asynchronous
Path Type: max

Fanout     Cap    Slew   Delay    Time   Description
-----------------------------------------------------------------------------
                  0.15    0.00    0.00   clock clk (rise edge)
                          0.00    0.00   clock network delay (ideal)
                          2.00    2.00 v input external delay
                  0.02    0.01    2.01 v rst (in)
     3    0.01                           rst (net)
                  0.02    0.00    2.01 v _355_/A (sky130_fd_sc_hd__buf_1)
                  0.22    0.24    2.25 v _355_/X (sky130_fd_sc_hd__buf_1)
    10    0.04                           _199_ (net)
                  0.22    0.00    2.25 v _356_/A (sky130_fd_sc_hd__buf_1)
                  0.25    0.34    2.59 v _356_/X (sky130_fd_sc_hd__buf_1)
    10    0.04                           _200_ (net)
                  0.25    0.00    2.59 v _359_/A (sky130_fd_sc_hd__inv_2)
                  0.06    0.10    2.69 ^ _359_/Y (sky130_fd_sc_hd__inv_2)
     1    0.00                           _004_ (net)
                  0.06    0.00    2.69 ^ _410_/RESET_B (sky130_fd_sc_hd__dfrtp_2)
                                  2.69   data arrival time

                  0.15   10.00   10.00   clock clk (rise edge)
                          0.00   10.00   clock network delay (ideal)
                         -0.25    9.75   clock uncertainty
                          0.00    9.75   clock reconvergence pessimism
                                  9.75 ^ _410_/CLK (sky130_fd_sc_hd__dfrtp_2)
                          0.25   10.00   library recovery time
                                 10.00   data required time
-----------------------------------------------------------------------------
                                 10.00   data required time
                                 -2.69   data arrival time
-----------------------------------------------------------------------------
                                  7.30   slack (MET)


Startpoint: rst (input port clocked by clk)
Endpoint: _411_ (recovery check against rising-edge clock clk)
Path Group: asynchronous
Path Type: max

Fanout     Cap    Slew   Delay    Time   Description
-----------------------------------------------------------------------------
                  0.15    0.00    0.00   clock clk (rise edge)
                          0.00    0.00   clock network delay (ideal)
                          2.00    2.00 v input external delay
                  0.02    0.01    2.01 v rst (in)
     3    0.01                           rst (net)
                  0.02    0.00    2.01 v _355_/A (sky130_fd_sc_hd__buf_1)
                  0.22    0.24    2.25 v _355_/X (sky130_fd_sc_hd__buf_1)
    10    0.04                           _199_ (net)
                  0.22    0.00    2.25 v _356_/A (sky130_fd_sc_hd__buf_1)
                  0.25    0.34    2.59 v _356_/X (sky130_fd_sc_hd__buf_1)
    10    0.04                           _200_ (net)
                  0.25    0.00    2.59 v _360_/A (sky130_fd_sc_hd__inv_2)
                  0.06    0.10    2.69 ^ _360_/Y (sky130_fd_sc_hd__inv_2)
     1    0.00                           _005_ (net)
                  0.06    0.00    2.69 ^ _411_/RESET_B (sky130_fd_sc_hd__dfrtp_2)
                                  2.69   data arrival time

                  0.15   10.00   10.00   clock clk (rise edge)
                          0.00   10.00   clock network delay (ideal)
                         -0.25    9.75   clock uncertainty
                          0.00    9.75   clock reconvergence pessimism
                                  9.75 ^ _411_/CLK (sky130_fd_sc_hd__dfrtp_2)
                          0.25   10.00   library recovery time
                                 10.00   data required time
-----------------------------------------------------------------------------
                                 10.00   data required time
                                 -2.69   data arrival time
-----------------------------------------------------------------------------
                                  7.30   slack (MET)


Startpoint: rst (input port clocked by clk)
Endpoint: _412_ (recovery check against rising-edge clock clk)
Path Group: asynchronous
Path Type: max

Fanout     Cap    Slew   Delay    Time   Description
-----------------------------------------------------------------------------
                  0.15    0.00    0.00   clock clk (rise edge)
                          0.00    0.00   clock network delay (ideal)
                          2.00    2.00 v input external delay
                  0.02    0.01    2.01 v rst (in)
     3    0.01                           rst (net)
                  0.02    0.00    2.01 v _355_/A (sky130_fd_sc_hd__buf_1)
                  0.22    0.24    2.25 v _355_/X (sky130_fd_sc_hd__buf_1)
    10    0.04                           _199_ (net)
                  0.22    0.00    2.25 v _356_/A (sky130_fd_sc_hd__buf_1)
                  0.25    0.34    2.59 v _356_/X (sky130_fd_sc_hd__buf_1)
    10    0.04                           _200_ (net)
                  0.25    0.00    2.59 v _361_/A (sky130_fd_sc_hd__inv_2)
                  0.06    0.10    2.69 ^ _361_/Y (sky130_fd_sc_hd__inv_2)
     1    0.00                           _006_ (net)
                  0.06    0.00    2.69 ^ _412_/RESET_B (sky130_fd_sc_hd__dfrtp_2)
                                  2.69   data arrival time

                  0.15   10.00   10.00   clock clk (rise edge)
                          0.00   10.00   clock network delay (ideal)
                         -0.25    9.75   clock uncertainty
                          0.00    9.75   clock reconvergence pessimism
                                  9.75 ^ _412_/CLK (sky130_fd_sc_hd__dfrtp_2)
                          0.25   10.00   library recovery time
                                 10.00   data required time
-----------------------------------------------------------------------------
                                 10.00   data required time
                                 -2.69   data arrival time
-----------------------------------------------------------------------------
                                  7.30   slack (MET)


Startpoint: rst (input port clocked by clk)
Endpoint: _413_ (recovery check against rising-edge clock clk)
Path Group: asynchronous
Path Type: max

Fanout     Cap    Slew   Delay    Time   Description
-----------------------------------------------------------------------------
                  0.15    0.00    0.00   clock clk (rise edge)
                          0.00    0.00   clock network delay (ideal)
                          2.00    2.00 v input external delay
                  0.02    0.01    2.01 v rst (in)
     3    0.01                           rst (net)
                  0.02    0.00    2.01 v _355_/A (sky130_fd_sc_hd__buf_1)
                  0.22    0.24    2.25 v _355_/X (sky130_fd_sc_hd__buf_1)
    10    0.04                           _199_ (net)
                  0.22    0.00    2.25 v _356_/A (sky130_fd_sc_hd__buf_1)
                  0.25    0.34    2.59 v _356_/X (sky130_fd_sc_hd__buf_1)
    10    0.04                           _200_ (net)
                  0.25    0.00    2.59 v _362_/A (sky130_fd_sc_hd__inv_2)
                  0.06    0.10    2.69 ^ _362_/Y (sky130_fd_sc_hd__inv_2)
     1    0.00                           _007_ (net)
                  0.06    0.00    2.69 ^ _413_/RESET_B (sky130_fd_sc_hd__dfrtp_2)
                                  2.69   data arrival time

                  0.15   10.00   10.00   clock clk (rise edge)
                          0.00   10.00   clock network delay (ideal)
                         -0.25    9.75   clock uncertainty
                          0.00    9.75   clock reconvergence pessimism
                                  9.75 ^ _413_/CLK (sky130_fd_sc_hd__dfrtp_2)
                          0.25   10.00   library recovery time
                                 10.00   data required time
-----------------------------------------------------------------------------
                                 10.00   data required time
                                 -2.69   data arrival time
-----------------------------------------------------------------------------
                                  7.30   slack (MET)


Startpoint: rst (input port clocked by clk)
Endpoint: _414_ (recovery check against rising-edge clock clk)
Path Group: asynchronous
Path Type: max

Fanout     Cap    Slew   Delay    Time   Description
-----------------------------------------------------------------------------
                  0.15    0.00    0.00   clock clk (rise edge)
                          0.00    0.00   clock network delay (ideal)
                          2.00    2.00 v input external delay
                  0.02    0.01    2.01 v rst (in)
     3    0.01                           rst (net)
                  0.02    0.00    2.01 v _355_/A (sky130_fd_sc_hd__buf_1)
                  0.22    0.24    2.25 v _355_/X (sky130_fd_sc_hd__buf_1)
    10    0.04                           _199_ (net)
                  0.22    0.00    2.25 v _356_/A (sky130_fd_sc_hd__buf_1)
                  0.25    0.34    2.59 v _356_/X (sky130_fd_sc_hd__buf_1)
    10    0.04                           _200_ (net)
                  0.25    0.00    2.59 v _363_/A (sky130_fd_sc_hd__inv_2)
                  0.06    0.10    2.69 ^ _363_/Y (sky130_fd_sc_hd__inv_2)
     1    0.00                           _008_ (net)
                  0.06    0.00    2.69 ^ _414_/RESET_B (sky130_fd_sc_hd__dfrtp_2)
                                  2.69   data arrival time

                  0.15   10.00   10.00   clock clk (rise edge)
                          0.00   10.00   clock network delay (ideal)
                         -0.25    9.75   clock uncertainty
                          0.00    9.75   clock reconvergence pessimism
                                  9.75 ^ _414_/CLK (sky130_fd_sc_hd__dfrtp_2)
                          0.25   10.00   library recovery time
                                 10.00   data required time
-----------------------------------------------------------------------------
                                 10.00   data required time
                                 -2.69   data arrival time
-----------------------------------------------------------------------------
                                  7.30   slack (MET)


Startpoint: rst (input port clocked by clk)
Endpoint: _415_ (recovery check against rising-edge clock clk)
Path Group: asynchronous
Path Type: max

Fanout     Cap    Slew   Delay    Time   Description
-----------------------------------------------------------------------------
                  0.15    0.00    0.00   clock clk (rise edge)
                          0.00    0.00   clock network delay (ideal)
                          2.00    2.00 v input external delay
                  0.02    0.01    2.01 v rst (in)
     3    0.01                           rst (net)
                  0.02    0.00    2.01 v _355_/A (sky130_fd_sc_hd__buf_1)
                  0.22    0.24    2.25 v _355_/X (sky130_fd_sc_hd__buf_1)
    10    0.04                           _199_ (net)
                  0.22    0.00    2.25 v _356_/A (sky130_fd_sc_hd__buf_1)
                  0.25    0.34    2.59 v _356_/X (sky130_fd_sc_hd__buf_1)
    10    0.04                           _200_ (net)
                  0.25    0.00    2.59 v _364_/A (sky130_fd_sc_hd__inv_2)
                  0.06    0.10    2.69 ^ _364_/Y (sky130_fd_sc_hd__inv_2)
     1    0.00                           _009_ (net)
                  0.06    0.00    2.69 ^ _415_/RESET_B (sky130_fd_sc_hd__dfrtp_2)
                                  2.69   data arrival time

                  0.15   10.00   10.00   clock clk (rise edge)
                          0.00   10.00   clock network delay (ideal)
                         -0.25    9.75   clock uncertainty
                          0.00    9.75   clock reconvergence pessimism
                                  9.75 ^ _415_/CLK (sky130_fd_sc_hd__dfrtp_2)
                          0.25   10.00   library recovery time
                                 10.00   data required time
-----------------------------------------------------------------------------
                                 10.00   data required time
                                 -2.69   data arrival time
-----------------------------------------------------------------------------
                                  7.30   slack (MET)


Startpoint: rst (input port clocked by clk)
Endpoint: _416_ (recovery check against rising-edge clock clk)
Path Group: asynchronous
Path Type: max

Fanout     Cap    Slew   Delay    Time   Description
-----------------------------------------------------------------------------
                  0.15    0.00    0.00   clock clk (rise edge)
                          0.00    0.00   clock network delay (ideal)
                          2.00    2.00 v input external delay
                  0.02    0.01    2.01 v rst (in)
     3    0.01                           rst (net)
                  0.02    0.00    2.01 v _355_/A (sky130_fd_sc_hd__buf_1)
                  0.22    0.24    2.25 v _355_/X (sky130_fd_sc_hd__buf_1)
    10    0.04                           _199_ (net)
                  0.22    0.00    2.25 v _356_/A (sky130_fd_sc_hd__buf_1)
                  0.25    0.34    2.59 v _356_/X (sky130_fd_sc_hd__buf_1)
    10    0.04                           _200_ (net)
                  0.25    0.00    2.59 v _365_/A (sky130_fd_sc_hd__inv_2)
                  0.06    0.10    2.69 ^ _365_/Y (sky130_fd_sc_hd__inv_2)
     1    0.00                           _010_ (net)
                  0.06    0.00    2.69 ^ _416_/RESET_B (sky130_fd_sc_hd__dfrtp_2)
                                  2.69   data arrival time

                  0.15   10.00   10.00   clock clk (rise edge)
                          0.00   10.00   clock network delay (ideal)
                         -0.25    9.75   clock uncertainty
                          0.00    9.75   clock reconvergence pessimism
                                  9.75 ^ _416_/CLK (sky130_fd_sc_hd__dfrtp_2)
                          0.25   10.00   library recovery time
                                 10.00   data required time
-----------------------------------------------------------------------------
                                 10.00   data required time
                                 -2.69   data arrival time
-----------------------------------------------------------------------------
                                  7.30   slack (MET)


Startpoint: rst (input port clocked by clk)
Endpoint: _417_ (recovery check against rising-edge clock clk)
Path Group: asynchronous
Path Type: max

Fanout     Cap    Slew   Delay    Time   Description
-----------------------------------------------------------------------------
                  0.15    0.00    0.00   clock clk (rise edge)
                          0.00    0.00   clock network delay (ideal)
                          2.00    2.00 v input external delay
                  0.02    0.01    2.01 v rst (in)
     3    0.01                           rst (net)
                  0.02    0.00    2.01 v _355_/A (sky130_fd_sc_hd__buf_1)
                  0.22    0.24    2.25 v _355_/X (sky130_fd_sc_hd__buf_1)
    10    0.04                           _199_ (net)
                  0.22    0.00    2.25 v _356_/A (sky130_fd_sc_hd__buf_1)
                  0.25    0.34    2.59 v _356_/X (sky130_fd_sc_hd__buf_1)
    10    0.04                           _200_ (net)
                  0.25    0.00    2.59 v _366_/A (sky130_fd_sc_hd__inv_2)
                  0.06    0.10    2.69 ^ _366_/Y (sky130_fd_sc_hd__inv_2)
     1    0.00                           _011_ (net)
                  0.06    0.00    2.69 ^ _417_/RESET_B (sky130_fd_sc_hd__dfrtp_2)
                                  2.69   data arrival time

                  0.15   10.00   10.00   clock clk (rise edge)
                          0.00   10.00   clock network delay (ideal)
                         -0.25    9.75   clock uncertainty
                          0.00    9.75   clock reconvergence pessimism
                                  9.75 ^ _417_/CLK (sky130_fd_sc_hd__dfrtp_2)
                          0.25   10.00   library recovery time
                                 10.00   data required time
-----------------------------------------------------------------------------
                                 10.00   data required time
                                 -2.69   data arrival time
-----------------------------------------------------------------------------
                                  7.30   slack (MET)


Startpoint: rst (input port clocked by clk)
Endpoint: _418_ (recovery check against rising-edge clock clk)
Path Group: asynchronous
Path Type: max

Fanout     Cap    Slew   Delay    Time   Description
-----------------------------------------------------------------------------
                  0.15    0.00    0.00   clock clk (rise edge)
                          0.00    0.00   clock network delay (ideal)
                          2.00    2.00 v input external delay
                  0.02    0.01    2.01 v rst (in)
     3    0.01                           rst (net)
                  0.02    0.00    2.01 v _355_/A (sky130_fd_sc_hd__buf_1)
                  0.22    0.24    2.25 v _355_/X (sky130_fd_sc_hd__buf_1)
    10    0.04                           _199_ (net)
                  0.22    0.00    2.25 v _367_/A (sky130_fd_sc_hd__buf_1)
                  0.25    0.34    2.59 v _367_/X (sky130_fd_sc_hd__buf_1)
    10    0.04                           _201_ (net)
                  0.25    0.00    2.59 v _368_/A (sky130_fd_sc_hd__inv_2)
                  0.06    0.10    2.69 ^ _368_/Y (sky130_fd_sc_hd__inv_2)
     1    0.00                           _012_ (net)
                  0.06    0.00    2.69 ^ _418_/RESET_B (sky130_fd_sc_hd__dfrtp_2)
                                  2.69   data arrival time

                  0.15   10.00   10.00   clock clk (rise edge)
                          0.00   10.00   clock network delay (ideal)
                         -0.25    9.75   clock uncertainty
                          0.00    9.75   clock reconvergence pessimism
                                  9.75 ^ _418_/CLK (sky130_fd_sc_hd__dfrtp_2)
                          0.25   10.00   library recovery time
                                 10.00   data required time
-----------------------------------------------------------------------------
                                 10.00   data required time
                                 -2.69   data arrival time
-----------------------------------------------------------------------------
                                  7.30   slack (MET)


Startpoint: rst (input port clocked by clk)
Endpoint: _419_ (recovery check against rising-edge clock clk)
Path Group: asynchronous
Path Type: max

Fanout     Cap    Slew   Delay    Time   Description
-----------------------------------------------------------------------------
                  0.15    0.00    0.00   clock clk (rise edge)
                          0.00    0.00   clock network delay (ideal)
                          2.00    2.00 v input external delay
                  0.02    0.01    2.01 v rst (in)
     3    0.01                           rst (net)
                  0.02    0.00    2.01 v _355_/A (sky130_fd_sc_hd__buf_1)
                  0.22    0.24    2.25 v _355_/X (sky130_fd_sc_hd__buf_1)
    10    0.04                           _199_ (net)
                  0.22    0.00    2.25 v _367_/A (sky130_fd_sc_hd__buf_1)
                  0.25    0.34    2.59 v _367_/X (sky130_fd_sc_hd__buf_1)
    10    0.04                           _201_ (net)
                  0.25    0.00    2.59 v _369_/A (sky130_fd_sc_hd__inv_2)
                  0.06    0.10    2.69 ^ _369_/Y (sky130_fd_sc_hd__inv_2)
     1    0.00                           _013_ (net)
                  0.06    0.00    2.69 ^ _419_/RESET_B (sky130_fd_sc_hd__dfrtp_2)
                                  2.69   data arrival time

                  0.15   10.00   10.00   clock clk (rise edge)
                          0.00   10.00   clock network delay (ideal)
                         -0.25    9.75   clock uncertainty
                          0.00    9.75   clock reconvergence pessimism
                                  9.75 ^ _419_/CLK (sky130_fd_sc_hd__dfrtp_2)
                          0.25   10.00   library recovery time
                                 10.00   data required time
-----------------------------------------------------------------------------
                                 10.00   data required time
                                 -2.69   data arrival time
-----------------------------------------------------------------------------
                                  7.30   slack (MET)


Startpoint: rst (input port clocked by clk)
Endpoint: _420_ (recovery check against rising-edge clock clk)
Path Group: asynchronous
Path Type: max

Fanout     Cap    Slew   Delay    Time   Description
-----------------------------------------------------------------------------
                  0.15    0.00    0.00   clock clk (rise edge)
                          0.00    0.00   clock network delay (ideal)
                          2.00    2.00 v input external delay
                  0.02    0.01    2.01 v rst (in)
     3    0.01                           rst (net)
                  0.02    0.00    2.01 v _355_/A (sky130_fd_sc_hd__buf_1)
                  0.22    0.24    2.25 v _355_/X (sky130_fd_sc_hd__buf_1)
    10    0.04                           _199_ (net)
                  0.22    0.00    2.25 v _367_/A (sky130_fd_sc_hd__buf_1)
                  0.25    0.34    2.59 v _367_/X (sky130_fd_sc_hd__buf_1)
    10    0.04                           _201_ (net)
                  0.25    0.00    2.59 v _370_/A (sky130_fd_sc_hd__inv_2)
                  0.06    0.10    2.69 ^ _370_/Y (sky130_fd_sc_hd__inv_2)
     1    0.00                           _014_ (net)
                  0.06    0.00    2.69 ^ _420_/RESET_B (sky130_fd_sc_hd__dfrtp_2)
                                  2.69   data arrival time

                  0.15   10.00   10.00   clock clk (rise edge)
                          0.00   10.00   clock network delay (ideal)
                         -0.25    9.75   clock uncertainty
                          0.00    9.75   clock reconvergence pessimism
                                  9.75 ^ _420_/CLK (sky130_fd_sc_hd__dfrtp_2)
                          0.25   10.00   library recovery time
                                 10.00   data required time
-----------------------------------------------------------------------------
                                 10.00   data required time
                                 -2.69   data arrival time
-----------------------------------------------------------------------------
                                  7.30   slack (MET)


Startpoint: rst (input port clocked by clk)
Endpoint: _421_ (recovery check against rising-edge clock clk)
Path Group: asynchronous
Path Type: max

Fanout     Cap    Slew   Delay    Time   Description
-----------------------------------------------------------------------------
                  0.15    0.00    0.00   clock clk (rise edge)
                          0.00    0.00   clock network delay (ideal)
                          2.00    2.00 v input external delay
                  0.02    0.01    2.01 v rst (in)
     3    0.01                           rst (net)
                  0.02    0.00    2.01 v _355_/A (sky130_fd_sc_hd__buf_1)
                  0.22    0.24    2.25 v _355_/X (sky130_fd_sc_hd__buf_1)
    10    0.04                           _199_ (net)
                  0.22    0.00    2.25 v _367_/A (sky130_fd_sc_hd__buf_1)
                  0.25    0.34    2.59 v _367_/X (sky130_fd_sc_hd__buf_1)
    10    0.04                           _201_ (net)
                  0.25    0.00    2.59 v _371_/A (sky130_fd_sc_hd__inv_2)
                  0.06    0.10    2.69 ^ _371_/Y (sky130_fd_sc_hd__inv_2)
     1    0.00                           _015_ (net)
                  0.06    0.00    2.69 ^ _421_/RESET_B (sky130_fd_sc_hd__dfrtp_2)
                                  2.69   data arrival time

                  0.15   10.00   10.00   clock clk (rise edge)
                          0.00   10.00   clock network delay (ideal)
                         -0.25    9.75   clock uncertainty
                          0.00    9.75   clock reconvergence pessimism
                                  9.75 ^ _421_/CLK (sky130_fd_sc_hd__dfrtp_2)
                          0.25   10.00   library recovery time
                                 10.00   data required time
-----------------------------------------------------------------------------
                                 10.00   data required time
                                 -2.69   data arrival time
-----------------------------------------------------------------------------
                                  7.30   slack (MET)


Startpoint: rst (input port clocked by clk)
Endpoint: _422_ (recovery check against rising-edge clock clk)
Path Group: asynchronous
Path Type: max

Fanout     Cap    Slew   Delay    Time   Description
-----------------------------------------------------------------------------
                  0.15    0.00    0.00   clock clk (rise edge)
                          0.00    0.00   clock network delay (ideal)
                          2.00    2.00 v input external delay
                  0.02    0.01    2.01 v rst (in)
     3    0.01                           rst (net)
                  0.02    0.00    2.01 v _355_/A (sky130_fd_sc_hd__buf_1)
                  0.22    0.24    2.25 v _355_/X (sky130_fd_sc_hd__buf_1)
    10    0.04                           _199_ (net)
                  0.22    0.00    2.25 v _367_/A (sky130_fd_sc_hd__buf_1)
                  0.25    0.34    2.59 v _367_/X (sky130_fd_sc_hd__buf_1)
    10    0.04                           _201_ (net)
                  0.25    0.00    2.59 v _372_/A (sky130_fd_sc_hd__inv_2)
                  0.06    0.10    2.69 ^ _372_/Y (sky130_fd_sc_hd__inv_2)
     1    0.00                           _016_ (net)
                  0.06    0.00    2.69 ^ _422_/RESET_B (sky130_fd_sc_hd__dfrtp_2)
                                  2.69   data arrival time

                  0.15   10.00   10.00   clock clk (rise edge)
                          0.00   10.00   clock network delay (ideal)
                         -0.25    9.75   clock uncertainty
                          0.00    9.75   clock reconvergence pessimism
                                  9.75 ^ _422_/CLK (sky130_fd_sc_hd__dfrtp_2)
                          0.25   10.00   library recovery time
                                 10.00   data required time
-----------------------------------------------------------------------------
                                 10.00   data required time
                                 -2.69   data arrival time
-----------------------------------------------------------------------------
                                  7.30   slack (MET)


Startpoint: rst (input port clocked by clk)
Endpoint: _423_ (recovery check against rising-edge clock clk)
Path Group: asynchronous
Path Type: max

Fanout     Cap    Slew   Delay    Time   Description
-----------------------------------------------------------------------------
                  0.15    0.00    0.00   clock clk (rise edge)
                          0.00    0.00   clock network delay (ideal)
                          2.00    2.00 v input external delay
                  0.02    0.01    2.01 v rst (in)
     3    0.01                           rst (net)
                  0.02    0.00    2.01 v _355_/A (sky130_fd_sc_hd__buf_1)
                  0.22    0.24    2.25 v _355_/X (sky130_fd_sc_hd__buf_1)
    10    0.04                           _199_ (net)
                  0.22    0.00    2.25 v _367_/A (sky130_fd_sc_hd__buf_1)
                  0.25    0.34    2.59 v _367_/X (sky130_fd_sc_hd__buf_1)
    10    0.04                           _201_ (net)
                  0.25    0.00    2.59 v _373_/A (sky130_fd_sc_hd__inv_2)
                  0.06    0.10    2.69 ^ _373_/Y (sky130_fd_sc_hd__inv_2)
     1    0.00                           _017_ (net)
                  0.06    0.00    2.69 ^ _423_/RESET_B (sky130_fd_sc_hd__dfrtp_2)
                                  2.69   data arrival time

                  0.15   10.00   10.00   clock clk (rise edge)
                          0.00   10.00   clock network delay (ideal)
                         -0.25    9.75   clock uncertainty
                          0.00    9.75   clock reconvergence pessimism
                                  9.75 ^ _423_/CLK (sky130_fd_sc_hd__dfrtp_2)
                          0.25   10.00   library recovery time
                                 10.00   data required time
-----------------------------------------------------------------------------
                                 10.00   data required time
                                 -2.69   data arrival time
-----------------------------------------------------------------------------
                                  7.30   slack (MET)


Startpoint: rst (input port clocked by clk)
Endpoint: _424_ (recovery check against rising-edge clock clk)
Path Group: asynchronous
Path Type: max

Fanout     Cap    Slew   Delay    Time   Description
-----------------------------------------------------------------------------
                  0.15    0.00    0.00   clock clk (rise edge)
                          0.00    0.00   clock network delay (ideal)
                          2.00    2.00 v input external delay
                  0.02    0.01    2.01 v rst (in)
     3    0.01                           rst (net)
                  0.02    0.00    2.01 v _355_/A (sky130_fd_sc_hd__buf_1)
                  0.22    0.24    2.25 v _355_/X (sky130_fd_sc_hd__buf_1)
    10    0.04                           _199_ (net)
                  0.22    0.00    2.25 v _367_/A (sky130_fd_sc_hd__buf_1)
                  0.25    0.34    2.59 v _367_/X (sky130_fd_sc_hd__buf_1)
    10    0.04                           _201_ (net)
                  0.25    0.00    2.59 v _374_/A (sky130_fd_sc_hd__inv_2)
                  0.06    0.10    2.69 ^ _374_/Y (sky130_fd_sc_hd__inv_2)
     1    0.00                           _018_ (net)
                  0.06    0.00    2.69 ^ _424_/RESET_B (sky130_fd_sc_hd__dfrtp_2)
                                  2.69   data arrival time

                  0.15   10.00   10.00   clock clk (rise edge)
                          0.00   10.00   clock network delay (ideal)
                         -0.25    9.75   clock uncertainty
                          0.00    9.75   clock reconvergence pessimism
                                  9.75 ^ _424_/CLK (sky130_fd_sc_hd__dfrtp_2)
                          0.25   10.00   library recovery time
                                 10.00   data required time
-----------------------------------------------------------------------------
                                 10.00   data required time
                                 -2.69   data arrival time
-----------------------------------------------------------------------------
                                  7.30   slack (MET)


Startpoint: rst (input port clocked by clk)
Endpoint: _425_ (recovery check against rising-edge clock clk)
Path Group: asynchronous
Path Type: max

Fanout     Cap    Slew   Delay    Time   Description
-----------------------------------------------------------------------------
                  0.15    0.00    0.00   clock clk (rise edge)
                          0.00    0.00   clock network delay (ideal)
                          2.00    2.00 v input external delay
                  0.02    0.01    2.01 v rst (in)
     3    0.01                           rst (net)
                  0.02    0.00    2.01 v _355_/A (sky130_fd_sc_hd__buf_1)
                  0.22    0.24    2.25 v _355_/X (sky130_fd_sc_hd__buf_1)
    10    0.04                           _199_ (net)
                  0.22    0.00    2.25 v _367_/A (sky130_fd_sc_hd__buf_1)
                  0.25    0.34    2.59 v _367_/X (sky130_fd_sc_hd__buf_1)
    10    0.04                           _201_ (net)
                  0.25    0.00    2.59 v _375_/A (sky130_fd_sc_hd__inv_2)
                  0.06    0.10    2.69 ^ _375_/Y (sky130_fd_sc_hd__inv_2)
     1    0.00                           _019_ (net)
                  0.06    0.00    2.69 ^ _425_/RESET_B (sky130_fd_sc_hd__dfrtp_2)
                                  2.69   data arrival time

                  0.15   10.00   10.00   clock clk (rise edge)
                          0.00   10.00   clock network delay (ideal)
                         -0.25    9.75   clock uncertainty
                          0.00    9.75   clock reconvergence pessimism
                                  9.75 ^ _425_/CLK (sky130_fd_sc_hd__dfrtp_2)
                          0.25   10.00   library recovery time
                                 10.00   data required time
-----------------------------------------------------------------------------
                                 10.00   data required time
                                 -2.69   data arrival time
-----------------------------------------------------------------------------
                                  7.30   slack (MET)


Startpoint: rst (input port clocked by clk)
Endpoint: _426_ (recovery check against rising-edge clock clk)
Path Group: asynchronous
Path Type: max

Fanout     Cap    Slew   Delay    Time   Description
-----------------------------------------------------------------------------
                  0.15    0.00    0.00   clock clk (rise edge)
                          0.00    0.00   clock network delay (ideal)
                          2.00    2.00 v input external delay
                  0.02    0.01    2.01 v rst (in)
     3    0.01                           rst (net)
                  0.02    0.00    2.01 v _355_/A (sky130_fd_sc_hd__buf_1)
                  0.22    0.24    2.25 v _355_/X (sky130_fd_sc_hd__buf_1)
    10    0.04                           _199_ (net)
                  0.22    0.00    2.25 v _367_/A (sky130_fd_sc_hd__buf_1)
                  0.25    0.34    2.59 v _367_/X (sky130_fd_sc_hd__buf_1)
    10    0.04                           _201_ (net)
                  0.25    0.00    2.59 v _376_/A (sky130_fd_sc_hd__inv_2)
                  0.06    0.10    2.69 ^ _376_/Y (sky130_fd_sc_hd__inv_2)
     1    0.00                           _020_ (net)
                  0.06    0.00    2.69 ^ _426_/RESET_B (sky130_fd_sc_hd__dfrtp_2)
                                  2.69   data arrival time

                  0.15   10.00   10.00   clock clk (rise edge)
                          0.00   10.00   clock network delay (ideal)
                         -0.25    9.75   clock uncertainty
                          0.00    9.75   clock reconvergence pessimism
                                  9.75 ^ _426_/CLK (sky130_fd_sc_hd__dfrtp_2)
                          0.25   10.00   library recovery time
                                 10.00   data required time
-----------------------------------------------------------------------------
                                 10.00   data required time
                                 -2.69   data arrival time
-----------------------------------------------------------------------------
                                  7.30   slack (MET)


Startpoint: rst (input port clocked by clk)
Endpoint: _427_ (recovery check against rising-edge clock clk)
Path Group: asynchronous
Path Type: max

Fanout     Cap    Slew   Delay    Time   Description
-----------------------------------------------------------------------------
                  0.15    0.00    0.00   clock clk (rise edge)
                          0.00    0.00   clock network delay (ideal)
                          2.00    2.00 v input external delay
                  0.02    0.01    2.01 v rst (in)
     3    0.01                           rst (net)
                  0.02    0.00    2.01 v _355_/A (sky130_fd_sc_hd__buf_1)
                  0.22    0.24    2.25 v _355_/X (sky130_fd_sc_hd__buf_1)
    10    0.04                           _199_ (net)
                  0.22    0.00    2.25 v _367_/A (sky130_fd_sc_hd__buf_1)
                  0.25    0.34    2.59 v _367_/X (sky130_fd_sc_hd__buf_1)
    10    0.04                           _201_ (net)
                  0.25    0.00    2.59 v _377_/A (sky130_fd_sc_hd__inv_2)
                  0.06    0.10    2.69 ^ _377_/Y (sky130_fd_sc_hd__inv_2)
     1    0.00                           _021_ (net)
                  0.06    0.00    2.69 ^ _427_/RESET_B (sky130_fd_sc_hd__dfrtp_2)
                                  2.69   data arrival time

                  0.15   10.00   10.00   clock clk (rise edge)
                          0.00   10.00   clock network delay (ideal)
                         -0.25    9.75   clock uncertainty
                          0.00    9.75   clock reconvergence pessimism
                                  9.75 ^ _427_/CLK (sky130_fd_sc_hd__dfrtp_2)
                          0.25   10.00   library recovery time
                                 10.00   data required time
-----------------------------------------------------------------------------
                                 10.00   data required time
                                 -2.69   data arrival time
-----------------------------------------------------------------------------
                                  7.30   slack (MET)


Startpoint: start (input port clocked by clk)
Endpoint: _422_ (rising edge-triggered flip-flop clocked by clk)
Path Group: clk
Path Type: max

Fanout     Cap    Slew   Delay    Time   Description
-----------------------------------------------------------------------------
                  0.15    0.00    0.00   clock clk (rise edge)
                          0.00    0.00   clock network delay (ideal)
                          2.00    2.00 v input external delay
                  0.02    0.01    2.01 v start (in)
     2    0.01                           start (net)
                  0.02    0.00    2.01 v _237_/B (sky130_fd_sc_hd__nor2_2)
                  0.26    0.22    2.22 ^ _237_/Y (sky130_fd_sc_hd__nor2_2)
     9    0.02                           _125_ (net)
                  0.26    0.00    2.22 ^ _305_/A1 (sky130_fd_sc_hd__o21a_2)
                  0.03    0.18    2.40 ^ _305_/X (sky130_fd_sc_hd__o21a_2)
     1    0.00                           _064_ (net)
                  0.03    0.00    2.40 ^ _422_/D (sky130_fd_sc_hd__dfrtp_2)
                                  2.40   data arrival time

                  0.15   10.00   10.00   clock clk (rise edge)
                          0.00   10.00   clock network delay (ideal)
                         -0.25    9.75   clock uncertainty
                          0.00    9.75   clock reconvergence pessimism
                                  9.75 ^ _422_/CLK (sky130_fd_sc_hd__dfrtp_2)
                         -0.04    9.71   library setup time
                                  9.71   data required time
-----------------------------------------------------------------------------
                                  9.71   data required time
                                 -2.40   data arrival time
-----------------------------------------------------------------------------
                                  7.30   slack (MET)


Startpoint: start (input port clocked by clk)
Endpoint: _410_ (rising edge-triggered flip-flop clocked by clk)
Path Group: clk
Path Type: max

Fanout     Cap    Slew   Delay    Time   Description
-----------------------------------------------------------------------------
                  0.15    0.00    0.00   clock clk (rise edge)
                          0.00    0.00   clock network delay (ideal)
                          2.00    2.00 v input external delay
                  0.02    0.01    2.01 v start (in)
     2    0.01                           start (net)
                  0.02    0.00    2.01 v _237_/B (sky130_fd_sc_hd__nor2_2)
                  0.26    0.22    2.22 ^ _237_/Y (sky130_fd_sc_hd__nor2_2)
     9    0.02                           _125_ (net)
                  0.26    0.00    2.22 ^ _348_/B1 (sky130_fd_sc_hd__a32o_2)
                  0.04    0.17    2.39 ^ _348_/X (sky130_fd_sc_hd__a32o_2)
     1    0.00                           _052_ (net)
                  0.04    0.00    2.39 ^ _410_/D (sky130_fd_sc_hd__dfrtp_2)
                                  2.39   data arrival time

                  0.15   10.00   10.00   clock clk (rise edge)
                          0.00   10.00   clock network delay (ideal)
                         -0.25    9.75   clock uncertainty
                          0.00    9.75   clock reconvergence pessimism
                                  9.75 ^ _410_/CLK (sky130_fd_sc_hd__dfrtp_2)
                         -0.05    9.70   library setup time
                                  9.70   data required time
-----------------------------------------------------------------------------
                                  9.70   data required time
                                 -2.39   data arrival time
-----------------------------------------------------------------------------
                                  7.31   slack (MET)


Startpoint: rst (input port clocked by clk)
Endpoint: _436_ (recovery check against rising-edge clock clk)
Path Group: asynchronous
Path Type: max

Fanout     Cap    Slew   Delay    Time   Description
-----------------------------------------------------------------------------
                  0.15    0.00    0.00   clock clk (rise edge)
                          0.00    0.00   clock network delay (ideal)
                          2.00    2.00 v input external delay
                  0.02    0.01    2.01 v rst (in)
     3    0.01                           rst (net)
                  0.02    0.00    2.01 v _378_/A (sky130_fd_sc_hd__buf_1)
                  0.25    0.26    2.27 v _378_/X (sky130_fd_sc_hd__buf_1)
    10    0.04                           _202_ (net)
                  0.25    0.00    2.27 v _387_/A (sky130_fd_sc_hd__inv_2)
                  0.06    0.10    2.37 ^ _387_/Y (sky130_fd_sc_hd__inv_2)
     1    0.00                           _030_ (net)
                  0.06    0.00    2.37 ^ _436_/SET_B (sky130_fd_sc_hd__dfstp_2)
                                  2.37   data arrival time

                  0.15   10.00   10.00   clock clk (rise edge)
                          0.00   10.00   clock network delay (ideal)
                         -0.25    9.75   clock uncertainty
                          0.00    9.75   clock reconvergence pessimism
                                  9.75 ^ _436_/CLK (sky130_fd_sc_hd__dfstp_2)
                          0.16    9.91   library recovery time
                                  9.91   data required time
-----------------------------------------------------------------------------
                                  9.91   data required time
                                 -2.37   data arrival time
-----------------------------------------------------------------------------
                                  7.54   slack (MET)


Startpoint: _420_ (rising edge-triggered flip-flop clocked by clk)
Endpoint: _425_ (rising edge-triggered flip-flop clocked by clk)
Path Group: clk
Path Type: max

Fanout     Cap    Slew   Delay    Time   Description
-----------------------------------------------------------------------------
                  0.15    0.00    0.00   clock clk (rise edge)
                          0.00    0.00   clock network delay (ideal)
                  0.15    0.00    0.00 ^ _420_/CLK (sky130_fd_sc_hd__dfrtp_2)
                  0.06    0.47    0.47 v _420_/Q (sky130_fd_sc_hd__dfrtp_2)
     6    0.01                           clk_count[12] (net)
                  0.06    0.00    0.47 v _205_/B (sky130_fd_sc_hd__or4_2)
                  0.11    0.68    1.15 v _205_/X (sky130_fd_sc_hd__or4_2)
     1    0.00                           _097_ (net)
                  0.11    0.00    1.15 v _209_/A (sky130_fd_sc_hd__nor4_2)
                  0.46    0.51    1.66 ^ _209_/Y (sky130_fd_sc_hd__nor4_2)
     4    0.02                           _101_ (net)
                  0.46    0.00    1.66 ^ _217_/C (sky130_fd_sc_hd__nand4_2)
                  0.12    0.16    1.82 v _217_/Y (sky130_fd_sc_hd__nand4_2)
     3    0.00                           _109_ (net)
                  0.12    0.00    1.82 v _218_/A (sky130_fd_sc_hd__buf_1)
                  0.18    0.25    2.07 v _218_/X (sky130_fd_sc_hd__buf_1)
    10    0.03                           _110_ (net)
                  0.18    0.00    2.07 v _354_/A (sky130_fd_sc_hd__inv_2)
                  0.04    0.08    2.15 ^ _354_/Y (sky130_fd_sc_hd__inv_2)
     1    0.00                           _001_ (net)
                  0.04    0.00    2.15 ^ _425_/D (sky130_fd_sc_hd__dfrtp_2)
                                  2.15   data arrival time

                  0.15   10.00   10.00   clock clk (rise edge)
                          0.00   10.00   clock network delay (ideal)
                         -0.25    9.75   clock uncertainty
                          0.00    9.75   clock reconvergence pessimism
                                  9.75 ^ _425_/CLK (sky130_fd_sc_hd__dfrtp_2)
                         -0.05    9.70   library setup time
                                  9.70   data required time
-----------------------------------------------------------------------------
                                  9.70   data required time
                                 -2.15   data arrival time
-----------------------------------------------------------------------------
                                  7.56   slack (MET)


Startpoint: rst (input port clocked by clk)
Endpoint: _428_ (recovery check against rising-edge clock clk)
Path Group: asynchronous
Path Type: max

Fanout     Cap    Slew   Delay    Time   Description
-----------------------------------------------------------------------------
                  0.15    0.00    0.00   clock clk (rise edge)
                          0.00    0.00   clock network delay (ideal)
                          2.00    2.00 v input external delay
                  0.02    0.01    2.01 v rst (in)
     3    0.01                           rst (net)
                  0.02    0.00    2.01 v _378_/A (sky130_fd_sc_hd__buf_1)
                  0.25    0.26    2.27 v _378_/X (sky130_fd_sc_hd__buf_1)
    10    0.04                           _202_ (net)
                  0.25    0.00    2.27 v _379_/A (sky130_fd_sc_hd__inv_2)
                  0.06    0.10    2.37 ^ _379_/Y (sky130_fd_sc_hd__inv_2)
     1    0.00                           _022_ (net)
                  0.06    0.00    2.37 ^ _428_/RESET_B (sky130_fd_sc_hd__dfrtp_2)
                                  2.37   data arrival time

                  0.15   10.00   10.00   clock clk (rise edge)
                          0.00   10.00   clock network delay (ideal)
                         -0.25    9.75   clock uncertainty
                          0.00    9.75   clock reconvergence pessimism
                                  9.75 ^ _428_/CLK (sky130_fd_sc_hd__dfrtp_2)
                          0.25   10.00   library recovery time
                                 10.00   data required time
-----------------------------------------------------------------------------
                                 10.00   data required time
                                 -2.37   data arrival time
-----------------------------------------------------------------------------
                                  7.62   slack (MET)


Startpoint: rst (input port clocked by clk)
Endpoint: _429_ (recovery check against rising-edge clock clk)
Path Group: asynchronous
Path Type: max

Fanout     Cap    Slew   Delay    Time   Description
-----------------------------------------------------------------------------
                  0.15    0.00    0.00   clock clk (rise edge)
                          0.00    0.00   clock network delay (ideal)
                          2.00    2.00 v input external delay
                  0.02    0.01    2.01 v rst (in)
     3    0.01                           rst (net)
                  0.02    0.00    2.01 v _378_/A (sky130_fd_sc_hd__buf_1)
                  0.25    0.26    2.27 v _378_/X (sky130_fd_sc_hd__buf_1)
    10    0.04                           _202_ (net)
                  0.25    0.00    2.27 v _380_/A (sky130_fd_sc_hd__inv_2)
                  0.06    0.10    2.37 ^ _380_/Y (sky130_fd_sc_hd__inv_2)
     1    0.00                           _023_ (net)
                  0.06    0.00    2.37 ^ _429_/RESET_B (sky130_fd_sc_hd__dfrtp_2)
                                  2.37   data arrival time

                  0.15   10.00   10.00   clock clk (rise edge)
                          0.00   10.00   clock network delay (ideal)
                         -0.25    9.75   clock uncertainty
                          0.00    9.75   clock reconvergence pessimism
                                  9.75 ^ _429_/CLK (sky130_fd_sc_hd__dfrtp_2)
                          0.25   10.00   library recovery time
                                 10.00   data required time
-----------------------------------------------------------------------------
                                 10.00   data required time
                                 -2.37   data arrival time
-----------------------------------------------------------------------------
                                  7.62   slack (MET)


Startpoint: rst (input port clocked by clk)
Endpoint: _430_ (recovery check against rising-edge clock clk)
Path Group: asynchronous
Path Type: max

Fanout     Cap    Slew   Delay    Time   Description
-----------------------------------------------------------------------------
                  0.15    0.00    0.00   clock clk (rise edge)
                          0.00    0.00   clock network delay (ideal)
                          2.00    2.00 v input external delay
                  0.02    0.01    2.01 v rst (in)
     3    0.01                           rst (net)
                  0.02    0.00    2.01 v _378_/A (sky130_fd_sc_hd__buf_1)
                  0.25    0.26    2.27 v _378_/X (sky130_fd_sc_hd__buf_1)
    10    0.04                           _202_ (net)
                  0.25    0.00    2.27 v _381_/A (sky130_fd_sc_hd__inv_2)
                  0.06    0.10    2.37 ^ _381_/Y (sky130_fd_sc_hd__inv_2)
     1    0.00                           _024_ (net)
                  0.06    0.00    2.37 ^ _430_/RESET_B (sky130_fd_sc_hd__dfrtp_2)
                                  2.37   data arrival time

                  0.15   10.00   10.00   clock clk (rise edge)
                          0.00   10.00   clock network delay (ideal)
                         -0.25    9.75   clock uncertainty
                          0.00    9.75   clock reconvergence pessimism
                                  9.75 ^ _430_/CLK (sky130_fd_sc_hd__dfrtp_2)
                          0.25   10.00   library recovery time
                                 10.00   data required time
-----------------------------------------------------------------------------
                                 10.00   data required time
                                 -2.37   data arrival time
-----------------------------------------------------------------------------
                                  7.62   slack (MET)


Startpoint: rst (input port clocked by clk)
Endpoint: _431_ (recovery check against rising-edge clock clk)
Path Group: asynchronous
Path Type: max

Fanout     Cap    Slew   Delay    Time   Description
-----------------------------------------------------------------------------
                  0.15    0.00    0.00   clock clk (rise edge)
                          0.00    0.00   clock network delay (ideal)
                          2.00    2.00 v input external delay
                  0.02    0.01    2.01 v rst (in)
     3    0.01                           rst (net)
                  0.02    0.00    2.01 v _378_/A (sky130_fd_sc_hd__buf_1)
                  0.25    0.26    2.27 v _378_/X (sky130_fd_sc_hd__buf_1)
    10    0.04                           _202_ (net)
                  0.25    0.00    2.27 v _382_/A (sky130_fd_sc_hd__inv_2)
                  0.06    0.10    2.37 ^ _382_/Y (sky130_fd_sc_hd__inv_2)
     1    0.00                           _025_ (net)
                  0.06    0.00    2.37 ^ _431_/RESET_B (sky130_fd_sc_hd__dfrtp_2)
                                  2.37   data arrival time

                  0.15   10.00   10.00   clock clk (rise edge)
                          0.00   10.00   clock network delay (ideal)
                         -0.25    9.75   clock uncertainty
                          0.00    9.75   clock reconvergence pessimism
                                  9.75 ^ _431_/CLK (sky130_fd_sc_hd__dfrtp_2)
                          0.25   10.00   library recovery time
                                 10.00   data required time
-----------------------------------------------------------------------------
                                 10.00   data required time
                                 -2.37   data arrival time
-----------------------------------------------------------------------------
                                  7.62   slack (MET)


Startpoint: rst (input port clocked by clk)
Endpoint: _432_ (recovery check against rising-edge clock clk)
Path Group: asynchronous
Path Type: max

Fanout     Cap    Slew   Delay    Time   Description
-----------------------------------------------------------------------------
                  0.15    0.00    0.00   clock clk (rise edge)
                          0.00    0.00   clock network delay (ideal)
                          2.00    2.00 v input external delay
                  0.02    0.01    2.01 v rst (in)
     3    0.01                           rst (net)
                  0.02    0.00    2.01 v _378_/A (sky130_fd_sc_hd__buf_1)
                  0.25    0.26    2.27 v _378_/X (sky130_fd_sc_hd__buf_1)
    10    0.04                           _202_ (net)
                  0.25    0.00    2.27 v _383_/A (sky130_fd_sc_hd__inv_2)
                  0.06    0.10    2.37 ^ _383_/Y (sky130_fd_sc_hd__inv_2)
     1    0.00                           _026_ (net)
                  0.06    0.00    2.37 ^ _432_/RESET_B (sky130_fd_sc_hd__dfrtp_2)
                                  2.37   data arrival time

                  0.15   10.00   10.00   clock clk (rise edge)
                          0.00   10.00   clock network delay (ideal)
                         -0.25    9.75   clock uncertainty
                          0.00    9.75   clock reconvergence pessimism
                                  9.75 ^ _432_/CLK (sky130_fd_sc_hd__dfrtp_2)
                          0.25   10.00   library recovery time
                                 10.00   data required time
-----------------------------------------------------------------------------
                                 10.00   data required time
                                 -2.37   data arrival time
-----------------------------------------------------------------------------
                                  7.62   slack (MET)


Startpoint: rst (input port clocked by clk)
Endpoint: _433_ (recovery check against rising-edge clock clk)
Path Group: asynchronous
Path Type: max

Fanout     Cap    Slew   Delay    Time   Description
-----------------------------------------------------------------------------
                  0.15    0.00    0.00   clock clk (rise edge)
                          0.00    0.00   clock network delay (ideal)
                          2.00    2.00 v input external delay
                  0.02    0.01    2.01 v rst (in)
     3    0.01                           rst (net)
                  0.02    0.00    2.01 v _378_/A (sky130_fd_sc_hd__buf_1)
                  0.25    0.26    2.27 v _378_/X (sky130_fd_sc_hd__buf_1)
    10    0.04                           _202_ (net)
                  0.25    0.00    2.27 v _384_/A (sky130_fd_sc_hd__inv_2)
                  0.06    0.10    2.37 ^ _384_/Y (sky130_fd_sc_hd__inv_2)
     1    0.00                           _027_ (net)
                  0.06    0.00    2.37 ^ _433_/RESET_B (sky130_fd_sc_hd__dfrtp_2)
                                  2.37   data arrival time

                  0.15   10.00   10.00   clock clk (rise edge)
                          0.00   10.00   clock network delay (ideal)
                         -0.25    9.75   clock uncertainty
                          0.00    9.75   clock reconvergence pessimism
                                  9.75 ^ _433_/CLK (sky130_fd_sc_hd__dfrtp_2)
                          0.25   10.00   library recovery time
                                 10.00   data required time
-----------------------------------------------------------------------------
                                 10.00   data required time
                                 -2.37   data arrival time
-----------------------------------------------------------------------------
                                  7.62   slack (MET)


Startpoint: rst (input port clocked by clk)
Endpoint: _434_ (recovery check against rising-edge clock clk)
Path Group: asynchronous
Path Type: max

Fanout     Cap    Slew   Delay    Time   Description
-----------------------------------------------------------------------------
                  0.15    0.00    0.00   clock clk (rise edge)
                          0.00    0.00   clock network delay (ideal)
                          2.00    2.00 v input external delay
                  0.02    0.01    2.01 v rst (in)
     3    0.01                           rst (net)
                  0.02    0.00    2.01 v _378_/A (sky130_fd_sc_hd__buf_1)
                  0.25    0.26    2.27 v _378_/X (sky130_fd_sc_hd__buf_1)
    10    0.04                           _202_ (net)
                  0.25    0.00    2.27 v _385_/A (sky130_fd_sc_hd__inv_2)
                  0.06    0.10    2.37 ^ _385_/Y (sky130_fd_sc_hd__inv_2)
     1    0.00                           _028_ (net)
                  0.06    0.00    2.37 ^ _434_/RESET_B (sky130_fd_sc_hd__dfrtp_2)
                                  2.37   data arrival time

                  0.15   10.00   10.00   clock clk (rise edge)
                          0.00   10.00   clock network delay (ideal)
                         -0.25    9.75   clock uncertainty
                          0.00    9.75   clock reconvergence pessimism
                                  9.75 ^ _434_/CLK (sky130_fd_sc_hd__dfrtp_2)
                          0.25   10.00   library recovery time
                                 10.00   data required time
-----------------------------------------------------------------------------
                                 10.00   data required time
                                 -2.37   data arrival time
-----------------------------------------------------------------------------
                                  7.62   slack (MET)


Startpoint: rst (input port clocked by clk)
Endpoint: _435_ (recovery check against rising-edge clock clk)
Path Group: asynchronous
Path Type: max

Fanout     Cap    Slew   Delay    Time   Description
-----------------------------------------------------------------------------
                  0.15    0.00    0.00   clock clk (rise edge)
                          0.00    0.00   clock network delay (ideal)
                          2.00    2.00 v input external delay
                  0.02    0.01    2.01 v rst (in)
     3    0.01                           rst (net)
                  0.02    0.00    2.01 v _378_/A (sky130_fd_sc_hd__buf_1)
                  0.25    0.26    2.27 v _378_/X (sky130_fd_sc_hd__buf_1)
    10    0.04                           _202_ (net)
                  0.25    0.00    2.27 v _386_/A (sky130_fd_sc_hd__inv_2)
                  0.06    0.10    2.37 ^ _386_/Y (sky130_fd_sc_hd__inv_2)
     1    0.00                           _029_ (net)
                  0.06    0.00    2.37 ^ _435_/RESET_B (sky130_fd_sc_hd__dfrtp_2)
                                  2.37   data arrival time

                  0.15   10.00   10.00   clock clk (rise edge)
                          0.00   10.00   clock network delay (ideal)
                         -0.25    9.75   clock uncertainty
                          0.00    9.75   clock reconvergence pessimism
                                  9.75 ^ _435_/CLK (sky130_fd_sc_hd__dfrtp_2)
                          0.25   10.00   library recovery time
                                 10.00   data required time
-----------------------------------------------------------------------------
                                 10.00   data required time
                                 -2.37   data arrival time
-----------------------------------------------------------------------------
                                  7.62   slack (MET)


Startpoint: rst (input port clocked by clk)
Endpoint: _437_ (recovery check against rising-edge clock clk)
Path Group: asynchronous
Path Type: max

Fanout     Cap    Slew   Delay    Time   Description
-----------------------------------------------------------------------------
                  0.15    0.00    0.00   clock clk (rise edge)
                          0.00    0.00   clock network delay (ideal)
                          2.00    2.00 v input external delay
                  0.02    0.01    2.01 v rst (in)
     3    0.01                           rst (net)
                  0.02    0.00    2.01 v _378_/A (sky130_fd_sc_hd__buf_1)
                  0.25    0.26    2.27 v _378_/X (sky130_fd_sc_hd__buf_1)
    10    0.04                           _202_ (net)
                  0.25    0.00    2.27 v _388_/A (sky130_fd_sc_hd__inv_2)
                  0.06    0.10    2.37 ^ _388_/Y (sky130_fd_sc_hd__inv_2)
     1    0.00                           _031_ (net)
                  0.06    0.00    2.37 ^ _437_/RESET_B (sky130_fd_sc_hd__dfrtp_2)
                                  2.37   data arrival time

                  0.15   10.00   10.00   clock clk (rise edge)
                          0.00   10.00   clock network delay (ideal)
                         -0.25    9.75   clock uncertainty
                          0.00    9.75   clock reconvergence pessimism
                                  9.75 ^ _437_/CLK (sky130_fd_sc_hd__dfrtp_2)
                          0.25   10.00   library recovery time
                                 10.00   data required time
-----------------------------------------------------------------------------
                                 10.00   data required time
                                 -2.37   data arrival time
-----------------------------------------------------------------------------
                                  7.62   slack (MET)


Startpoint: rst (input port clocked by clk)
Endpoint: _438_ (recovery check against rising-edge clock clk)
Path Group: asynchronous
Path Type: max

Fanout     Cap    Slew   Delay    Time   Description
-----------------------------------------------------------------------------
                  0.15    0.00    0.00   clock clk (rise edge)
                          0.00    0.00   clock network delay (ideal)
                          2.00    2.00 v input external delay
                  0.02    0.01    2.01 v rst (in)
     3    0.01                           rst (net)
                  0.02    0.00    2.01 v _389_/A (sky130_fd_sc_hd__buf_1)
                  0.25    0.26    2.27 v _389_/X (sky130_fd_sc_hd__buf_1)
    10    0.04                           _203_ (net)
                  0.25    0.00    2.27 v _390_/A (sky130_fd_sc_hd__inv_2)
                  0.06    0.10    2.37 ^ _390_/Y (sky130_fd_sc_hd__inv_2)
     1    0.00                           _032_ (net)
                  0.06    0.00    2.37 ^ _438_/RESET_B (sky130_fd_sc_hd__dfrtp_2)
                                  2.37   data arrival time

                  0.15   10.00   10.00   clock clk (rise edge)
                          0.00   10.00   clock network delay (ideal)
                         -0.25    9.75   clock uncertainty
                          0.00    9.75   clock reconvergence pessimism
                                  9.75 ^ _438_/CLK (sky130_fd_sc_hd__dfrtp_2)
                          0.25   10.00   library recovery time
                                 10.00   data required time
-----------------------------------------------------------------------------
                                 10.00   data required time
                                 -2.37   data arrival time
-----------------------------------------------------------------------------
                                  7.62   slack (MET)


Startpoint: rst (input port clocked by clk)
Endpoint: _439_ (recovery check against rising-edge clock clk)
Path Group: asynchronous
Path Type: max

Fanout     Cap    Slew   Delay    Time   Description
-----------------------------------------------------------------------------
                  0.15    0.00    0.00   clock clk (rise edge)
                          0.00    0.00   clock network delay (ideal)
                          2.00    2.00 v input external delay
                  0.02    0.01    2.01 v rst (in)
     3    0.01                           rst (net)
                  0.02    0.00    2.01 v _389_/A (sky130_fd_sc_hd__buf_1)
                  0.25    0.26    2.27 v _389_/X (sky130_fd_sc_hd__buf_1)
    10    0.04                           _203_ (net)
                  0.25    0.00    2.27 v _391_/A (sky130_fd_sc_hd__inv_2)
                  0.06    0.10    2.37 ^ _391_/Y (sky130_fd_sc_hd__inv_2)
     1    0.00                           _033_ (net)
                  0.06    0.00    2.37 ^ _439_/RESET_B (sky130_fd_sc_hd__dfrtp_2)
                                  2.37   data arrival time

                  0.15   10.00   10.00   clock clk (rise edge)
                          0.00   10.00   clock network delay (ideal)
                         -0.25    9.75   clock uncertainty
                          0.00    9.75   clock reconvergence pessimism
                                  9.75 ^ _439_/CLK (sky130_fd_sc_hd__dfrtp_2)
                          0.25   10.00   library recovery time
                                 10.00   data required time
-----------------------------------------------------------------------------
                                 10.00   data required time
                                 -2.37   data arrival time
-----------------------------------------------------------------------------
                                  7.62   slack (MET)


Startpoint: rst (input port clocked by clk)
Endpoint: _440_ (recovery check against rising-edge clock clk)
Path Group: asynchronous
Path Type: max

Fanout     Cap    Slew   Delay    Time   Description
-----------------------------------------------------------------------------
                  0.15    0.00    0.00   clock clk (rise edge)
                          0.00    0.00   clock network delay (ideal)
                          2.00    2.00 v input external delay
                  0.02    0.01    2.01 v rst (in)
     3    0.01                           rst (net)
                  0.02    0.00    2.01 v _389_/A (sky130_fd_sc_hd__buf_1)
                  0.25    0.26    2.27 v _389_/X (sky130_fd_sc_hd__buf_1)
    10    0.04                           _203_ (net)
                  0.25    0.00    2.27 v _392_/A (sky130_fd_sc_hd__inv_2)
                  0.06    0.10    2.37 ^ _392_/Y (sky130_fd_sc_hd__inv_2)
     1    0.00                           _034_ (net)
                  0.06    0.00    2.37 ^ _440_/RESET_B (sky130_fd_sc_hd__dfrtp_2)
                                  2.37   data arrival time

                  0.15   10.00   10.00   clock clk (rise edge)
                          0.00   10.00   clock network delay (ideal)
                         -0.25    9.75   clock uncertainty
                          0.00    9.75   clock reconvergence pessimism
                                  9.75 ^ _440_/CLK (sky130_fd_sc_hd__dfrtp_2)
                          0.25   10.00   library recovery time
                                 10.00   data required time
-----------------------------------------------------------------------------
                                 10.00   data required time
                                 -2.37   data arrival time
-----------------------------------------------------------------------------
                                  7.62   slack (MET)


Startpoint: rst (input port clocked by clk)
Endpoint: _441_ (recovery check against rising-edge clock clk)
Path Group: asynchronous
Path Type: max

Fanout     Cap    Slew   Delay    Time   Description
-----------------------------------------------------------------------------
                  0.15    0.00    0.00   clock clk (rise edge)
                          0.00    0.00   clock network delay (ideal)
                          2.00    2.00 v input external delay
                  0.02    0.01    2.01 v rst (in)
     3    0.01                           rst (net)
                  0.02    0.00    2.01 v _389_/A (sky130_fd_sc_hd__buf_1)
                  0.25    0.26    2.27 v _389_/X (sky130_fd_sc_hd__buf_1)
    10    0.04                           _203_ (net)
                  0.25    0.00    2.27 v _393_/A (sky130_fd_sc_hd__inv_2)
                  0.06    0.10    2.37 ^ _393_/Y (sky130_fd_sc_hd__inv_2)
     1    0.00                           _035_ (net)
                  0.06    0.00    2.37 ^ _441_/RESET_B (sky130_fd_sc_hd__dfrtp_2)
                                  2.37   data arrival time

                  0.15   10.00   10.00   clock clk (rise edge)
                          0.00   10.00   clock network delay (ideal)
                         -0.25    9.75   clock uncertainty
                          0.00    9.75   clock reconvergence pessimism
                                  9.75 ^ _441_/CLK (sky130_fd_sc_hd__dfrtp_2)
                          0.25   10.00   library recovery time
                                 10.00   data required time
-----------------------------------------------------------------------------
                                 10.00   data required time
                                 -2.37   data arrival time
-----------------------------------------------------------------------------
                                  7.62   slack (MET)


Startpoint: rst (input port clocked by clk)
Endpoint: _442_ (recovery check against rising-edge clock clk)
Path Group: asynchronous
Path Type: max

Fanout     Cap    Slew   Delay    Time   Description
-----------------------------------------------------------------------------
                  0.15    0.00    0.00   clock clk (rise edge)
                          0.00    0.00   clock network delay (ideal)
                          2.00    2.00 v input external delay
                  0.02    0.01    2.01 v rst (in)
     3    0.01                           rst (net)
                  0.02    0.00    2.01 v _389_/A (sky130_fd_sc_hd__buf_1)
                  0.25    0.26    2.27 v _389_/X (sky130_fd_sc_hd__buf_1)
    10    0.04                           _203_ (net)
                  0.25    0.00    2.27 v _394_/A (sky130_fd_sc_hd__inv_2)
                  0.06    0.10    2.37 ^ _394_/Y (sky130_fd_sc_hd__inv_2)
     1    0.00                           _036_ (net)
                  0.06    0.00    2.37 ^ _442_/RESET_B (sky130_fd_sc_hd__dfrtp_2)
                                  2.37   data arrival time

                  0.15   10.00   10.00   clock clk (rise edge)
                          0.00   10.00   clock network delay (ideal)
                         -0.25    9.75   clock uncertainty
                          0.00    9.75   clock reconvergence pessimism
                                  9.75 ^ _442_/CLK (sky130_fd_sc_hd__dfrtp_2)
                          0.25   10.00   library recovery time
                                 10.00   data required time
-----------------------------------------------------------------------------
                                 10.00   data required time
                                 -2.37   data arrival time
-----------------------------------------------------------------------------
                                  7.62   slack (MET)


Startpoint: rst (input port clocked by clk)
Endpoint: _443_ (recovery check against rising-edge clock clk)
Path Group: asynchronous
Path Type: max

Fanout     Cap    Slew   Delay    Time   Description
-----------------------------------------------------------------------------
                  0.15    0.00    0.00   clock clk (rise edge)
                          0.00    0.00   clock network delay (ideal)
                          2.00    2.00 v input external delay
                  0.02    0.01    2.01 v rst (in)
     3    0.01                           rst (net)
                  0.02    0.00    2.01 v _389_/A (sky130_fd_sc_hd__buf_1)
                  0.25    0.26    2.27 v _389_/X (sky130_fd_sc_hd__buf_1)
    10    0.04                           _203_ (net)
                  0.25    0.00    2.27 v _395_/A (sky130_fd_sc_hd__inv_2)
                  0.06    0.10    2.37 ^ _395_/Y (sky130_fd_sc_hd__inv_2)
     1    0.00                           _037_ (net)
                  0.06    0.00    2.37 ^ _443_/RESET_B (sky130_fd_sc_hd__dfrtp_2)
                                  2.37   data arrival time

                  0.15   10.00   10.00   clock clk (rise edge)
                          0.00   10.00   clock network delay (ideal)
                         -0.25    9.75   clock uncertainty
                          0.00    9.75   clock reconvergence pessimism
                                  9.75 ^ _443_/CLK (sky130_fd_sc_hd__dfrtp_2)
                          0.25   10.00   library recovery time
                                 10.00   data required time
-----------------------------------------------------------------------------
                                 10.00   data required time
                                 -2.37   data arrival time
-----------------------------------------------------------------------------
                                  7.62   slack (MET)


Startpoint: rst (input port clocked by clk)
Endpoint: _444_ (recovery check against rising-edge clock clk)
Path Group: asynchronous
Path Type: max

Fanout     Cap    Slew   Delay    Time   Description
-----------------------------------------------------------------------------
                  0.15    0.00    0.00   clock clk (rise edge)
                          0.00    0.00   clock network delay (ideal)
                          2.00    2.00 v input external delay
                  0.02    0.01    2.01 v rst (in)
     3    0.01                           rst (net)
                  0.02    0.00    2.01 v _389_/A (sky130_fd_sc_hd__buf_1)
                  0.25    0.26    2.27 v _389_/X (sky130_fd_sc_hd__buf_1)
    10    0.04                           _203_ (net)
                  0.25    0.00    2.27 v _396_/A (sky130_fd_sc_hd__inv_2)
                  0.06    0.10    2.37 ^ _396_/Y (sky130_fd_sc_hd__inv_2)
     1    0.00                           _038_ (net)
                  0.06    0.00    2.37 ^ _444_/RESET_B (sky130_fd_sc_hd__dfrtp_2)
                                  2.37   data arrival time

                  0.15   10.00   10.00   clock clk (rise edge)
                          0.00   10.00   clock network delay (ideal)
                         -0.25    9.75   clock uncertainty
                          0.00    9.75   clock reconvergence pessimism
                                  9.75 ^ _444_/CLK (sky130_fd_sc_hd__dfrtp_2)
                          0.25   10.00   library recovery time
                                 10.00   data required time
-----------------------------------------------------------------------------
                                 10.00   data required time
                                 -2.37   data arrival time
-----------------------------------------------------------------------------
                                  7.62   slack (MET)


Startpoint: rst (input port clocked by clk)
Endpoint: _445_ (recovery check against rising-edge clock clk)
Path Group: asynchronous
Path Type: max

Fanout     Cap    Slew   Delay    Time   Description
-----------------------------------------------------------------------------
                  0.15    0.00    0.00   clock clk (rise edge)
                          0.00    0.00   clock network delay (ideal)
                          2.00    2.00 v input external delay
                  0.02    0.01    2.01 v rst (in)
     3    0.01                           rst (net)
                  0.02    0.00    2.01 v _389_/A (sky130_fd_sc_hd__buf_1)
                  0.25    0.26    2.27 v _389_/X (sky130_fd_sc_hd__buf_1)
    10    0.04                           _203_ (net)
                  0.25    0.00    2.27 v _397_/A (sky130_fd_sc_hd__inv_2)
                  0.06    0.10    2.37 ^ _397_/Y (sky130_fd_sc_hd__inv_2)
     1    0.00                           _039_ (net)
                  0.06    0.00    2.37 ^ _445_/RESET_B (sky130_fd_sc_hd__dfrtp_2)
                                  2.37   data arrival time

                  0.15   10.00   10.00   clock clk (rise edge)
                          0.00   10.00   clock network delay (ideal)
                         -0.25    9.75   clock uncertainty
                          0.00    9.75   clock reconvergence pessimism
                                  9.75 ^ _445_/CLK (sky130_fd_sc_hd__dfrtp_2)
                          0.25   10.00   library recovery time
                                 10.00   data required time
-----------------------------------------------------------------------------
                                 10.00   data required time
                                 -2.37   data arrival time
-----------------------------------------------------------------------------
                                  7.62   slack (MET)


Startpoint: rst (input port clocked by clk)
Endpoint: _446_ (recovery check against rising-edge clock clk)
Path Group: asynchronous
Path Type: max

Fanout     Cap    Slew   Delay    Time   Description
-----------------------------------------------------------------------------
                  0.15    0.00    0.00   clock clk (rise edge)
                          0.00    0.00   clock network delay (ideal)
                          2.00    2.00 v input external delay
                  0.02    0.01    2.01 v rst (in)
     3    0.01                           rst (net)
                  0.02    0.00    2.01 v _389_/A (sky130_fd_sc_hd__buf_1)
                  0.25    0.26    2.27 v _389_/X (sky130_fd_sc_hd__buf_1)
    10    0.04                           _203_ (net)
                  0.25    0.00    2.27 v _398_/A (sky130_fd_sc_hd__inv_2)
                  0.06    0.10    2.37 ^ _398_/Y (sky130_fd_sc_hd__inv_2)
     1    0.00                           _040_ (net)
                  0.06    0.00    2.37 ^ _446_/RESET_B (sky130_fd_sc_hd__dfrtp_2)
                                  2.37   data arrival time

                  0.15   10.00   10.00   clock clk (rise edge)
                          0.00   10.00   clock network delay (ideal)
                         -0.25    9.75   clock uncertainty
                          0.00    9.75   clock reconvergence pessimism
                                  9.75 ^ _446_/CLK (sky130_fd_sc_hd__dfrtp_2)
                          0.25   10.00   library recovery time
                                 10.00   data required time
-----------------------------------------------------------------------------
                                 10.00   data required time
                                 -2.37   data arrival time
-----------------------------------------------------------------------------
                                  7.62   slack (MET)


Startpoint: rst (input port clocked by clk)
Endpoint: _447_ (recovery check against rising-edge clock clk)
Path Group: asynchronous
Path Type: max

Fanout     Cap    Slew   Delay    Time   Description
-----------------------------------------------------------------------------
                  0.15    0.00    0.00   clock clk (rise edge)
                          0.00    0.00   clock network delay (ideal)
                          2.00    2.00 v input external delay
                  0.02    0.01    2.01 v rst (in)
     3    0.01                           rst (net)
                  0.02    0.00    2.01 v _389_/A (sky130_fd_sc_hd__buf_1)
                  0.25    0.26    2.27 v _389_/X (sky130_fd_sc_hd__buf_1)
    10    0.04                           _203_ (net)
                  0.25    0.00    2.27 v _399_/A (sky130_fd_sc_hd__inv_2)
                  0.06    0.10    2.37 ^ _399_/Y (sky130_fd_sc_hd__inv_2)
     1    0.00                           _041_ (net)
                  0.06    0.00    2.37 ^ _447_/RESET_B (sky130_fd_sc_hd__dfrtp_2)
                                  2.37   data arrival time

                  0.15   10.00   10.00   clock clk (rise edge)
                          0.00   10.00   clock network delay (ideal)
                         -0.25    9.75   clock uncertainty
                          0.00    9.75   clock reconvergence pessimism
                                  9.75 ^ _447_/CLK (sky130_fd_sc_hd__dfrtp_2)
                          0.25   10.00   library recovery time
                                 10.00   data required time
-----------------------------------------------------------------------------
                                 10.00   data required time
                                 -2.37   data arrival time
-----------------------------------------------------------------------------
                                  7.62   slack (MET)


Startpoint: rst (input port clocked by clk)
Endpoint: _448_ (recovery check against rising-edge clock clk)
Path Group: asynchronous
Path Type: max

Fanout     Cap    Slew   Delay    Time   Description
-----------------------------------------------------------------------------
                  0.15    0.00    0.00   clock clk (rise edge)
                          0.00    0.00   clock network delay (ideal)
                          2.00    2.00 v input external delay
                  0.02    0.01    2.01 v rst (in)
     3    0.01                           rst (net)
                  0.02    0.00    2.01 v _355_/A (sky130_fd_sc_hd__buf_1)
                  0.22    0.24    2.25 v _355_/X (sky130_fd_sc_hd__buf_1)
    10    0.04                           _199_ (net)
                  0.22    0.00    2.25 v _400_/A (sky130_fd_sc_hd__inv_2)
                  0.06    0.10    2.35 ^ _400_/Y (sky130_fd_sc_hd__inv_2)
     1    0.00                           _042_ (net)
                  0.06    0.00    2.35 ^ _448_/RESET_B (sky130_fd_sc_hd__dfrtp_2)
                                  2.35   data arrival time

                  0.15   10.00   10.00   clock clk (rise edge)
                          0.00   10.00   clock network delay (ideal)
                         -0.25    9.75   clock uncertainty
                          0.00    9.75   clock reconvergence pessimism
                                  9.75 ^ _448_/CLK (sky130_fd_sc_hd__dfrtp_2)
                          0.25   10.00   library recovery time
                                 10.00   data required time
-----------------------------------------------------------------------------
                                 10.00   data required time
                                 -2.35   data arrival time
-----------------------------------------------------------------------------
                                  7.65   slack (MET)


Startpoint: rst (input port clocked by clk)
Endpoint: _449_ (recovery check against rising-edge clock clk)
Path Group: asynchronous
Path Type: max

Fanout     Cap    Slew   Delay    Time   Description
-----------------------------------------------------------------------------
                  0.15    0.00    0.00   clock clk (rise edge)
                          0.00    0.00   clock network delay (ideal)
                          2.00    2.00 v input external delay
                  0.02    0.01    2.01 v rst (in)
     3    0.01                           rst (net)
                  0.02    0.00    2.01 v _355_/A (sky130_fd_sc_hd__buf_1)
                  0.22    0.24    2.25 v _355_/X (sky130_fd_sc_hd__buf_1)
    10    0.04                           _199_ (net)
                  0.22    0.00    2.25 v _401_/A (sky130_fd_sc_hd__inv_2)
                  0.06    0.10    2.35 ^ _401_/Y (sky130_fd_sc_hd__inv_2)
     1    0.00                           _043_ (net)
                  0.06    0.00    2.35 ^ _449_/RESET_B (sky130_fd_sc_hd__dfrtp_2)
                                  2.35   data arrival time

                  0.15   10.00   10.00   clock clk (rise edge)
                          0.00   10.00   clock network delay (ideal)
                         -0.25    9.75   clock uncertainty
                          0.00    9.75   clock reconvergence pessimism
                                  9.75 ^ _449_/CLK (sky130_fd_sc_hd__dfrtp_2)
                          0.25   10.00   library recovery time
                                 10.00   data required time
-----------------------------------------------------------------------------
                                 10.00   data required time
                                 -2.35   data arrival time
-----------------------------------------------------------------------------
                                  7.65   slack (MET)


Startpoint: rst (input port clocked by clk)
Endpoint: _450_ (recovery check against rising-edge clock clk)
Path Group: asynchronous
Path Type: max

Fanout     Cap    Slew   Delay    Time   Description
-----------------------------------------------------------------------------
                  0.15    0.00    0.00   clock clk (rise edge)
                          0.00    0.00   clock network delay (ideal)
                          2.00    2.00 v input external delay
                  0.02    0.01    2.01 v rst (in)
     3    0.01                           rst (net)
                  0.02    0.00    2.01 v _355_/A (sky130_fd_sc_hd__buf_1)
                  0.22    0.24    2.25 v _355_/X (sky130_fd_sc_hd__buf_1)
    10    0.04                           _199_ (net)
                  0.22    0.00    2.25 v _402_/A (sky130_fd_sc_hd__inv_2)
                  0.06    0.10    2.35 ^ _402_/Y (sky130_fd_sc_hd__inv_2)
     1    0.00                           _044_ (net)
                  0.06    0.00    2.35 ^ _450_/RESET_B (sky130_fd_sc_hd__dfrtp_2)
                                  2.35   data arrival time

                  0.15   10.00   10.00   clock clk (rise edge)
                          0.00   10.00   clock network delay (ideal)
                         -0.25    9.75   clock uncertainty
                          0.00    9.75   clock reconvergence pessimism
                                  9.75 ^ _450_/CLK (sky130_fd_sc_hd__dfrtp_2)
                          0.25   10.00   library recovery time
                                 10.00   data required time
-----------------------------------------------------------------------------
                                 10.00   data required time
                                 -2.35   data arrival time
-----------------------------------------------------------------------------
                                  7.65   slack (MET)


Startpoint: rst (input port clocked by clk)
Endpoint: _451_ (recovery check against rising-edge clock clk)
Path Group: asynchronous
Path Type: max

Fanout     Cap    Slew   Delay    Time   Description
-----------------------------------------------------------------------------
                  0.15    0.00    0.00   clock clk (rise edge)
                          0.00    0.00   clock network delay (ideal)
                          2.00    2.00 v input external delay
                  0.02    0.01    2.01 v rst (in)
     3    0.01                           rst (net)
                  0.02    0.00    2.01 v _355_/A (sky130_fd_sc_hd__buf_1)
                  0.22    0.24    2.25 v _355_/X (sky130_fd_sc_hd__buf_1)
    10    0.04                           _199_ (net)
                  0.22    0.00    2.25 v _403_/A (sky130_fd_sc_hd__inv_2)
                  0.06    0.10    2.35 ^ _403_/Y (sky130_fd_sc_hd__inv_2)
     1    0.00                           _045_ (net)
                  0.06    0.00    2.35 ^ _451_/RESET_B (sky130_fd_sc_hd__dfrtp_2)
                                  2.35   data arrival time

                  0.15   10.00   10.00   clock clk (rise edge)
                          0.00   10.00   clock network delay (ideal)
                         -0.25    9.75   clock uncertainty
                          0.00    9.75   clock reconvergence pessimism
                                  9.75 ^ _451_/CLK (sky130_fd_sc_hd__dfrtp_2)
                          0.25   10.00   library recovery time
                                 10.00   data required time
-----------------------------------------------------------------------------
                                 10.00   data required time
                                 -2.35   data arrival time
-----------------------------------------------------------------------------
                                  7.65   slack (MET)


Startpoint: rst (input port clocked by clk)
Endpoint: _452_ (recovery check against rising-edge clock clk)
Path Group: asynchronous
Path Type: max

Fanout     Cap    Slew   Delay    Time   Description
-----------------------------------------------------------------------------
                  0.15    0.00    0.00   clock clk (rise edge)
                          0.00    0.00   clock network delay (ideal)
                          2.00    2.00 v input external delay
                  0.02    0.01    2.01 v rst (in)
     3    0.01                           rst (net)
                  0.02    0.00    2.01 v _355_/A (sky130_fd_sc_hd__buf_1)
                  0.22    0.24    2.25 v _355_/X (sky130_fd_sc_hd__buf_1)
    10    0.04                           _199_ (net)
                  0.22    0.00    2.25 v _404_/A (sky130_fd_sc_hd__inv_2)
                  0.06    0.10    2.35 ^ _404_/Y (sky130_fd_sc_hd__inv_2)
     1    0.00                           _046_ (net)
                  0.06    0.00    2.35 ^ _452_/RESET_B (sky130_fd_sc_hd__dfrtp_2)
                                  2.35   data arrival time

                  0.15   10.00   10.00   clock clk (rise edge)
                          0.00   10.00   clock network delay (ideal)
                         -0.25    9.75   clock uncertainty
                          0.00    9.75   clock reconvergence pessimism
                                  9.75 ^ _452_/CLK (sky130_fd_sc_hd__dfrtp_2)
                          0.25   10.00   library recovery time
                                 10.00   data required time
-----------------------------------------------------------------------------
                                 10.00   data required time
                                 -2.35   data arrival time
-----------------------------------------------------------------------------
                                  7.65   slack (MET)


Startpoint: rst (input port clocked by clk)
Endpoint: _453_ (recovery check against rising-edge clock clk)
Path Group: asynchronous
Path Type: max

Fanout     Cap    Slew   Delay    Time   Description
-----------------------------------------------------------------------------
                  0.15    0.00    0.00   clock clk (rise edge)
                          0.00    0.00   clock network delay (ideal)
                          2.00    2.00 v input external delay
                  0.02    0.01    2.01 v rst (in)
     3    0.01                           rst (net)
                  0.02    0.00    2.01 v _355_/A (sky130_fd_sc_hd__buf_1)
                  0.22    0.24    2.25 v _355_/X (sky130_fd_sc_hd__buf_1)
    10    0.04                           _199_ (net)
                  0.22    0.00    2.25 v _405_/A (sky130_fd_sc_hd__inv_2)
                  0.06    0.10    2.35 ^ _405_/Y (sky130_fd_sc_hd__inv_2)
     1    0.00                           _047_ (net)
                  0.06    0.00    2.35 ^ _453_/RESET_B (sky130_fd_sc_hd__dfrtp_2)
                                  2.35   data arrival time

                  0.15   10.00   10.00   clock clk (rise edge)
                          0.00   10.00   clock network delay (ideal)
                         -0.25    9.75   clock uncertainty
                          0.00    9.75   clock reconvergence pessimism
                                  9.75 ^ _453_/CLK (sky130_fd_sc_hd__dfrtp_2)
                          0.25   10.00   library recovery time
                                 10.00   data required time
-----------------------------------------------------------------------------
                                 10.00   data required time
                                 -2.35   data arrival time
-----------------------------------------------------------------------------
                                  7.65   slack (MET)


Startpoint: rst (input port clocked by clk)
Endpoint: _454_ (recovery check against rising-edge clock clk)
Path Group: asynchronous
Path Type: max

Fanout     Cap    Slew   Delay    Time   Description
-----------------------------------------------------------------------------
                  0.15    0.00    0.00   clock clk (rise edge)
                          0.00    0.00   clock network delay (ideal)
                          2.00    2.00 v input external delay
                  0.02    0.01    2.01 v rst (in)
     3    0.01                           rst (net)
                  0.02    0.00    2.01 v _355_/A (sky130_fd_sc_hd__buf_1)
                  0.22    0.24    2.25 v _355_/X (sky130_fd_sc_hd__buf_1)
    10    0.04                           _199_ (net)
                  0.22    0.00    2.25 v _406_/A (sky130_fd_sc_hd__inv_2)
                  0.06    0.10    2.35 ^ _406_/Y (sky130_fd_sc_hd__inv_2)
     1    0.00                           _048_ (net)
                  0.06    0.00    2.35 ^ _454_/RESET_B (sky130_fd_sc_hd__dfrtp_2)
                                  2.35   data arrival time

                  0.15   10.00   10.00   clock clk (rise edge)
                          0.00   10.00   clock network delay (ideal)
                         -0.25    9.75   clock uncertainty
                          0.00    9.75   clock reconvergence pessimism
                                  9.75 ^ _454_/CLK (sky130_fd_sc_hd__dfrtp_2)
                          0.25   10.00   library recovery time
                                 10.00   data required time
-----------------------------------------------------------------------------
                                 10.00   data required time
                                 -2.35   data arrival time
-----------------------------------------------------------------------------
                                  7.65   slack (MET)


Startpoint: rst (input port clocked by clk)
Endpoint: _455_ (recovery check against rising-edge clock clk)
Path Group: asynchronous
Path Type: max

Fanout     Cap    Slew   Delay    Time   Description
-----------------------------------------------------------------------------
                  0.15    0.00    0.00   clock clk (rise edge)
                          0.00    0.00   clock network delay (ideal)
                          2.00    2.00 v input external delay
                  0.02    0.01    2.01 v rst (in)
     3    0.01                           rst (net)
                  0.02    0.00    2.01 v _355_/A (sky130_fd_sc_hd__buf_1)
                  0.22    0.24    2.25 v _355_/X (sky130_fd_sc_hd__buf_1)
    10    0.04                           _199_ (net)
                  0.22    0.00    2.25 v _407_/A (sky130_fd_sc_hd__inv_2)
                  0.06    0.10    2.35 ^ _407_/Y (sky130_fd_sc_hd__inv_2)
     1    0.00                           _049_ (net)
                  0.06    0.00    2.35 ^ _455_/RESET_B (sky130_fd_sc_hd__dfrtp_2)
                                  2.35   data arrival time

                  0.15   10.00   10.00   clock clk (rise edge)
                          0.00   10.00   clock network delay (ideal)
                         -0.25    9.75   clock uncertainty
                          0.00    9.75   clock reconvergence pessimism
                                  9.75 ^ _455_/CLK (sky130_fd_sc_hd__dfrtp_2)
                          0.25   10.00   library recovery time
                                 10.00   data required time
-----------------------------------------------------------------------------
                                 10.00   data required time
                                 -2.35   data arrival time
-----------------------------------------------------------------------------
                                  7.65   slack (MET)


Startpoint: _420_ (rising edge-triggered flip-flop clocked by clk)
Endpoint: _435_ (rising edge-triggered flip-flop clocked by clk)
Path Group: clk
Path Type: max

Fanout     Cap    Slew   Delay    Time   Description
-----------------------------------------------------------------------------
                  0.15    0.00    0.00   clock clk (rise edge)
                          0.00    0.00   clock network delay (ideal)
                  0.15    0.00    0.00 ^ _420_/CLK (sky130_fd_sc_hd__dfrtp_2)
                  0.06    0.47    0.47 v _420_/Q (sky130_fd_sc_hd__dfrtp_2)
     6    0.01                           clk_count[12] (net)
                  0.06    0.00    0.47 v _205_/B (sky130_fd_sc_hd__or4_2)
                  0.11    0.68    1.15 v _205_/X (sky130_fd_sc_hd__or4_2)
     1    0.00                           _097_ (net)
                  0.11    0.00    1.15 v _209_/A (sky130_fd_sc_hd__nor4_2)
                  0.46    0.51    1.66 ^ _209_/Y (sky130_fd_sc_hd__nor4_2)
     4    0.02                           _101_ (net)
                  0.46    0.00    1.66 ^ _211_/A2 (sky130_fd_sc_hd__a21o_2)
                  0.08    0.25    1.91 ^ _211_/X (sky130_fd_sc_hd__a21o_2)
     4    0.01                           _103_ (net)
                  0.08    0.00    1.91 ^ _274_/B1 (sky130_fd_sc_hd__a21oi_2)
                  0.03    0.03    1.94 v _274_/Y (sky130_fd_sc_hd__a21oi_2)
     1    0.00                           _075_ (net)
                  0.03    0.00    1.94 v _435_/D (sky130_fd_sc_hd__dfrtp_2)
                                  1.94   data arrival time

                  0.15   10.00   10.00   clock clk (rise edge)
                          0.00   10.00   clock network delay (ideal)
                         -0.25    9.75   clock uncertainty
                          0.00    9.75   clock reconvergence pessimism
                                  9.75 ^ _435_/CLK (sky130_fd_sc_hd__dfrtp_2)
                         -0.08    9.67   library setup time
                                  9.67   data required time
-----------------------------------------------------------------------------
                                  9.67   data required time
                                 -1.94   data arrival time
-----------------------------------------------------------------------------
                                  7.72   slack (MET)



